transaction_id,date,account,amount,currency,type
1,08/01/2026,IT8901,1955.17,EUR,deposit
2,22/02/2026,IT6789,-1208.63,EUR,withdrawal
3,31/03/2026,IT5678,,EUR,withdrawal
4,14/05/2026,IT4567,2375.71,EUR,deposit
5,07/05/2026,IT7890,-697.65,EUR,withdrawal
6,04/03/2026,IT8901,1415.58,EUR,transfer
7,13/03/2026,IT7890,-213.3,EUR,transfer
8,20/02/2026,IT4567,1455.69,EUR,transfer
9,09/03/2026,IT8901,2224.11,EUR,deposit
10,20/01/2026,IT6789,-1449.49,EUR,withdrawal
11,23/01/2026,IT7890,-166.52,EUR,transfer
12,31/01/2026,IT2345,-1051.48,EUR,withdrawal
13,01/02/2026,IT2345,800.92,EUR,transfer
14,28/05/2026,IT8901,-939.81,EUR,withdrawal
15,19/01/2026,IT8901,1946.54,EUR,deposit
16,16/02/2026,IT6789,307.25,EUR,transfer
17,14/03/2026,IT7890,3570.72,EUR,deposit
18,13/04/2026,IT3456,-685.0,EUR,transfer
19,13/03/2026,IT2345,-328.94,EUR,withdrawal
20,26/01/2026,IT7890,1723.4,EUR,deposit
21,22/04/2026,IT1234,-633.53,EUR,withdrawal
22,18/05/2026,IT6789,-284.7,EUR,withdrawal
23,18/02/2026,IT6789,1375.57,EUR,deposit
24,22/03/2026,IT1234,-44.78,EUR,transfer
25,21/04/2026,IT1234,-1387.47,EUR,transfer
26,18/03/2026,IT4567,-1235.74,EUR,withdrawal
27,18/01/2026,IT5678,-688.61,EUR,transfer
28,16/05/2026,IT5678,-891.2,EUR,transfer
29,14/03/2026,IT8901,490.9,EUR,transfer
30,02/01/2026,IT4567,2005.4,EUR,deposit
31,31/05/2026,IT6789,-888.51,EUR,withdrawal
32,02/05/2026,IT7890,-1392.77,EUR,withdrawal
33,18/03/2026,IT7890,4969.22,EUR,deposit
34,15/01/2026,IT7890,1984.73,EUR,deposit
35,26/01/2026,IT8901,1125.62,EUR,deposit
36,23/02/2026,IT4567,3734.74,EUR,deposit
37,24/04/2026,IT4567,-604.72,EUR,withdrawal
38,19/05/2026,IT4567,-650.61,EUR,transfer
39,03/03/2026,IT8901,-969.49,EUR,withdrawal
40,11/04/2026,IT7890,-1280.16,EUR,withdrawal
41,18/03/2026,IT8901,-555.74,EUR,withdrawal
42,11/05/2026,IT6789,169.48,EUR,deposit
43,06/05/2026,IT6789,,EUR,transfer
44,22/05/2026,IT7890,-1858.01,EUR,withdrawal
45,,IT6789,-1815.56,EUR,withdrawal
46,27/04/2026,IT5678,-935.67,EUR,transfer
47,13/03/2026,IT3456,-237.39,EUR,withdrawal
48,30/01/2026,IT8901,-1185.33,EUR,withdrawal
49,17/04/2026,IT6789,-1462.61,EUR,transfer
50,19/05/2026,IT4567,-1480.82,EUR,transfer
51,25/03/2026,IT6789,3548.34,EUR,deposit
52,14/02/2026,IT8901,-314.97,EUR,withdrawal
53,12/02/2026,IT6789,-133.66,EUR,withdrawal
54,09/01/2026,IT4567,-1069.75,EUR,withdrawal
55,15/03/2026,IT8901,-1427.55,EUR,withdrawal
56,14/03/2026,IT2345,-1586.87,EUR,withdrawal
57,24/05/2026,IT2345,-1440.16,EUR,withdrawal
58,28/03/2026,IT6789,,EUR,deposit
59,23/01/2026,IT7890,1094.07,EUR,transfer
60,10/02/2026,IT3456,-199.43,EUR,withdrawal
61,28/03/2026,IT4567,-267.52,EUR,withdrawal
62,14/05/2026,IT4567,1108.26,EUR,transfer
63,09/04/2026,IT1234,-533.82,EUR,withdrawal
64,03/02/2026,IT4567,-1873.91,EUR,withdrawal
65,20/01/2026,IT1234,-148.43,EUR,withdrawal
66,23/01/2026,IT4567,1581.97,EUR,deposit
67,15/02/2026,IT8901,1903.29,EUR,deposit
68,15/01/2026,IT4567,-872.95,EUR,transfer
69,20/02/2026,IT6789,-598.22,EUR,transfer
70,21/01/2026,IT4567,-677.08,EUR,transfer
71,07/02/2026,IT6789,4642.65,EUR,deposit
72,18/01/2026,IT5678,-572.57,EUR,withdrawal
73,30/04/2026,IT3456,1090.25,EUR,deposit
74,01/02/2026,IT2345,3004.59,EUR,deposit
75,03/02/2026,IT8901,-159.59,EUR,withdrawal
76,06/01/2026,IT4567,691.89,EUR,transfer
77,20/04/2026,IT2345,1226.65,EUR,transfer
78,15/01/2026,IT7890,219.13,EUR,transfer
79,07/04/2026,IT4567,-341.95,EUR,withdrawal
80,03/02/2026,IT8901,875.71,EUR,transfer
81,04/01/2026,IT5678,4210.78,EUR,deposit
82,21/05/2026,IT7890,790.66,EUR,transfer
83,15/05/2026,IT6789,-153.58,EUR,transfer
84,28/05/2026,IT7890,-242.65,EUR,withdrawal
85,13/01/2026,IT7890,-259.66,EUR,transfer
86,19/03/2026,IT4567,-399.13,EUR,transfer
87,21/04/2026,IT5678,602.56,EUR,deposit
88,05/02/2026,IT5678,1326.83,EUR,deposit
89,25/03/2026,IT2345,1162.13,EUR,transfer
90,03/03/2026,IT8901,-1108.89,EUR,withdrawal
91,05/03/2026,IT4567,-543.33,EUR,transfer
92,03/02/2026,IT1234,2034.98,EUR,deposit
93,10/05/2026,IT6789,787.76,EUR,transfer
94,22/02/2026,IT1234,4938.87,EUR,deposit
95,16/01/2026,IT4567,1361.77,EUR,transfer
96,13/04/2026,IT6789,1293.72,EUR,transfer
97,14/05/2026,IT2345,2732.38,EUR,deposit
98,07/02/2026,IT1234,-1090.09,EUR,transfer
99,11/04/2026,IT8901,-715.55,EUR,transfer
100,14/03/2026,IT5678,593.0,EUR,deposit
101,17/02/2026,IT4567,-804.39,EUR,withdrawal
102,23/05/2026,IT2345,-1809.72,EUR,withdrawal
103,01/01/1750,IT8901,359.52,EUR,transfer
104,01/01/2026,IT2345,4105.7,EUR,deposit
105,01/01/1750,IT3456,3181.53,EUR,deposit
106,05/04/2026,IT4567,-1776.85,EUR,withdrawal
107,02/04/2026,IT8901,3940.53,EUR,deposit
108,20/02/2026,IT5678,-95.18,EUR,withdrawal
109,30/04/2026,IT5678,232.09,EUR,deposit
110,18/05/2026,IT2345,59.7,EUR,transfer
111,18/03/2026,IT6789,-341.85,EUR,withdrawal
112,09/01/2026,IT7890,-170.98,EUR,transfer
113,11/03/2026,IT2345,-189.59,EUR,withdrawal
114,26/02/2026,IT3456,4194.91,EUR,deposit
115,25/02/2026,IT8901,-437.21,EUR,transfer
116,07/02/2026,IT3456,2038.15,EUR,deposit
117,07/01/2026,IT8901,-701.62,EUR,withdrawal
118,10/02/2026,IT2345,553.91,EUR,transfer
119,15/02/2026,IT2345,2212.21,EUR,deposit
120,17/05/2026,IT3456,4827.81,EUR,deposit
121,12/01/2026,IT1234,135.28,EUR,deposit
122,02/05/2026,IT8901,2917.31,EUR,deposit
123,15/05/2026,IT2345,-224.63,EUR,transfer
124,10/04/2026,IT2345,-733.01,EUR,withdrawal
125,15/05/2026,IT3456,-671.97,EUR,withdrawal
126,28/04/2026,IT7890,3774.72,EUR,deposit
127,28/05/2026,IT1234,,EUR,transfer
128,10/01/2026,IT5678,4787.92,EUR,deposit
129,11/04/2026,IT5678,-1841.72,EUR,withdrawal
130,08/01/2026,IT7890,3046.15,EUR,deposit
131,10/03/2026,IT1234,140.88,EUR,deposit
132,08/01/2026,IT1234,610.08,EUR,transfer
133,07/05/2026,IT8901,1170.48,EUR,transfer
134,24/03/2026,IT5678,461.96,EUR,transfer
135,17/03/2026,IT3456,946.22,EUR,deposit
136,11/02/2026,IT3456,-1265.4,EUR,withdrawal
137,16/02/2026,IT2345,-1385.92,EUR,transfer
138,03/03/2026,IT3456,2169.79,EUR,deposit
139,01/03/2026,IT3456,1625.47,EUR,deposit
140,02/01/2026,IT7890,-515.46,EUR,withdrawal
141,,IT1234,-924.36,EUR,withdrawal
142,25/03/2026,IT7890,-1243.36,EUR,transfer
143,21/05/2026,IT2345,529.7,EUR,transfer
144,10/02/2026,IT3456,-938.21,EUR,withdrawal
145,25/03/2026,IT5678,1027.19,EUR,transfer
146,11/02/2026,IT4567,-668.56,EUR,withdrawal
147,26/04/2026,IT4567,3381.22,EUR,deposit
148,05/03/2026,IT8901,4815.68,EUR,deposit
149,30/03/2026,IT5678,2863.51,EUR,deposit
150,19/01/2026,IT2345,-1425.94,EUR,withdrawal
151,21/05/2026,IT7890,1318.9,EUR,transfer
152,03/02/2026,IT3456,3479.21,EUR,deposit
153,11/05/2026,IT6789,-1898.42,EUR,withdrawal
154,21/03/2026,IT5678,4680.95,EUR,deposit
155,23/01/2026,IT5678,1493.42,EUR,transfer
156,07/03/2026,IT6789,4840.42,EUR,deposit
157,10/02/2026,IT7890,107.04,EUR,deposit
158,30/03/2026,IT4567,3446.19,EUR,deposit
159,16/04/2026,IT4567,396.17,EUR,transfer
160,28/05/2026,IT4567,1800.4,EUR,deposit
161,07/01/2026,IT8901,-1380.11,EUR,transfer
162,25/03/2026,IT8901,2610.02,EUR,deposit
163,04/03/2026,IT5678,844.4,EUR,transfer
164,10/02/2026,IT6789,549.22,EUR,deposit
165,14/04/2026,IT1234,,EUR,transfer
166,08/04/2026,IT3456,1398.42,EUR,transfer
167,03/04/2026,IT5678,-1079.26,EUR,withdrawal
168,24/01/2026,IT6789,4484.53,EUR,deposit
169,30/01/2026,IT2345,-904.47,EUR,transfer
170,03/02/2026,IT1234,98.55,EUR,transfer
171,12/03/2026,IT6789,550.69,EUR,transfer
172,14/03/2026,IT2345,768.13,EUR,transfer
173,05/05/2026,IT8901,-629.81,EUR,withdrawal
174,21/02/2026,IT3456,333.02,EUR,transfer
175,15/02/2026,IT3456,-1846.32,EUR,withdrawal
176,23/04/2026,IT4567,-20.36,EUR,withdrawal
177,17/03/2026,IT4567,2353.25,EUR,deposit
178,25/03/2026,IT3456,-399.58,EUR,withdrawal
179,11/03/2026,IT2345,1247.79,EUR,deposit
180,17/04/2026,IT7890,-464.86,EUR,transfer
181,12/04/2026,IT1234,4407.12,EUR,deposit
182,22/04/2026,IT8901,136.88,EUR,deposit
183,09/03/2026,IT5678,-1199.64,EUR,withdrawal
184,03/03/2026,IT2345,-1765.25,EUR,withdrawal
185,11/04/2026,IT7890,-1866.61,EUR,withdrawal
186,17/04/2026,IT3456,399.26,EUR,transfer
187,18/04/2026,IT8901,-1628.13,EUR,withdrawal
188,21/04/2026,IT4567,1310.21,EUR,transfer
189,11/03/2026,IT1234,-793.86,EUR,transfer
190,04/01/2026,IT4567,1209.15,EUR,transfer
191,30/05/2026,IT1234,-1819.42,EUR,withdrawal
192,07/05/2026,IT8901,1283.25,EUR,deposit
193,05/01/2026,IT8901,1457.04,EUR,transfer
194,05/04/2026,IT2345,-459.41,EUR,withdrawal
195,29/01/2026,IT5678,-1350.61,EUR,transfer
196,04/02/2026,IT8901,-474.17,EUR,withdrawal
197,23/03/2026,IT6789,-356.96,EUR,withdrawal
198,08/05/2026,IT3456,4381.76,EUR,deposit
199,20/02/2026,IT8901,-769.56,EUR,withdrawal
200,07/05/2026,IT2345,-988.4,EUR,withdrawal
201,10/01/2026,IT7890,265.65,EUR,transfer
202,20/03/2026,IT2345,-1386.46,EUR,withdrawal
203,16/01/2026,IT5678,-824.95,EUR,withdrawal
204,15/04/2026,IT2345,2699.13,EUR,deposit
205,16/03/2026,IT3456,1183.24,EUR,deposit
206,26/01/2026,IT1234,4745.58,EUR,deposit
207,22/03/2026,IT5678,-1520.95,EUR,withdrawal
208,26/03/2026,IT1234,-865.51,EUR,withdrawal
209,21/01/2026,IT1234,-79.57,EUR,withdrawal
210,18/05/2026,IT4567,-361.22,EUR,withdrawal
211,06/01/2026,IT5678,1178.63,EUR,transfer
212,24/05/2026,IT5678,-1242.17,EUR,transfer
213,05/02/2026,IT2345,2991.19,EUR,deposit
214,01/01/1750,IT8901,-1364.92,EUR,withdrawal
215,03/02/2026,IT1234,1264.27,EUR,deposit
216,03/02/2026,IT6789,-561.02,EUR,withdrawal
217,29/01/2026,IT2345,646.81,EUR,transfer
218,20/02/2026,IT8901,562.4,EUR,deposit
219,29/04/2026,IT8901,4381.0,EUR,deposit
220,07/03/2026,IT5678,381.67,EUR,deposit
221,01/05/2026,IT2345,-633.32,EUR,withdrawal
222,06/02/2026,IT5678,-542.87,EUR,withdrawal
223,29/01/2026,IT1234,-858.03,EUR,withdrawal
224,03/01/2026,IT6789,-1996.18,EUR,withdrawal
225,28/05/2026,IT2345,-724.41,EUR,withdrawal
226,01/05/2026,IT6789,-1174.62,EUR,withdrawal
227,26/04/2026,IT1234,-1213.36,EUR,withdrawal
228,14/05/2026,IT1234,-498.23,EUR,withdrawal
229,25/03/2026,IT7890,-1050.14,EUR,withdrawal
230,09/05/2026,IT6789,-145.96,EUR,withdrawal
231,04/05/2026,IT1234,-1862.63,EUR,withdrawal
232,27/04/2026,IT3456,2237.37,EUR,deposit
233,12/04/2026,IT6789,419.39,EUR,transfer
234,27/03/2026,IT5678,-155.9,EUR,withdrawal
235,19/04/2026,IT7890,-1900.84,EUR,withdrawal
236,10/01/2026,IT8901,550.13,EUR,transfer
237,01/05/2026,IT4567,-618.63,EUR,transfer
238,17/01/2026,IT3456,2781.17,EUR,deposit
239,18/02/2026,IT8901,2781.05,EUR,deposit
240,07/01/2026,IT1234,-857.55,EUR,withdrawal
241,22/05/2026,IT8901,-1405.28,EUR,withdrawal
242,08/04/2026,IT5678,1456.23,EUR,transfer
243,23/01/2026,IT6789,23%02))12,EUR,withdrawal
244,07/02/2026,IT2345,-1830.44,EUR,withdrawal
245,04/05/2026,IT2345,-803.85,EUR,withdrawal
246,01/01/2026,IT2345,-1948.27,EUR,withdrawal
247,20/03/2026,IT3456,465.96,EUR,deposit
248,23/05/2026,IT7890,-1035.04,EUR,withdrawal
249,18/02/2026,IT6789,143.78,EUR,transfer
250,16/02/2026,IT2345,121.21,EUR,transfer
251,15/01/2026,IT4567,2847.61,EUR,deposit
252,14/04/2026,IT7890,1546.06,EUR,deposit
253,02/04/2026,IT1234,-1099.45,EUR,withdrawal
254,11/02/2026,IT8901,-1173.44,EUR,withdrawal
255,15/02/2026,IT6789,1269.66,EUR,transfer
256,17/04/2026,IT1234,759.7,EUR,deposit
257,14/01/2026,IT6789,202.58,EUR,transfer
258,05/04/2026,IT8901,3822.76,EUR,deposit
259,29/04/2026,IT6789,-1597.83,EUR,withdrawal
260,01/01/2026,IT6789,-1163.53,EUR,withdrawal
261,04/04/2026,IT1234,2325.99,EUR,deposit
262,08/04/2026,IT7890,1167.37,EUR,transfer
263,02/02/2026,IT2345,-321.87,EUR,transfer
264,26/05/2026,IT8901,-1248.38,EUR,withdrawal
265,04/03/2026,IT8901,-1142.62,EUR,transfer
266,29/05/2026,IT2345,-849.27,EUR,withdrawal
267,28/03/2026,IT2345,-406.21,EUR,withdrawal
268,02/03/2026,IT7890,,EUR,transfer
269,27/03/2026,IT5678,-1482.89,EUR,transfer
270,01/01/1750,IT2345,-650.37,EUR,transfer
271,10/03/2026,IT4567,-1899.12,EUR,withdrawal
272,16/05/2026,IT8901,-523.09,EUR,withdrawal
273,22/02/2026,IT3456,-1329.87,EUR,withdrawal
274,12/04/2026,IT2345,2700.48,EUR,deposit
275,07/03/2026,IT5678,3968.68,EUR,deposit
276,29/01/2026,IT5678,-1458.05,EUR,withdrawal
277,10/01/2026,IT5678,-258.35,EUR,withdrawal
278,07/04/2026,IT1234,1374.05,EUR,transfer
279,01/01/1750,IT7890,-1305.45,EUR,transfer
280,04/03/2026,IT1234,-72.0,EUR,transfer
281,13/01/2026,IT6789,-1187.81,EUR,withdrawal
282,10/02/2026,IT8901,1214.36,EUR,deposit
283,18/03/2026,IT8901,547.98,EUR,transfer
284,26/04/2026,IT3456,426.06,EUR,transfer
285,09/01/2026,IT2345,170.29,EUR,deposit
286,12/03/2026,IT8901,-545.68,EUR,transfer
287,09/05/2026,IT3456,-1673.6,EUR,withdrawal
288,22/02/2026,IT8901,-225.25,EUR,withdrawal
289,09/05/2026,IT2345,-1886.57,EUR,withdrawal
290,01/02/2026,IT5678,23%02))12,EUR,withdrawal
291,13/03/2026,IT6789,2146.12,EUR,deposit
292,24/04/2026,IT7890,3667.89,EUR,deposit
293,29/04/2026,IT5678,2919.43,EUR,deposit
294,27/04/2026,IT4567,-1772.65,EUR,withdrawal
295,22/05/2026,IT2345,-336.7,EUR,withdrawal
296,10/05/2026,IT6789,-292.73,EUR,withdrawal
297,17/04/2026,IT6789,3319.52,EUR,deposit
298,17/01/2026,IT2345,638.46,EUR,deposit
299,09/01/2026,IT8901,-1226.96,EUR,withdrawal
300,17/04/2026,IT4567,313.88,EUR,transfer
301,23/04/2026,IT7890,350.89,EUR,transfer
302,19/03/2026,IT8901,4803.98,EUR,deposit
303,01/05/2026,IT5678,267.94,EUR,transfer
304,10/02/2026,IT1234,821.09,EUR,deposit
305,04/04/2026,IT1234,1385.58,EUR,deposit
306,12/02/2026,IT5678,1433.93,EUR,transfer
307,13/01/2026,IT6789,-32.02,EUR,withdrawal
308,08/03/2026,IT2345,-1175.63,EUR,transfer
309,22/03/2026,IT6789,3986.6,EUR,deposit
310,29/01/2026,IT3456,-871.96,EUR,transfer
311,10/02/2026,IT2345,4278.58,EUR,deposit
312,30/05/2026,IT1234,426.24,EUR,transfer
313,12/04/2026,IT6789,3630.2,EUR,deposit
314,18/04/2026,IT6789,4335.05,EUR,deposit
315,16/03/2026,IT4567,331.64,EUR,deposit
316,20/05/2026,IT4567,88.91,EUR,deposit
317,31/05/2026,IT2345,3171.21,EUR,deposit
318,18/03/2026,IT3456,-267.65,EUR,transfer
319,06/01/2026,IT1234,-1405.81,EUR,withdrawal
320,04/05/2026,IT6789,-23.11,EUR,withdrawal
321,05/04/2026,IT3456,-1378.66,EUR,withdrawal
322,25/02/2026,IT6789,-1848.73,EUR,withdrawal
323,11/03/2026,IT5678,1930.49,EUR,deposit
324,28/01/2026,IT8901,561.48,EUR,deposit
325,01/01/2026,IT8901,1094.77,EUR,transfer
326,08/05/2026,IT2345,798.28,EUR,transfer
327,04/03/2026,IT6789,-919.02,EUR,transfer
328,11/01/2026,IT5678,1378.74,EUR,transfer
329,14/02/2026,IT6789,1709.0,EUR,deposit
330,27/02/2026,IT4567,1264.29,EUR,deposit
331,06/04/2026,IT8901,2277.37,EUR,deposit
332,03/01/2026,IT1234,-1753.19,EUR,withdrawal
333,01/02/2026,IT8901,4149.75,EUR,deposit
334,20/01/2026,IT6789,4287.24,EUR,deposit
335,12/05/2026,IT2345,651.16,EUR,deposit
336,01/01/2026,IT1234,1603.93,EUR,deposit
337,30/04/2026,IT1234,1741.97,EUR,deposit
338,26/03/2026,IT1234,426.9,EUR,transfer
339,30/04/2026,IT4567,491.46,EUR,deposit
340,07/01/2026,IT1234,-1815.62,EUR,withdrawal
341,12/05/2026,IT4567,3629.12,EUR,deposit
342,09/05/2026,IT8901,-143.38,EUR,transfer
343,02/01/2026,IT4567,273.44,EUR,transfer
344,19/03/2026,IT3456,176.99,EUR,deposit
345,26/05/2026,IT7890,2924.39,EUR,deposit
346,05/03/2026,IT7890,1461.26,EUR,transfer
347,26/02/2026,IT1234,1794.78,EUR,deposit
348,16/01/2026,IT3456,-344.65,EUR,transfer
349,20/02/2026,IT7890,1456.53,EUR,transfer
350,14/04/2026,IT4567,555.29,EUR,deposit
351,17/01/2026,IT2345,23%02))12,EUR,withdrawal
352,02/03/2026,IT3456,-218.24,EUR,transfer
353,23/03/2026,IT7890,-824.0,EUR,transfer
354,01/02/2026,IT4567,3067.8,EUR,deposit
355,06/02/2026,IT3456,-201.86,EUR,transfer
356,25/04/2026,IT2345,1495.14,EUR,transfer
357,28/04/2026,IT7890,-179.81,EUR,withdrawal
358,26/02/2026,IT3456,4740.22,EUR,deposit
359,22/05/2026,IT3456,-1831.65,EUR,withdrawal
360,22/03/2026,IT2345,-353.5,EUR,transfer
361,09/04/2026,IT3456,2907.66,EUR,deposit
362,11/05/2026,IT3456,-80.59,EUR,withdrawal
363,02/01/2026,IT1234,573.97,EUR,transfer
364,29/05/2026,IT7890,-931.46,EUR,withdrawal
365,13/05/2026,IT4567,117.53,EUR,transfer
366,27/02/2026,IT7890,1123.93,EUR,transfer
367,07/01/2026,IT3456,23%02))12,EUR,deposit
368,28/03/2026,IT6789,-1912.56,EUR,withdrawal
369,26/01/2026,IT1234,-1977.08,EUR,withdrawal
370,10/05/2026,IT7890,-871.59,EUR,transfer
371,31/05/2026,IT7890,-529.58,EUR,withdrawal
372,28/05/2026,IT7890,23%02))12,EUR,transfer
373,26/04/2026,IT7890,1488.79,EUR,transfer
374,25/03/2026,IT1234,1876.5,EUR,deposit
375,31/01/2026,IT8901,4979.44,EUR,deposit
376,12/03/2026,IT8901,-1059.94,EUR,withdrawal
377,04/02/2026,IT8901,-488.63,EUR,transfer
378,11/04/2026,IT5678,-882.25,EUR,withdrawal
379,09/04/2026,IT2345,-1573.71,EUR,withdrawal
380,15/02/2026,IT3456,1068.44,EUR,transfer
381,09/04/2026,IT5678,343.99,EUR,deposit
382,04/04/2026,IT3456,-240.33,EUR,transfer
383,17/03/2026,IT5678,-102.35,EUR,transfer
384,12/04/2026,IT5678,745.19,EUR,deposit
385,11/04/2026,IT1234,-1880.75,EUR,withdrawal
386,22/04/2026,IT7890,-554.35,EUR,withdrawal
387,24/03/2026,IT3456,2505.13,EUR,deposit
388,18/01/2026,IT5678,-547.86,EUR,withdrawal
389,07/02/2026,IT5678,-36.87,EUR,transfer
390,05/02/2026,IT8901,-1849.49,EUR,withdrawal
391,27/04/2026,IT8901,506.35,EUR,transfer
392,01/05/2026,IT5678,267.18,EUR,deposit
393,08/03/2026,IT7890,1388.81,EUR,transfer
394,25/01/2026,IT6789,231.1,EUR,transfer
395,11/02/2026,IT4567,-258.96,EUR,transfer
396,23/05/2026,IT5678,1495.21,EUR,transfer
397,05/04/2026,IT4567,2010.02,EUR,deposit
398,07/02/2026,IT8901,96.22,EUR,deposit
399,08/05/2026,IT3456,1314.01,EUR,deposit
400,26/02/2026,IT8901,-1392.12,EUR,withdrawal
401,21/01/2026,IT4567,613.09,EUR,transfer
402,10/03/2026,IT2345,704.11,EUR,transfer
403,21/03/2026,IT2345,2212.85,EUR,deposit
404,25/05/2026,IT6789,3207.8,EUR,deposit
405,27/01/2026,IT4567,-494.23,EUR,withdrawal
406,14/03/2026,IT4567,-635.45,EUR,transfer
407,22/01/2026,IT4567,-58.98,EUR,withdrawal
408,18/02/2026,IT5678,2430.3,EUR,deposit
409,28/03/2026,IT8901,4152.2,EUR,deposit
410,27/02/2026,IT2345,-1322.9,EUR,withdrawal
411,10/04/2026,IT2345,3203.44,EUR,deposit
412,21/02/2026,IT6789,,EUR,transfer
413,12/03/2026,IT5678,-1038.05,EUR,withdrawal
414,01/01/1750,IT5678,-138.45,EUR,withdrawal
415,13/03/2026,IT5678,-1014.67,EUR,withdrawal
416,18/05/2026,IT5678,1577.29,EUR,deposit
417,22/05/2026,IT5678,1233.22,EUR,transfer
418,01/04/2026,IT1234,3170.28,EUR,deposit
419,03/03/2026,IT8901,-1087.31,EUR,withdrawal
420,25/01/2026,IT3456,-1344.93,EUR,withdrawal
421,11/01/2026,IT1234,-346.44,EUR,withdrawal
422,06/05/2026,IT6789,-1408.28,EUR,transfer
423,10/04/2026,IT3456,-732.31,EUR,transfer
424,10/01/2026,IT7890,2389.65,EUR,deposit
425,25/04/2026,IT4567,3371.5,EUR,deposit
426,20/02/2026,IT1234,-823.06,EUR,withdrawal
427,06/03/2026,IT5678,1070.43,EUR,deposit
428,05/02/2026,IT1234,309.0,EUR,deposit
429,06/05/2026,IT6789,-440.3,EUR,withdrawal
430,19/04/2026,IT2345,1456.19,EUR,deposit
431,18/03/2026,IT2345,873.18,EUR,transfer
432,25/02/2026,IT4567,-1544.07,EUR,withdrawal
433,05/02/2026,IT2345,3098.19,EUR,deposit
434,23/02/2026,IT4567,4041.74,EUR,deposit
435,26/02/2026,IT2345,3772.21,EUR,deposit
436,20/05/2026,IT4567,1254.81,EUR,transfer
437,11/05/2026,IT4567,1871.4,EUR,deposit
438,30/01/2026,IT1234,-391.23,EUR,transfer
439,16/02/2026,IT1234,-455.42,EUR,withdrawal
440,22/05/2026,IT3456,4597.44,EUR,deposit
441,03/02/2026,IT1234,4831.95,EUR,deposit
442,15/05/2026,IT4567,1947.14,EUR,deposit
443,15/01/2026,IT8901,4670.39,EUR,deposit
444,12/02/2026,IT2345,3310.92,EUR,deposit
445,,IT1234,-251.75,EUR,transfer
446,16/03/2026,IT7890,-1206.88,EUR,withdrawal
447,02/03/2026,IT8901,1341.39,EUR,deposit
448,23/03/2026,IT5678,992.59,EUR,transfer
449,27/03/2026,IT1234,-1648.83,EUR,withdrawal
450,25/05/2026,IT7890,-1823.82,EUR,withdrawal
451,22/02/2026,IT8901,-1239.39,EUR,transfer
452,08/03/2026,IT6789,-138.63,EUR,withdrawal
453,10/01/2026,IT1234,-1331.86,EUR,transfer
454,23/04/2026,IT2345,-1032.35,EUR,transfer
455,26/05/2026,IT2345,-120.92,EUR,transfer
456,26/02/2026,IT6789,-1486.68,EUR,transfer
457,17/02/2026,IT1234,-1546.45,EUR,withdrawal
458,09/03/2026,IT3456,-1057.88,EUR,withdrawal
459,24/05/2026,IT1234,-162.08,EUR,withdrawal
460,24/04/2026,IT6789,903.92,EUR,transfer
461,21/04/2026,IT2345,-898.64,EUR,transfer
462,09/03/2026,IT4567,-1113.51,EUR,withdrawal
463,22/04/2026,IT4567,244.82,EUR,transfer
464,27/03/2026,IT1234,-834.97,EUR,transfer
465,12/05/2026,IT1234,3445.19,EUR,deposit
466,15/03/2026,IT2345,-840.33,EUR,withdrawal
467,16/01/2026,IT4567,-1946.3,EUR,withdrawal
468,12/04/2026,IT1234,23%02))12,EUR,deposit
469,24/05/2026,IT1234,359.68,EUR,deposit
470,27/04/2026,IT2345,3774.41,EUR,deposit
471,14/05/2026,IT7890,661.92,EUR,transfer
472,26/02/2026,IT4567,-1663.73,EUR,withdrawal
473,15/02/2026,IT6789,1922.43,EUR,deposit
474,14/01/2026,IT7890,1462.77,EUR,deposit
475,16/02/2026,IT1234,3863.14,EUR,deposit
476,21/05/2026,IT7890,-1510.03,EUR,withdrawal
477,05/01/2026,IT3456,-979.89,EUR,transfer
478,03/04/2026,IT6789,-580.57,EUR,withdrawal
479,17/04/2026,IT7890,-1128.91,EUR,transfer
480,12/01/2026,IT8901,-1697.31,EUR,withdrawal
481,25/04/2026,IT1234,-1018.57,EUR,withdrawal
482,12/02/2026,IT5678,-151.19,EUR,transfer
483,29/05/2026,IT1234,4909.03,EUR,deposit
484,19/03/2026,IT1234,-26.87,EUR,transfer
485,13/03/2026,IT8901,-1331.44,EUR,transfer
486,11/05/2026,IT4567,2758.05,EUR,deposit
487,26/01/2026,IT4567,3454.14,EUR,deposit
488,19/02/2026,IT2345,4470.98,EUR,deposit
489,23/02/2026,IT2345,1973.26,EUR,deposit
490,01/01/1750,IT3456,920.68,EUR,transfer
491,11/02/2026,IT7890,1109.72,EUR,deposit
492,11/03/2026,IT4567,776.36,EUR,transfer
493,,IT8901,4625.59,EUR,deposit
494,18/04/2026,IT3456,821.63,EUR,transfer
495,02/03/2026,IT4567,2435.3,EUR,deposit
496,19/04/2026,IT3456,-362.56,EUR,transfer
497,04/03/2026,IT3456,2790.92,EUR,deposit
498,16/01/2026,IT6789,-628.1,EUR,withdrawal
499,05/05/2026,IT5678,-1167.24,EUR,withdrawal
500,26/01/2026,IT7890,-1135.3,EUR,withdrawal
501,02/02/2026,IT8901,1212.99,EUR,deposit
502,10/01/2026,IT5678,1157.43,EUR,transfer
503,20/01/2026,IT5678,3192.47,EUR,deposit
504,28/02/2026,IT1234,-309.02,EUR,withdrawal
505,13/03/2026,IT5678,4953.46,EUR,deposit
506,21/04/2026,IT2345,1839.42,EUR,deposit
507,08/01/2026,IT4567,-1208.43,EUR,transfer
508,08/05/2026,IT7890,3911.14,EUR,deposit
509,02/02/2026,IT3456,1805.68,EUR,deposit
510,21/05/2026,IT5678,-1783.65,EUR,withdrawal
511,14/04/2026,IT4567,2619.78,EUR,deposit
512,15/03/2026,IT3456,308.31,EUR,deposit
513,21/04/2026,IT1234,3347.77,EUR,deposit
514,14/05/2026,IT5678,-940.07,EUR,transfer
515,24/04/2026,IT5678,907.74,EUR,transfer
516,15/04/2026,IT6789,-1740.24,EUR,withdrawal
517,01/01/1750,IT4567,-625.84,EUR,transfer
518,29/05/2026,IT2345,4126.64,EUR,deposit
519,01/03/2026,IT6789,2936.22,EUR,deposit
520,02/04/2026,IT8901,424.23,EUR,transfer
521,26/04/2026,IT5678,2352.89,EUR,deposit
522,14/05/2026,IT6789,745.48,EUR,transfer
523,,IT5678,1000.36,EUR,transfer
524,28/04/2026,IT8901,2330.48,EUR,deposit
525,12/02/2026,IT5678,-1228.95,EUR,transfer
526,04/03/2026,IT6789,-1318.61,EUR,withdrawal
527,08/02/2026,IT7890,-1086.33,EUR,transfer
528,,IT5678,1199.8,EUR,deposit
529,11/02/2026,IT2345,-1284.87,EUR,transfer
530,02/03/2026,IT8901,-196.73,EUR,withdrawal
531,19/03/2026,IT6789,3432.13,EUR,deposit
532,11/03/2026,IT2345,-1840.62,EUR,withdrawal
533,05/01/2026,IT5678,1468.49,EUR,transfer
534,01/01/2026,IT7890,-1820.56,EUR,withdrawal
535,27/01/2026,IT4567,-1264.92,EUR,transfer
536,01/04/2026,IT6789,-217.21,EUR,transfer
537,28/02/2026,IT1234,-889.03,EUR,transfer
538,03/05/2026,IT4567,2239.24,EUR,deposit
539,08/03/2026,IT4567,1739.03,EUR,deposit
540,18/03/2026,IT3456,-1413.59,EUR,withdrawal
541,12/05/2026,IT5678,-1080.34,EUR,withdrawal
542,23/01/2026,IT8901,1066.31,EUR,transfer
543,29/04/2026,IT8901,-768.69,EUR,withdrawal
544,28/03/2026,IT5678,4474.24,EUR,deposit
545,04/01/2026,IT8901,-1350.55,EUR,withdrawal
546,21/01/2026,IT4567,-1831.33,EUR,withdrawal
547,21/01/2026,IT4567,-93.41,EUR,transfer
548,21/05/2026,IT7890,3742.06,EUR,deposit
549,01/03/2026,IT7890,930.84,EUR,transfer
550,05/03/2026,IT7890,3106.91,EUR,deposit
551,16/04/2026,IT1234,2393.32,EUR,deposit
552,05/02/2026,IT1234,-1915.52,EUR,withdrawal
553,12/04/2026,IT7890,896.77,EUR,deposit
554,28/05/2026,IT3456,4824.79,EUR,deposit
555,28/01/2026,IT3456,-214.4,EUR,transfer
556,07/01/2026,IT1234,3535.24,EUR,deposit
557,13/04/2026,IT2345,-1682.62,EUR,withdrawal
558,09/05/2026,IT5678,,EUR,deposit
559,26/04/2026,IT6789,2121.14,EUR,deposit
560,27/05/2026,IT6789,-952.31,EUR,transfer
561,01/01/1750,IT5678,929.37,EUR,deposit
562,29/05/2026,IT5678,-1046.5,EUR,withdrawal
563,24/01/2026,IT5678,2406.5,EUR,deposit
564,06/02/2026,IT7890,-382.64,EUR,withdrawal
565,06/03/2026,IT1234,-1398.67,EUR,withdrawal
566,06/03/2026,IT7890,-223.49,EUR,withdrawal
567,12/04/2026,IT4567,2128.6,EUR,deposit
568,25/04/2026,IT8901,3881.7,EUR,deposit
569,21/04/2026,IT4567,-315.22,EUR,transfer
570,13/02/2026,IT7890,2949.63,EUR,deposit
571,14/01/2026,IT7890,-1304.38,EUR,withdrawal
572,06/01/2026,IT1234,-1185.86,EUR,transfer
573,26/03/2026,IT2345,2238.71,EUR,deposit
574,23/05/2026,IT7890,-26.98,EUR,withdrawal
575,19/02/2026,IT5678,-1387.52,EUR,withdrawal
576,10/02/2026,IT7890,3159.76,EUR,deposit
577,08/01/2026,IT5678,2532.95,EUR,deposit
578,22/05/2026,IT8901,-693.83,EUR,transfer
579,07/03/2026,IT4567,4925.26,EUR,deposit
580,05/02/2026,IT3456,352.14,EUR,transfer
581,25/02/2026,IT6789,2953.67,EUR,deposit
582,29/04/2026,IT1234,-762.5,EUR,withdrawal
583,30/03/2026,IT3456,4995.9,EUR,deposit
584,10/01/2026,IT8901,1480.66,EUR,deposit
585,04/01/2026,IT6789,-216.83,EUR,withdrawal
586,20/01/2026,IT6789,1399.34,EUR,transfer
587,03/03/2026,IT8901,-388.37,EUR,transfer
588,02/02/2026,IT7890,4308.5,EUR,deposit
589,02/05/2026,IT7890,780.5,EUR,deposit
590,05/03/2026,IT6789,3284.75,EUR,deposit
591,12/02/2026,IT1234,-1786.44,EUR,withdrawal
592,01/04/2026,IT2345,-858.37,EUR,withdrawal
593,11/05/2026,IT4567,-1072.86,EUR,transfer
594,04/02/2026,IT6789,-172.96,EUR,withdrawal
595,29/04/2026,IT5678,-56.72,EUR,transfer
596,27/02/2026,IT4567,812.4,EUR,deposit
597,03/04/2026,IT1234,2724.29,EUR,deposit
598,17/04/2026,IT7890,-194.27,EUR,transfer
599,08/05/2026,IT5678,987.47,EUR,transfer
600,19/04/2026,IT1234,2994.07,EUR,deposit
601,03/05/2026,IT8901,1264.2,EUR,transfer
602,21/03/2026,IT1234,1874.93,EUR,deposit
603,06/02/2026,IT2345,-641.46,EUR,transfer
604,30/03/2026,IT1234,4668.83,EUR,deposit
605,04/04/2026,IT7890,4034.3,EUR,deposit
606,18/03/2026,IT3456,152.69,EUR,deposit
607,22/02/2026,IT3456,1521.34,EUR,deposit
608,25/03/2026,IT8901,-171.88,EUR,withdrawal
609,02/04/2026,IT5678,-539.36,EUR,transfer
610,20/04/2026,IT4567,4362.45,EUR,deposit
611,20/01/2026,IT3456,-902.19,EUR,withdrawal
612,17/01/2026,IT7890,1749.38,EUR,deposit
613,05/02/2026,IT5678,-1267.99,EUR,withdrawal
614,14/03/2026,IT5678,-98.37,EUR,withdrawal
615,15/03/2026,IT7890,-1460.96,EUR,withdrawal
616,17/03/2026,IT7890,-1332.25,EUR,withdrawal
617,30/03/2026,IT4567,328.33,EUR,deposit
618,10/05/2026,IT7890,-1078.96,EUR,transfer
619,01/03/2026,IT6789,-577.03,EUR,transfer
620,,IT7890,-869.75,EUR,withdrawal
621,03/04/2026,IT4567,611.24,EUR,deposit
622,15/04/2026,IT4567,-1092.88,EUR,withdrawal
623,19/02/2026,IT5678,4550.72,EUR,deposit
624,11/04/2026,IT5678,4638.04,EUR,deposit
625,04/05/2026,IT5678,5000.0,EUR,deposit
626,28/01/2026,IT8901,53.97,EUR,deposit
627,06/05/2026,IT5678,1182.97,EUR,transfer
628,06/01/2026,IT7890,-174.06,EUR,withdrawal
629,21/04/2026,IT1234,-1469.32,EUR,withdrawal
630,17/02/2026,IT7890,2280.41,EUR,deposit
631,21/05/2026,IT7890,176.46,EUR,transfer
632,09/05/2026,IT4567,-288.03,EUR,transfer
633,13/01/2026,IT5678,169.13,EUR,transfer
634,08/01/2026,IT7890,3714.67,EUR,deposit
635,05/02/2026,IT4567,-1124.4,EUR,withdrawal
636,21/05/2026,IT4567,-152.25,EUR,withdrawal
637,03/04/2026,IT8901,-521.12,EUR,transfer
638,22/01/2026,IT5678,2736.69,EUR,deposit
639,24/04/2026,IT5678,201.94,EUR,transfer
640,23/03/2026,IT1234,915.48,EUR,transfer
641,21/04/2026,IT8901,1183.02,EUR,transfer
642,13/02/2026,IT1234,-438.69,EUR,transfer
643,18/04/2026,IT4567,-949.33,EUR,transfer
644,09/05/2026,IT2345,-177.51,EUR,transfer
645,05/04/2026,IT2345,3710.2,EUR,deposit
646,01/01/1750,IT5678,-1330.46,EUR,transfer
647,17/03/2026,IT2345,1624.01,EUR,deposit
648,03/04/2026,IT5678,-156.24,EUR,transfer
649,28/05/2026,IT5678,-894.26,EUR,transfer
650,14/01/2026,IT2345,-416.41,EUR,withdrawal
651,06/02/2026,IT4567,4723.49,EUR,deposit
652,04/03/2026,IT8901,3365.69,EUR,deposit
653,11/05/2026,IT3456,1162.87,EUR,transfer
654,27/01/2026,IT1234,-1676.61,EUR,withdrawal
655,01/01/2026,IT4567,4349.86,EUR,deposit
656,12/01/2026,IT2345,1424.34,EUR,deposit
657,19/01/2026,IT8901,-1528.24,EUR,withdrawal
658,,IT6789,-1519.29,EUR,withdrawal
659,21/02/2026,IT6789,,EUR,deposit
660,29/04/2026,IT4567,-976.46,EUR,withdrawal
661,13/03/2026,IT8901,4142.23,EUR,deposit
662,28/03/2026,IT3456,1443.5,EUR,transfer
663,12/03/2026,IT7890,1289.54,EUR,transfer
664,03/04/2026,IT6789,-388.23,EUR,withdrawal
665,14/05/2026,IT7890,-765.26,EUR,withdrawal
666,18/02/2026,IT1234,1774.27,EUR,deposit
667,30/04/2026,IT6789,4023.88,EUR,deposit
668,01/03/2026,IT1234,455.95,EUR,transfer
669,22/02/2026,IT7890,1637.37,EUR,deposit
670,31/05/2026,IT3456,-716.38,EUR,withdrawal
671,01/01/2026,IT3456,1826.04,EUR,deposit
672,08/05/2026,IT4567,761.0,EUR,transfer
673,28/03/2026,IT1234,320.25,EUR,deposit
674,17/03/2026,IT2345,185.2,EUR,transfer
675,24/05/2026,IT3456,385.85,EUR,deposit
676,01/04/2026,IT3456,301.35,EUR,transfer
677,20/05/2026,IT7890,-271.98,EUR,transfer
678,08/01/2026,IT1234,-946.37,EUR,transfer
679,15/03/2026,IT3456,23%02))12,EUR,transfer
680,08/01/2026,IT1234,644.35,EUR,transfer
681,19/03/2026,IT3456,3087.39,EUR,deposit
682,01/02/2026,IT6789,2579.57,EUR,deposit
683,28/05/2026,IT1234,-1012.99,EUR,transfer
684,09/05/2026,IT2345,-1738.15,EUR,withdrawal
685,24/04/2026,IT2345,4856.07,EUR,deposit
686,01/05/2026,IT8901,792.15,EUR,transfer
687,26/02/2026,IT6789,4737.42,EUR,deposit
688,,IT8901,-678.13,EUR,withdrawal
689,31/03/2026,IT5678,3956.42,EUR,deposit
690,23/03/2026,IT7890,99.43,EUR,transfer
691,05/02/2026,IT3456,-1331.71,EUR,withdrawal
692,08/05/2026,IT6789,,EUR,withdrawal
693,27/01/2026,IT3456,-613.01,EUR,transfer
694,01/02/2026,IT8901,-1220.91,EUR,transfer
695,02/05/2026,IT6789,23%02))12,EUR,deposit
696,04/04/2026,IT6789,-76.38,EUR,withdrawal
697,22/05/2026,IT3456,1483.31,EUR,deposit
698,,IT7890,710.87,EUR,deposit
699,19/01/2026,IT1234,23%02))12,EUR,transfer
700,14/01/2026,IT5678,4367.7,EUR,deposit
701,02/02/2026,IT6789,3551.22,EUR,deposit
702,25/04/2026,IT3456,1716.49,EUR,deposit
703,03/01/2026,IT1234,-874.82,EUR,transfer
704,20/04/2026,IT4567,-560.78,EUR,transfer
705,25/05/2026,IT8901,795.26,EUR,transfer
706,29/05/2026,IT3456,3296.39,EUR,deposit
707,29/05/2026,IT2345,2297.08,EUR,deposit
708,24/05/2026,IT7890,-1756.27,EUR,withdrawal
709,05/01/2026,IT5678,3023.59,EUR,deposit
710,13/04/2026,IT8901,-1203.82,EUR,withdrawal
711,07/04/2026,IT7890,215.55,EUR,deposit
712,13/04/2026,IT2345,-18.97,EUR,transfer
713,13/02/2026,IT2345,4994.52,EUR,deposit
714,03/03/2026,IT3456,3024.56,EUR,deposit
715,22/02/2026,IT6789,4286.52,EUR,deposit
716,11/01/2026,IT8901,-537.03,EUR,withdrawal
717,22/05/2026,IT3456,-1987.48,EUR,withdrawal
718,22/01/2026,IT1234,444.35,EUR,transfer
719,04/04/2026,IT2345,1136.16,EUR,deposit
720,26/02/2026,IT7890,-1788.13,EUR,withdrawal
721,14/01/2026,IT5678,-1751.22,EUR,withdrawal
722,13/05/2026,IT8901,2433.33,EUR,deposit
723,26/04/2026,IT6789,-985.78,EUR,withdrawal
724,11/03/2026,IT2345,1095.29,EUR,transfer
725,16/03/2026,IT7890,2249.37,EUR,deposit
726,19/04/2026,IT2345,3251.77,EUR,deposit
727,10/03/2026,IT6789,-1818.58,EUR,withdrawal
728,14/02/2026,IT1234,-823.38,EUR,transfer
729,22/01/2026,IT2345,-1747.87,EUR,withdrawal
730,13/05/2026,IT3456,23%02))12,EUR,deposit
731,17/02/2026,IT3456,305.9,EUR,transfer
732,20/04/2026,IT1234,2801.01,EUR,deposit
733,06/03/2026,IT2345,-1482.07,EUR,withdrawal
734,23/01/2026,IT8901,3750.56,EUR,deposit
735,23/03/2026,IT3456,1347.58,EUR,transfer
736,10/02/2026,IT5678,-1238.97,EUR,transfer
737,14/03/2026,IT7890,-680.54,EUR,transfer
738,29/05/2026,IT1234,-1263.73,EUR,withdrawal
739,02/05/2026,IT2345,-1000.26,EUR,transfer
740,07/01/2026,IT7890,1384.87,EUR,deposit
741,01/01/1750,IT6789,4107.69,EUR,deposit
742,11/05/2026,IT7890,-1717.93,EUR,withdrawal
743,11/01/2026,IT7890,-36.83,EUR,withdrawal
744,17/05/2026,IT8901,1740.83,EUR,deposit
745,30/01/2026,IT3456,-1799.06,EUR,withdrawal
746,02/04/2026,IT6789,1292.73,EUR,transfer
747,09/02/2026,IT2345,2492.44,EUR,deposit
748,22/04/2026,IT4567,697.42,EUR,transfer
749,07/01/2026,IT7890,-445.32,EUR,withdrawal
750,29/05/2026,IT6789,1485.53,EUR,deposit
751,08/02/2026,IT3456,3932.43,EUR,deposit
752,12/05/2026,IT8901,-1896.78,EUR,withdrawal
753,04/03/2026,IT6789,3955.88,EUR,deposit
754,19/02/2026,IT7890,-1622.59,EUR,withdrawal
755,02/01/2026,IT1234,3448.78,EUR,deposit
756,13/03/2026,IT4567,2283.94,EUR,deposit
757,04/02/2026,IT1234,1289.78,EUR,transfer
758,30/01/2026,IT6789,1132.4,EUR,deposit
759,05/05/2026,IT7890,4133.72,EUR,deposit
760,03/02/2026,IT4567,-459.11,EUR,withdrawal
761,17/03/2026,IT5678,2854.29,EUR,deposit
762,02/05/2026,IT1234,1994.15,EUR,deposit
763,16/02/2026,IT5678,3001.68,EUR,deposit
764,26/04/2026,IT8901,7.46,EUR,transfer
765,25/05/2026,IT2345,1517.77,EUR,deposit
766,09/02/2026,IT7890,-737.69,EUR,transfer
767,12/03/2026,IT1234,4032.05,EUR,deposit
768,10/04/2026,IT7890,-1532.25,EUR,withdrawal
769,18/01/2026,IT2345,-440.46,EUR,withdrawal
770,07/03/2026,IT4567,1261.04,EUR,transfer
771,27/03/2026,IT5678,4138.42,EUR,deposit
772,09/03/2026,IT2345,2978.24,EUR,deposit
773,10/01/2026,IT3456,-1340.34,EUR,transfer
774,28/01/2026,IT7890,-1197.71,EUR,withdrawal
775,23/04/2026,IT2345,-514.72,EUR,withdrawal
776,31/03/2026,IT2345,-1.14,EUR,transfer
777,17/01/2026,IT1234,3417.85,EUR,deposit
778,23/02/2026,IT5678,675.39,EUR,deposit
779,16/03/2026,IT8901,1948.23,EUR,deposit
780,03/03/2026,IT2345,-391.92,EUR,transfer
781,13/04/2026,IT2345,989.14,EUR,transfer
782,26/02/2026,IT4567,-481.06,EUR,withdrawal
783,06/02/2026,IT7890,-1399.97,EUR,withdrawal
784,12/02/2026,IT6789,4714.88,EUR,deposit
785,16/03/2026,IT8901,-76.69,EUR,transfer
786,03/02/2026,IT1234,-1882.33,EUR,withdrawal
787,06/01/2026,IT5678,4612.87,EUR,deposit
788,22/03/2026,IT5678,-1519.77,EUR,withdrawal
789,15/05/2026,IT5678,-1410.99,EUR,withdrawal
790,02/02/2026,IT6789,2728.2,EUR,deposit
791,16/05/2026,IT4567,2274.04,EUR,deposit
792,27/04/2026,IT4567,604.93,EUR,transfer
793,14/01/2026,IT8901,-34.07,EUR,withdrawal
794,18/02/2026,IT5678,-1586.13,EUR,withdrawal
795,27/05/2026,IT1234,-672.35,EUR,withdrawal
796,14/03/2026,IT7890,-1209.19,EUR,transfer
797,26/02/2026,IT2345,-283.34,EUR,transfer
798,21/02/2026,IT8901,-1180.68,EUR,withdrawal
799,29/03/2026,IT6789,1878.8,EUR,deposit
800,,IT8901,77.43,EUR,transfer
801,28/05/2026,IT3456,-478.96,EUR,withdrawal
802,19/04/2026,IT7890,681.36,EUR,transfer
803,21/02/2026,IT1234,1224.92,EUR,transfer
804,31/03/2026,IT2345,2451.24,EUR,deposit
805,07/04/2026,IT2345,-1320.7,EUR,withdrawal
806,16/03/2026,IT2345,263.21,EUR,deposit
807,10/03/2026,IT3456,2368.74,EUR,deposit
808,09/03/2026,IT7890,2500.39,EUR,deposit
809,24/02/2026,IT7890,412.23,EUR,deposit
810,09/02/2026,IT5678,-1319.18,EUR,withdrawal
811,01/01/1750,IT4567,-1260.32,EUR,transfer
812,22/04/2026,IT6789,-408.95,EUR,withdrawal
813,06/02/2026,IT6789,2257.64,EUR,deposit
814,01/03/2026,IT3456,-380.18,EUR,withdrawal
815,23/04/2026,IT1234,77.34,EUR,transfer
816,12/01/2026,IT8901,3130.51,EUR,deposit
817,17/01/2026,IT5678,-701.45,EUR,transfer
818,29/05/2026,IT5678,387.84,EUR,deposit
819,10/05/2026,IT2345,-383.83,EUR,transfer
820,14/02/2026,IT7890,1150.84,EUR,transfer
821,25/03/2026,IT7890,692.9,EUR,transfer
822,27/04/2026,IT8901,-1432.0,EUR,withdrawal
823,19/04/2026,IT1234,1754.64,EUR,deposit
824,19/01/2026,IT7890,-444.23,EUR,withdrawal
825,02/04/2026,IT1234,-764.9,EUR,transfer
826,19/02/2026,IT2345,-1017.36,EUR,transfer
827,07/04/2026,IT3456,3192.62,EUR,deposit
828,29/05/2026,IT1234,76.01,EUR,deposit
829,03/04/2026,IT4567,-939.35,EUR,transfer
830,07/05/2026,IT4567,281.46,EUR,deposit
831,10/02/2026,IT4567,-165.7,EUR,withdrawal
832,19/02/2026,IT5678,-580.15,EUR,withdrawal
833,18/01/2026,IT6789,-1784.86,EUR,withdrawal
834,22/05/2026,IT4567,-958.66,EUR,withdrawal
835,26/01/2026,IT3456,4529.81,EUR,deposit
836,14/04/2026,IT5678,-572.72,EUR,withdrawal
837,24/04/2026,IT7890,-1950.66,EUR,withdrawal
838,27/03/2026,IT2345,-899.91,EUR,withdrawal
839,22/04/2026,IT1234,-264.46,EUR,transfer
840,04/02/2026,IT2345,-734.43,EUR,withdrawal
841,,IT7890,-274.17,EUR,transfer
842,23/03/2026,IT1234,973.98,EUR,deposit
843,11/01/2026,IT1234,-627.57,EUR,withdrawal
844,07/05/2026,IT5678,3948.79,EUR,deposit
845,10/02/2026,IT2345,-603.98,EUR,withdrawal
846,25/03/2026,IT5678,-594.81,EUR,withdrawal
847,26/05/2026,IT2345,-1795.76,EUR,withdrawal
848,18/03/2026,IT2345,-659.13,EUR,withdrawal
849,17/05/2026,IT4567,-647.22,EUR,withdrawal
850,06/01/2026,IT4567,-511.13,EUR,transfer
851,26/04/2026,IT4567,3377.73,EUR,deposit
852,18/05/2026,IT4567,3690.4,EUR,deposit
853,12/03/2026,IT3456,310.37,EUR,deposit
854,15/02/2026,IT7890,1115.23,EUR,transfer
855,28/01/2026,IT3456,-1937.08,EUR,withdrawal
856,02/01/2026,IT3456,1895.13,EUR,deposit
857,24/02/2026,IT3456,-726.65,EUR,transfer
858,05/05/2026,IT8901,-317.7,EUR,withdrawal
859,25/02/2026,IT4567,902.02,EUR,deposit
860,29/03/2026,IT4567,-725.7,EUR,transfer
861,21/03/2026,IT4567,3492.06,EUR,deposit
862,14/05/2026,IT8901,-1365.06,EUR,transfer
863,23/05/2026,IT6789,1336.53,EUR,transfer
864,22/05/2026,IT7890,-454.44,EUR,withdrawal
865,24/05/2026,IT1234,1213.43,EUR,transfer
866,09/05/2026,IT1234,-1263.29,EUR,withdrawal
867,14/04/2026,IT1234,-776.4,EUR,withdrawal
868,08/04/2026,IT5678,300.87,EUR,deposit
869,27/02/2026,IT8901,-1957.13,EUR,withdrawal
870,07/05/2026,IT7890,-84.22,EUR,withdrawal
871,26/02/2026,IT7890,869.25,EUR,deposit
872,01/04/2026,IT3456,3208.71,EUR,deposit
873,10/02/2026,IT6789,1029.77,EUR,transfer
874,28/05/2026,IT6789,439.35,EUR,transfer
875,26/04/2026,IT5678,1347.04,EUR,transfer
876,19/05/2026,IT8901,-1055.11,EUR,withdrawal
877,20/03/2026,IT5678,1439.09,EUR,transfer
878,26/01/2026,IT4567,2448.59,EUR,deposit
879,05/03/2026,IT1234,-1169.85,EUR,withdrawal
880,12/04/2026,IT1234,1295.94,EUR,deposit
881,10/02/2026,IT5678,3485.71,EUR,deposit
882,15/03/2026,IT3456,2248.62,EUR,deposit
883,23/01/2026,IT5678,-75.83,EUR,withdrawal
884,21/04/2026,IT2345,-1425.03,EUR,withdrawal
885,13/05/2026,IT4567,-1892.88,EUR,withdrawal
886,14/05/2026,IT1234,-1838.26,EUR,withdrawal
887,21/01/2026,IT2345,1893.79,EUR,deposit
888,20/01/2026,IT7890,3742.97,EUR,deposit
889,26/03/2026,IT6789,,EUR,deposit
890,06/03/2026,IT5678,-717.58,EUR,withdrawal
891,27/04/2026,IT7890,1401.78,EUR,transfer
892,31/05/2026,IT3456,641.3,EUR,deposit
893,30/03/2026,IT7890,-1752.24,EUR,withdrawal
894,25/04/2026,IT5678,-1342.76,EUR,withdrawal
895,16/05/2026,IT7890,865.72,EUR,transfer
896,23/01/2026,IT4567,3999.91,EUR,deposit
897,20/02/2026,IT8901,1518.82,EUR,deposit
898,07/04/2026,IT8901,-1237.83,EUR,transfer
899,01/02/2026,IT6789,-258.3,EUR,withdrawal
900,10/05/2026,IT3456,270.07,EUR,transfer
901,05/03/2026,IT5678,1393.37,EUR,transfer
902,28/03/2026,IT8901,4105.1,EUR,deposit
903,25/03/2026,IT7890,359.72,EUR,deposit
904,22/04/2026,IT4567,1460.93,EUR,transfer
905,28/02/2026,IT1234,4392.44,EUR,deposit
906,26/02/2026,IT8901,1470.4,EUR,deposit
907,24/02/2026,IT7890,-1215.26,EUR,transfer
908,27/03/2026,IT7890,286.23,EUR,transfer
909,27/05/2026,IT3456,2034.88,EUR,deposit
910,26/02/2026,IT2345,2624.83,EUR,deposit
911,17/02/2026,IT8901,-170.25,EUR,transfer
912,26/05/2026,IT3456,-657.67,EUR,transfer
913,15/03/2026,IT4567,140.62,EUR,transfer
914,18/05/2026,IT4567,1356.94,EUR,transfer
915,26/03/2026,IT5678,-40.44,EUR,transfer
916,19/01/2026,IT3456,3326.06,EUR,deposit
917,29/01/2026,IT5678,-1041.92,EUR,withdrawal
918,10/01/2026,IT5678,1420.47,EUR,transfer
919,09/04/2026,IT3456,-1168.33,EUR,withdrawal
920,06/04/2026,IT2345,339.32,EUR,deposit
921,14/04/2026,IT7890,1242.56,EUR,transfer
922,16/03/2026,IT2345,-755.12,EUR,withdrawal
923,05/01/2026,IT5678,-1159.37,EUR,transfer
924,22/04/2026,IT1234,2081.69,EUR,deposit
925,31/05/2026,IT7890,-1677.2,EUR,withdrawal
926,01/03/2026,IT5678,-1134.43,EUR,withdrawal
927,14/05/2026,IT1234,-682.39,EUR,withdrawal
928,18/01/2026,IT5678,85.36,EUR,deposit
929,30/01/2026,IT8901,2317.63,EUR,deposit
930,21/05/2026,IT4567,-761.34,EUR,transfer
931,06/04/2026,IT6789,3940.53,EUR,deposit
932,,IT1234,-293.03,EUR,withdrawal
933,26/05/2026,IT1234,3559.22,EUR,deposit
934,15/01/2026,IT3456,-707.6,EUR,withdrawal
935,29/05/2026,IT3456,4895.74,EUR,deposit
936,28/01/2026,IT8901,322.45,EUR,transfer
937,11/05/2026,IT7890,3727.96,EUR,deposit
938,21/01/2026,IT6789,1173.96,EUR,transfer
939,11/03/2026,IT7890,-802.52,EUR,transfer
940,12/01/2026,IT7890,-75.98,EUR,transfer
941,13/02/2026,IT7890,848.23,EUR,deposit
942,28/02/2026,IT6789,1732.43,EUR,deposit
943,18/01/2026,IT7890,216.89,EUR,transfer
944,27/02/2026,IT8901,35.14,EUR,transfer
945,07/02/2026,IT5678,2781.84,EUR,deposit
946,14/04/2026,IT5678,1226.97,EUR,deposit
947,03/04/2026,IT7890,3391.9,EUR,deposit
948,27/02/2026,IT8901,541.26,EUR,transfer
949,27/04/2026,IT8901,-1064.7,EUR,withdrawal
950,10/04/2026,IT4567,453.18,EUR,transfer
951,08/05/2026,IT7890,1292.05,EUR,transfer
952,06/04/2026,IT3456,-909.7,EUR,transfer
953,17/05/2026,IT6789,-204.92,EUR,withdrawal
954,01/01/1750,IT5678,-1094.79,EUR,withdrawal
955,10/04/2026,IT5678,631.16,EUR,deposit
956,01/01/1750,IT3456,1628.87,EUR,deposit
957,20/04/2026,IT4567,,EUR,transfer
958,30/01/2026,IT8901,-362.75,EUR,withdrawal
959,11/03/2026,IT4567,1870.9,EUR,deposit
960,22/02/2026,IT5678,2190.46,EUR,deposit
961,14/05/2026,IT8901,-1902.71,EUR,withdrawal
962,24/05/2026,IT2345,-979.92,EUR,withdrawal
963,17/03/2026,IT4567,-1692.27,EUR,withdrawal
964,21/02/2026,IT2345,1115.42,EUR,transfer
965,24/04/2026,IT5678,-801.87,EUR,transfer
966,13/04/2026,IT6789,-580.84,EUR,withdrawal
967,30/01/2026,IT4567,-1971.8,EUR,withdrawal
968,17/03/2026,IT1234,-283.73,EUR,withdrawal
969,23/03/2026,IT8901,1360.24,EUR,deposit
970,14/05/2026,IT5678,-1184.24,EUR,transfer
971,31/01/2026,IT3456,4664.76,EUR,deposit
972,10/01/2026,IT5678,,EUR,withdrawal
973,08/04/2026,IT2345,703.67,EUR,transfer
974,08/04/2026,IT3456,4611.33,EUR,deposit
975,11/03/2026,IT6789,-1711.18,EUR,withdrawal
976,28/01/2026,IT4567,4676.36,EUR,deposit
977,14/04/2026,IT2345,1487.11,EUR,transfer
978,17/04/2026,IT4567,-343.4,EUR,withdrawal
979,02/01/2026,IT6789,-1370.42,EUR,transfer
980,10/02/2026,IT5678,-366.59,EUR,withdrawal
981,29/03/2026,IT2345,2503.49,EUR,deposit
982,05/03/2026,IT5678,-154.3,EUR,transfer
983,19/01/2026,IT5678,-1486.56,EUR,transfer
984,30/05/2026,IT3456,-286.81,EUR,transfer
985,23/01/2026,IT1234,943.74,EUR,transfer
986,23/03/2026,IT2345,3247.98,EUR,deposit
987,10/04/2026,IT5678,-284.21,EUR,transfer
988,22/05/2026,IT8901,-119.41,EUR,transfer
989,26/01/2026,IT5678,-1485.75,EUR,withdrawal
990,11/04/2026,IT2345,4731.52,EUR,deposit
991,03/01/2026,IT7890,-1951.55,EUR,withdrawal
992,28/02/2026,IT2345,-101.26,EUR,withdrawal
993,24/03/2026,IT6789,-1053.95,EUR,withdrawal
994,03/03/2026,IT7890,-54.54,EUR,transfer
995,14/05/2026,IT4567,3361.77,EUR,deposit
996,03/01/2026,IT6789,425.18,EUR,transfer
997,27/03/2026,IT8901,4332.9,EUR,deposit
998,15/03/2026,IT2345,-1190.58,EUR,transfer
999,20/01/2026,IT7890,4854.93,EUR,deposit
1000,27/05/2026,IT8901,-1409.73,EUR,withdrawal
1001,24/05/2026,IT7890,-1035.02,EUR,withdrawal
1002,22/04/2026,IT8901,1339.23,EUR,deposit
1003,02/01/2026,IT1234,924.17,EUR,deposit
1004,19/01/2026,IT6789,-206.47,EUR,withdrawal
1005,02/04/2026,IT4567,237.64,EUR,transfer
1006,02/05/2026,IT1234,951.32,EUR,transfer
1007,26/01/2026,IT4567,-1324.43,EUR,withdrawal
1008,01/01/2026,IT8901,-1533.53,EUR,withdrawal
1009,02/05/2026,IT6789,1072.9,EUR,deposit
1010,19/04/2026,IT8901,-804.52,EUR,withdrawal
1011,07/01/2026,IT3456,4946.58,EUR,deposit
1012,25/01/2026,IT3456,-830.91,EUR,withdrawal
1013,29/04/2026,IT3456,-709.52,EUR,withdrawal
1014,16/03/2026,IT7890,-234.53,EUR,transfer
1015,15/01/2026,IT6789,895.08,EUR,deposit
1016,02/05/2026,IT8901,2306.55,EUR,deposit
1017,21/05/2026,IT7890,-1535.91,EUR,withdrawal
1018,23/05/2026,IT3456,-1253.83,EUR,transfer
1019,29/01/2026,IT2345,902.72,EUR,deposit
1020,23/01/2026,IT6789,163.3,EUR,deposit
1021,09/01/2026,IT4567,-293.73,EUR,withdrawal
1022,04/01/2026,IT6789,-429.29,EUR,transfer
1023,12/01/2026,IT6789,-1268.68,EUR,withdrawal
1024,06/01/2026,IT8901,-240.71,EUR,withdrawal
1025,17/03/2026,IT8901,-617.26,EUR,transfer
1026,02/01/2026,IT3456,-1231.63,EUR,withdrawal
1027,26/03/2026,IT2345,,EUR,transfer
1028,14/01/2026,IT2345,411.26,EUR,transfer
1029,28/01/2026,IT6789,2361.59,EUR,deposit
1030,03/02/2026,IT4567,-1135.15,EUR,transfer
1031,11/01/2026,IT4567,-1254.3,EUR,withdrawal
1032,16/04/2026,IT7890,-888.47,EUR,withdrawal
1033,19/05/2026,IT6789,4438.2,EUR,deposit
1034,17/02/2026,IT3456,-1013.24,EUR,withdrawal
1035,09/01/2026,IT6789,-137.73,EUR,withdrawal
1036,12/03/2026,IT1234,-341.77,EUR,withdrawal
1037,24/02/2026,IT7890,1248.75,EUR,deposit
1038,27/02/2026,IT4567,-570.67,EUR,withdrawal
1039,03/04/2026,IT6789,767.15,EUR,deposit
1040,20/04/2026,IT7890,120.15,EUR,deposit
1041,14/03/2026,IT5678,1195.46,EUR,transfer
1042,26/01/2026,IT6789,336.32,EUR,transfer
1043,25/05/2026,IT5678,2571.35,EUR,deposit
1044,24/04/2026,IT6789,23%02))12,EUR,withdrawal
1045,18/03/2026,IT6789,21.35,EUR,transfer
1046,29/01/2026,IT4567,915.89,EUR,deposit
1047,13/02/2026,IT5678,2389.54,EUR,deposit
1048,15/05/2026,IT5678,1429.0,EUR,transfer
1049,29/05/2026,IT6789,-1742.31,EUR,withdrawal
1050,01/01/2026,IT5678,-993.69,EUR,transfer
1051,22/04/2026,IT6789,-1602.36,EUR,withdrawal
1052,15/04/2026,IT8901,1244.22,EUR,transfer
1053,22/01/2026,IT5678,-1457.85,EUR,transfer
1054,25/04/2026,IT3456,-832.66,EUR,transfer
1055,10/02/2026,IT4567,-1392.73,EUR,withdrawal
1056,08/01/2026,IT8901,-1188.22,EUR,transfer
1057,27/05/2026,IT3456,4343.47,EUR,deposit
1058,10/03/2026,IT7890,4807.79,EUR,deposit
1059,11/04/2026,IT4567,-977.64,EUR,transfer
1060,15/05/2026,IT2345,-21.6,EUR,withdrawal
1061,01/02/2026,IT6789,-1009.14,EUR,withdrawal
1062,23/05/2026,IT2345,-1520.65,EUR,withdrawal
1063,11/05/2026,IT4567,23%02))12,EUR,withdrawal
1064,08/05/2026,IT2345,-842.63,EUR,withdrawal
1065,01/01/2026,IT8901,23%02))12,EUR,transfer
1066,12/02/2026,IT6789,3256.52,EUR,deposit
1067,03/03/2026,IT1234,4255.33,EUR,deposit
1068,24/05/2026,IT8901,4477.51,EUR,deposit
1069,12/05/2026,IT6789,3577.09,EUR,deposit
1070,30/01/2026,IT4567,-807.25,EUR,transfer
1071,12/03/2026,IT5678,1252.8,EUR,transfer
1072,01/03/2026,IT1234,-1554.85,EUR,withdrawal
1073,13/04/2026,IT2345,-973.29,EUR,transfer
1074,24/05/2026,IT4567,310.76,EUR,deposit
1075,08/05/2026,IT1234,-1034.7,EUR,transfer
1076,17/04/2026,IT6789,-158.48,EUR,transfer
1077,14/02/2026,IT3456,-1041.54,EUR,withdrawal
1078,27/01/2026,IT5678,4417.2,EUR,deposit
1079,15/01/2026,IT8901,-409.7,EUR,transfer
1080,21/02/2026,IT3456,1608.78,EUR,deposit
1081,10/04/2026,IT1234,-1281.71,EUR,withdrawal
1082,20/01/2026,IT6789,3161.14,EUR,deposit
1083,24/01/2026,IT4567,-1400.21,EUR,withdrawal
1084,31/05/2026,IT2345,983.84,EUR,transfer
1085,28/05/2026,IT7890,1863.37,EUR,deposit
1086,11/01/2026,IT4567,-1266.23,EUR,withdrawal
1087,20/01/2026,IT1234,1480.16,EUR,transfer
1088,16/05/2026,IT5678,-1167.35,EUR,withdrawal
1089,23/05/2026,IT5678,-1109.42,EUR,transfer
1090,17/03/2026,IT3456,23%02))12,EUR,deposit
1091,26/02/2026,IT2345,3642.28,EUR,deposit
1092,13/01/2026,IT8901,-406.1,EUR,transfer
1093,12/04/2026,IT8901,4797.55,EUR,deposit
1094,11/01/2026,IT7890,240.4,EUR,deposit
1095,31/05/2026,IT1234,-983.07,EUR,transfer
1096,25/02/2026,IT6789,-1202.99,EUR,withdrawal
1097,24/04/2026,IT1234,-890.29,EUR,transfer
1098,20/05/2026,IT6789,4071.51,EUR,deposit
1099,,IT1234,-500.66,EUR,withdrawal
1100,08/04/2026,IT5678,-238.45,EUR,withdrawal
1101,04/04/2026,IT1234,-158.69,EUR,withdrawal
1102,17/03/2026,IT2345,950.89,EUR,deposit
1103,10/02/2026,IT2345,-1140.09,EUR,transfer
1104,23/02/2026,IT6789,1299.82,EUR,transfer
1105,02/04/2026,IT7890,-570.44,EUR,withdrawal
1106,14/02/2026,IT5678,51.35,EUR,transfer
1107,04/03/2026,IT1234,2860.53,EUR,deposit
1108,06/04/2026,IT6789,-117.33,EUR,withdrawal
1109,24/03/2026,IT2345,23%02))12,EUR,withdrawal
1110,30/01/2026,IT1234,2860.06,EUR,deposit
1111,17/05/2026,IT6789,-639.75,EUR,transfer
1112,01/01/1750,IT3456,-1410.73,EUR,withdrawal
1113,26/03/2026,IT5678,55.57,EUR,transfer
1114,09/05/2026,IT1234,4769.33,EUR,deposit
1115,24/02/2026,IT1234,848.71,EUR,deposit
1116,01/03/2026,IT6789,-1375.16,EUR,withdrawal
1117,14/03/2026,IT1234,1371.49,EUR,transfer
1118,05/03/2026,IT5678,-1287.07,EUR,withdrawal
1119,11/01/2026,IT1234,4296.7,EUR,deposit
1120,10/02/2026,IT7890,4716.43,EUR,deposit
1121,26/03/2026,IT5678,1534.07,EUR,deposit
1122,07/01/2026,IT1234,-792.5,EUR,withdrawal
1123,05/04/2026,IT7890,1232.9,EUR,transfer
1124,11/01/2026,IT4567,2426.87,EUR,deposit
1125,26/03/2026,IT8901,1436.93,EUR,transfer
1126,09/03/2026,IT8901,4361.17,EUR,deposit
1127,13/01/2026,IT3456,-683.82,EUR,withdrawal
1128,24/03/2026,IT8901,1207.09,EUR,transfer
1129,11/01/2026,IT8901,-763.79,EUR,withdrawal
1130,07/04/2026,IT7890,-1070.93,EUR,withdrawal
1131,03/05/2026,IT5678,105.39,EUR,deposit
1132,24/02/2026,IT6789,-1467.13,EUR,withdrawal
1133,31/01/2026,IT4567,-677.84,EUR,transfer
1134,29/05/2026,IT5678,412.23,EUR,transfer
1135,04/05/2026,IT6789,737.36,EUR,transfer
1136,16/02/2026,IT8901,4640.62,EUR,deposit
1137,10/03/2026,IT5678,48.59,EUR,transfer
1138,17/01/2026,IT3456,2617.27,EUR,deposit
1139,13/04/2026,IT2345,4269.34,EUR,deposit
1140,19/05/2026,IT1234,-460.71,EUR,transfer
1141,30/05/2026,IT6789,2736.6,EUR,deposit
1142,25/02/2026,IT5678,-595.78,EUR,transfer
1143,27/04/2026,IT3456,845.39,EUR,deposit
1144,04/05/2026,IT4567,1381.2,EUR,transfer
1145,24/04/2026,IT5678,17.99,EUR,transfer
1146,09/02/2026,IT4567,963.4,EUR,transfer
1147,10/04/2026,IT6789,3705.33,EUR,deposit
1148,19/01/2026,IT4567,-842.28,EUR,transfer
1149,23/01/2026,IT7890,1229.82,EUR,deposit
1150,04/04/2026,IT4567,-959.15,EUR,withdrawal
1151,19/05/2026,IT8901,-1426.23,EUR,transfer
1152,01/01/2026,IT6789,-802.44,EUR,withdrawal
1153,17/01/2026,IT3456,-1772.44,EUR,withdrawal
1154,11/02/2026,IT7890,989.3,EUR,transfer
1155,25/02/2026,IT1234,3285.27,EUR,deposit
1156,10/02/2026,IT2345,394.2,EUR,deposit
1157,03/04/2026,IT8901,-666.31,EUR,transfer
1158,12/05/2026,IT1234,-1029.69,EUR,withdrawal
1159,22/04/2026,IT5678,1897.15,EUR,deposit
1160,03/04/2026,IT5678,4450.2,EUR,deposit
1161,12/02/2026,IT5678,-85.18,EUR,withdrawal
1162,,IT1234,2802.91,EUR,deposit
1163,17/03/2026,IT4567,-1778.67,EUR,withdrawal
1164,15/05/2026,IT3456,2412.72,EUR,deposit
1165,11/01/2026,IT5678,-465.12,EUR,withdrawal
1166,22/02/2026,IT5678,981.28,EUR,transfer
1167,20/02/2026,IT3456,-1372.21,EUR,transfer
1168,23/02/2026,IT3456,-599.8,EUR,transfer
1169,03/05/2026,IT5678,,EUR,transfer
1170,12/04/2026,IT2345,,EUR,deposit
1171,13/03/2026,IT3456,-706.46,EUR,transfer
1172,23/03/2026,IT6789,723.1,EUR,deposit
1173,13/01/2026,IT4567,-1187.86,EUR,withdrawal
1174,11/05/2026,IT1234,3270.08,EUR,deposit
1175,13/03/2026,IT7890,720.69,EUR,transfer
1176,13/02/2026,IT3456,1190.22,EUR,transfer
1177,08/02/2026,IT1234,-1351.79,EUR,withdrawal
1178,19/01/2026,IT6789,-20.09,EUR,withdrawal
1179,06/04/2026,IT8901,-1904.06,EUR,withdrawal
1180,19/04/2026,IT3456,-925.67,EUR,withdrawal
1181,14/05/2026,IT4567,4634.66,EUR,deposit
1182,19/05/2026,IT3456,280.37,EUR,transfer
1183,20/05/2026,IT4567,-96.15,EUR,withdrawal
1184,02/02/2026,IT7890,-211.44,EUR,transfer
1185,26/02/2026,IT3456,2235.34,EUR,deposit
1186,03/04/2026,IT8901,-465.21,EUR,transfer
1187,06/04/2026,IT5678,-83.64,EUR,withdrawal
1188,01/01/2026,IT1234,50.65,EUR,transfer
1189,02/01/2026,IT5678,-426.15,EUR,transfer
1190,24/04/2026,IT6789,2383.26,EUR,deposit
1191,04/04/2026,IT6789,-1094.11,EUR,transfer
1192,28/03/2026,IT8901,-484.07,EUR,transfer
1193,22/05/2026,IT1234,-1467.41,EUR,withdrawal
1194,06/03/2026,IT3456,-1408.79,EUR,transfer
1195,21/02/2026,IT2345,4734.79,EUR,deposit
1196,12/04/2026,IT6789,-1196.95,EUR,withdrawal
1197,21/04/2026,IT6789,4677.66,EUR,deposit
1198,23/03/2026,IT1234,256.04,EUR,transfer
1199,12/03/2026,IT8901,-1228.14,EUR,withdrawal
1200,03/03/2026,IT2345,4663.39,EUR,deposit
1201,11/02/2026,IT4567,742.06,EUR,transfer
1202,20/01/2026,IT6789,4252.13,EUR,deposit
1203,07/02/2026,IT1234,-1409.7,EUR,withdrawal
1204,20/05/2026,IT1234,3239.35,EUR,deposit
1205,23/02/2026,IT7890,-818.26,EUR,transfer
1206,17/05/2026,IT7890,-980.36,EUR,withdrawal
1207,06/01/2026,IT6789,513.38,EUR,deposit
1208,24/05/2026,IT8901,414.87,EUR,transfer
1209,26/02/2026,IT7890,-559.03,EUR,transfer
1210,24/03/2026,IT2345,396.87,EUR,transfer
1211,24/02/2026,IT7890,,EUR,deposit
1212,11/02/2026,IT1234,969.57,EUR,deposit
1213,12/02/2026,IT7890,-1146.08,EUR,transfer
1214,02/03/2026,IT6789,-1118.05,EUR,transfer
1215,01/01/1750,IT2345,4349.39,EUR,deposit
1216,16/01/2026,IT6789,381.82,EUR,transfer
1217,04/05/2026,IT5678,1139.72,EUR,transfer
1218,19/02/2026,IT2345,2990.28,EUR,deposit
1219,23/02/2026,IT6789,2372.42,EUR,deposit
1220,01/01/2026,IT8901,-716.4,EUR,transfer
1221,03/05/2026,IT5678,448.08,EUR,deposit
1222,13/02/2026,IT5678,3591.61,EUR,deposit
1223,24/05/2026,IT5678,833.43,EUR,deposit
1224,09/02/2026,IT8901,-1018.97,EUR,transfer
1225,06/04/2026,IT2345,-25.5,EUR,transfer
1226,08/02/2026,IT5678,208.28,EUR,transfer
1227,12/02/2026,IT3456,80.75,EUR,deposit
1228,28/03/2026,IT6789,657.69,EUR,deposit
1229,08/02/2026,IT7890,-1064.43,EUR,transfer
1230,27/05/2026,IT1234,1076.47,EUR,transfer
1231,25/03/2026,IT3456,2977.48,EUR,deposit
1232,01/01/1750,IT8901,975.96,EUR,deposit
1233,02/02/2026,IT2345,-1240.39,EUR,withdrawal
1234,20/04/2026,IT3456,-294.59,EUR,withdrawal
1235,12/05/2026,IT8901,-172.1,EUR,transfer
1236,05/05/2026,IT1234,246.46,EUR,transfer
1237,02/01/2026,IT1234,-33.96,EUR,withdrawal
1238,10/03/2026,IT4567,3395.57,EUR,deposit
1239,27/05/2026,IT1234,-1026.29,EUR,withdrawal
1240,19/01/2026,IT8901,-1667.78,EUR,withdrawal
1241,21/05/2026,IT7890,802.48,EUR,transfer
1242,17/05/2026,IT2345,757.47,EUR,transfer
1243,09/02/2026,IT1234,2345.53,EUR,deposit
1244,27/03/2026,IT3456,-1780.38,EUR,withdrawal
1245,23/05/2026,IT2345,3093.3,EUR,deposit
1246,26/01/2026,IT7890,-51.12,EUR,transfer
1247,25/01/2026,IT4567,-1491.6,EUR,transfer
1248,13/05/2026,IT3456,1142.08,EUR,transfer
1249,17/04/2026,IT7890,2763.94,EUR,deposit
1250,19/02/2026,IT4567,-457.2,EUR,withdrawal
1251,25/03/2026,IT3456,-1191.29,EUR,withdrawal
1252,25/01/2026,IT8901,-1456.14,EUR,withdrawal
1253,06/02/2026,IT7890,-61.14,EUR,withdrawal
1254,25/05/2026,IT5678,1824.55,EUR,deposit
1255,07/01/2026,IT5678,-1244.29,EUR,transfer
1256,11/05/2026,IT8901,-1485.35,EUR,transfer
1257,08/05/2026,IT1234,-827.62,EUR,withdrawal
1258,09/02/2026,IT4567,-250.33,EUR,withdrawal
1259,15/02/2026,IT1234,-1922.11,EUR,withdrawal
1260,01/05/2026,IT1234,282.49,EUR,transfer
1261,06/03/2026,IT6789,55.65,EUR,transfer
1262,19/01/2026,IT3456,797.48,EUR,transfer
1263,21/03/2026,IT4567,138.29,EUR,deposit
1264,10/05/2026,IT5678,477.56,EUR,transfer
1265,28/03/2026,IT6789,-775.16,EUR,withdrawal
1266,13/03/2026,IT1234,-1133.08,EUR,withdrawal
1267,22/01/2026,IT7890,-762.27,EUR,withdrawal
1268,24/05/2026,IT8901,-1878.29,EUR,withdrawal
1269,13/04/2026,IT4567,-865.03,EUR,transfer
1270,30/03/2026,IT1234,-1452.88,EUR,withdrawal
1271,16/02/2026,IT7890,2373.29,EUR,deposit
1272,19/02/2026,IT3456,1512.13,EUR,deposit
1273,05/01/2026,IT1234,-1810.03,EUR,withdrawal
1274,04/03/2026,IT4567,-678.44,EUR,withdrawal
1275,02/01/2026,IT4567,-476.03,EUR,withdrawal
1276,14/01/2026,IT7890,1964.66,EUR,deposit
1277,24/05/2026,IT1234,3011.72,EUR,deposit
1278,07/03/2026,IT3456,-1042.24,EUR,withdrawal
1279,20/02/2026,IT7890,-249.13,EUR,transfer
1280,25/03/2026,IT5678,-1016.65,EUR,transfer
1281,22/04/2026,IT8901,-1450.71,EUR,transfer
1282,31/01/2026,IT1234,2856.47,EUR,deposit
1283,18/02/2026,IT1234,-1210.26,EUR,withdrawal
1284,05/03/2026,IT5678,-918.93,EUR,withdrawal
1285,18/04/2026,IT8901,-1027.82,EUR,withdrawal
1286,26/02/2026,IT2345,-1369.53,EUR,withdrawal
1287,05/01/2026,IT8901,276.35,EUR,deposit
1288,20/01/2026,IT4567,4925.1,EUR,deposit
1289,17/02/2026,IT7890,2122.24,EUR,deposit
1290,16/05/2026,IT6789,-1440.19,EUR,withdrawal
1291,23/04/2026,IT6789,4791.12,EUR,deposit
1292,29/01/2026,IT6789,4012.78,EUR,deposit
1293,15/04/2026,IT8901,-475.16,EUR,withdrawal
1294,11/03/2026,IT2345,1124.38,EUR,deposit
1295,20/05/2026,IT4567,1901.56,EUR,deposit
1296,04/04/2026,IT6789,-1422.63,EUR,withdrawal
1297,28/02/2026,IT7890,,EUR,transfer
1298,07/01/2026,IT6789,-1030.17,EUR,transfer
1299,21/03/2026,IT6789,-1272.27,EUR,withdrawal
1300,16/02/2026,IT4567,1302.29,EUR,transfer
1301,11/01/2026,IT7890,287.22,EUR,deposit
1302,02/05/2026,IT4567,,EUR,deposit
1303,02/01/2026,IT8901,-1940.05,EUR,withdrawal
1304,22/02/2026,IT8901,227.3,EUR,deposit
1305,15/02/2026,IT3456,912.55,EUR,transfer
1306,09/03/2026,IT5678,-247.03,EUR,withdrawal
1307,13/03/2026,IT6789,2953.31,EUR,deposit
1308,28/03/2026,IT4567,-1032.72,EUR,withdrawal
1309,18/01/2026,IT8901,1263.22,EUR,deposit
1310,14/05/2026,IT7890,-336.13,EUR,withdrawal
1311,03/05/2026,IT5678,-1367.66,EUR,withdrawal
1312,01/02/2026,IT8901,-796.11,EUR,withdrawal
1313,17/01/2026,IT5678,1478.92,EUR,transfer
1314,20/05/2026,IT3456,1919.28,EUR,deposit
1315,10/05/2026,IT4567,-99.11,EUR,transfer
1316,30/05/2026,IT4567,3963.18,EUR,deposit
1317,22/05/2026,IT3456,-665.15,EUR,transfer
1318,01/01/2026,IT5678,623.9,EUR,transfer
1319,22/03/2026,IT2345,-418.02,EUR,withdrawal
1320,25/02/2026,IT3456,-1411.6,EUR,transfer
1321,08/03/2026,IT2345,-1957.39,EUR,withdrawal
1322,08/01/2026,IT1234,,EUR,deposit
1323,13/02/2026,IT6789,4676.16,EUR,deposit
1324,18/05/2026,IT7890,-438.29,EUR,withdrawal
1325,01/01/1750,IT6789,-1758.0,EUR,withdrawal
1326,26/01/2026,IT5678,1723.08,EUR,deposit
1327,17/04/2026,IT3456,-808.41,EUR,transfer
1328,10/03/2026,IT6789,-1105.57,EUR,transfer
1329,27/01/2026,IT5678,-1676.3,EUR,withdrawal
1330,18/02/2026,IT7890,-1431.79,EUR,transfer
1331,25/04/2026,IT5678,455.8,EUR,deposit
1332,09/01/2026,IT5678,-825.44,EUR,transfer
1333,23/04/2026,IT7890,-1762.91,EUR,withdrawal
1334,29/04/2026,IT2345,2168.87,EUR,deposit
1335,22/01/2026,IT8901,885.91,EUR,transfer
1336,23/04/2026,IT4567,-1781.8,EUR,withdrawal
1337,27/05/2026,IT1234,201.7,EUR,deposit
1338,23/05/2026,IT4567,-1121.73,EUR,withdrawal
1339,05/04/2026,IT8901,-1923.66,EUR,withdrawal
1340,23/01/2026,IT4567,-1643.82,EUR,withdrawal
1341,23/04/2026,IT2345,-776.1,EUR,transfer
1342,23/05/2026,IT8901,-1555.11,EUR,withdrawal
1343,10/04/2026,IT7890,-1171.74,EUR,transfer
1344,01/03/2026,IT6789,-1521.23,EUR,withdrawal
1345,29/05/2026,IT8901,292.4,EUR,transfer
1346,09/04/2026,IT6789,1841.04,EUR,deposit
1347,11/05/2026,IT7890,-1992.34,EUR,withdrawal
1348,07/01/2026,IT1234,-1119.18,EUR,transfer
1349,30/01/2026,IT2345,-775.57,EUR,withdrawal
1350,18/01/2026,IT6789,1065.08,EUR,transfer
1351,13/03/2026,IT1234,-1266.32,EUR,withdrawal
1352,22/03/2026,IT6789,-244.1,EUR,withdrawal
1353,08/05/2026,IT1234,2633.67,EUR,deposit
1354,29/05/2026,IT7890,-1583.68,EUR,withdrawal
1355,21/05/2026,IT6789,972.65,EUR,deposit
1356,18/05/2026,IT2345,-390.93,EUR,transfer
1357,11/01/2026,IT6789,2380.11,EUR,deposit
1358,16/04/2026,IT6789,2499.67,EUR,deposit
1359,29/04/2026,IT5678,,EUR,transfer
1360,18/01/2026,IT2345,-716.88,EUR,transfer
1361,26/05/2026,IT6789,3679.42,EUR,deposit
1362,16/01/2026,IT1234,-1189.56,EUR,transfer
1363,22/01/2026,IT5678,-1956.94,EUR,withdrawal
1364,25/05/2026,IT8901,2529.62,EUR,deposit
1365,10/05/2026,IT2345,-691.43,EUR,transfer
1366,09/02/2026,IT6789,-1684.9,EUR,withdrawal
1367,,IT8901,-1480.71,EUR,transfer
1368,12/04/2026,IT7890,-1373.88,EUR,transfer
1369,23/03/2026,IT4567,-626.72,EUR,transfer
1370,14/04/2026,IT7890,4113.54,EUR,deposit
1371,09/02/2026,IT8901,856.27,EUR,deposit
1372,12/03/2026,IT4567,36.38,EUR,transfer
1373,19/04/2026,IT8901,3219.65,EUR,deposit
1374,20/02/2026,IT6789,-502.85,EUR,transfer
1375,09/02/2026,IT6789,694.99,EUR,transfer
1376,16/02/2026,IT5678,4077.08,EUR,deposit
1377,20/02/2026,IT8901,-1716.76,EUR,withdrawal
1378,01/03/2026,IT7890,-1496.23,EUR,withdrawal
1379,28/02/2026,IT3456,1383.09,EUR,transfer
1380,17/04/2026,IT4567,317.87,EUR,transfer
1381,23/03/2026,IT6789,3982.0,EUR,deposit
1382,10/01/2026,IT8901,-980.91,EUR,transfer
1383,04/03/2026,IT3456,-343.18,EUR,transfer
1384,15/01/2026,IT3456,291.74,EUR,transfer
1385,11/05/2026,IT5678,1240.33,EUR,transfer
1386,31/05/2026,IT3456,4598.18,EUR,deposit
1387,26/02/2026,IT7890,1139.25,EUR,transfer
1388,14/04/2026,IT1234,-768.41,EUR,withdrawal
1389,24/04/2026,IT7890,1481.17,EUR,deposit
1390,03/02/2026,IT7890,237.74,EUR,transfer
1391,20/02/2026,IT5678,-1227.27,EUR,transfer
1392,20/01/2026,IT7890,-900.3,EUR,transfer
1393,07/01/2026,IT6789,-586.43,EUR,withdrawal
1394,17/03/2026,IT8901,-1478.71,EUR,withdrawal
1395,22/02/2026,IT6789,-1923.87,EUR,withdrawal
1396,03/04/2026,IT5678,2988.16,EUR,deposit
1397,16/04/2026,IT2345,-1314.33,EUR,withdrawal
1398,02/03/2026,IT8901,-681.55,EUR,withdrawal
1399,04/04/2026,IT8901,-732.96,EUR,withdrawal
1400,08/01/2026,IT1234,-477.97,EUR,withdrawal
1401,07/05/2026,IT4567,545.07,EUR,deposit
1402,01/04/2026,IT8901,3659.12,EUR,deposit
1403,02/04/2026,IT6789,1481.06,EUR,deposit
1404,06/02/2026,IT4567,4044.63,EUR,deposit
1405,14/03/2026,IT7890,-265.57,EUR,withdrawal
1406,16/05/2026,IT7890,734.52,EUR,deposit
1407,20/04/2026,IT7890,-331.24,EUR,withdrawal
1408,09/02/2026,IT2345,3973.09,EUR,deposit
1409,25/02/2026,IT4567,-63.63,EUR,withdrawal
1410,08/03/2026,IT2345,-276.6,EUR,transfer
1411,22/03/2026,IT2345,-702.06,EUR,withdrawal
1412,08/01/2026,IT3456,-1124.73,EUR,transfer
1413,20/03/2026,IT1234,3389.88,EUR,deposit
1414,02/04/2026,IT7890,-93.11,EUR,transfer
1415,24/01/2026,IT7890,-1077.59,EUR,withdrawal
1416,03/05/2026,IT1234,-1476.36,EUR,transfer
1417,18/03/2026,IT5678,334.4,EUR,transfer
1418,10/03/2026,IT8901,23%02))12,EUR,withdrawal
1419,23/04/2026,IT8901,1058.8,EUR,transfer
1420,11/02/2026,IT4567,-376.34,EUR,transfer
1421,15/03/2026,IT5678,270.58,EUR,transfer
1422,15/01/2026,IT5678,1471.47,EUR,transfer
1423,03/02/2026,IT2345,-1041.15,EUR,withdrawal
1424,19/05/2026,IT8901,2584.1,EUR,deposit
1425,29/01/2026,IT6789,-58.18,EUR,withdrawal
1426,20/03/2026,IT3456,3850.16,EUR,deposit
1427,25/01/2026,IT4567,3857.71,EUR,deposit
1428,12/02/2026,IT2345,3248.57,EUR,deposit
1429,21/01/2026,IT5678,-548.48,EUR,withdrawal
1430,06/01/2026,IT1234,-1009.86,EUR,transfer
1431,05/03/2026,IT5678,-1056.58,EUR,transfer
1432,02/01/2026,IT2345,-1528.99,EUR,withdrawal
1433,03/03/2026,IT1234,611.48,EUR,transfer
1434,28/04/2026,IT7890,3447.01,EUR,deposit
1435,18/03/2026,IT5678,4410.66,EUR,deposit
1436,01/05/2026,IT5678,-1882.19,EUR,withdrawal
1437,09/01/2026,IT3456,859.87,EUR,deposit
1438,19/02/2026,IT4567,2900.56,EUR,deposit
1439,04/01/2026,IT5678,-659.45,EUR,transfer
1440,09/04/2026,IT5678,607.58,EUR,deposit
1441,16/03/2026,IT5678,2445.7,EUR,deposit
1442,19/05/2026,IT2345,963.12,EUR,transfer
1443,27/04/2026,IT8901,2196.14,EUR,deposit
1444,13/03/2026,IT1234,284.5,EUR,deposit
1445,25/05/2026,IT1234,4130.72,EUR,deposit
1446,05/01/2026,IT6789,-1396.37,EUR,withdrawal
1447,19/05/2026,IT1234,-97.36,EUR,withdrawal
1448,16/02/2026,IT5678,3323.15,EUR,deposit
1449,04/04/2026,IT7890,-252.31,EUR,transfer
1450,13/03/2026,IT4567,-1247.21,EUR,transfer
1451,28/03/2026,IT5678,500.83,EUR,transfer
1452,09/01/2026,IT3456,-672.74,EUR,withdrawal
1453,28/03/2026,IT2345,-1478.69,EUR,withdrawal
1454,04/03/2026,IT2345,2848.43,EUR,deposit
1455,05/03/2026,IT5678,-803.96,EUR,transfer
1456,10/02/2026,IT4567,-1971.04,EUR,withdrawal
1457,30/03/2026,IT3456,-209.9,EUR,withdrawal
1458,04/01/2026,IT7890,1561.86,EUR,deposit
1459,01/04/2026,IT4567,-775.02,EUR,withdrawal
1460,04/04/2026,IT1234,-629.44,EUR,withdrawal
1461,01/05/2026,IT3456,1398.6,EUR,deposit
1462,21/03/2026,IT7890,-549.13,EUR,withdrawal
1463,06/05/2026,IT8901,-282.79,EUR,transfer
1464,19/05/2026,IT4567,4386.44,EUR,deposit
1465,06/01/2026,IT5678,-839.59,EUR,withdrawal
1466,15/05/2026,IT8901,-158.11,EUR,transfer
1467,18/05/2026,IT5678,-550.04,EUR,withdrawal
1468,07/04/2026,IT5678,-810.56,EUR,withdrawal
1469,17/01/2026,IT7890,686.85,EUR,deposit
1470,26/04/2026,IT3456,-1390.33,EUR,withdrawal
1471,20/04/2026,IT5678,1449.11,EUR,deposit
1472,30/03/2026,IT4567,-1494.59,EUR,transfer
1473,07/03/2026,IT6789,4641.96,EUR,deposit
1474,20/03/2026,IT2345,2283.89,EUR,deposit
1475,07/04/2026,IT1234,188.09,EUR,transfer
1476,01/01/2026,IT7890,1917.73,EUR,deposit
1477,08/02/2026,IT5678,-23.08,EUR,withdrawal
1478,01/04/2026,IT2345,-289.31,EUR,transfer
1479,23/02/2026,IT6789,578.42,EUR,transfer
1480,04/05/2026,IT2345,-1803.46,EUR,withdrawal
1481,09/04/2026,IT5678,854.43,EUR,transfer
1482,29/01/2026,IT6789,346.19,EUR,transfer
1483,01/01/1750,IT2345,3957.1,EUR,deposit
1484,02/05/2026,IT2345,-1109.4,EUR,withdrawal
1485,21/03/2026,IT8901,2470.68,EUR,deposit
1486,27/01/2026,IT6789,-1937.15,EUR,withdrawal
1487,28/02/2026,IT6789,4718.93,EUR,deposit
1488,28/04/2026,IT4567,638.15,EUR,transfer
1489,16/04/2026,IT2345,1134.34,EUR,transfer
1490,27/04/2026,IT5678,-1059.52,EUR,transfer
1491,06/02/2026,IT5678,-904.26,EUR,transfer
1492,27/02/2026,IT6789,-578.07,EUR,withdrawal
1493,07/03/2026,IT7890,-1012.84,EUR,withdrawal
1494,27/03/2026,IT1234,490.31,EUR,transfer
1495,25/03/2026,IT1234,1302.8,EUR,transfer
1496,30/04/2026,IT6789,3119.58,EUR,deposit
1497,15/03/2026,IT3456,862.44,EUR,transfer
1498,04/05/2026,IT1234,-1912.54,EUR,withdrawal
1499,28/01/2026,IT6789,-1856.98,EUR,withdrawal
1500,24/01/2026,IT5678,1174.37,EUR,transfer
1501,18/02/2026,IT3456,4920.78,EUR,deposit
1502,07/03/2026,IT6789,3036.38,EUR,deposit
1503,22/04/2026,IT7890,-1126.76,EUR,withdrawal
1504,23/04/2026,IT7890,-1575.68,EUR,withdrawal
1505,19/02/2026,IT1234,4844.17,EUR,deposit
1506,25/04/2026,IT3456,-652.44,EUR,transfer
1507,07/02/2026,IT2345,4042.33,EUR,deposit
1508,03/03/2026,IT3456,-502.07,EUR,transfer
1509,15/02/2026,IT6789,-1492.98,EUR,withdrawal
1510,21/04/2026,IT8901,406.38,EUR,deposit
1511,06/05/2026,IT4567,-1635.16,EUR,withdrawal
1512,09/03/2026,IT7890,619.84,EUR,transfer
1513,19/01/2026,IT6789,-1532.28,EUR,withdrawal
1514,15/04/2026,IT8901,-1248.56,EUR,withdrawal
1515,29/04/2026,IT3456,2372.79,EUR,deposit
1516,09/02/2026,IT3456,894.45,EUR,transfer
1517,20/02/2026,IT1234,-1363.28,EUR,withdrawal
1518,07/04/2026,IT1234,1220.15,EUR,deposit
1519,04/01/2026,IT6789,778.18,EUR,transfer
1520,25/02/2026,IT8901,2077.34,EUR,deposit
1521,24/04/2026,IT8901,841.03,EUR,transfer
1522,03/05/2026,IT7890,3504.77,EUR,deposit
1523,27/04/2026,IT4567,1883.78,EUR,deposit
1524,24/05/2026,IT1234,-297.78,EUR,withdrawal
1525,05/05/2026,IT4567,1480.46,EUR,transfer
1526,23/04/2026,IT5678,-1778.64,EUR,withdrawal
1527,05/03/2026,IT4567,4618.48,EUR,deposit
1528,10/01/2026,IT8901,-1296.96,EUR,withdrawal
1529,17/05/2026,IT8901,-1550.03,EUR,withdrawal
1530,24/01/2026,IT2345,-1624.96,EUR,withdrawal
1531,07/05/2026,IT2345,2445.5,EUR,deposit
1532,07/01/2026,IT8901,-5.8,EUR,transfer
1533,08/02/2026,IT2345,61.67,EUR,transfer
1534,08/03/2026,IT8901,275.73,EUR,transfer
1535,04/04/2026,IT1234,460.28,EUR,transfer
1536,21/01/2026,IT8901,3260.63,EUR,deposit
1537,22/01/2026,IT5678,372.77,EUR,deposit
1538,13/05/2026,IT8901,502.6,EUR,deposit
1539,06/01/2026,IT5678,-702.65,EUR,withdrawal
1540,22/03/2026,IT1234,-1819.7,EUR,withdrawal
1541,29/01/2026,IT5678,2433.6,EUR,deposit
1542,03/03/2026,IT7890,-1235.74,EUR,transfer
1543,01/05/2026,IT8901,-1869.39,EUR,withdrawal
1544,15/01/2026,IT2345,-1911.08,EUR,withdrawal
1545,15/04/2026,IT1234,1477.35,EUR,deposit
1546,13/03/2026,IT1234,544.04,EUR,transfer
1547,13/01/2026,IT8901,2100.63,EUR,deposit
1548,02/02/2026,IT3456,-905.81,EUR,transfer
1549,06/02/2026,IT4567,4614.41,EUR,deposit
1550,11/05/2026,IT6789,-778.03,EUR,withdrawal
1551,26/04/2026,IT3456,329.15,EUR,transfer
1552,02/05/2026,IT8901,2931.77,EUR,deposit
1553,26/01/2026,IT6789,3283.4,EUR,deposit
1554,30/03/2026,IT7890,1220.92,EUR,transfer
1555,27/02/2026,IT2345,213.31,EUR,deposit
1556,17/01/2026,IT7890,-1662.67,EUR,withdrawal
1557,23/05/2026,IT8901,1767.99,EUR,deposit
1558,11/05/2026,IT5678,-181.65,EUR,transfer
1559,14/01/2026,IT2345,3579.74,EUR,deposit
1560,14/01/2026,IT7890,3250.12,EUR,deposit
1561,14/03/2026,IT1234,-1417.66,EUR,withdrawal
1562,07/03/2026,IT4567,2325.74,EUR,deposit
1563,25/03/2026,IT8901,1541.6,EUR,deposit
1564,26/05/2026,IT4567,-403.02,EUR,withdrawal
1565,02/01/2026,IT6789,4427.68,EUR,deposit
1566,26/03/2026,IT5678,2903.08,EUR,deposit
1567,09/01/2026,IT1234,2436.56,EUR,deposit
1568,01/01/1750,IT3456,-844.96,EUR,withdrawal
1569,11/05/2026,IT3456,-1897.24,EUR,withdrawal
1570,06/03/2026,IT1234,325.78,EUR,transfer
1571,25/01/2026,IT4567,-231.01,EUR,transfer
1572,02/05/2026,IT3456,2219.57,EUR,deposit
1573,08/01/2026,IT3456,387.42,EUR,deposit
1574,27/04/2026,IT3456,4378.72,EUR,deposit
1575,27/04/2026,IT6789,-1076.47,EUR,withdrawal
1576,13/04/2026,IT6789,194.03,EUR,deposit
1577,23/02/2026,IT4567,4488.76,EUR,deposit
1578,05/01/2026,IT1234,817.48,EUR,transfer
1579,09/05/2026,IT4567,-1939.19,EUR,withdrawal
1580,19/02/2026,IT1234,-501.99,EUR,withdrawal
1581,03/02/2026,IT1234,1069.72,EUR,deposit
1582,29/04/2026,IT7890,-1184.23,EUR,transfer
1583,08/03/2026,IT4567,1428.44,EUR,deposit
1584,20/05/2026,IT1234,-543.48,EUR,withdrawal
1585,24/04/2026,IT8901,-1220.69,EUR,transfer
1586,07/05/2026,IT5678,-925.72,EUR,transfer
1587,20/02/2026,IT5678,3343.05,EUR,deposit
1588,27/05/2026,IT3456,-1358.39,EUR,withdrawal
1589,13/04/2026,IT7890,-533.64,EUR,transfer
1590,26/05/2026,IT2345,-1111.65,EUR,withdrawal
1591,28/01/2026,IT4567,4338.66,EUR,deposit
1592,27/05/2026,IT6789,2519.14,EUR,deposit
1593,07/03/2026,IT1234,4311.21,EUR,deposit
1594,10/04/2026,IT7890,45.1,EUR,transfer
1595,27/05/2026,IT5678,-1240.79,EUR,withdrawal
1596,29/03/2026,IT1234,1568.5,EUR,deposit
1597,21/04/2026,IT8901,-953.78,EUR,withdrawal
1598,28/02/2026,IT3456,4469.21,EUR,deposit
1599,29/04/2026,IT5678,-1680.45,EUR,withdrawal
1600,09/03/2026,IT8901,-1502.93,EUR,withdrawal
1601,17/03/2026,IT7890,4865.26,EUR,deposit
1602,24/01/2026,IT8901,-832.07,EUR,withdrawal
1603,07/01/2026,IT1234,2803.58,EUR,deposit
1604,14/01/2026,IT7890,2581.88,EUR,deposit
1605,18/02/2026,IT8901,2096.04,EUR,deposit
1606,28/02/2026,IT1234,-895.6,EUR,withdrawal
1607,31/01/2026,IT4567,277.36,EUR,transfer
1608,16/04/2026,IT7890,865.75,EUR,deposit
1609,09/03/2026,IT3456,-1299.98,EUR,withdrawal
1610,24/03/2026,IT2345,-478.29,EUR,transfer
1611,25/02/2026,IT7890,1046.97,EUR,transfer
1612,30/04/2026,IT8901,2684.53,EUR,deposit
1613,22/04/2026,IT4567,-726.95,EUR,withdrawal
1614,13/01/2026,IT5678,481.46,EUR,deposit
1615,02/03/2026,IT8901,670.88,EUR,deposit
1616,03/03/2026,IT6789,-1278.88,EUR,withdrawal
1617,19/01/2026,IT3456,-1712.27,EUR,withdrawal
1618,18/02/2026,IT7890,-178.19,EUR,transfer
1619,23/02/2026,IT4567,137.41,EUR,deposit
1620,01/05/2026,IT8901,-1939.22,EUR,withdrawal
1621,17/03/2026,IT5678,4896.1,EUR,deposit
1622,16/02/2026,IT8901,1138.6,EUR,transfer
1623,01/01/1750,IT5678,3878.5,EUR,deposit
1624,02/04/2026,IT7890,-384.26,EUR,withdrawal
1625,13/03/2026,IT8901,-1497.85,EUR,transfer
1626,13/02/2026,IT4567,3914.38,EUR,deposit
1627,21/04/2026,IT6789,3533.86,EUR,deposit
1628,19/01/2026,IT1234,-1159.04,EUR,withdrawal
1629,15/05/2026,IT5678,1566.3,EUR,deposit
1630,19/05/2026,IT1234,798.2,EUR,transfer
1631,,IT6789,-423.35,EUR,withdrawal
1632,03/05/2026,IT8901,-1060.39,EUR,transfer
1633,23/05/2026,IT7890,-1387.75,EUR,withdrawal
1634,26/01/2026,IT8901,-1086.01,EUR,withdrawal
1635,24/01/2026,IT2345,-1970.31,EUR,withdrawal
1636,17/01/2026,IT3456,1021.01,EUR,deposit
1637,16/02/2026,IT7890,-809.16,EUR,withdrawal
1638,04/02/2026,IT7890,-503.83,EUR,withdrawal
1639,03/03/2026,IT5678,-36.47,EUR,withdrawal
1640,04/03/2026,IT2345,1951.41,EUR,deposit
1641,14/01/2026,IT4567,1028.24,EUR,deposit
1642,07/03/2026,IT4567,-467.19,EUR,withdrawal
1643,11/04/2026,IT1234,2264.64,EUR,deposit
1644,28/04/2026,IT7890,-1712.47,EUR,withdrawal
1645,19/02/2026,IT2345,-303.19,EUR,transfer
1646,11/02/2026,IT7890,-881.02,EUR,withdrawal
1647,06/04/2026,IT7890,-1494.96,EUR,withdrawal
1648,06/02/2026,IT3456,202.77,EUR,transfer
1649,06/05/2026,IT3456,-755.29,EUR,withdrawal
1650,11/03/2026,IT3456,-892.78,EUR,transfer
1651,17/01/2026,IT6789,-653.57,EUR,withdrawal
1652,20/05/2026,IT4567,3867.16,EUR,deposit
1653,25/04/2026,IT3456,3105.54,EUR,deposit
1654,10/02/2026,IT2345,3737.48,EUR,deposit
1655,25/02/2026,IT6789,-1108.98,EUR,transfer
1656,06/04/2026,IT6789,816.74,EUR,transfer
1657,26/01/2026,IT4567,2902.66,EUR,deposit
1658,26/05/2026,IT2345,4487.95,EUR,deposit
1659,28/03/2026,IT5678,3189.52,EUR,deposit
1660,06/05/2026,IT2345,571.5,EUR,deposit
1661,28/01/2026,IT3456,-1116.95,EUR,transfer
1662,04/01/2026,IT6789,-87.89,EUR,withdrawal
1663,11/02/2026,IT8901,1765.2,EUR,deposit
1664,25/02/2026,IT2345,848.24,EUR,transfer
1665,21/03/2026,IT6789,3151.22,EUR,deposit
1666,23/02/2026,IT2345,-487.16,EUR,transfer
1667,25/02/2026,IT6789,285.78,EUR,deposit
1668,01/03/2026,IT3456,-21.31,EUR,withdrawal
1669,09/04/2026,IT4567,4113.34,EUR,deposit
1670,28/03/2026,IT8901,3957.14,EUR,deposit
1671,28/04/2026,IT5678,2588.73,EUR,deposit
1672,11/01/2026,IT2345,-1222.74,EUR,transfer
1673,23/03/2026,IT3456,-146.52,EUR,withdrawal
1674,13/03/2026,IT1234,4999.08,EUR,deposit
1675,06/04/2026,IT3456,131.68,EUR,transfer
1676,27/05/2026,IT6789,-861.25,EUR,transfer
1677,08/02/2026,IT7890,4870.75,EUR,deposit
1678,10/03/2026,IT6789,-1765.17,EUR,withdrawal
1679,28/04/2026,IT1234,1085.37,EUR,transfer
1680,23/04/2026,IT1234,4835.34,EUR,deposit
1681,13/02/2026,IT5678,437.21,EUR,deposit
1682,24/04/2026,IT2345,-584.9,EUR,transfer
1683,19/05/2026,IT6789,-167.21,EUR,transfer
1684,19/02/2026,IT7890,-1628.03,EUR,withdrawal
1685,22/01/2026,IT3456,961.24,EUR,transfer
1686,05/03/2026,IT2345,-671.48,EUR,withdrawal
1687,02/05/2026,IT3456,1162.14,EUR,transfer
1688,01/02/2026,IT4567,-711.28,EUR,withdrawal
1689,30/04/2026,IT5678,1177.64,EUR,transfer
1690,14/04/2026,IT2345,-85.93,EUR,transfer
1691,04/05/2026,IT6789,-714.81,EUR,transfer
1692,02/02/2026,IT3456,-469.28,EUR,transfer
1693,05/03/2026,IT2345,-15.98,EUR,transfer
1694,09/05/2026,IT7890,192.64,EUR,deposit
1695,30/03/2026,IT1234,-646.98,EUR,transfer
1696,20/01/2026,IT1234,2877.0,EUR,deposit
1697,28/02/2026,IT6789,1855.97,EUR,deposit
1698,11/04/2026,IT8901,1487.97,EUR,deposit
1699,24/05/2026,IT8901,-1232.87,EUR,transfer
1700,29/04/2026,IT1234,892.16,EUR,transfer
1701,28/04/2026,IT2345,-108.93,EUR,withdrawal
1702,16/02/2026,IT6789,-1168.94,EUR,withdrawal
1703,01/02/2026,IT7890,972.89,EUR,transfer
1704,28/05/2026,IT8901,-611.68,EUR,withdrawal
1705,26/02/2026,IT2345,1029.09,EUR,transfer
1706,24/03/2026,IT3456,2001.07,EUR,deposit
1707,06/05/2026,IT2345,267.72,EUR,transfer
1708,12/04/2026,IT5678,1616.65,EUR,deposit
1709,10/05/2026,IT2345,-1490.49,EUR,withdrawal
1710,25/01/2026,IT7890,-997.84,EUR,withdrawal
1711,14/05/2026,IT1234,-601.13,EUR,transfer
1712,14/05/2026,IT3456,-486.35,EUR,transfer
1713,11/04/2026,IT1234,-1734.62,EUR,withdrawal
1714,23/03/2026,IT2345,3968.39,EUR,deposit
1715,23/03/2026,IT2345,3124.83,EUR,deposit
1716,19/02/2026,IT2345,-927.51,EUR,withdrawal
1717,06/04/2026,IT6789,3062.09,EUR,deposit
1718,12/01/2026,IT6789,2174.25,EUR,deposit
1719,09/03/2026,IT7890,-605.48,EUR,withdrawal
1720,13/03/2026,IT1234,256.44,EUR,transfer
1721,15/02/2026,IT5678,-751.72,EUR,withdrawal
1722,05/03/2026,IT4567,2015.69,EUR,deposit
1723,15/03/2026,IT1234,-1355.8,EUR,withdrawal
1724,11/05/2026,IT5678,694.67,EUR,transfer
1725,17/05/2026,IT2345,1349.71,EUR,deposit
1726,08/04/2026,IT5678,-576.35,EUR,transfer
1727,05/01/2026,IT4567,-1073.64,EUR,withdrawal
1728,08/05/2026,IT8901,1998.72,EUR,deposit
1729,05/03/2026,IT3456,1026.3,EUR,deposit
1730,21/02/2026,IT1234,384.35,EUR,transfer
1731,08/05/2026,IT8901,1839.19,EUR,deposit
1732,02/01/2026,IT8901,1133.06,EUR,deposit
1733,27/03/2026,IT3456,634.53,EUR,transfer
1734,24/03/2026,IT8901,186.83,EUR,deposit
1735,23/04/2026,IT8901,1003.61,EUR,deposit
1736,31/03/2026,IT4567,3998.62,EUR,deposit
1737,14/02/2026,IT3456,-33.57,EUR,transfer
1738,24/04/2026,IT4567,-123.43,EUR,withdrawal
1739,16/02/2026,IT8901,-759.01,EUR,withdrawal
1740,24/05/2026,IT1234,684.13,EUR,deposit
1741,24/03/2026,IT5678,-101.17,EUR,withdrawal
1742,20/02/2026,IT6789,-628.86,EUR,transfer
1743,09/02/2026,IT2345,-1145.71,EUR,withdrawal
1744,23/05/2026,IT5678,608.57,EUR,transfer
1745,16/01/2026,IT5678,-235.78,EUR,withdrawal
1746,23/03/2026,IT4567,-1870.74,EUR,withdrawal
1747,25/04/2026,IT5678,136.71,EUR,deposit
1748,01/05/2026,IT7890,-1947.3,EUR,withdrawal
1749,22/05/2026,IT8901,2764.05,EUR,deposit
1750,30/04/2026,IT1234,477.1,EUR,transfer
1751,27/04/2026,IT8901,-131.39,EUR,withdrawal
1752,30/03/2026,IT3456,2539.73,EUR,deposit
1753,29/03/2026,IT7890,-210.73,EUR,transfer
1754,14/02/2026,IT1234,-1504.31,EUR,withdrawal
1755,22/03/2026,IT2345,-1957.35,EUR,withdrawal
1756,06/01/2026,IT2345,2990.42,EUR,deposit
1757,16/01/2026,IT4567,1922.7,EUR,deposit
1758,29/05/2026,IT8901,-1717.26,EUR,withdrawal
1759,13/05/2026,IT2345,2197.7,EUR,deposit
1760,10/02/2026,IT6789,3554.37,EUR,deposit
1761,17/03/2026,IT8901,-1025.14,EUR,withdrawal
1762,16/03/2026,IT1234,445.71,EUR,transfer
1763,08/04/2026,IT6789,4273.12,EUR,deposit
1764,06/01/2026,IT1234,-880.24,EUR,withdrawal
1765,23/02/2026,IT8901,-1139.29,EUR,withdrawal
1766,07/05/2026,IT4567,-623.32,EUR,withdrawal
1767,05/04/2026,IT1234,1202.21,EUR,transfer
1768,05/02/2026,IT1234,-759.33,EUR,transfer
1769,24/02/2026,IT7890,3452.67,EUR,deposit
1770,23/01/2026,IT5678,-949.8,EUR,transfer
1771,08/02/2026,IT3456,-827.38,EUR,withdrawal
1772,29/03/2026,IT7890,-1508.99,EUR,withdrawal
1773,09/05/2026,IT6789,463.78,EUR,transfer
1774,21/02/2026,IT3456,-982.81,EUR,withdrawal
1775,04/02/2026,IT8901,4032.59,EUR,deposit
1776,30/03/2026,IT3456,,EUR,transfer
1777,26/05/2026,IT4567,-602.91,EUR,withdrawal
1778,18/01/2026,IT4567,-1691.34,EUR,withdrawal
1779,16/01/2026,IT1234,-58.66,EUR,transfer
1780,09/01/2026,IT5678,3937.45,EUR,deposit
1781,03/05/2026,IT6789,-579.78,EUR,transfer
1782,18/05/2026,IT5678,-465.48,EUR,transfer
1783,13/02/2026,IT7890,-1371.94,EUR,transfer
1784,21/03/2026,IT4567,1755.58,EUR,deposit
1785,23/04/2026,IT1234,764.16,EUR,deposit
1786,21/03/2026,IT2345,-1959.51,EUR,withdrawal
1787,25/03/2026,IT4567,-1280.12,EUR,withdrawal
1788,25/03/2026,IT4567,1169.33,EUR,transfer
1789,03/05/2026,IT2345,4239.72,EUR,deposit
1790,18/05/2026,IT1234,4617.77,EUR,deposit
1791,03/02/2026,IT7890,-363.8,EUR,withdrawal
1792,21/05/2026,IT3456,729.48,EUR,transfer
1793,23/04/2026,IT1234,1411.57,EUR,transfer
1794,23/03/2026,IT1234,-558.89,EUR,withdrawal
1795,03/02/2026,IT7890,-1972.84,EUR,withdrawal
1796,28/05/2026,IT8901,-869.65,EUR,withdrawal
1797,09/04/2026,IT5678,-1177.54,EUR,withdrawal
1798,27/05/2026,IT8901,-200.94,EUR,transfer
1799,06/05/2026,IT3456,-111.07,EUR,withdrawal
1800,05/05/2026,IT8901,-1007.01,EUR,withdrawal
1801,18/04/2026,IT8901,1508.17,EUR,deposit
1802,23/03/2026,IT4567,-1329.73,EUR,transfer
1803,03/01/2026,IT8901,-1171.26,EUR,withdrawal
1804,19/04/2026,IT2345,-1250.2,EUR,transfer
1805,14/02/2026,IT1234,-1066.13,EUR,transfer
1806,10/02/2026,IT7890,-1462.32,EUR,withdrawal
1807,26/05/2026,IT8901,570.82,EUR,deposit
1808,03/01/2026,IT4567,957.75,EUR,transfer
1809,25/04/2026,IT2345,398.11,EUR,transfer
1810,02/04/2026,IT6789,2072.63,EUR,deposit
1811,30/05/2026,IT5678,1073.7,EUR,deposit
1812,07/01/2026,IT6789,-1899.3,EUR,withdrawal
1813,29/04/2026,IT4567,687.66,EUR,transfer
1814,24/03/2026,IT3456,-855.85,EUR,transfer
1815,29/03/2026,IT2345,734.61,EUR,transfer
1816,23/03/2026,IT6789,485.39,EUR,transfer
1817,17/05/2026,IT7890,-802.78,EUR,transfer
1818,25/02/2026,IT5678,3967.76,EUR,deposit
1819,07/05/2026,IT5678,1248.25,EUR,transfer
1820,28/04/2026,IT8901,351.15,EUR,deposit
1821,18/05/2026,IT6789,2050.11,EUR,deposit
1822,29/01/2026,IT1234,487.67,EUR,deposit
1823,12/01/2026,IT1234,-446.22,EUR,withdrawal
1824,17/04/2026,IT2345,-1117.58,EUR,transfer
1825,08/01/2026,IT4567,-310.69,EUR,withdrawal
1826,28/02/2026,IT6789,-1319.72,EUR,transfer
1827,02/02/2026,IT4567,1478.61,EUR,transfer
1828,17/03/2026,IT2345,4020.51,EUR,deposit
1829,24/05/2026,IT2345,2410.32,EUR,deposit
1830,01/04/2026,IT4567,-547.44,EUR,transfer
1831,21/03/2026,IT2345,-513.59,EUR,transfer
1832,25/05/2026,IT1234,-771.53,EUR,transfer
1833,10/02/2026,IT8901,1152.05,EUR,transfer
1834,01/02/2026,IT8901,-1266.46,EUR,transfer
1835,08/01/2026,IT7890,-1337.31,EUR,withdrawal
1836,20/01/2026,IT1234,-774.43,EUR,withdrawal
1837,06/01/2026,IT5678,3860.51,EUR,deposit
1838,22/04/2026,IT8901,81.57,EUR,transfer
1839,28/04/2026,IT7890,1152.85,EUR,deposit
1840,24/05/2026,IT1234,460.43,EUR,transfer
1841,10/03/2026,IT3456,-964.42,EUR,transfer
1842,09/02/2026,IT8901,3629.95,EUR,deposit
1843,16/03/2026,IT4567,4785.26,EUR,deposit
1844,13/04/2026,IT2345,-1009.98,EUR,withdrawal
1845,04/02/2026,IT4567,-923.63,EUR,withdrawal
1846,26/03/2026,IT7890,1100.29,EUR,transfer
1847,29/04/2026,IT8901,1834.88,EUR,deposit
1848,03/05/2026,IT8901,-912.41,EUR,withdrawal
1849,09/05/2026,IT5678,4166.3,EUR,deposit
1850,20/01/2026,IT1234,-466.97,EUR,transfer
1851,02/05/2026,IT1234,307.18,EUR,deposit
1852,18/03/2026,IT1234,-1432.4,EUR,withdrawal
1853,25/01/2026,IT6789,3808.21,EUR,deposit
1854,18/03/2026,IT7890,1394.24,EUR,transfer
1855,15/01/2026,IT3456,-579.7,EUR,withdrawal
1856,11/04/2026,IT7890,1075.56,EUR,transfer
1857,06/01/2026,IT6789,1473.31,EUR,transfer
1858,29/03/2026,IT7890,-974.99,EUR,transfer
1859,25/01/2026,IT5678,-808.06,EUR,withdrawal
1860,24/01/2026,IT6789,-860.01,EUR,transfer
1861,27/01/2026,IT3456,595.2,EUR,transfer
1862,16/02/2026,IT6789,1161.22,EUR,deposit
1863,01/01/1750,IT7890,930.04,EUR,deposit
1864,21/03/2026,IT3456,2893.67,EUR,deposit
1865,13/04/2026,IT4567,-106.4,EUR,withdrawal
1866,26/04/2026,IT3456,687.34,EUR,transfer
1867,11/03/2026,IT8901,-1845.2,EUR,withdrawal
1868,05/01/2026,IT3456,1981.37,EUR,deposit
1869,12/05/2026,IT3456,-1040.0,EUR,withdrawal
1870,02/03/2026,IT6789,3711.49,EUR,deposit
1871,15/04/2026,IT2345,4400.47,EUR,deposit
1872,28/05/2026,IT8901,-673.28,EUR,withdrawal
1873,20/04/2026,IT7890,4154.22,EUR,deposit
1874,27/03/2026,IT3456,-649.41,EUR,withdrawal
1875,02/03/2026,IT7890,-1937.61,EUR,withdrawal
1876,18/01/2026,IT1234,-701.33,EUR,transfer
1877,09/03/2026,IT8901,1244.46,EUR,transfer
1878,23/03/2026,IT6789,-792.54,EUR,withdrawal
1879,14/04/2026,IT1234,2168.96,EUR,deposit
1880,10/04/2026,IT3456,-696.73,EUR,withdrawal
1881,22/03/2026,IT2345,68.68,EUR,transfer
1882,29/04/2026,IT1234,591.7,EUR,transfer
1883,16/01/2026,IT3456,-369.86,EUR,transfer
1884,07/05/2026,IT4567,4421.96,EUR,deposit
1885,03/05/2026,IT1234,4028.28,EUR,deposit
1886,04/03/2026,IT7890,-298.89,EUR,withdrawal
1887,,IT2345,-1700.81,EUR,withdrawal
1888,15/05/2026,IT6789,-1085.26,EUR,transfer
1889,04/01/2026,IT3456,941.44,EUR,deposit
1890,31/03/2026,IT6789,,EUR,deposit
1891,28/05/2026,IT8901,3610.18,EUR,deposit
1892,26/02/2026,IT3456,-19.38,EUR,transfer
1893,23/03/2026,IT4567,-437.81,EUR,transfer
1894,19/02/2026,IT3456,48.54,EUR,transfer
1895,01/01/1750,IT4567,1812.85,EUR,deposit
1896,03/02/2026,IT2345,-43.96,EUR,transfer
1897,08/03/2026,IT7890,3015.85,EUR,deposit
1898,19/02/2026,IT7890,3355.4,EUR,deposit
1899,26/03/2026,IT4567,3208.75,EUR,deposit
1900,13/04/2026,IT4567,3796.91,EUR,deposit
1901,08/04/2026,IT2345,-781.84,EUR,withdrawal
1902,14/03/2026,IT4567,1306.44,EUR,transfer
1903,26/04/2026,IT2345,1333.78,EUR,transfer
1904,17/01/2026,IT1234,1961.25,EUR,deposit
1905,14/03/2026,IT3456,-846.71,EUR,withdrawal
1906,16/04/2026,IT6789,4592.16,EUR,deposit
1907,03/03/2026,IT3456,-1535.38,EUR,withdrawal
1908,28/01/2026,IT5678,-1982.13,EUR,withdrawal
1909,09/02/2026,IT3456,-978.42,EUR,withdrawal
1910,27/02/2026,IT5678,-972.42,EUR,transfer
1911,13/04/2026,IT8901,23%02))12,EUR,transfer
1912,05/01/2026,IT1234,-710.43,EUR,withdrawal
1913,23/05/2026,IT7890,93.26,EUR,transfer
1914,06/04/2026,IT5678,2361.06,EUR,deposit
1915,24/03/2026,IT8901,130.38,EUR,transfer
1916,22/04/2026,IT8901,937.35,EUR,transfer
1917,23/03/2026,IT5678,2755.65,EUR,deposit
1918,28/04/2026,IT2345,4660.42,EUR,deposit
1919,25/03/2026,IT8901,669.07,EUR,deposit
1920,30/01/2026,IT7890,2709.63,EUR,deposit
1921,18/01/2026,IT4567,-541.96,EUR,withdrawal
1922,,IT4567,-1689.66,EUR,withdrawal
1923,10/04/2026,IT8901,-637.81,EUR,withdrawal
1924,21/04/2026,IT8901,185.52,EUR,deposit
1925,12/05/2026,IT3456,-1212.83,EUR,withdrawal
1926,24/01/2026,IT6789,1920.37,EUR,deposit
1927,29/01/2026,IT4567,-1356.34,EUR,withdrawal
1928,01/01/1750,IT6789,1357.06,EUR,deposit
1929,07/02/2026,IT3456,-1283.44,EUR,withdrawal
1930,04/01/2026,IT1234,,EUR,withdrawal
1931,24/04/2026,IT6789,-1440.34,EUR,withdrawal
1932,04/01/2026,IT2345,2676.84,EUR,deposit
1933,23/02/2026,IT4567,-101.16,EUR,transfer
1934,01/02/2026,IT5678,-1784.71,EUR,withdrawal
1935,18/01/2026,IT2345,4517.5,EUR,deposit
1936,11/02/2026,IT1234,375.53,EUR,deposit
1937,21/04/2026,IT1234,-639.65,EUR,withdrawal
1938,14/05/2026,IT5678,501.05,EUR,transfer
1939,14/03/2026,IT7890,4317.06,EUR,deposit
1940,15/03/2026,IT5678,-1841.66,EUR,withdrawal
1941,05/04/2026,IT2345,3102.1,EUR,deposit
1942,31/03/2026,IT7890,-541.01,EUR,withdrawal
1943,05/02/2026,IT1234,2637.7,EUR,deposit
1944,24/03/2026,IT3456,4792.94,EUR,deposit
1945,14/04/2026,IT4567,-1121.34,EUR,withdrawal
1946,03/02/2026,IT5678,418.76,EUR,transfer
1947,21/05/2026,IT1234,-952.24,EUR,withdrawal
1948,13/03/2026,IT6789,-63.44,EUR,transfer
1949,19/02/2026,IT7890,1904.76,EUR,deposit
1950,25/05/2026,IT8901,-849.5,EUR,transfer
1951,30/04/2026,IT4567,-199.6,EUR,transfer
1952,12/05/2026,IT6789,1405.43,EUR,transfer
1953,02/04/2026,IT4567,-571.13,EUR,withdrawal
1954,25/01/2026,IT5678,3315.59,EUR,deposit
1955,19/02/2026,IT2345,-1202.18,EUR,withdrawal
1956,13/04/2026,IT6789,-746.7,EUR,transfer
1957,10/03/2026,IT7890,1662.84,EUR,deposit
1958,10/03/2026,IT7890,-504.97,EUR,withdrawal
1959,22/03/2026,IT6789,1371.54,EUR,transfer
1960,19/05/2026,IT4567,-382.43,EUR,transfer
1961,03/04/2026,IT8901,1237.51,EUR,transfer
1962,16/03/2026,IT8901,1398.76,EUR,deposit
1963,01/04/2026,IT3456,23%02))12,EUR,withdrawal
1964,04/01/2026,IT3456,1516.28,EUR,deposit
1965,26/05/2026,IT7890,-1427.75,EUR,withdrawal
1966,30/04/2026,IT3456,-806.93,EUR,withdrawal
1967,10/05/2026,IT5678,2134.39,EUR,deposit
1968,19/01/2026,IT8901,889.93,EUR,deposit
1969,15/05/2026,IT6789,3452.33,EUR,deposit
1970,27/02/2026,IT4567,1407.53,EUR,transfer
1971,10/05/2026,IT8901,-1145.27,EUR,withdrawal
1972,29/04/2026,IT7890,-166.19,EUR,transfer
1973,26/01/2026,IT5678,357.74,EUR,transfer
1974,09/03/2026,IT4567,-380.79,EUR,withdrawal
1975,02/05/2026,IT6789,-1824.33,EUR,withdrawal
1976,14/03/2026,IT6789,-974.83,EUR,withdrawal
1977,11/04/2026,IT2345,3000.1,EUR,deposit
1978,,IT8901,1309.82,EUR,deposit
1979,28/02/2026,IT3456,2511.09,EUR,deposit
1980,27/03/2026,IT5678,-835.87,EUR,withdrawal
1981,31/05/2026,IT2345,3689.26,EUR,deposit
1982,06/04/2026,IT3456,-912.92,EUR,withdrawal
1983,05/02/2026,IT8901,-601.21,EUR,withdrawal
1984,06/05/2026,IT3456,1498.32,EUR,deposit
1985,11/01/2026,IT6789,1225.64,EUR,deposit
1986,22/01/2026,IT1234,2941.46,EUR,deposit
1987,21/03/2026,IT2345,1545.45,EUR,deposit
1988,25/05/2026,IT3456,-309.33,EUR,withdrawal
1989,27/04/2026,IT7890,-1379.59,EUR,withdrawal
1990,27/01/2026,IT6789,4571.42,EUR,deposit
1991,03/05/2026,IT7890,-1159.38,EUR,withdrawal
1992,13/01/2026,IT7890,-875.49,EUR,withdrawal
1993,07/04/2026,IT8901,721.5,EUR,transfer
1994,14/05/2026,IT1234,-45.85,EUR,transfer
1995,31/05/2026,IT7890,2037.06,EUR,deposit
1996,14/04/2026,IT3456,-441.51,EUR,withdrawal
1997,28/02/2026,IT5678,4717.8,EUR,deposit
1998,04/03/2026,IT4567,-1032.02,EUR,transfer
1999,16/03/2026,IT3456,1240.66,EUR,deposit
2000,08/03/2026,IT4567,2038.11,EUR,deposit
2001,13/03/2026,IT1234,-1084.23,EUR,withdrawal
2002,21/03/2026,IT8901,-348.38,EUR,withdrawal
2003,11/01/2026,IT7890,-1638.9,EUR,withdrawal
2004,14/05/2026,IT6789,4680.79,EUR,deposit
2005,01/01/1750,IT1234,-1744.32,EUR,withdrawal
2006,02/01/2026,IT8901,1129.35,EUR,transfer
2007,31/01/2026,IT1234,-218.0,EUR,transfer
2008,05/01/2026,IT3456,-562.99,EUR,withdrawal
2009,06/02/2026,IT4567,779.43,EUR,deposit
2010,15/05/2026,IT3456,4050.27,EUR,deposit
2011,23/02/2026,IT3456,3842.22,EUR,deposit
2012,03/05/2026,IT8901,3779.49,EUR,deposit
2013,28/04/2026,IT2345,450.57,EUR,transfer
2014,01/04/2026,IT1234,2140.14,EUR,deposit
2015,12/05/2026,IT5678,-1284.2,EUR,withdrawal
2016,25/04/2026,IT1234,50.88,EUR,transfer
2017,01/01/1750,IT5678,-443.36,EUR,transfer
2018,13/02/2026,IT6789,-769.46,EUR,transfer
2019,19/05/2026,IT4567,1246.66,EUR,transfer
2020,03/01/2026,IT2345,-1539.7,EUR,withdrawal
2021,02/03/2026,IT5678,2473.51,EUR,deposit
2022,26/04/2026,IT6789,-1170.42,EUR,transfer
2023,17/01/2026,IT1234,-1683.73,EUR,withdrawal
2024,11/01/2026,IT6789,-433.4,EUR,transfer
2025,11/02/2026,IT6789,-576.49,EUR,withdrawal
2026,14/03/2026,IT1234,2883.98,EUR,deposit
2027,18/04/2026,IT7890,-384.86,EUR,withdrawal
2028,31/03/2026,IT5678,-702.39,EUR,transfer
2029,20/01/2026,IT7890,-245.42,EUR,transfer
2030,10/03/2026,IT4567,-1379.25,EUR,withdrawal
2031,10/01/2026,IT5678,-1132.3,EUR,withdrawal
2032,23/01/2026,IT1234,257.5,EUR,transfer
2033,20/05/2026,IT1234,-270.84,EUR,withdrawal
2034,18/04/2026,IT8901,4294.59,EUR,deposit
2035,28/01/2026,IT7890,1906.35,EUR,deposit
2036,23/04/2026,IT1234,3147.28,EUR,deposit
2037,30/05/2026,IT4567,-424.67,EUR,withdrawal
2038,27/03/2026,IT2345,-1067.24,EUR,withdrawal
2039,03/01/2026,IT1234,605.52,EUR,transfer
2040,25/03/2026,IT3456,-1104.64,EUR,transfer
2041,18/05/2026,IT3456,-595.04,EUR,withdrawal
2042,13/04/2026,IT3456,-911.61,EUR,withdrawal
2043,14/05/2026,IT4567,-582.98,EUR,transfer
2044,14/05/2026,IT3456,-815.11,EUR,withdrawal
2045,01/01/1750,IT6789,322.03,EUR,transfer
2046,25/01/2026,IT8901,-554.12,EUR,transfer
2047,12/01/2026,IT5678,-1914.28,EUR,withdrawal
2048,14/03/2026,IT1234,-475.65,EUR,withdrawal
2049,05/03/2026,IT5678,-336.29,EUR,withdrawal
2050,17/03/2026,IT2345,-1600.85,EUR,withdrawal
2051,07/03/2026,IT2345,-106.4,EUR,withdrawal
2052,05/03/2026,IT8901,-1393.39,EUR,transfer
2053,17/02/2026,IT1234,1038.05,EUR,deposit
2054,27/03/2026,IT1234,2496.44,EUR,deposit
2055,16/01/2026,IT7890,624.38,EUR,transfer
2056,26/01/2026,IT8901,-598.05,EUR,withdrawal
2057,01/04/2026,IT6789,-833.03,EUR,withdrawal
2058,06/05/2026,IT8901,547.28,EUR,transfer
2059,09/05/2026,IT1234,2540.52,EUR,deposit
2060,28/01/2026,IT1234,-1267.06,EUR,withdrawal
2061,24/05/2026,IT1234,3363.69,EUR,deposit
2062,01/05/2026,IT2345,2173.34,EUR,deposit
2063,09/04/2026,IT8901,4763.18,EUR,deposit
2064,26/01/2026,IT3456,780.91,EUR,transfer
2065,11/01/2026,IT5678,107.17,EUR,transfer
2066,26/04/2026,IT3456,555.66,EUR,transfer
2067,07/04/2026,IT1234,-1110.55,EUR,withdrawal
2068,28/05/2026,IT1234,1156.05,EUR,transfer
2069,20/02/2026,IT6789,1407.38,EUR,transfer
2070,03/05/2026,IT4567,667.66,EUR,deposit
2071,12/04/2026,IT1234,1597.79,EUR,deposit
2072,18/02/2026,IT3456,3886.78,EUR,deposit
2073,03/04/2026,IT8901,-1901.25,EUR,withdrawal
2074,16/01/2026,IT7890,3520.12,EUR,deposit
2075,17/01/2026,IT2345,-783.95,EUR,transfer
2076,25/02/2026,IT6789,1880.77,EUR,deposit
2077,13/03/2026,IT2345,3951.22,EUR,deposit
2078,26/02/2026,IT7890,598.21,EUR,transfer
2079,31/03/2026,IT3456,-1579.54,EUR,withdrawal
2080,26/02/2026,IT4567,-1329.59,EUR,withdrawal
2081,25/03/2026,IT5678,3389.54,EUR,deposit
2082,17/02/2026,IT1234,-526.28,EUR,withdrawal
2083,15/04/2026,IT1234,-336.17,EUR,withdrawal
2084,22/01/2026,IT4567,-512.01,EUR,withdrawal
2085,24/05/2026,IT7890,-419.44,EUR,transfer
2086,14/04/2026,IT5678,-568.64,EUR,transfer
2087,09/05/2026,IT6789,-788.62,EUR,withdrawal
2088,21/02/2026,IT7890,-1948.58,EUR,withdrawal
2089,25/02/2026,IT7890,-1240.01,EUR,transfer
2090,11/04/2026,IT6789,486.65,EUR,transfer
2091,26/04/2026,IT6789,-1159.06,EUR,transfer
2092,04/03/2026,IT6789,-929.72,EUR,withdrawal
2093,31/05/2026,IT1234,-481.99,EUR,withdrawal
2094,02/02/2026,IT6789,4653.61,EUR,deposit
2095,05/03/2026,IT2345,4034.61,EUR,deposit
2096,13/03/2026,IT5678,480.27,EUR,transfer
2097,04/02/2026,IT2345,-1420.03,EUR,withdrawal
2098,12/03/2026,IT8901,-1291.0,EUR,transfer
2099,04/03/2026,IT3456,1144.08,EUR,transfer
2100,18/01/2026,IT3456,-572.97,EUR,transfer
2101,12/03/2026,IT8901,4780.4,EUR,deposit
2102,20/01/2026,IT6789,1009.6,EUR,transfer
2103,22/01/2026,IT8901,-898.25,EUR,transfer
2104,06/03/2026,IT7890,2174.42,EUR,deposit
2105,01/03/2026,IT3456,-501.23,EUR,transfer
2106,06/02/2026,IT3456,-1732.58,EUR,withdrawal
2107,08/04/2026,IT5678,-1344.89,EUR,transfer
2108,28/02/2026,IT3456,-608.82,EUR,withdrawal
2109,23/03/2026,IT5678,-759.72,EUR,transfer
2110,10/05/2026,IT2345,-1489.27,EUR,withdrawal
2111,15/02/2026,IT1234,4381.46,EUR,deposit
2112,31/05/2026,IT7890,850.99,EUR,deposit
2113,08/04/2026,IT7890,,EUR,transfer
2114,03/04/2026,IT3456,-1959.3,EUR,withdrawal
2115,28/01/2026,IT1234,-128.46,EUR,withdrawal
2116,20/01/2026,IT4567,-143.16,EUR,withdrawal
2117,03/02/2026,IT2345,-1476.38,EUR,withdrawal
2118,07/03/2026,IT6789,4884.98,EUR,deposit
2119,02/01/2026,IT5678,-1024.88,EUR,transfer
2120,24/04/2026,IT3456,-1574.26,EUR,withdrawal
2121,29/03/2026,IT7890,-485.2,EUR,withdrawal
2122,18/02/2026,IT5678,-593.74,EUR,withdrawal
2123,05/05/2026,IT2345,-374.38,EUR,transfer
2124,12/05/2026,IT6789,2939.35,EUR,deposit
2125,28/01/2026,IT8901,4291.5,EUR,deposit
2126,17/02/2026,IT1234,-1832.94,EUR,withdrawal
2127,11/05/2026,IT4567,-278.65,EUR,withdrawal
2128,02/01/2026,IT8901,-1373.25,EUR,withdrawal
2129,16/01/2026,IT1234,-1457.38,EUR,withdrawal
2130,21/02/2026,IT6789,760.87,EUR,transfer
2131,08/02/2026,IT3456,-1167.06,EUR,withdrawal
2132,03/04/2026,IT4567,3288.37,EUR,deposit
2133,02/03/2026,IT2345,,EUR,withdrawal
2134,09/03/2026,IT7890,628.41,EUR,deposit
2135,21/01/2026,IT3456,-793.14,EUR,transfer
2136,23/02/2026,IT1234,2086.8,EUR,deposit
2137,27/03/2026,IT8901,4794.01,EUR,deposit
2138,13/04/2026,IT7890,769.32,EUR,transfer
2139,01/02/2026,IT8901,-745.2,EUR,transfer
2140,28/03/2026,IT1234,457.34,EUR,transfer
2141,07/02/2026,IT2345,244.26,EUR,deposit
2142,,IT2345,924.05,EUR,transfer
2143,24/02/2026,IT1234,-556.18,EUR,withdrawal
2144,11/03/2026,IT1234,1093.02,EUR,transfer
2145,21/02/2026,IT6789,2872.99,EUR,deposit
2146,12/05/2026,IT7890,2455.75,EUR,deposit
2147,19/04/2026,IT4567,-483.74,EUR,transfer
2148,14/03/2026,IT5678,1516.85,EUR,deposit
2149,18/01/2026,IT4567,4696.26,EUR,deposit
2150,06/02/2026,IT1234,148.2,EUR,transfer
2151,17/02/2026,IT1234,4058.81,EUR,deposit
2152,23/01/2026,IT2345,811.34,EUR,deposit
2153,15/04/2026,IT4567,-1111.63,EUR,transfer
2154,31/01/2026,IT6789,3594.62,EUR,deposit
2155,11/05/2026,IT2345,-276.11,EUR,withdrawal
2156,,IT3456,2599.66,EUR,deposit
2157,22/03/2026,IT8901,1306.76,EUR,transfer
2158,03/02/2026,IT6789,-667.12,EUR,transfer
2159,03/01/2026,IT8901,-528.8,EUR,withdrawal
2160,21/03/2026,IT2345,-902.58,EUR,withdrawal
2161,14/03/2026,IT7890,-672.14,EUR,withdrawal
2162,15/05/2026,IT8901,-1578.01,EUR,withdrawal
2163,05/03/2026,IT7890,1290.52,EUR,deposit
2164,06/02/2026,IT5678,2824.43,EUR,deposit
2165,21/03/2026,IT4567,4682.94,EUR,deposit
2166,04/05/2026,IT3456,676.55,EUR,deposit
2167,26/01/2026,IT4567,-1144.07,EUR,withdrawal
2168,23/05/2026,IT4567,4660.16,EUR,deposit
2169,03/01/2026,IT8901,-217.1,EUR,transfer
2170,13/04/2026,IT7890,-907.34,EUR,transfer
2171,04/03/2026,IT6789,1408.02,EUR,transfer
2172,04/05/2026,IT8901,-1068.99,EUR,withdrawal
2173,26/03/2026,IT2345,1280.69,EUR,transfer
2174,30/03/2026,IT2345,-35.87,EUR,withdrawal
2175,09/01/2026,IT3456,2540.27,EUR,deposit
2176,01/01/1750,IT3456,-811.91,EUR,withdrawal
2177,08/04/2026,IT7890,2648.78,EUR,deposit
2178,23/03/2026,IT5678,1754.33,EUR,deposit
2179,13/01/2026,IT3456,4711.55,EUR,deposit
2180,16/05/2026,IT6789,543.02,EUR,transfer
2181,04/02/2026,IT4567,-1049.49,EUR,withdrawal
2182,11/03/2026,IT1234,-335.19,EUR,transfer
2183,15/03/2026,IT4567,1622.24,EUR,deposit
2184,21/01/2026,IT3456,-1054.67,EUR,withdrawal
2185,30/05/2026,IT6789,-1207.6,EUR,transfer
2186,04/03/2026,IT1234,-996.34,EUR,withdrawal
2187,01/02/2026,IT5678,-1695.09,EUR,withdrawal
2188,22/02/2026,IT2345,1112.97,EUR,deposit
2189,02/01/2026,IT6789,2614.6,EUR,deposit
2190,08/03/2026,IT1234,2972.73,EUR,deposit
2191,15/01/2026,IT6789,775.0,EUR,transfer
2192,02/03/2026,IT8901,-973.79,EUR,withdrawal
2193,20/01/2026,IT6789,23%02))12,EUR,withdrawal
2194,18/03/2026,IT5678,-1323.02,EUR,transfer
2195,07/03/2026,IT1234,131.08,EUR,transfer
2196,17/05/2026,IT4567,-513.81,EUR,withdrawal
2197,22/04/2026,IT8901,840.96,EUR,transfer
2198,22/03/2026,IT4567,-1854.48,EUR,withdrawal
2199,24/01/2026,IT7890,927.31,EUR,deposit
2200,29/04/2026,IT7890,4480.12,EUR,deposit
2201,12/03/2026,IT1234,3635.16,EUR,deposit
2202,03/04/2026,IT4567,-118.26,EUR,transfer
2203,01/02/2026,IT8901,2979.19,EUR,deposit
2204,07/04/2026,IT3456,852.04,EUR,deposit
2205,15/04/2026,IT8901,976.29,EUR,transfer
2206,10/02/2026,IT2345,-623.71,EUR,withdrawal
2207,18/03/2026,IT1234,785.8,EUR,deposit
2208,04/05/2026,IT3456,-595.92,EUR,transfer
2209,24/04/2026,IT2345,4192.8,EUR,deposit
2210,19/05/2026,IT3456,237.09,EUR,deposit
2211,24/03/2026,IT2345,476.14,EUR,transfer
2212,17/03/2026,IT2345,4296.29,EUR,deposit
2213,01/01/1750,IT7890,-1181.4,EUR,withdrawal
2214,08/05/2026,IT5678,-426.56,EUR,transfer
2215,07/04/2026,IT5678,3907.86,EUR,deposit
2216,04/01/2026,IT3456,-1276.62,EUR,transfer
2217,04/03/2026,IT8901,-827.0,EUR,transfer
2218,07/02/2026,IT7890,-159.65,EUR,withdrawal
2219,15/04/2026,IT7890,1347.99,EUR,transfer
2220,15/03/2026,IT4567,-1330.51,EUR,withdrawal
2221,30/05/2026,IT8901,1496.46,EUR,deposit
2222,07/01/2026,IT4567,3164.85,EUR,deposit
2223,19/05/2026,IT7890,-1210.06,EUR,transfer
2224,26/03/2026,IT4567,-138.9,EUR,withdrawal
2225,13/02/2026,IT8901,-1274.83,EUR,transfer
2226,02/01/2026,IT5678,4338.69,EUR,deposit
2227,30/04/2026,IT8901,1979.21,EUR,deposit
2228,15/02/2026,IT3456,-1488.31,EUR,transfer
2229,25/03/2026,IT7890,-1191.35,EUR,transfer
2230,16/03/2026,IT1234,2394.59,EUR,deposit
2231,14/02/2026,IT3456,-1106.33,EUR,withdrawal
2232,15/05/2026,IT8901,2713.11,EUR,deposit
2233,17/02/2026,IT5678,-1485.98,EUR,withdrawal
2234,25/04/2026,IT7890,-995.98,EUR,withdrawal
2235,16/03/2026,IT3456,390.65,EUR,deposit
2236,28/03/2026,IT4567,1085.72,EUR,transfer
2237,09/03/2026,IT4567,-107.78,EUR,withdrawal
2238,09/01/2026,IT3456,-1538.23,EUR,withdrawal
2239,15/03/2026,IT1234,1211.9,EUR,deposit
2240,22/04/2026,IT1234,-799.72,EUR,transfer
2241,12/03/2026,IT8901,4898.77,EUR,deposit
2242,24/01/2026,IT3456,-902.1,EUR,withdrawal
2243,01/04/2026,IT5678,-714.79,EUR,withdrawal
2244,17/05/2026,IT2345,4229.44,EUR,deposit
2245,15/01/2026,IT7890,-1467.35,EUR,withdrawal
2246,21/03/2026,IT1234,-1432.56,EUR,transfer
2247,29/04/2026,IT2345,4038.05,EUR,deposit
2248,27/02/2026,IT6789,-1031.02,EUR,withdrawal
2249,01/01/2026,IT3456,-235.76,EUR,transfer
2250,19/05/2026,IT2345,701.31,EUR,transfer
2251,12/03/2026,IT8901,1104.12,EUR,transfer
2252,30/04/2026,IT1234,680.61,EUR,deposit
2253,06/01/2026,IT5678,2773.98,EUR,deposit
2254,24/04/2026,IT2345,2399.37,EUR,deposit
2255,10/03/2026,IT3456,-134.07,EUR,withdrawal
2256,27/04/2026,IT3456,2975.75,EUR,deposit
2257,11/03/2026,IT3456,4859.15,EUR,deposit
2258,27/04/2026,IT6789,3084.57,EUR,deposit
2259,15/03/2026,IT1234,-1371.3,EUR,withdrawal
2260,22/04/2026,IT1234,-1079.05,EUR,transfer
2261,03/02/2026,IT1234,-998.95,EUR,transfer
2262,30/03/2026,IT3456,3810.93,EUR,deposit
2263,19/05/2026,IT2345,1894.24,EUR,deposit
2264,26/05/2026,IT8901,94.84,EUR,transfer
2265,04/02/2026,IT1234,4559.48,EUR,deposit
2266,30/04/2026,IT1234,2186.04,EUR,deposit
2267,,IT8901,-318.66,EUR,withdrawal
2268,23/01/2026,IT7890,-282.86,EUR,withdrawal
2269,04/04/2026,IT6789,3586.07,EUR,deposit
2270,19/02/2026,IT8901,1693.47,EUR,deposit
2271,04/02/2026,IT6789,-1480.95,EUR,transfer
2272,22/03/2026,IT5678,816.51,EUR,transfer
2273,17/01/2026,IT6789,-590.0,EUR,withdrawal
2274,12/01/2026,IT3456,-60.06,EUR,withdrawal
2275,03/03/2026,IT7890,1095.94,EUR,deposit
2276,01/05/2026,IT8901,1890.45,EUR,deposit
2277,31/05/2026,IT3456,-1174.12,EUR,transfer
2278,26/04/2026,IT2345,-1916.51,EUR,withdrawal
2279,08/05/2026,IT3456,2903.16,EUR,deposit
2280,08/04/2026,IT1234,3107.64,EUR,deposit
2281,,IT1234,-1328.8,EUR,withdrawal
2282,08/02/2026,IT8901,-254.92,EUR,withdrawal
2283,14/05/2026,IT6789,855.01,EUR,transfer
2284,16/01/2026,IT7890,1177.97,EUR,transfer
2285,02/02/2026,IT7890,1215.28,EUR,transfer
2286,10/01/2026,IT6789,23%02))12,EUR,withdrawal
2287,09/01/2026,IT4567,3284.32,EUR,deposit
2288,02/03/2026,IT2345,1151.65,EUR,transfer
2289,20/03/2026,IT3456,365.1,EUR,deposit
2290,17/05/2026,IT2345,3161.43,EUR,deposit
2291,13/01/2026,IT3456,-1147.45,EUR,withdrawal
2292,16/04/2026,IT5678,-1532.98,EUR,withdrawal
2293,07/04/2026,IT7890,40.76,EUR,transfer
2294,16/03/2026,IT3456,-308.3,EUR,withdrawal
2295,19/04/2026,IT5678,-794.83,EUR,withdrawal
2296,17/05/2026,IT5678,-35.1,EUR,withdrawal
2297,21/02/2026,IT3456,-737.77,EUR,withdrawal
2298,27/02/2026,IT6789,4502.98,EUR,deposit
2299,09/03/2026,IT3456,-1955.67,EUR,withdrawal
2300,20/03/2026,IT2345,-1008.53,EUR,withdrawal
2301,10/05/2026,IT1234,-1312.82,EUR,withdrawal
2302,04/04/2026,IT2345,1814.82,EUR,deposit
2303,31/03/2026,IT3456,-1320.7,EUR,withdrawal
2304,20/03/2026,IT2345,-556.79,EUR,withdrawal
2305,08/02/2026,IT3456,725.49,EUR,transfer
2306,14/02/2026,IT3456,623.25,EUR,transfer
2307,28/02/2026,IT1234,4940.03,EUR,deposit
2308,10/04/2026,IT8901,505.57,EUR,transfer
2309,07/04/2026,IT3456,1278.29,EUR,deposit
2310,25/04/2026,IT3456,-617.41,EUR,withdrawal
2311,02/01/2026,IT3456,-1362.92,EUR,withdrawal
2312,05/01/2026,IT8901,-238.78,EUR,withdrawal
2313,27/05/2026,IT4567,1856.42,EUR,deposit
2314,10/03/2026,IT4567,810.7,EUR,transfer
2315,19/01/2026,IT8901,-1522.13,EUR,withdrawal
2316,05/02/2026,IT8901,1929.48,EUR,deposit
2317,12/05/2026,IT6789,-275.67,EUR,withdrawal
2318,28/03/2026,IT7890,-1060.33,EUR,withdrawal
2319,14/01/2026,IT1234,-116.03,EUR,transfer
2320,24/01/2026,IT7890,4072.55,EUR,deposit
2321,12/03/2026,IT8901,-1247.67,EUR,withdrawal
2322,23/05/2026,IT3456,-953.13,EUR,withdrawal
2323,14/04/2026,IT5678,2007.81,EUR,deposit
2324,15/02/2026,IT3456,359.23,EUR,transfer
2325,04/04/2026,IT8901,98.73,EUR,transfer
2326,01/03/2026,IT6789,-1190.24,EUR,transfer
2327,01/04/2026,IT3456,394.93,EUR,deposit
2328,28/01/2026,IT5678,-1081.66,EUR,withdrawal
2329,21/04/2026,IT7890,2819.89,EUR,deposit
2330,18/03/2026,IT7890,-1331.65,EUR,withdrawal
2331,11/05/2026,IT1234,-428.22,EUR,withdrawal
2332,05/01/2026,IT2345,-642.43,EUR,transfer
2333,26/01/2026,IT6789,-1509.01,EUR,withdrawal
2334,30/04/2026,IT5678,-1128.87,EUR,withdrawal
2335,04/03/2026,IT4567,-692.57,EUR,transfer
2336,23/04/2026,IT5678,-602.39,EUR,withdrawal
2337,17/05/2026,IT4567,1821.19,EUR,deposit
2338,15/03/2026,IT3456,-1405.95,EUR,withdrawal
2339,15/03/2026,IT7890,817.42,EUR,deposit
2340,16/03/2026,IT3456,-1289.89,EUR,withdrawal
2341,01/05/2026,IT5678,-999.76,EUR,withdrawal
2342,25/03/2026,IT1234,-589.84,EUR,withdrawal
2343,11/02/2026,IT1234,3215.74,EUR,deposit
2344,11/05/2026,IT6789,58.04,EUR,deposit
2345,04/05/2026,IT3456,3424.08,EUR,deposit
2346,13/03/2026,IT3456,-1552.7,EUR,withdrawal
2347,22/04/2026,IT1234,791.92,EUR,transfer
2348,04/02/2026,IT5678,23%02))12,EUR,withdrawal
2349,01/05/2026,IT7890,-1304.0,EUR,transfer
2350,23/05/2026,IT6789,-1759.37,EUR,withdrawal
2351,01/01/1750,IT3456,-1031.32,EUR,withdrawal
2352,13/02/2026,IT2345,-1211.87,EUR,withdrawal
2353,06/01/2026,IT5678,-1007.54,EUR,transfer
2354,16/05/2026,IT7890,1408.46,EUR,deposit
2355,26/03/2026,IT4567,2827.19,EUR,deposit
2356,16/02/2026,IT3456,-600.02,EUR,withdrawal
2357,03/01/2026,IT7890,637.13,EUR,transfer
2358,02/04/2026,IT5678,566.37,EUR,deposit
2359,24/01/2026,IT4567,3324.95,EUR,deposit
2360,01/02/2026,IT5678,-262.06,EUR,withdrawal
2361,29/05/2026,IT3456,622.35,EUR,transfer
2362,27/03/2026,IT2345,1310.55,EUR,transfer
2363,07/01/2026,IT8901,2562.86,EUR,deposit
2364,23/05/2026,IT6789,-1064.91,EUR,withdrawal
2365,20/05/2026,IT6789,-585.75,EUR,transfer
2366,13/03/2026,IT1234,-1773.66,EUR,withdrawal
2367,22/05/2026,IT8901,-1522.04,EUR,withdrawal
2368,16/02/2026,IT7890,-571.4,EUR,withdrawal
2369,13/05/2026,IT1234,-1017.03,EUR,transfer
2370,03/04/2026,IT3456,-1541.89,EUR,withdrawal
2371,22/01/2026,IT3456,1238.93,EUR,deposit
2372,22/02/2026,IT1234,1235.36,EUR,transfer
2373,02/01/2026,IT4567,-1829.7,EUR,withdrawal
2374,25/02/2026,IT5678,4453.53,EUR,deposit
2375,29/05/2026,IT8901,294.75,EUR,transfer
2376,13/05/2026,IT4567,-1703.22,EUR,withdrawal
2377,17/05/2026,IT2345,1260.67,EUR,deposit
2378,16/03/2026,IT7890,1175.16,EUR,transfer
2379,10/05/2026,IT4567,-890.8,EUR,withdrawal
2380,12/01/2026,IT1234,4992.19,EUR,deposit
2381,08/02/2026,IT4567,-320.7,EUR,withdrawal
2382,09/04/2026,IT1234,45.78,EUR,transfer
2383,25/01/2026,IT6789,1947.36,EUR,deposit
2384,08/02/2026,IT2345,483.28,EUR,transfer
2385,17/01/2026,IT8901,-117.61,EUR,transfer
2386,05/02/2026,IT5678,-1240.62,EUR,withdrawal
2387,06/02/2026,IT3456,-1800.29,EUR,withdrawal
2388,27/04/2026,IT1234,-1521.66,EUR,withdrawal
2389,01/01/1750,IT3456,2328.62,EUR,deposit
2390,03/05/2026,IT6789,1265.59,EUR,transfer
2391,16/05/2026,IT6789,1475.72,EUR,transfer
2392,18/02/2026,IT2345,-453.0,EUR,transfer
2393,11/05/2026,IT6789,3184.3,EUR,deposit
2394,16/01/2026,IT6789,-825.74,EUR,withdrawal
2395,22/03/2026,IT2345,-686.61,EUR,withdrawal
2396,23/03/2026,IT8901,2765.58,EUR,deposit
2397,09/02/2026,IT1234,-859.29,EUR,withdrawal
2398,15/04/2026,IT1234,-238.33,EUR,withdrawal
2399,08/04/2026,IT5678,488.47,EUR,deposit
2400,14/05/2026,IT3456,1313.8,EUR,transfer
2401,30/04/2026,IT1234,-1292.25,EUR,withdrawal
2402,27/01/2026,IT1234,-1254.61,EUR,transfer
2403,04/04/2026,IT3456,2275.33,EUR,deposit
2404,26/02/2026,IT5678,-1031.78,EUR,transfer
2405,02/05/2026,IT6789,-277.77,EUR,withdrawal
2406,15/02/2026,IT6789,1998.01,EUR,deposit
2407,11/03/2026,IT1234,859.07,EUR,transfer
2408,25/03/2026,IT5678,-1052.05,EUR,transfer
2409,30/05/2026,IT2345,3930.41,EUR,deposit
2410,28/01/2026,IT8901,3428.84,EUR,deposit
2411,06/01/2026,IT6789,257.4,EUR,deposit
2412,05/05/2026,IT2345,3802.48,EUR,deposit
2413,22/05/2026,IT4567,-670.9,EUR,withdrawal
2414,17/02/2026,IT2345,-758.26,EUR,withdrawal
2415,16/05/2026,IT8901,280.58,EUR,deposit
2416,27/02/2026,IT8901,-233.7,EUR,withdrawal
2417,19/02/2026,IT6789,1091.01,EUR,deposit
2418,24/01/2026,IT6789,4813.31,EUR,deposit
2419,08/01/2026,IT1234,-573.94,EUR,withdrawal
2420,09/03/2026,IT5678,727.77,EUR,transfer
2421,15/02/2026,IT2345,-1472.29,EUR,transfer
2422,30/03/2026,IT4567,1315.05,EUR,transfer
2423,04/01/2026,IT8901,4378.28,EUR,deposit
2424,29/03/2026,IT6789,-55.18,EUR,transfer
2425,12/04/2026,IT4567,-1144.69,EUR,transfer
2426,24/01/2026,IT4567,718.57,EUR,deposit
2427,03/01/2026,IT2345,780.77,EUR,transfer
2428,10/02/2026,IT2345,-1773.68,EUR,withdrawal
2429,06/05/2026,IT3456,2671.37,EUR,deposit
2430,13/04/2026,IT4567,633.05,EUR,transfer
2431,30/03/2026,IT2345,-1274.13,EUR,transfer
2432,25/04/2026,IT6789,1892.57,EUR,deposit
2433,12/03/2026,IT4567,-563.99,EUR,transfer
2434,10/04/2026,IT3456,-820.85,EUR,transfer
2435,20/01/2026,IT4567,-1314.54,EUR,withdrawal
2436,07/02/2026,IT6789,-1187.17,EUR,transfer
2437,23/03/2026,IT2345,2289.36,EUR,deposit
2438,04/03/2026,IT4567,-1268.51,EUR,withdrawal
2439,13/02/2026,IT2345,-824.94,EUR,withdrawal
2440,28/03/2026,IT6789,2360.35,EUR,deposit
2441,25/03/2026,IT6789,-801.94,EUR,withdrawal
2442,14/02/2026,IT7890,-312.35,EUR,transfer
2443,18/01/2026,IT6789,3451.02,EUR,deposit
2444,,IT5678,-1513.72,EUR,withdrawal
2445,24/03/2026,IT6789,1366.16,EUR,transfer
2446,01/02/2026,IT5678,1923.65,EUR,deposit
2447,30/03/2026,IT6789,-1103.6,EUR,transfer
2448,11/04/2026,IT4567,-612.1,EUR,transfer
2449,31/03/2026,IT2345,-1518.58,EUR,withdrawal
2450,10/05/2026,IT4567,9.58,EUR,transfer
2451,11/03/2026,IT6789,-786.61,EUR,withdrawal
2452,30/03/2026,IT4567,-1665.03,EUR,withdrawal
2453,01/01/2026,IT6789,23%02))12,EUR,transfer
2454,21/03/2026,IT6789,-1747.31,EUR,withdrawal
2455,11/02/2026,IT8901,3126.9,EUR,deposit
2456,21/04/2026,IT7890,515.51,EUR,transfer
2457,27/01/2026,IT4567,943.32,EUR,deposit
2458,21/04/2026,IT2345,1495.98,EUR,transfer
2459,13/05/2026,IT8901,-1495.8,EUR,withdrawal
2460,26/02/2026,IT1234,74.28,EUR,deposit
2461,02/03/2026,IT3456,23%02))12,EUR,transfer
2462,29/01/2026,IT1234,1116.72,EUR,transfer
2463,05/04/2026,IT3456,822.17,EUR,deposit
2464,14/05/2026,IT4567,905.48,EUR,transfer
2465,04/05/2026,IT1234,-1334.46,EUR,withdrawal
2466,06/05/2026,IT7890,-1224.69,EUR,withdrawal
2467,04/05/2026,IT4567,2824.79,EUR,deposit
2468,21/01/2026,IT2345,316.44,EUR,transfer
2469,20/05/2026,IT2345,-707.46,EUR,transfer
2470,07/05/2026,IT7890,242.32,EUR,deposit
2471,28/03/2026,IT8901,-1434.37,EUR,transfer
2472,26/01/2026,IT2345,-1106.03,EUR,transfer
2473,30/05/2026,IT5678,3520.42,EUR,deposit
2474,23/04/2026,IT8901,-410.17,EUR,withdrawal
2475,12/03/2026,IT3456,3902.99,EUR,deposit
2476,22/04/2026,IT1234,,EUR,deposit
2477,25/04/2026,IT5678,-224.23,EUR,transfer
2478,31/03/2026,IT6789,-1906.1,EUR,withdrawal
2479,15/01/2026,IT1234,-430.56,EUR,withdrawal
2480,02/01/2026,IT7890,106.52,EUR,deposit
2481,16/05/2026,IT3456,-18.69,EUR,transfer
2482,04/05/2026,IT3456,-1050.31,EUR,withdrawal
2483,10/05/2026,IT8901,1299.31,EUR,transfer
2484,06/03/2026,IT5678,-607.03,EUR,transfer
2485,16/04/2026,IT3456,1036.96,EUR,transfer
2486,13/02/2026,IT5678,167.93,EUR,transfer
2487,02/05/2026,IT4567,638.14,EUR,deposit
2488,28/04/2026,IT8901,-1101.71,EUR,withdrawal
2489,21/03/2026,IT7890,-675.35,EUR,transfer
2490,04/03/2026,IT3456,-252.69,EUR,withdrawal
2491,10/03/2026,IT4567,-440.15,EUR,withdrawal
2492,23/05/2026,IT3456,-429.64,EUR,transfer
2493,02/04/2026,IT5678,-1354.6,EUR,withdrawal
2494,16/02/2026,IT4567,-469.58,EUR,withdrawal
2495,11/05/2026,IT3456,1820.53,EUR,deposit
2496,30/05/2026,IT6789,-120.83,EUR,withdrawal
2497,25/05/2026,IT8901,201.74,EUR,transfer
2498,12/02/2026,IT1234,-1433.81,EUR,transfer
2499,08/05/2026,IT3456,-1411.58,EUR,transfer
2500,11/04/2026,IT8901,3727.71,EUR,deposit
2501,15/04/2026,IT6789,-511.24,EUR,transfer
2502,06/04/2026,IT6789,-48.77,EUR,withdrawal
2503,24/04/2026,IT7890,1173.19,EUR,transfer
2504,26/05/2026,IT7890,-551.02,EUR,withdrawal
2505,05/01/2026,IT2345,2729.66,EUR,deposit
2506,21/05/2026,IT8901,668.16,EUR,transfer
2507,07/02/2026,IT5678,-1454.48,EUR,transfer
2508,11/05/2026,IT5678,23%02))12,EUR,withdrawal
2509,19/01/2026,IT5678,-509.09,EUR,transfer
2510,30/03/2026,IT4567,1346.01,EUR,transfer
2511,18/05/2026,IT8901,-1448.25,EUR,withdrawal
2512,10/02/2026,IT3456,1915.82,EUR,deposit
2513,22/02/2026,IT5678,-246.54,EUR,withdrawal
2514,28/02/2026,IT2345,-828.04,EUR,transfer
2515,01/05/2026,IT5678,-1557.95,EUR,withdrawal
2516,10/03/2026,IT5678,3123.91,EUR,deposit
2517,27/03/2026,IT5678,-107.13,EUR,transfer
2518,14/04/2026,IT6789,1271.09,EUR,deposit
2519,25/02/2026,IT7890,-422.39,EUR,transfer
2520,21/01/2026,IT4567,-1567.37,EUR,withdrawal
2521,22/01/2026,IT4567,-583.79,EUR,withdrawal
2522,19/01/2026,IT8901,-759.62,EUR,withdrawal
2523,08/01/2026,IT2345,2605.44,EUR,deposit
2524,06/02/2026,IT1234,-1321.9,EUR,withdrawal
2525,25/02/2026,IT7890,896.2,EUR,transfer
2526,15/04/2026,IT6789,1270.59,EUR,transfer
2527,29/03/2026,IT2345,228.79,EUR,deposit
2528,01/01/1750,IT5678,383.23,EUR,deposit
2529,26/01/2026,IT3456,290.0,EUR,transfer
2530,16/02/2026,IT3456,-1236.47,EUR,withdrawal
2531,21/02/2026,IT6789,3077.94,EUR,deposit
2532,01/03/2026,IT1234,-1388.97,EUR,withdrawal
2533,31/01/2026,IT6789,-1188.61,EUR,withdrawal
2534,19/03/2026,IT8901,1205.23,EUR,deposit
2535,20/03/2026,IT8901,-966.14,EUR,withdrawal
2536,14/02/2026,IT4567,2215.84,EUR,deposit
2537,08/02/2026,IT1234,3811.5,EUR,deposit
2538,24/02/2026,IT4567,-176.23,EUR,withdrawal
2539,04/03/2026,IT2345,-124.08,EUR,withdrawal
2540,27/01/2026,IT2345,-479.82,EUR,withdrawal
2541,24/03/2026,IT4567,-1035.14,EUR,transfer
2542,06/01/2026,IT3456,-1573.38,EUR,withdrawal
2543,22/01/2026,IT7890,1229.39,EUR,transfer
2544,04/04/2026,IT6789,1015.13,EUR,transfer
2545,03/01/2026,IT5678,-252.96,EUR,transfer
2546,,IT5678,4457.1,EUR,deposit
2547,27/04/2026,IT3456,-1882.46,EUR,withdrawal
2548,09/02/2026,IT4567,3037.29,EUR,deposit
2549,01/01/1750,IT2345,-424.89,EUR,withdrawal
2550,01/01/1750,IT4567,23%02))12,EUR,deposit
2551,09/02/2026,IT7890,-924.65,EUR,transfer
2552,18/02/2026,IT6789,206.94,EUR,transfer
2553,20/04/2026,IT6789,531.04,EUR,transfer
2554,29/03/2026,IT7890,-125.32,EUR,transfer
2555,13/02/2026,IT8901,659.68,EUR,deposit
2556,28/03/2026,IT2345,-742.32,EUR,transfer
2557,04/04/2026,IT4567,1138.31,EUR,transfer
2558,05/03/2026,IT5678,3620.06,EUR,deposit
2559,28/02/2026,IT8901,460.83,EUR,deposit
2560,02/04/2026,IT7890,-998.4,EUR,withdrawal
2561,25/02/2026,IT7890,-635.04,EUR,withdrawal
2562,09/04/2026,IT8901,-565.01,EUR,withdrawal
2563,22/02/2026,IT7890,-748.27,EUR,withdrawal
2564,28/03/2026,IT6789,-552.0,EUR,withdrawal
2565,10/01/2026,IT2345,-1670.66,EUR,withdrawal
2566,18/02/2026,IT7890,-1292.59,EUR,withdrawal
2567,30/03/2026,IT4567,-375.61,EUR,transfer
2568,04/01/2026,IT2345,-1471.75,EUR,withdrawal
2569,17/04/2026,IT8901,62.73,EUR,transfer
2570,14/02/2026,IT8901,672.86,EUR,transfer
2571,21/03/2026,IT8901,942.71,EUR,deposit
2572,26/04/2026,IT2345,708.09,EUR,transfer
2573,24/01/2026,IT3456,4794.97,EUR,deposit
2574,16/03/2026,IT1234,-615.83,EUR,withdrawal
2575,03/04/2026,IT5678,4042.24,EUR,deposit
2576,02/02/2026,IT7890,3921.85,EUR,deposit
2577,28/01/2026,IT5678,-49.56,EUR,withdrawal
2578,03/04/2026,IT2345,-1358.08,EUR,withdrawal
2579,25/04/2026,IT3456,-999.11,EUR,withdrawal
2580,11/02/2026,IT4567,-551.1,EUR,withdrawal
2581,27/03/2026,IT5678,-1315.08,EUR,withdrawal
2582,16/01/2026,IT2345,-1863.09,EUR,withdrawal
2583,20/04/2026,IT5678,1417.0,EUR,transfer
2584,09/04/2026,IT2345,2249.55,EUR,deposit
2585,10/01/2026,IT8901,-163.85,EUR,transfer
2586,22/01/2026,IT7890,-351.58,EUR,withdrawal
2587,14/05/2026,IT4567,-230.02,EUR,transfer
2588,18/01/2026,IT7890,-124.16,EUR,transfer
2589,16/02/2026,IT2345,-345.73,EUR,withdrawal
2590,08/01/2026,IT4567,3955.07,EUR,deposit
2591,02/01/2026,IT8901,-329.72,EUR,transfer
2592,03/01/2026,IT6789,1525.57,EUR,deposit
2593,14/01/2026,IT2345,458.69,EUR,transfer
2594,24/05/2026,IT3456,-826.92,EUR,transfer
2595,05/04/2026,IT7890,2918.29,EUR,deposit
2596,27/01/2026,IT8901,-1394.97,EUR,withdrawal
2597,02/01/2026,IT6789,1348.11,EUR,deposit
2598,08/01/2026,IT1234,-526.22,EUR,withdrawal
2599,24/05/2026,IT4567,803.26,EUR,transfer
2600,27/04/2026,IT4567,907.19,EUR,transfer
2601,18/03/2026,IT8901,3885.11,EUR,deposit
2602,31/03/2026,IT2345,4032.76,EUR,deposit
2603,08/04/2026,IT5678,656.03,EUR,transfer
2604,03/03/2026,IT4567,-1963.71,EUR,withdrawal
2605,18/03/2026,IT1234,-939.03,EUR,withdrawal
2606,08/05/2026,IT4567,1148.44,EUR,transfer
2607,09/05/2026,IT5678,-373.55,EUR,withdrawal
2608,03/03/2026,IT1234,2777.22,EUR,deposit
2609,25/02/2026,IT5678,51.39,EUR,deposit
2610,06/04/2026,IT5678,-343.72,EUR,transfer
2611,16/05/2026,IT3456,1.62,EUR,transfer
2612,16/04/2026,IT2345,-1088.37,EUR,withdrawal
2613,05/01/2026,IT2345,-457.54,EUR,transfer
2614,19/04/2026,IT5678,-456.72,EUR,withdrawal
2615,19/03/2026,IT5678,849.88,EUR,transfer
2616,18/03/2026,IT7890,1342.23,EUR,transfer
2617,18/05/2026,IT8901,1293.17,EUR,deposit
2618,20/02/2026,IT6789,-1225.19,EUR,withdrawal
2619,15/04/2026,IT3456,-1458.38,EUR,withdrawal
2620,04/02/2026,IT3456,573.46,EUR,transfer
2621,07/03/2026,IT6789,1227.68,EUR,transfer
2622,15/02/2026,IT3456,,EUR,deposit
2623,27/05/2026,IT1234,-370.55,EUR,withdrawal
2624,01/04/2026,IT3456,-1021.86,EUR,withdrawal
2625,14/05/2026,IT8901,109.57,EUR,deposit
2626,04/05/2026,IT3456,-1385.52,EUR,transfer
2627,22/05/2026,IT3456,616.55,EUR,transfer
2628,12/01/2026,IT2345,2518.08,EUR,deposit
2629,02/01/2026,IT3456,-224.85,EUR,transfer
2630,05/04/2026,IT2345,-30.27,EUR,transfer
2631,05/03/2026,IT6789,-1762.22,EUR,withdrawal
2632,02/01/2026,IT7890,-1780.65,EUR,withdrawal
2633,22/05/2026,IT3456,4242.47,EUR,deposit
2634,16/01/2026,IT6789,-412.85,EUR,withdrawal
2635,17/04/2026,IT4567,1013.3,EUR,transfer
2636,04/01/2026,IT4567,-1955.4,EUR,withdrawal
2637,01/03/2026,IT4567,980.25,EUR,transfer
2638,20/01/2026,IT7890,1026.17,EUR,transfer
2639,10/01/2026,IT3456,220.39,EUR,transfer
2640,24/01/2026,IT2345,-1206.88,EUR,transfer
2641,05/02/2026,IT3456,1805.55,EUR,deposit
2642,05/03/2026,IT4567,2230.76,EUR,deposit
2643,24/03/2026,IT7890,3424.75,EUR,deposit
2644,28/03/2026,IT8901,1559.68,EUR,deposit
2645,05/01/2026,IT5678,725.53,EUR,transfer
2646,18/03/2026,IT6789,2702.17,EUR,deposit
2647,04/01/2026,IT1234,4622.65,EUR,deposit
2648,19/01/2026,IT5678,4538.24,EUR,deposit
2649,20/01/2026,IT3456,532.28,EUR,transfer
2650,17/03/2026,IT7890,2872.92,EUR,deposit
2651,27/05/2026,IT1234,1193.34,EUR,transfer
2652,09/05/2026,IT8901,4736.34,EUR,deposit
2653,13/05/2026,IT7890,-1485.74,EUR,withdrawal
2654,18/01/2026,IT3456,3361.41,EUR,deposit
2655,22/01/2026,IT4567,-390.84,EUR,withdrawal
2656,26/04/2026,IT6789,-201.8,EUR,withdrawal
2657,05/04/2026,IT6789,-1227.05,EUR,withdrawal
2658,14/02/2026,IT1234,541.59,EUR,deposit
2659,22/03/2026,IT2345,-424.48,EUR,transfer
2660,10/02/2026,IT6789,-1314.96,EUR,transfer
2661,,IT4567,-1746.3,EUR,withdrawal
2662,07/03/2026,IT6789,1529.63,EUR,deposit
2663,27/05/2026,IT4567,-943.01,EUR,transfer
2664,20/05/2026,IT7890,23%02))12,EUR,transfer
2665,14/03/2026,IT4567,-537.34,EUR,transfer
2666,13/05/2026,IT4567,-1571.94,EUR,withdrawal
2667,08/02/2026,IT7890,1107.75,EUR,transfer
2668,16/01/2026,IT3456,-1809.16,EUR,withdrawal
2669,30/03/2026,IT6789,4064.39,EUR,deposit
2670,26/05/2026,IT4567,4407.93,EUR,deposit
2671,01/01/1750,IT3456,599.62,EUR,transfer
2672,12/05/2026,IT1234,-229.94,EUR,transfer
2673,,IT8901,-274.13,EUR,transfer
2674,30/03/2026,IT5678,-734.85,EUR,withdrawal
2675,05/01/2026,IT8901,1415.81,EUR,deposit
2676,06/05/2026,IT5678,4200.14,EUR,deposit
2677,11/04/2026,IT5678,-1452.15,EUR,transfer
2678,27/02/2026,IT5678,4471.55,EUR,deposit
2679,09/02/2026,IT1234,-776.99,EUR,withdrawal
2680,03/02/2026,IT6789,-467.7,EUR,transfer
2681,27/04/2026,IT2345,4791.87,EUR,deposit
2682,31/05/2026,IT2345,-868.35,EUR,transfer
2683,12/05/2026,IT3456,1001.11,EUR,deposit
2684,19/04/2026,IT1234,-1208.38,EUR,withdrawal
2685,03/02/2026,IT2345,4474.59,EUR,deposit
2686,12/04/2026,IT8901,844.97,EUR,deposit
2687,26/02/2026,IT7890,1187.66,EUR,transfer
2688,26/04/2026,IT6789,-1676.99,EUR,withdrawal
2689,05/02/2026,IT7890,1398.81,EUR,deposit
2690,18/01/2026,IT2345,-1139.49,EUR,transfer
2691,19/05/2026,IT1234,-1865.77,EUR,withdrawal
2692,11/01/2026,IT2345,-1970.4,EUR,withdrawal
2693,14/01/2026,IT8901,535.09,EUR,deposit
2694,13/02/2026,IT1234,-1365.45,EUR,withdrawal
2695,16/02/2026,IT2345,4698.39,EUR,deposit
2696,24/03/2026,IT1234,-359.2,EUR,withdrawal
2697,30/04/2026,IT8901,-1733.3,EUR,withdrawal
2698,01/01/2026,IT4567,636.06,EUR,deposit
2699,07/01/2026,IT2345,1446.52,EUR,deposit
2700,28/04/2026,IT3456,1534.11,EUR,deposit
2701,22/05/2026,IT5678,2247.5,EUR,deposit
2702,21/05/2026,IT3456,4456.8,EUR,deposit
2703,16/04/2026,IT3456,3179.43,EUR,deposit
2704,25/03/2026,IT4567,1414.75,EUR,transfer
2705,24/03/2026,IT8901,-680.59,EUR,transfer
2706,04/05/2026,IT6789,1396.24,EUR,transfer
2707,11/03/2026,IT2345,-1795.19,EUR,withdrawal
2708,13/01/2026,IT5678,1134.11,EUR,deposit
2709,21/05/2026,IT6789,335.6,EUR,transfer
2710,29/05/2026,IT8901,-417.39,EUR,withdrawal
2711,10/02/2026,IT2345,-909.05,EUR,withdrawal
2712,23/01/2026,IT7890,4501.69,EUR,deposit
2713,02/02/2026,IT1234,-856.76,EUR,transfer
2714,02/02/2026,IT5678,-412.83,EUR,transfer
2715,08/01/2026,IT7890,-787.21,EUR,withdrawal
2716,13/02/2026,IT2345,1708.31,EUR,deposit
2717,03/01/2026,IT7890,-919.77,EUR,withdrawal
2718,19/04/2026,IT7890,-1200.99,EUR,transfer
2719,07/02/2026,IT2345,1678.81,EUR,deposit
2720,05/02/2026,IT4567,4810.77,EUR,deposit
2721,10/04/2026,IT3456,-1110.56,EUR,withdrawal
2722,20/03/2026,IT6789,4935.98,EUR,deposit
2723,02/05/2026,IT2345,-1795.1,EUR,withdrawal
2724,21/01/2026,IT7890,-1833.2,EUR,withdrawal
2725,08/04/2026,IT2345,489.04,EUR,deposit
2726,18/02/2026,IT2345,2510.04,EUR,deposit
2727,04/05/2026,IT5678,-819.72,EUR,transfer
2728,25/04/2026,IT6789,3822.36,EUR,deposit
2729,22/02/2026,IT7890,-1908.74,EUR,withdrawal
2730,10/02/2026,IT4567,-817.18,EUR,transfer
2731,22/02/2026,IT8901,-1369.1,EUR,transfer
2732,25/02/2026,IT6789,-1587.15,EUR,withdrawal
2733,31/03/2026,IT8901,382.79,EUR,transfer
2734,04/03/2026,IT4567,-1156.14,EUR,withdrawal
2735,16/05/2026,IT5678,-1119.6,EUR,withdrawal
2736,19/04/2026,IT1234,2746.23,EUR,deposit
2737,14/03/2026,IT2345,3750.58,EUR,deposit
2738,03/02/2026,IT6789,1447.13,EUR,transfer
2739,23/02/2026,IT2345,-1391.68,EUR,withdrawal
2740,18/01/2026,IT4567,4678.77,EUR,deposit
2741,23/05/2026,IT1234,644.07,EUR,transfer
2742,20/05/2026,IT6789,-896.49,EUR,withdrawal
2743,03/01/2026,IT8901,-1705.14,EUR,withdrawal
2744,16/03/2026,IT3456,447.93,EUR,deposit
2745,26/04/2026,IT1234,-1211.76,EUR,withdrawal
2746,05/03/2026,IT2345,322.38,EUR,transfer
2747,17/04/2026,IT3456,3912.14,EUR,deposit
2748,04/03/2026,IT8901,-1951.89,EUR,withdrawal
2749,19/04/2026,IT1234,-272.22,EUR,withdrawal
2750,28/05/2026,IT4567,3365.85,EUR,deposit
2751,08/01/2026,IT1234,468.65,EUR,transfer
2752,24/02/2026,IT5678,986.45,EUR,transfer
2753,08/03/2026,IT2345,669.33,EUR,transfer
2754,12/03/2026,IT6789,-409.03,EUR,withdrawal
2755,15/03/2026,IT6789,-272.65,EUR,transfer
2756,07/01/2026,IT2345,,EUR,transfer
2757,25/04/2026,IT4567,888.18,EUR,transfer
2758,21/01/2026,IT5678,1363.64,EUR,transfer
2759,03/04/2026,IT4567,2878.15,EUR,deposit
2760,14/03/2026,IT4567,-163.96,EUR,withdrawal
2761,21/04/2026,IT7890,-1304.43,EUR,transfer
2762,03/04/2026,IT4567,791.73,EUR,deposit
2763,06/01/2026,IT1234,1161.14,EUR,deposit
2764,18/02/2026,IT8901,-973.3,EUR,withdrawal
2765,27/05/2026,IT2345,-1141.18,EUR,withdrawal
2766,12/03/2026,IT4567,4417.49,EUR,deposit
2767,11/02/2026,IT6789,-1579.03,EUR,withdrawal
2768,02/04/2026,IT3456,1742.43,EUR,deposit
2769,29/05/2026,IT3456,2176.27,EUR,deposit
2770,08/01/2026,IT1234,2885.01,EUR,deposit
2771,09/04/2026,IT6789,-77.52,EUR,transfer
2772,21/01/2026,IT3456,4850.05,EUR,deposit
2773,02/05/2026,IT4567,-612.02,EUR,withdrawal
2774,03/05/2026,IT5678,2992.76,EUR,deposit
2775,20/04/2026,IT3456,-39.18,EUR,transfer
2776,08/04/2026,IT6789,2740.58,EUR,deposit
2777,15/03/2026,IT2345,-695.51,EUR,transfer
2778,09/05/2026,IT3456,1517.62,EUR,deposit
2779,13/01/2026,IT2345,3146.12,EUR,deposit
2780,17/01/2026,IT1234,791.45,EUR,transfer
2781,03/05/2026,IT3456,1208.43,EUR,transfer
2782,13/04/2026,IT3456,-464.47,EUR,withdrawal
2783,18/04/2026,IT5678,-52.22,EUR,withdrawal
2784,22/05/2026,IT8901,4546.9,EUR,deposit
2785,06/01/2026,IT8901,175.41,EUR,transfer
2786,24/05/2026,IT8901,281.62,EUR,transfer
2787,28/04/2026,IT8901,636.87,EUR,deposit
2788,27/03/2026,IT3456,-39.7,EUR,transfer
2789,29/05/2026,IT2345,9.48,EUR,transfer
2790,11/01/2026,IT2345,-461.65,EUR,withdrawal
2791,24/01/2026,IT2345,-660.02,EUR,withdrawal
2792,06/02/2026,IT8901,197.04,EUR,transfer
2793,22/03/2026,IT1234,-1438.22,EUR,transfer
2794,19/01/2026,IT1234,-429.1,EUR,transfer
2795,09/02/2026,IT5678,145.16,EUR,transfer
2796,12/04/2026,IT7890,1209.44,EUR,deposit
2797,27/02/2026,IT2345,4169.69,EUR,deposit
2798,27/01/2026,IT7890,-321.82,EUR,transfer
2799,12/02/2026,IT1234,-26.66,EUR,transfer
2800,25/05/2026,IT8901,1841.13,EUR,deposit
2801,24/05/2026,IT2345,-218.8,EUR,transfer
2802,05/04/2026,IT1234,3387.84,EUR,deposit
2803,20/04/2026,IT5678,-782.8,EUR,withdrawal
2804,08/01/2026,IT6789,4429.52,EUR,deposit
2805,16/03/2026,IT2345,23%02))12,EUR,transfer
2806,04/02/2026,IT3456,-917.75,EUR,transfer
2807,17/04/2026,IT5678,653.59,EUR,deposit
2808,02/01/2026,IT4567,3245.81,EUR,deposit
2809,05/01/2026,IT2345,151.45,EUR,transfer
2810,18/05/2026,IT4567,-1109.85,EUR,withdrawal
2811,03/02/2026,IT4567,-121.3,EUR,withdrawal
2812,15/02/2026,IT8901,399.85,EUR,transfer
2813,30/01/2026,IT7890,-118.6,EUR,transfer
2814,25/05/2026,IT6789,568.79,EUR,deposit
2815,14/03/2026,IT3456,-337.04,EUR,transfer
2816,08/04/2026,IT4567,-1395.0,EUR,transfer
2817,18/01/2026,IT3456,-374.15,EUR,withdrawal
2818,01/04/2026,IT5678,3894.33,EUR,deposit
2819,15/03/2026,IT3456,-616.19,EUR,transfer
2820,,IT4567,1472.04,EUR,transfer
2821,13/02/2026,IT7890,3059.25,EUR,deposit
2822,,IT3456,1669.74,EUR,deposit
2823,16/05/2026,IT8901,3771.69,EUR,deposit
2824,07/02/2026,IT7890,982.18,EUR,transfer
2825,24/01/2026,IT8901,772.14,EUR,transfer
2826,20/02/2026,IT7890,-1295.99,EUR,withdrawal
2827,04/05/2026,IT2345,418.19,EUR,deposit
2828,21/01/2026,IT6789,-1448.27,EUR,withdrawal
2829,22/05/2026,IT2345,-961.67,EUR,transfer
2830,24/01/2026,IT6789,-1386.58,EUR,withdrawal
2831,15/04/2026,IT4567,-1474.98,EUR,transfer
2832,02/05/2026,IT1234,-469.17,EUR,withdrawal
2833,20/02/2026,IT7890,1588.13,EUR,deposit
2834,29/03/2026,IT4567,-870.39,EUR,transfer
2835,30/05/2026,IT6789,-395.11,EUR,transfer
2836,09/01/2026,IT3456,3009.78,EUR,deposit
2837,26/02/2026,IT5678,-1945.1,EUR,withdrawal
2838,07/01/2026,IT1234,-974.73,EUR,withdrawal
2839,02/03/2026,IT4567,-1767.07,EUR,withdrawal
2840,20/04/2026,IT2345,1699.67,EUR,deposit
2841,16/01/2026,IT8901,577.59,EUR,transfer
2842,28/04/2026,IT8901,-1219.94,EUR,withdrawal
2843,22/01/2026,IT1234,637.92,EUR,deposit
2844,11/03/2026,IT1234,1074.14,EUR,deposit
2845,24/01/2026,IT7890,-181.45,EUR,withdrawal
2846,13/04/2026,IT4567,868.89,EUR,deposit
2847,15/04/2026,IT5678,1661.37,EUR,deposit
2848,23/03/2026,IT2345,94.86,EUR,transfer
2849,25/05/2026,IT2345,-1322.89,EUR,transfer
2850,08/03/2026,IT3456,1037.18,EUR,transfer
2851,30/04/2026,IT6789,3229.8,EUR,deposit
2852,11/03/2026,IT3456,-1672.57,EUR,withdrawal
2853,21/03/2026,IT6789,440.87,EUR,transfer
2854,13/05/2026,IT4567,-1991.97,EUR,withdrawal
2855,14/01/2026,IT3456,241.65,EUR,deposit
2856,10/05/2026,IT1234,-642.47,EUR,withdrawal
2857,25/03/2026,IT1234,856.87,EUR,transfer
2858,26/05/2026,IT1234,-956.48,EUR,transfer
2859,20/02/2026,IT1234,87.49,EUR,transfer
2860,25/03/2026,IT5678,971.04,EUR,transfer
2861,02/01/2026,IT6789,812.25,EUR,transfer
2862,21/01/2026,IT4567,-1011.9,EUR,transfer
2863,04/02/2026,IT1234,-182.77,EUR,withdrawal
2864,06/03/2026,IT5678,-1224.31,EUR,transfer
2865,18/04/2026,IT3456,-1158.88,EUR,transfer
2866,29/05/2026,IT3456,235.25,EUR,deposit
2867,02/03/2026,IT3456,148.35,EUR,transfer
2868,17/01/2026,IT5678,1072.47,EUR,deposit
2869,20/01/2026,IT1234,1815.25,EUR,deposit
2870,01/05/2026,IT5678,-1317.77,EUR,transfer
2871,12/05/2026,IT8901,-490.56,EUR,transfer
2872,02/04/2026,IT1234,4670.87,EUR,deposit
2873,23/04/2026,IT3456,4990.26,EUR,deposit
2874,09/02/2026,IT4567,-245.64,EUR,withdrawal
2875,16/03/2026,IT7890,929.04,EUR,transfer
2876,11/05/2026,IT7890,465.98,EUR,deposit
2877,12/02/2026,IT3456,-65.01,EUR,transfer
2878,17/05/2026,IT2345,2504.95,EUR,deposit
2879,16/02/2026,IT4567,2527.3,EUR,deposit
2880,20/05/2026,IT5678,775.23,EUR,transfer
2881,06/01/2026,IT4567,-838.82,EUR,withdrawal
2882,22/04/2026,IT6789,4631.58,EUR,deposit
2883,04/05/2026,IT5678,3263.97,EUR,deposit
2884,09/04/2026,IT8901,1430.49,EUR,transfer
2885,27/01/2026,IT1234,1384.53,EUR,transfer
2886,16/05/2026,IT6789,1733.26,EUR,deposit
2887,08/03/2026,IT4567,-1134.69,EUR,transfer
2888,14/01/2026,IT2345,1765.83,EUR,deposit
2889,02/03/2026,IT1234,2013.1,EUR,deposit
2890,16/01/2026,IT3456,195.94,EUR,deposit
2891,06/05/2026,IT8901,4513.16,EUR,deposit
2892,04/05/2026,IT6789,3905.18,EUR,deposit
2893,27/03/2026,IT3456,508.82,EUR,transfer
2894,01/01/1750,IT3456,1185.58,EUR,transfer
2895,02/05/2026,IT5678,-55.59,EUR,withdrawal
2896,02/02/2026,IT6789,4092.89,EUR,deposit
2897,09/04/2026,IT3456,-1402.24,EUR,transfer
2898,19/05/2026,IT6789,931.09,EUR,transfer
2899,13/05/2026,IT8901,3484.14,EUR,deposit
2900,24/04/2026,IT7890,2261.54,EUR,deposit
2901,22/04/2026,IT8901,1498.94,EUR,deposit
2902,20/02/2026,IT6789,1934.55,EUR,deposit
2903,11/01/2026,IT8901,4305.3,EUR,deposit
2904,13/01/2026,IT3456,-1372.33,EUR,withdrawal
2905,16/01/2026,IT4567,2636.18,EUR,deposit
2906,05/01/2026,IT3456,2174.5,EUR,deposit
2907,01/03/2026,IT3456,-684.85,EUR,withdrawal
2908,19/04/2026,IT5678,-226.32,EUR,withdrawal
2909,07/01/2026,IT1234,1027.43,EUR,transfer
2910,10/03/2026,IT1234,-935.26,EUR,withdrawal
2911,07/04/2026,IT7890,3883.01,EUR,deposit
2912,09/04/2026,IT7890,1369.67,EUR,deposit
2913,04/02/2026,IT8901,-828.48,EUR,transfer
2914,26/01/2026,IT7890,-393.04,EUR,withdrawal
2915,28/05/2026,IT7890,80.83,EUR,deposit
2916,01/01/1750,IT4567,-1009.18,EUR,transfer
2917,10/02/2026,IT3456,-1096.86,EUR,withdrawal
2918,23/04/2026,IT7890,298.2,EUR,transfer
2919,09/04/2026,IT1234,-773.63,EUR,transfer
2920,22/01/2026,IT1234,918.58,EUR,transfer
2921,16/02/2026,IT1234,274.31,EUR,transfer
2922,24/01/2026,IT8901,1191.63,EUR,deposit
2923,15/03/2026,IT6789,2095.74,EUR,deposit
2924,21/04/2026,IT4567,3279.29,EUR,deposit
2925,07/02/2026,IT5678,-452.41,EUR,withdrawal
2926,04/01/2026,IT1234,2494.25,EUR,deposit
2927,05/01/2026,IT6789,-369.19,EUR,withdrawal
2928,15/04/2026,IT1234,-1925.23,EUR,withdrawal
2929,01/04/2026,IT7890,-565.16,EUR,withdrawal
2930,10/02/2026,IT5678,-1392.11,EUR,withdrawal
2931,22/01/2026,IT8901,3548.17,EUR,deposit
2932,11/02/2026,IT3456,-689.71,EUR,withdrawal
2933,04/01/2026,IT8901,1131.38,EUR,transfer
2934,16/04/2026,IT6789,-950.57,EUR,transfer
2935,31/03/2026,IT1234,-257.94,EUR,transfer
2936,08/04/2026,IT1234,-1013.9,EUR,transfer
2937,10/02/2026,IT2345,-32.68,EUR,withdrawal
2938,24/05/2026,IT3456,4690.77,EUR,deposit
2939,19/05/2026,IT6789,-718.84,EUR,withdrawal
2940,06/03/2026,IT6789,4344.41,EUR,deposit
2941,27/01/2026,IT3456,767.86,EUR,transfer
2942,20/04/2026,IT8901,-868.03,EUR,withdrawal
2943,06/02/2026,IT2345,-438.84,EUR,transfer
2944,25/02/2026,IT6789,-496.58,EUR,withdrawal
2945,26/01/2026,IT3456,-325.58,EUR,withdrawal
2946,25/01/2026,IT6789,-1697.17,EUR,withdrawal
2947,12/04/2026,IT8901,-1092.47,EUR,transfer
2948,17/01/2026,IT8901,,EUR,transfer
2949,17/05/2026,IT7890,-786.32,EUR,transfer
2950,16/05/2026,IT5678,1963.84,EUR,deposit
2951,03/03/2026,IT3456,3595.72,EUR,deposit
2952,03/05/2026,IT6789,1194.03,EUR,transfer
2953,27/03/2026,IT4567,-1883.68,EUR,withdrawal
2954,24/03/2026,IT1234,2613.89,EUR,deposit
2955,08/01/2026,IT2345,3972.67,EUR,deposit
2956,22/02/2026,IT2345,-376.54,EUR,withdrawal
2957,08/04/2026,IT6789,80.29,EUR,transfer
2958,28/04/2026,IT6789,1257.54,EUR,deposit
2959,20/04/2026,IT4567,-300.37,EUR,withdrawal
2960,22/05/2026,IT8901,4150.58,EUR,deposit
2961,21/01/2026,IT6789,-514.99,EUR,withdrawal
2962,02/03/2026,IT8901,2079.16,EUR,deposit
2963,17/04/2026,IT6789,-408.7,EUR,withdrawal
2964,05/02/2026,IT4567,-1524.15,EUR,withdrawal
2965,26/02/2026,IT3456,-1117.34,EUR,withdrawal
2966,31/01/2026,IT8901,2370.92,EUR,deposit
2967,01/03/2026,IT4567,3474.73,EUR,deposit
2968,29/05/2026,IT6789,1870.21,EUR,deposit
2969,22/03/2026,IT8901,1314.24,EUR,transfer
2970,24/05/2026,IT6789,-111.43,EUR,transfer
2971,07/03/2026,IT8901,-622.34,EUR,transfer
2972,02/05/2026,IT2345,108.03,EUR,transfer
2973,08/02/2026,IT7890,645.58,EUR,transfer
2974,17/01/2026,IT8901,-164.98,EUR,withdrawal
2975,25/01/2026,IT4567,462.31,EUR,deposit
2976,04/03/2026,IT8901,1118.99,EUR,transfer
2977,14/03/2026,IT4567,1271.66,EUR,deposit
2978,07/05/2026,IT4567,149.0,EUR,deposit
2979,30/05/2026,IT7890,2136.39,EUR,deposit
2980,03/01/2026,IT3456,879.8,EUR,transfer
2981,04/03/2026,IT2345,2246.72,EUR,deposit
2982,06/03/2026,IT2345,1864.76,EUR,deposit
2983,08/04/2026,IT2345,-1253.33,EUR,withdrawal
2984,20/04/2026,IT4567,-723.09,EUR,transfer
2985,05/02/2026,IT5678,-434.43,EUR,withdrawal
2986,01/04/2026,IT5678,-610.59,EUR,withdrawal
2987,20/05/2026,IT4567,3110.26,EUR,deposit
2988,23/02/2026,IT5678,-1234.21,EUR,transfer
2989,14/05/2026,IT6789,836.15,EUR,deposit
2990,25/05/2026,IT1234,-790.32,EUR,withdrawal
2991,14/05/2026,IT3456,1292.96,EUR,transfer
2992,24/02/2026,IT6789,-1440.05,EUR,withdrawal
2993,14/02/2026,IT7890,4511.27,EUR,deposit
2994,18/02/2026,IT8901,800.61,EUR,deposit
2995,01/04/2026,IT1234,1298.97,EUR,transfer
2996,28/04/2026,IT3456,230.96,EUR,transfer
2997,26/01/2026,IT5678,-467.81,EUR,withdrawal
2998,05/03/2026,IT4567,-1492.38,EUR,transfer
2999,22/01/2026,IT4567,984.91,EUR,deposit
3000,22/03/2026,IT3456,4966.89,EUR,deposit
3001,19/01/2026,IT8901,1612.11,EUR,deposit
3002,16/01/2026,IT8901,282.9,EUR,transfer
3003,27/04/2026,IT1234,1215.56,EUR,transfer
3004,10/02/2026,IT8901,1627.95,EUR,deposit
3005,09/04/2026,IT5678,436.55,EUR,deposit
3006,22/05/2026,IT3456,3220.11,EUR,deposit
3007,27/02/2026,IT4567,-932.95,EUR,transfer
3008,01/02/2026,IT6789,3731.56,EUR,deposit
3009,18/01/2026,IT1234,4224.63,EUR,deposit
3010,26/03/2026,IT8901,-164.71,EUR,transfer
3011,17/03/2026,IT2345,-1252.63,EUR,transfer
3012,13/01/2026,IT4567,-57.49,EUR,withdrawal
3013,03/01/2026,IT7890,4443.54,EUR,deposit
3014,18/05/2026,IT2345,1393.94,EUR,transfer
3015,16/05/2026,IT4567,3699.85,EUR,deposit
3016,22/03/2026,IT6789,2944.83,EUR,deposit
3017,01/03/2026,IT3456,1923.7,EUR,deposit
3018,13/03/2026,IT1234,1006.36,EUR,deposit
3019,27/04/2026,IT7890,-813.83,EUR,transfer
3020,28/05/2026,IT6789,-306.8,EUR,transfer
3021,03/04/2026,IT1234,,EUR,deposit
3022,09/03/2026,IT2345,-969.43,EUR,transfer
3023,27/05/2026,IT7890,2131.37,EUR,deposit
3024,27/01/2026,IT1234,314.19,EUR,transfer
3025,11/05/2026,IT8901,586.61,EUR,deposit
3026,30/03/2026,IT1234,-1929.53,EUR,withdrawal
3027,20/02/2026,IT7890,-282.86,EUR,withdrawal
3028,12/03/2026,IT4567,-1943.62,EUR,withdrawal
3029,25/04/2026,IT3456,-788.95,EUR,withdrawal
3030,19/02/2026,IT6789,-1862.14,EUR,withdrawal
3031,10/04/2026,IT3456,-1755.46,EUR,withdrawal
3032,28/03/2026,IT4567,3834.95,EUR,deposit
3033,10/05/2026,IT7890,2255.5,EUR,deposit
3034,05/03/2026,IT1234,2038.65,EUR,deposit
3035,28/04/2026,IT5678,2223.23,EUR,deposit
3036,17/05/2026,IT5678,-838.8,EUR,withdrawal
3037,15/03/2026,IT4567,-683.48,EUR,withdrawal
3038,24/05/2026,IT5678,1230.93,EUR,transfer
3039,11/01/2026,IT8901,2121.09,EUR,deposit
3040,03/03/2026,IT3456,443.58,EUR,deposit
3041,19/02/2026,IT7890,-1919.56,EUR,withdrawal
3042,10/03/2026,IT3456,600.14,EUR,deposit
3043,29/04/2026,IT7890,3450.97,EUR,deposit
3044,04/03/2026,IT4567,801.69,EUR,transfer
3045,05/03/2026,IT3456,-690.69,EUR,withdrawal
3046,03/02/2026,IT2345,548.05,EUR,deposit
3047,09/04/2026,IT2345,-691.36,EUR,transfer
3048,22/03/2026,IT1234,-618.34,EUR,transfer
3049,22/03/2026,IT3456,292.34,EUR,transfer
3050,02/05/2026,IT7890,-340.1,EUR,transfer
3051,12/01/2026,IT2345,-544.52,EUR,transfer
3052,26/05/2026,IT3456,-1691.43,EUR,withdrawal
3053,26/01/2026,IT7890,-1569.92,EUR,withdrawal
3054,06/05/2026,IT5678,-1718.3,EUR,withdrawal
3055,27/02/2026,IT5678,4570.07,EUR,deposit
3056,27/03/2026,IT6789,3860.41,EUR,deposit
3057,28/01/2026,IT3456,-1346.78,EUR,transfer
3058,05/03/2026,IT7890,-1894.78,EUR,withdrawal
3059,02/03/2026,IT2345,-1496.93,EUR,withdrawal
3060,03/04/2026,IT6789,-894.59,EUR,transfer
3061,21/05/2026,IT4567,3935.17,EUR,deposit
3062,18/02/2026,IT8901,-826.69,EUR,transfer
3063,,IT7890,23%02))12,EUR,deposit
3064,09/04/2026,IT4567,976.9,EUR,deposit
3065,17/01/2026,IT2345,-1553.6,EUR,withdrawal
3066,18/05/2026,IT7890,-1774.32,EUR,withdrawal
3067,11/05/2026,IT8901,-861.18,EUR,withdrawal
3068,13/03/2026,IT8901,1465.74,EUR,transfer
3069,06/02/2026,IT3456,-1301.2,EUR,transfer
3070,14/05/2026,IT3456,1294.53,EUR,transfer
3071,24/01/2026,IT3456,856.4,EUR,transfer
3072,03/01/2026,IT1234,411.38,EUR,transfer
3073,01/01/2026,IT3456,-810.99,EUR,transfer
3074,16/01/2026,IT8901,-631.25,EUR,withdrawal
3075,16/01/2026,IT8901,-893.66,EUR,transfer
3076,04/03/2026,IT4567,-277.61,EUR,transfer
3077,12/04/2026,IT3456,4769.0,EUR,deposit
3078,02/04/2026,IT5678,-1061.69,EUR,withdrawal
3079,27/02/2026,IT1234,-1191.3,EUR,withdrawal
3080,12/04/2026,IT8901,99.32,EUR,deposit
3081,17/04/2026,IT5678,-1298.91,EUR,withdrawal
3082,14/01/2026,IT5678,4189.21,EUR,deposit
3083,12/05/2026,IT6789,1856.22,EUR,deposit
3084,19/03/2026,IT1234,338.54,EUR,deposit
3085,06/04/2026,IT2345,-1897.71,EUR,withdrawal
3086,10/05/2026,IT3456,2095.83,EUR,deposit
3087,24/02/2026,IT6789,1951.91,EUR,deposit
3088,25/04/2026,IT2345,1421.28,EUR,deposit
3089,29/03/2026,IT4567,186.35,EUR,transfer
3090,26/01/2026,IT6789,-1224.26,EUR,withdrawal
3091,26/01/2026,IT3456,-1929.11,EUR,withdrawal
3092,09/01/2026,IT5678,-1034.87,EUR,withdrawal
3093,13/02/2026,IT6789,-977.07,EUR,transfer
3094,14/02/2026,IT8901,979.25,EUR,deposit
3095,27/05/2026,IT8901,990.48,EUR,transfer
3096,06/04/2026,IT8901,1044.12,EUR,transfer
3097,18/02/2026,IT5678,4704.42,EUR,deposit
3098,13/05/2026,IT1234,-1343.67,EUR,withdrawal
3099,06/02/2026,IT8901,630.88,EUR,deposit
3100,16/04/2026,IT1234,-1773.78,EUR,withdrawal
3101,25/03/2026,IT4567,-707.8,EUR,transfer
3102,24/02/2026,IT7890,515.82,EUR,deposit
3103,17/04/2026,IT5678,-453.06,EUR,transfer
3104,08/04/2026,IT8901,-570.99,EUR,transfer
3105,06/01/2026,IT3456,978.03,EUR,transfer
3106,24/05/2026,IT3456,728.96,EUR,transfer
3107,16/03/2026,IT5678,605.3,EUR,deposit
3108,18/03/2026,IT3456,2990.08,EUR,deposit
3109,24/04/2026,IT1234,3378.37,EUR,deposit
3110,10/01/2026,IT5678,-133.56,EUR,withdrawal
3111,08/05/2026,IT2345,-26.65,EUR,withdrawal
3112,24/02/2026,IT4567,-1339.36,EUR,withdrawal
3113,24/02/2026,IT1234,224.16,EUR,transfer
3114,10/05/2026,IT7890,-534.96,EUR,transfer
3115,17/01/2026,IT5678,1445.44,EUR,deposit
3116,20/02/2026,IT6789,-1468.94,EUR,withdrawal
3117,17/05/2026,IT7890,3712.95,EUR,deposit
3118,07/03/2026,IT6789,-1359.02,EUR,withdrawal
3119,01/04/2026,IT2345,-1488.84,EUR,withdrawal
3120,10/01/2026,IT6789,4331.37,EUR,deposit
3121,17/04/2026,IT1234,717.03,EUR,transfer
3122,01/01/2026,IT5678,1616.14,EUR,deposit
3123,26/02/2026,IT1234,-1070.22,EUR,withdrawal
3124,01/01/1750,IT8901,631.93,EUR,deposit
3125,06/01/2026,IT5678,-384.11,EUR,withdrawal
3126,07/01/2026,IT4567,346.32,EUR,deposit
3127,10/02/2026,IT5678,4395.8,EUR,deposit
3128,25/03/2026,IT6789,1307.2,EUR,deposit
3129,24/01/2026,IT3456,1886.02,EUR,deposit
3130,01/04/2026,IT1234,-759.23,EUR,withdrawal
3131,16/03/2026,IT6789,-502.93,EUR,withdrawal
3132,30/04/2026,IT4567,-146.83,EUR,withdrawal
3133,19/04/2026,IT2345,733.31,EUR,transfer
3134,24/04/2026,IT3456,-1259.06,EUR,withdrawal
3135,12/04/2026,IT2345,2724.67,EUR,deposit
3136,03/01/2026,IT2345,-683.33,EUR,transfer
3137,19/03/2026,IT8901,-1573.15,EUR,withdrawal
3138,29/05/2026,IT1234,-1197.2,EUR,withdrawal
3139,31/05/2026,IT8901,-1225.51,EUR,withdrawal
3140,15/04/2026,IT2345,782.65,EUR,transfer
3141,30/01/2026,IT1234,1375.3,EUR,deposit
3142,08/02/2026,IT8901,4865.13,EUR,deposit
3143,19/05/2026,IT2345,-1984.74,EUR,withdrawal
3144,02/03/2026,IT1234,548.25,EUR,transfer
3145,20/05/2026,IT2345,-681.1,EUR,withdrawal
3146,,IT2345,120.25,EUR,transfer
3147,21/01/2026,IT8901,-511.54,EUR,withdrawal
3148,09/04/2026,IT6789,-1187.69,EUR,transfer
3149,19/03/2026,IT2345,-671.8,EUR,withdrawal
3150,30/05/2026,IT2345,4396.78,EUR,deposit
3151,24/02/2026,IT1234,-1342.88,EUR,withdrawal
3152,09/02/2026,IT8901,-469.05,EUR,transfer
3153,18/02/2026,IT2345,864.43,EUR,deposit
3154,24/03/2026,IT1234,-1828.44,EUR,withdrawal
3155,25/02/2026,IT7890,1013.73,EUR,deposit
3156,25/05/2026,IT4567,-867.54,EUR,withdrawal
3157,12/05/2026,IT7890,2120.65,EUR,deposit
3158,09/04/2026,IT7890,-585.22,EUR,withdrawal
3159,29/03/2026,IT8901,4212.94,EUR,deposit
3160,02/01/2026,IT7890,3482.98,EUR,deposit
3161,10/05/2026,IT3456,-1830.81,EUR,withdrawal
3162,12/01/2026,IT7890,23%02))12,EUR,transfer
3163,12/05/2026,IT6789,-1952.28,EUR,withdrawal
3164,28/02/2026,IT8901,-536.54,EUR,transfer
3165,20/02/2026,IT8901,-1610.83,EUR,withdrawal
3166,28/04/2026,IT8901,-1323.07,EUR,withdrawal
3167,07/02/2026,IT8901,-609.32,EUR,withdrawal
3168,22/04/2026,IT2345,4288.08,EUR,deposit
3169,08/03/2026,IT4567,903.17,EUR,transfer
3170,11/04/2026,IT1234,1735.63,EUR,deposit
3171,13/02/2026,IT3456,930.82,EUR,transfer
3172,12/02/2026,IT6789,1107.91,EUR,transfer
3173,24/03/2026,IT4567,660.36,EUR,transfer
3174,08/04/2026,IT1234,1294.77,EUR,transfer
3175,05/03/2026,IT4567,-1793.25,EUR,withdrawal
3176,08/02/2026,IT8901,-978.36,EUR,withdrawal
3177,23/03/2026,IT8901,-123.75,EUR,transfer
3178,05/04/2026,IT7890,-905.42,EUR,transfer
3179,04/02/2026,IT4567,199.7,EUR,transfer
3180,05/04/2026,IT3456,-516.79,EUR,withdrawal
3181,04/03/2026,IT5678,-1337.59,EUR,withdrawal
3182,05/03/2026,IT6789,-549.31,EUR,withdrawal
3183,24/05/2026,IT5678,-1224.71,EUR,withdrawal
3184,25/03/2026,IT2345,1653.21,EUR,deposit
3185,19/05/2026,IT2345,4727.86,EUR,deposit
3186,04/05/2026,IT6789,-1929.23,EUR,withdrawal
3187,18/02/2026,IT3456,-361.86,EUR,withdrawal
3188,,IT7890,923.82,EUR,transfer
3189,22/01/2026,IT8901,4527.79,EUR,deposit
3190,22/02/2026,IT7890,523.7,EUR,transfer
3191,05/05/2026,IT5678,-872.34,EUR,withdrawal
3192,27/03/2026,IT7890,-1507.53,EUR,withdrawal
3193,31/01/2026,IT7890,96.09,EUR,transfer
3194,19/03/2026,IT4567,-984.55,EUR,transfer
3195,16/01/2026,IT2345,-1418.73,EUR,withdrawal
3196,14/03/2026,IT4567,923.76,EUR,deposit
3197,11/05/2026,IT6789,4933.75,EUR,deposit
3198,22/03/2026,IT4567,4690.3,EUR,deposit
3199,23/04/2026,IT4567,622.0,EUR,transfer
3200,,IT1234,-413.84,EUR,withdrawal
3201,10/02/2026,IT7890,-1605.61,EUR,withdrawal
3202,11/05/2026,IT2345,2453.74,EUR,deposit
3203,21/04/2026,IT3456,-1281.98,EUR,transfer
3204,05/01/2026,IT6789,-706.45,EUR,withdrawal
3205,26/01/2026,IT3456,-29.16,EUR,transfer
3206,01/01/2026,IT3456,950.27,EUR,transfer
3207,29/03/2026,IT1234,859.83,EUR,transfer
3208,20/02/2026,IT6789,4321.74,EUR,deposit
3209,30/01/2026,IT1234,-403.05,EUR,withdrawal
3210,21/04/2026,IT8901,69.3,EUR,transfer
3211,14/01/2026,IT4567,-797.8,EUR,withdrawal
3212,09/01/2026,IT6789,740.13,EUR,deposit
3213,01/01/1750,IT8901,-363.07,EUR,withdrawal
3214,11/03/2026,IT8901,532.27,EUR,transfer
3215,24/04/2026,IT6789,2507.99,EUR,deposit
3216,25/02/2026,IT3456,-507.76,EUR,transfer
3217,24/03/2026,IT2345,-749.29,EUR,transfer
3218,21/04/2026,IT2345,4567.09,EUR,deposit
3219,29/05/2026,IT1234,1061.4,EUR,transfer
3220,22/04/2026,IT6789,4075.12,EUR,deposit
3221,12/02/2026,IT7890,4550.82,EUR,deposit
3222,30/04/2026,IT2345,85.07,EUR,deposit
3223,04/03/2026,IT3456,-1148.51,EUR,transfer
3224,25/04/2026,IT2345,-977.31,EUR,withdrawal
3225,09/04/2026,IT6789,952.68,EUR,deposit
3226,21/05/2026,IT2345,2264.92,EUR,deposit
3227,02/03/2026,IT2345,617.88,EUR,transfer
3228,08/03/2026,IT7890,-999.91,EUR,transfer
3229,26/01/2026,IT4567,-1827.97,EUR,withdrawal
3230,07/03/2026,IT4567,-613.05,EUR,transfer
3231,03/04/2026,IT3456,-1564.49,EUR,withdrawal
3232,02/04/2026,IT8901,116.68,EUR,transfer
3233,12/05/2026,IT5678,1175.04,EUR,transfer
3234,08/04/2026,IT1234,3146.18,EUR,deposit
3235,18/04/2026,IT8901,-386.15,EUR,withdrawal
3236,17/05/2026,IT2345,-1452.88,EUR,transfer
3237,07/05/2026,IT8901,4918.52,EUR,deposit
3238,22/04/2026,IT7890,-647.96,EUR,withdrawal
3239,04/02/2026,IT6789,365.01,EUR,deposit
3240,17/02/2026,IT3456,-558.36,EUR,withdrawal
3241,13/01/2026,IT7890,3966.33,EUR,deposit
3242,09/03/2026,IT8901,-730.13,EUR,transfer
3243,09/01/2026,IT8901,1265.07,EUR,deposit
3244,24/02/2026,IT4567,-1402.74,EUR,withdrawal
3245,09/04/2026,IT8901,4362.63,EUR,deposit
3246,21/05/2026,IT7890,633.84,EUR,deposit
3247,10/04/2026,IT2345,1002.01,EUR,transfer
3248,26/05/2026,IT5678,-416.02,EUR,withdrawal
3249,28/02/2026,IT6789,3626.37,EUR,deposit
3250,10/02/2026,IT5678,-1401.6,EUR,transfer
3251,23/05/2026,IT5678,4826.04,EUR,deposit
3252,28/04/2026,IT7890,-644.05,EUR,withdrawal
3253,04/05/2026,IT5678,-781.63,EUR,transfer
3254,26/04/2026,IT6789,-499.62,EUR,transfer
3255,03/03/2026,IT3456,-1046.12,EUR,withdrawal
3256,12/03/2026,IT7890,1455.21,EUR,transfer
3257,19/05/2026,IT3456,-1870.92,EUR,withdrawal
3258,11/04/2026,IT2345,3813.18,EUR,deposit
3259,06/05/2026,IT4567,-611.32,EUR,transfer
3260,10/03/2026,IT4567,-226.67,EUR,withdrawal
3261,23/04/2026,IT1234,284.02,EUR,deposit
3262,05/02/2026,IT3456,-1287.37,EUR,transfer
3263,19/05/2026,IT1234,-1782.79,EUR,withdrawal
3264,01/04/2026,IT5678,-845.18,EUR,withdrawal
3265,19/01/2026,IT2345,208.7,EUR,transfer
3266,08/01/2026,IT7890,668.87,EUR,transfer
3267,22/05/2026,IT1234,23%02))12,EUR,withdrawal
3268,29/04/2026,IT3456,2805.09,EUR,deposit
3269,26/05/2026,IT6789,-1933.44,EUR,withdrawal
3270,15/02/2026,IT8901,997.64,EUR,transfer
3271,30/04/2026,IT2345,-1803.53,EUR,withdrawal
3272,05/02/2026,IT7890,23%02))12,EUR,deposit
3273,11/03/2026,IT6789,-934.45,EUR,transfer
3274,17/03/2026,IT5678,-1291.61,EUR,withdrawal
3275,23/03/2026,IT6789,1080.41,EUR,transfer
3276,,IT3456,-1356.06,EUR,withdrawal
3277,24/03/2026,IT8901,-63.02,EUR,withdrawal
3278,25/02/2026,IT5678,2577.59,EUR,deposit
3279,01/04/2026,IT4567,-1929.97,EUR,withdrawal
3280,12/01/2026,IT8901,364.88,EUR,transfer
3281,17/04/2026,IT7890,-719.89,EUR,withdrawal
3282,27/01/2026,IT4567,1250.54,EUR,transfer
3283,04/05/2026,IT5678,-488.04,EUR,withdrawal
3284,10/02/2026,IT4567,-345.5,EUR,withdrawal
3285,05/05/2026,IT8901,955.25,EUR,transfer
3286,20/04/2026,IT4567,-1030.98,EUR,transfer
3287,20/02/2026,IT1234,-892.49,EUR,withdrawal
3288,22/05/2026,IT1234,1149.77,EUR,transfer
3289,01/01/2026,IT6789,-132.19,EUR,withdrawal
3290,09/05/2026,IT3456,-884.9,EUR,withdrawal
3291,02/01/2026,IT4567,848.18,EUR,deposit
3292,13/02/2026,IT1234,-1936.61,EUR,withdrawal
3293,30/04/2026,IT5678,1302.57,EUR,transfer
3294,27/01/2026,IT4567,2581.15,EUR,deposit
3295,21/05/2026,IT3456,-720.08,EUR,withdrawal
3296,19/04/2026,IT8901,-1017.27,EUR,transfer
3297,05/05/2026,IT4567,3872.45,EUR,deposit
3298,17/02/2026,IT6789,3571.19,EUR,deposit
3299,12/01/2026,IT3456,-1289.41,EUR,withdrawal
3300,,IT6789,1074.3,EUR,transfer
3301,18/03/2026,IT1234,-1987.45,EUR,withdrawal
3302,25/05/2026,IT5678,3003.93,EUR,deposit
3303,01/01/1750,IT4567,-1187.73,EUR,withdrawal
3304,14/03/2026,IT1234,-1898.64,EUR,withdrawal
3305,14/04/2026,IT7890,-627.84,EUR,withdrawal
3306,22/03/2026,IT3456,-1901.6,EUR,withdrawal
3307,14/03/2026,IT5678,858.66,EUR,deposit
3308,05/03/2026,IT4567,-1339.87,EUR,withdrawal
3309,10/01/2026,IT7890,3266.9,EUR,deposit
3310,14/02/2026,IT7890,-1812.15,EUR,withdrawal
3311,12/03/2026,IT6789,4128.79,EUR,deposit
3312,18/05/2026,IT4567,4643.57,EUR,deposit
3313,12/02/2026,IT4567,175.55,EUR,transfer
3314,07/03/2026,IT4567,-1096.16,EUR,transfer
3315,23/02/2026,IT1234,802.85,EUR,deposit
3316,11/05/2026,IT4567,-653.51,EUR,transfer
3317,31/05/2026,IT2345,-1144.08,EUR,transfer
3318,08/04/2026,IT1234,3052.68,EUR,deposit
3319,29/04/2026,IT7890,-1700.13,EUR,withdrawal
3320,23/03/2026,IT5678,1096.55,EUR,transfer
3321,17/04/2026,IT5678,46.14,EUR,transfer
3322,23/03/2026,IT7890,2392.06,EUR,deposit
3323,25/05/2026,IT2345,-1440.06,EUR,withdrawal
3324,31/05/2026,IT8901,1451.69,EUR,transfer
3325,16/01/2026,IT4567,3546.61,EUR,deposit
3326,24/02/2026,IT1234,1538.94,EUR,deposit
3327,27/05/2026,IT4567,-1110.44,EUR,withdrawal
3328,15/05/2026,IT6789,-777.0,EUR,withdrawal
3329,06/02/2026,IT5678,-1560.43,EUR,withdrawal
3330,11/02/2026,IT3456,-1670.17,EUR,withdrawal
3331,25/03/2026,IT3456,616.86,EUR,transfer
3332,16/03/2026,IT6789,-310.64,EUR,withdrawal
3333,20/02/2026,IT6789,-692.51,EUR,withdrawal
3334,19/05/2026,IT7890,284.0,EUR,transfer
3335,18/03/2026,IT5678,-1181.69,EUR,transfer
3336,01/04/2026,IT3456,2111.83,EUR,deposit
3337,20/03/2026,IT8901,-1864.42,EUR,withdrawal
3338,12/01/2026,IT5678,-104.79,EUR,transfer
3339,11/05/2026,IT1234,1817.19,EUR,deposit
3340,20/04/2026,IT6789,238.4,EUR,transfer
3341,10/03/2026,IT8901,-1955.2,EUR,withdrawal
3342,22/04/2026,IT4567,-532.09,EUR,transfer
3343,14/02/2026,IT1234,-1123.68,EUR,transfer
3344,31/01/2026,IT6789,409.52,EUR,transfer
3345,18/01/2026,IT7890,-893.39,EUR,transfer
3346,13/04/2026,IT1234,-1420.41,EUR,withdrawal
3347,09/03/2026,IT4567,658.67,EUR,deposit
3348,12/01/2026,IT6789,313.92,EUR,deposit
3349,15/01/2026,IT1234,315.56,EUR,deposit
3350,05/02/2026,IT2345,1030.9,EUR,deposit
3351,15/03/2026,IT1234,3587.59,EUR,deposit
3352,09/01/2026,IT3456,-1671.9,EUR,withdrawal
3353,27/05/2026,IT2345,-1449.64,EUR,withdrawal
3354,02/03/2026,IT1234,-1902.32,EUR,withdrawal
3355,09/02/2026,IT3456,343.02,EUR,transfer
3356,01/01/2026,IT3456,-1106.25,EUR,transfer
3357,16/04/2026,IT7890,460.46,EUR,transfer
3358,05/05/2026,IT1234,2142.98,EUR,deposit
3359,23/01/2026,IT3456,-1594.57,EUR,withdrawal
3360,06/02/2026,IT3456,1897.55,EUR,deposit
3361,22/01/2026,IT8901,-682.55,EUR,withdrawal
3362,02/01/2026,IT4567,-440.88,EUR,withdrawal
3363,07/01/2026,IT2345,,EUR,withdrawal
3364,25/05/2026,IT5678,-1304.43,EUR,transfer
3365,26/01/2026,IT8901,-1202.03,EUR,transfer
3366,01/01/1750,IT1234,-1590.87,EUR,withdrawal
3367,31/03/2026,IT6789,-1959.0,EUR,withdrawal
3368,10/03/2026,IT7890,1139.1,EUR,transfer
3369,20/05/2026,IT5678,-128.3,EUR,withdrawal
3370,10/03/2026,IT1234,1153.41,EUR,transfer
3371,12/02/2026,IT2345,-1895.21,EUR,withdrawal
3372,02/04/2026,IT5678,-715.87,EUR,transfer
3373,12/01/2026,IT6789,2217.56,EUR,deposit
3374,29/01/2026,IT7890,-593.13,EUR,withdrawal
3375,07/05/2026,IT1234,-268.55,EUR,withdrawal
3376,24/04/2026,IT5678,-721.0,EUR,transfer
3377,30/04/2026,IT4567,-604.93,EUR,withdrawal
3378,01/02/2026,IT1234,-1190.01,EUR,withdrawal
3379,01/01/1750,IT1234,404.1,EUR,transfer
3380,03/03/2026,IT7890,4904.99,EUR,deposit
3381,27/05/2026,IT7890,928.31,EUR,transfer
3382,06/03/2026,IT1234,3928.37,EUR,deposit
3383,14/04/2026,IT4567,-533.69,EUR,transfer
3384,14/03/2026,IT4567,-307.01,EUR,withdrawal
3385,17/01/2026,IT5678,-1637.12,EUR,withdrawal
3386,10/05/2026,IT7890,-283.17,EUR,transfer
3387,28/05/2026,IT4567,-475.61,EUR,transfer
3388,01/01/2026,IT6789,248.21,EUR,deposit
3389,24/05/2026,IT4567,4136.98,EUR,deposit
3390,04/01/2026,IT4567,-840.64,EUR,withdrawal
3391,07/04/2026,IT4567,-537.1,EUR,withdrawal
3392,06/03/2026,IT2345,-742.58,EUR,withdrawal
3393,10/02/2026,IT6789,-1391.44,EUR,transfer
3394,10/03/2026,IT1234,2321.92,EUR,deposit
3395,15/03/2026,IT1234,-1314.26,EUR,withdrawal
3396,26/01/2026,IT4567,2209.57,EUR,deposit
3397,31/05/2026,IT3456,23%02))12,EUR,transfer
3398,18/02/2026,IT6789,-641.86,EUR,withdrawal
3399,19/03/2026,IT2345,959.17,EUR,transfer
3400,28/05/2026,IT2345,2323.52,EUR,deposit
3401,18/04/2026,IT4567,1629.4,EUR,deposit
3402,04/01/2026,IT6789,434.9,EUR,deposit
3403,20/03/2026,IT1234,-1752.62,EUR,withdrawal
3404,11/02/2026,IT4567,-571.63,EUR,transfer
3405,23/05/2026,IT4567,627.55,EUR,transfer
3406,10/05/2026,IT7890,-426.84,EUR,withdrawal
3407,18/01/2026,IT7890,2704.44,EUR,deposit
3408,18/04/2026,IT6789,137.81,EUR,transfer
3409,02/01/2026,IT2345,-983.85,EUR,withdrawal
3410,09/02/2026,IT6789,1295.88,EUR,transfer
3411,03/03/2026,IT7890,1039.82,EUR,transfer
3412,03/05/2026,IT2345,3848.21,EUR,deposit
3413,13/04/2026,IT2345,-1661.37,EUR,withdrawal
3414,07/03/2026,IT7890,-1438.73,EUR,transfer
3415,31/01/2026,IT4567,1439.22,EUR,transfer
3416,17/03/2026,IT7890,4652.52,EUR,deposit
3417,10/04/2026,IT4567,-307.29,EUR,transfer
3418,02/02/2026,IT1234,1402.92,EUR,deposit
3419,09/02/2026,IT5678,-955.89,EUR,withdrawal
3420,23/03/2026,IT8901,399.78,EUR,transfer
3421,19/05/2026,IT6789,-112.12,EUR,transfer
3422,01/03/2026,IT2345,-650.11,EUR,transfer
3423,06/04/2026,IT2345,-1531.98,EUR,withdrawal
3424,05/05/2026,IT6789,-1052.56,EUR,withdrawal
3425,22/05/2026,IT3456,-121.88,EUR,withdrawal
3426,11/04/2026,IT7890,-1274.63,EUR,transfer
3427,13/05/2026,IT3456,3739.22,EUR,deposit
3428,28/04/2026,IT2345,-187.81,EUR,withdrawal
3429,09/04/2026,IT2345,708.5,EUR,deposit
3430,02/03/2026,IT7890,1627.02,EUR,deposit
3431,08/05/2026,IT3456,1468.67,EUR,transfer
3432,04/05/2026,IT6789,-236.8,EUR,transfer
3433,19/04/2026,IT3456,1197.36,EUR,transfer
3434,01/05/2026,IT6789,1023.58,EUR,deposit
3435,07/01/2026,IT8901,-39.83,EUR,transfer
3436,14/01/2026,IT6789,2925.26,EUR,deposit
3437,02/02/2026,IT1234,3520.67,EUR,deposit
3438,16/01/2026,IT6789,-1472.43,EUR,withdrawal
3439,28/03/2026,IT8901,-1828.65,EUR,withdrawal
3440,12/03/2026,IT4567,-795.92,EUR,withdrawal
3441,04/01/2026,IT1234,3143.34,EUR,deposit
3442,16/01/2026,IT4567,1480.15,EUR,deposit
3443,28/04/2026,IT4567,3131.56,EUR,deposit
3444,22/04/2026,IT8901,3973.63,EUR,deposit
3445,11/02/2026,IT2345,-934.34,EUR,withdrawal
3446,13/01/2026,IT1234,4958.27,EUR,deposit
3447,13/04/2026,IT4567,4352.95,EUR,deposit
3448,15/05/2026,IT6789,-592.43,EUR,transfer
3449,07/01/2026,IT5678,565.73,EUR,transfer
3450,15/02/2026,IT7890,2876.0,EUR,deposit
3451,06/02/2026,IT8901,604.37,EUR,deposit
3452,05/02/2026,IT6789,2782.1,EUR,deposit
3453,14/02/2026,IT5678,-1198.94,EUR,withdrawal
3454,20/02/2026,IT4567,23%02))12,EUR,deposit
3455,25/05/2026,IT7890,1441.22,EUR,transfer
3456,09/01/2026,IT5678,-58.94,EUR,withdrawal
3457,09/01/2026,IT1234,-461.4,EUR,withdrawal
3458,20/02/2026,IT3456,-617.1,EUR,withdrawal
3459,24/02/2026,IT1234,1119.49,EUR,transfer
3460,27/04/2026,IT4567,-899.02,EUR,transfer
3461,11/02/2026,IT2345,-1832.02,EUR,withdrawal
3462,15/04/2026,IT5678,-1200.95,EUR,transfer
3463,03/04/2026,IT7890,4927.22,EUR,deposit
3464,11/04/2026,IT6789,-972.73,EUR,transfer
3465,15/05/2026,IT7890,-1970.21,EUR,withdrawal
3466,27/02/2026,IT7890,23%02))12,EUR,deposit
3467,14/04/2026,IT8901,-984.67,EUR,withdrawal
3468,23/01/2026,IT4567,909.09,EUR,deposit
3469,10/04/2026,IT5678,3834.99,EUR,deposit
3470,12/01/2026,IT6789,-565.32,EUR,transfer
3471,24/04/2026,IT1234,-1386.95,EUR,transfer
3472,24/05/2026,IT8901,1172.03,EUR,transfer
3473,08/03/2026,IT4567,869.4,EUR,deposit
3474,17/04/2026,IT4567,-1790.55,EUR,withdrawal
3475,10/01/2026,IT8901,-483.44,EUR,transfer
3476,26/02/2026,IT3456,863.04,EUR,transfer
3477,23/01/2026,IT7890,1838.47,EUR,deposit
3478,23/01/2026,IT1234,4702.53,EUR,deposit
3479,17/04/2026,IT1234,2619.79,EUR,deposit
3480,26/03/2026,IT4567,1265.9,EUR,transfer
3481,29/03/2026,IT8901,-1474.01,EUR,withdrawal
3482,31/03/2026,IT6789,-418.31,EUR,withdrawal
3483,28/01/2026,IT8901,3576.07,EUR,deposit
3484,06/04/2026,IT6789,4164.57,EUR,deposit
3485,02/05/2026,IT7890,1906.58,EUR,deposit
3486,16/05/2026,IT4567,1119.41,EUR,transfer
3487,18/03/2026,IT6789,-829.42,EUR,transfer
3488,31/05/2026,IT4567,-594.93,EUR,withdrawal
3489,22/02/2026,IT6789,-1195.95,EUR,transfer
3490,24/01/2026,IT1234,73.17,EUR,transfer
3491,25/04/2026,IT5678,-1129.89,EUR,withdrawal
3492,07/03/2026,IT4567,-1944.24,EUR,withdrawal
3493,20/05/2026,IT8901,-1556.34,EUR,withdrawal
3494,04/02/2026,IT2345,-1690.29,EUR,withdrawal
3495,26/05/2026,IT4567,378.62,EUR,transfer
3496,06/04/2026,IT3456,-1127.2,EUR,withdrawal
3497,01/02/2026,IT1234,2806.86,EUR,deposit
3498,13/03/2026,IT5678,-1841.32,EUR,withdrawal
3499,04/05/2026,IT4567,1233.95,EUR,deposit
3500,04/02/2026,IT3456,1950.06,EUR,deposit
3501,05/03/2026,IT7890,667.1,EUR,deposit
3502,18/02/2026,IT6789,1293.21,EUR,transfer
3503,22/05/2026,IT2345,-1386.08,EUR,withdrawal
3504,07/01/2026,IT7890,-68.74,EUR,transfer
3505,08/03/2026,IT7890,2826.43,EUR,deposit
3506,02/01/2026,IT3456,,EUR,withdrawal
3507,13/04/2026,IT6789,-57.63,EUR,transfer
3508,01/02/2026,IT7890,-1208.54,EUR,withdrawal
3509,13/02/2026,IT5678,1927.26,EUR,deposit
3510,12/01/2026,IT7890,-1236.09,EUR,transfer
3511,13/02/2026,IT6789,4385.8,EUR,deposit
3512,19/01/2026,IT2345,-566.98,EUR,withdrawal
3513,02/02/2026,IT7890,2297.57,EUR,deposit
3514,24/01/2026,IT1234,-810.09,EUR,withdrawal
3515,09/04/2026,IT6789,23%02))12,EUR,withdrawal
3516,19/03/2026,IT6789,-773.36,EUR,transfer
3517,05/02/2026,IT8901,-1608.71,EUR,withdrawal
3518,18/04/2026,IT5678,2727.43,EUR,deposit
3519,06/02/2026,IT7890,2065.45,EUR,deposit
3520,02/04/2026,IT1234,1439.97,EUR,transfer
3521,10/01/2026,IT4567,526.54,EUR,deposit
3522,11/02/2026,IT4567,292.77,EUR,transfer
3523,24/04/2026,IT2345,208.66,EUR,transfer
3524,08/04/2026,IT3456,1150.49,EUR,transfer
3525,29/04/2026,IT4567,1171.93,EUR,transfer
3526,16/04/2026,IT1234,23%02))12,EUR,deposit
3527,17/02/2026,IT6789,4666.62,EUR,deposit
3528,12/05/2026,IT8901,67.92,EUR,transfer
3529,09/04/2026,IT3456,537.25,EUR,transfer
3530,27/05/2026,IT8901,-1391.31,EUR,withdrawal
3531,20/02/2026,IT2345,503.48,EUR,transfer
3532,06/02/2026,IT4567,1198.21,EUR,transfer
3533,19/03/2026,IT7890,-684.16,EUR,transfer
3534,16/05/2026,IT8901,4738.76,EUR,deposit
3535,20/05/2026,IT7890,-1338.01,EUR,withdrawal
3536,17/05/2026,IT2345,213.06,EUR,transfer
3537,07/01/2026,IT1234,-173.94,EUR,transfer
3538,,IT8901,2802.09,EUR,deposit
3539,27/04/2026,IT3456,1801.64,EUR,deposit
3540,19/01/2026,IT4567,2637.64,EUR,deposit
3541,16/05/2026,IT6789,1769.38,EUR,deposit
3542,07/04/2026,IT4567,-668.41,EUR,withdrawal
3543,10/01/2026,IT8901,3256.15,EUR,deposit
3544,01/02/2026,IT2345,,EUR,deposit
3545,08/02/2026,IT2345,1595.68,EUR,deposit
3546,20/05/2026,IT3456,-279.52,EUR,withdrawal
3547,21/02/2026,IT6789,-72.49,EUR,withdrawal
3548,06/02/2026,IT3456,853.03,EUR,transfer
3549,30/05/2026,IT6789,-134.53,EUR,withdrawal
3550,20/05/2026,IT5678,-537.08,EUR,transfer
3551,24/01/2026,IT8901,-187.56,EUR,withdrawal
3552,15/05/2026,IT6789,-944.89,EUR,transfer
3553,31/01/2026,IT4567,4223.85,EUR,deposit
3554,05/02/2026,IT2345,1194.55,EUR,deposit
3555,20/03/2026,IT5678,-365.52,EUR,withdrawal
3556,06/02/2026,IT3456,847.78,EUR,transfer
3557,15/01/2026,IT3456,-1974.64,EUR,withdrawal
3558,17/05/2026,IT2345,-1853.34,EUR,withdrawal
3559,09/05/2026,IT2345,-1100.71,EUR,withdrawal
3560,06/02/2026,IT4567,-1582.72,EUR,withdrawal
3561,26/05/2026,IT2345,999.62,EUR,deposit
3562,10/01/2026,IT5678,-533.99,EUR,withdrawal
3563,11/04/2026,IT2345,-1934.04,EUR,withdrawal
3564,21/03/2026,IT1234,466.55,EUR,transfer
3565,08/04/2026,IT5678,158.01,EUR,deposit
3566,26/04/2026,IT7890,,EUR,transfer
3567,13/05/2026,IT1234,1400.61,EUR,transfer
3568,15/04/2026,IT2345,-943.78,EUR,transfer
3569,10/03/2026,IT8901,4819.19,EUR,deposit
3570,08/02/2026,IT2345,-1703.99,EUR,withdrawal
3571,07/03/2026,IT6789,4372.52,EUR,deposit
3572,24/04/2026,IT5678,-70.69,EUR,withdrawal
3573,25/02/2026,IT1234,1955.22,EUR,deposit
3574,28/02/2026,IT8901,1464.54,EUR,transfer
3575,18/05/2026,IT1234,-1085.5,EUR,withdrawal
3576,09/03/2026,IT2345,1505.23,EUR,deposit
3577,17/01/2026,IT7890,3249.7,EUR,deposit
3578,27/01/2026,IT3456,446.29,EUR,transfer
3579,16/05/2026,IT3456,2527.86,EUR,deposit
3580,18/01/2026,IT5678,-1456.58,EUR,transfer
3581,13/04/2026,IT5678,-1222.0,EUR,withdrawal
3582,09/01/2026,IT7890,3429.51,EUR,deposit
3583,12/01/2026,IT2345,-523.18,EUR,withdrawal
3584,03/01/2026,IT7890,2399.53,EUR,deposit
3585,25/01/2026,IT3456,-52.34,EUR,transfer
3586,07/05/2026,IT7890,-1238.21,EUR,withdrawal
3587,01/01/1750,IT3456,-1587.21,EUR,withdrawal
3588,04/01/2026,IT8901,4901.13,EUR,deposit
3589,24/03/2026,IT7890,528.08,EUR,transfer
3590,02/02/2026,IT8901,-51.22,EUR,withdrawal
3591,29/03/2026,IT8901,,EUR,deposit
3592,16/01/2026,IT2345,-1995.83,EUR,withdrawal
3593,23/02/2026,IT8901,593.4,EUR,transfer
3594,28/04/2026,IT5678,-1070.89,EUR,withdrawal
3595,09/02/2026,IT6789,-1012.69,EUR,withdrawal
3596,22/05/2026,IT8901,976.12,EUR,deposit
3597,25/05/2026,IT2345,3670.39,EUR,deposit
3598,04/02/2026,IT8901,-744.47,EUR,transfer
3599,15/01/2026,IT7890,-910.81,EUR,withdrawal
3600,25/04/2026,IT1234,3795.06,EUR,deposit
3601,17/03/2026,IT4567,3818.07,EUR,deposit
3602,20/04/2026,IT7890,1494.12,EUR,deposit
3603,30/01/2026,IT3456,61.32,EUR,transfer
3604,24/04/2026,IT1234,12.83,EUR,transfer
3605,28/03/2026,IT6789,1282.11,EUR,deposit
3606,13/05/2026,IT1234,4245.21,EUR,deposit
3607,11/02/2026,IT7890,3393.36,EUR,deposit
3608,16/05/2026,IT3456,-476.11,EUR,withdrawal
3609,25/05/2026,IT8901,-1656.08,EUR,withdrawal
3610,29/01/2026,IT6789,-713.0,EUR,withdrawal
3611,11/03/2026,IT5678,2424.62,EUR,deposit
3612,05/05/2026,IT8901,2651.76,EUR,deposit
3613,22/05/2026,IT8901,982.57,EUR,deposit
3614,26/05/2026,IT2345,1182.99,EUR,transfer
3615,06/04/2026,IT8901,880.27,EUR,transfer
3616,25/01/2026,IT6789,119.66,EUR,transfer
3617,,IT4567,23%02))12,EUR,transfer
3618,22/02/2026,IT6789,-618.72,EUR,withdrawal
3619,03/04/2026,IT1234,-1086.45,EUR,withdrawal
3620,24/01/2026,IT7890,-604.5,EUR,withdrawal
3621,12/02/2026,IT7890,23%02))12,EUR,transfer
3622,27/02/2026,IT2345,2413.5,EUR,deposit
3623,17/01/2026,IT2345,-489.34,EUR,transfer
3624,27/04/2026,IT5678,-581.64,EUR,transfer
3625,12/03/2026,IT7890,1317.0,EUR,deposit
3626,31/01/2026,IT6789,1261.7,EUR,transfer
3627,23/05/2026,IT8901,1028.25,EUR,transfer
3628,28/01/2026,IT5678,-1900.96,EUR,withdrawal
3629,14/01/2026,IT4567,772.07,EUR,transfer
3630,21/01/2026,IT3456,-957.48,EUR,transfer
3631,10/02/2026,IT8901,999.75,EUR,deposit
3632,11/04/2026,IT7890,-1679.34,EUR,withdrawal
3633,16/03/2026,IT2345,4745.19,EUR,deposit
3634,20/04/2026,IT8901,3564.97,EUR,deposit
3635,06/05/2026,IT7890,-711.53,EUR,transfer
3636,20/05/2026,IT4567,-1853.82,EUR,withdrawal
3637,03/05/2026,IT1234,,EUR,deposit
3638,04/03/2026,IT2345,-446.92,EUR,withdrawal
3639,24/04/2026,IT6789,3497.4,EUR,deposit
3640,02/03/2026,IT8901,-96.18,EUR,withdrawal
3641,03/01/2026,IT7890,-1723.56,EUR,withdrawal
3642,07/01/2026,IT7890,3901.47,EUR,deposit
3643,05/01/2026,IT8901,737.97,EUR,deposit
3644,15/05/2026,IT4567,836.27,EUR,transfer
3645,17/05/2026,IT1234,-206.67,EUR,withdrawal
3646,14/01/2026,IT8901,-1449.42,EUR,withdrawal
3647,01/03/2026,IT4567,2458.14,EUR,deposit
3648,26/03/2026,IT4567,4689.81,EUR,deposit
3649,09/01/2026,IT2345,-1094.93,EUR,withdrawal
3650,23/01/2026,IT7890,-1289.01,EUR,transfer
3651,18/04/2026,IT4567,2395.77,EUR,deposit
3652,15/04/2026,IT6789,-332.39,EUR,withdrawal
3653,12/04/2026,IT4567,-1143.31,EUR,withdrawal
3654,07/03/2026,IT2345,-329.71,EUR,withdrawal
3655,08/02/2026,IT8901,1285.35,EUR,transfer
3656,11/04/2026,IT4567,-226.8,EUR,transfer
3657,30/04/2026,IT3456,1353.4,EUR,deposit
3658,04/05/2026,IT2345,-1192.13,EUR,withdrawal
3659,21/02/2026,IT4567,-614.77,EUR,withdrawal
3660,13/01/2026,IT6789,-951.27,EUR,withdrawal
3661,10/02/2026,IT8901,-449.91,EUR,withdrawal
3662,07/01/2026,IT3456,-262.16,EUR,transfer
3663,28/01/2026,IT3456,4392.04,EUR,deposit
3664,06/03/2026,IT6789,3038.29,EUR,deposit
3665,21/03/2026,IT8901,-200.29,EUR,transfer
3666,01/01/1750,IT3456,-513.68,EUR,transfer
3667,08/05/2026,IT6789,-449.11,EUR,withdrawal
3668,04/03/2026,IT3456,1063.57,EUR,transfer
3669,30/04/2026,IT7890,-14.65,EUR,transfer
3670,24/05/2026,IT1234,2141.92,EUR,deposit
3671,15/01/2026,IT1234,2503.12,EUR,deposit
3672,16/05/2026,IT8901,424.93,EUR,deposit
3673,06/02/2026,IT6789,-757.53,EUR,transfer
3674,09/02/2026,IT2345,-401.88,EUR,withdrawal
3675,12/02/2026,IT3456,-251.71,EUR,transfer
3676,13/04/2026,IT2345,1082.26,EUR,transfer
3677,22/04/2026,IT1234,-1516.47,EUR,withdrawal
3678,24/05/2026,IT5678,-391.49,EUR,transfer
3679,01/01/1750,IT8901,4844.71,EUR,deposit
3680,02/05/2026,IT1234,-514.64,EUR,withdrawal
3681,27/03/2026,IT8901,-655.28,EUR,withdrawal
3682,11/04/2026,IT8901,-1273.99,EUR,withdrawal
3683,24/02/2026,IT3456,-204.9,EUR,transfer
3684,28/05/2026,IT7890,-763.25,EUR,transfer
3685,17/02/2026,IT4567,-262.82,EUR,transfer
3686,23/04/2026,IT2345,47.32,EUR,transfer
3687,25/04/2026,IT5678,378.04,EUR,deposit
3688,11/01/2026,IT4567,-332.94,EUR,withdrawal
3689,03/01/2026,IT3456,53.73,EUR,transfer
3690,11/05/2026,IT1234,2996.48,EUR,deposit
3691,08/01/2026,IT7890,-714.42,EUR,withdrawal
3692,14/02/2026,IT5678,399.66,EUR,transfer
3693,20/01/2026,IT1234,1191.16,EUR,deposit
3694,16/03/2026,IT2345,-773.79,EUR,withdrawal
3695,03/03/2026,IT4567,2185.77,EUR,deposit
3696,13/03/2026,IT4567,-1625.07,EUR,withdrawal
3697,23/04/2026,IT3456,4523.85,EUR,deposit
3698,15/02/2026,IT1234,-1245.75,EUR,withdrawal
3699,28/02/2026,IT5678,-628.33,EUR,transfer
3700,17/05/2026,IT3456,-399.2,EUR,transfer
3701,11/04/2026,IT7890,3817.64,EUR,deposit
3702,25/05/2026,IT3456,4416.64,EUR,deposit
3703,11/05/2026,IT2345,-479.79,EUR,transfer
3704,21/05/2026,IT1234,-1230.94,EUR,withdrawal
3705,17/04/2026,IT4567,-855.11,EUR,transfer
3706,24/04/2026,IT4567,-1495.35,EUR,transfer
3707,31/03/2026,IT2345,-611.85,EUR,withdrawal
3708,02/02/2026,IT6789,-25.84,EUR,transfer
3709,28/05/2026,IT7890,-584.31,EUR,transfer
3710,17/01/2026,IT1234,-1131.91,EUR,transfer
3711,14/02/2026,IT8901,523.28,EUR,transfer
3712,11/04/2026,IT5678,-228.12,EUR,transfer
3713,06/05/2026,IT2345,-99.33,EUR,transfer
3714,28/04/2026,IT4567,4133.96,EUR,deposit
3715,30/03/2026,IT7890,105.7,EUR,deposit
3716,04/05/2026,IT4567,-268.41,EUR,transfer
3717,27/04/2026,IT2345,-1915.37,EUR,withdrawal
3718,09/01/2026,IT3456,-638.38,EUR,withdrawal
3719,19/02/2026,IT7890,-944.1,EUR,withdrawal
3720,20/05/2026,IT3456,-878.21,EUR,transfer
3721,01/05/2026,IT1234,3824.0,EUR,deposit
3722,27/04/2026,IT1234,-999.89,EUR,transfer
3723,22/02/2026,IT1234,-123.01,EUR,withdrawal
3724,31/05/2026,IT8901,592.95,EUR,transfer
3725,24/02/2026,IT8901,-150.53,EUR,withdrawal
3726,18/05/2026,IT2345,213.54,EUR,transfer
3727,26/02/2026,IT4567,1473.0,EUR,deposit
3728,01/01/2026,IT3456,-150.4,EUR,transfer
3729,14/03/2026,IT1234,-1180.8,EUR,transfer
3730,30/05/2026,IT2345,132.98,EUR,transfer
3731,27/04/2026,IT1234,-150.29,EUR,withdrawal
3732,04/03/2026,IT1234,3397.3,EUR,deposit
3733,12/02/2026,IT1234,1075.15,EUR,transfer
3734,24/03/2026,IT5678,248.92,EUR,transfer
3735,25/04/2026,IT3456,-119.12,EUR,withdrawal
3736,08/05/2026,IT6789,-803.43,EUR,withdrawal
3737,31/01/2026,IT3456,23%02))12,EUR,withdrawal
3738,19/02/2026,IT1234,-441.72,EUR,transfer
3739,07/03/2026,IT8901,212.04,EUR,transfer
3740,10/05/2026,IT5678,-427.46,EUR,withdrawal
3741,22/01/2026,IT6789,449.86,EUR,transfer
3742,20/04/2026,IT6789,-1378.1,EUR,transfer
3743,19/04/2026,IT6789,-1196.61,EUR,withdrawal
3744,18/02/2026,IT2345,-23.09,EUR,withdrawal
3745,25/05/2026,IT3456,747.76,EUR,deposit
3746,20/04/2026,IT6789,1479.68,EUR,transfer
3747,06/03/2026,IT8901,2781.56,EUR,deposit
3748,05/03/2026,IT5678,3324.55,EUR,deposit
3749,03/01/2026,IT4567,-194.72,EUR,transfer
3750,07/01/2026,IT5678,316.63,EUR,transfer
3751,20/02/2026,IT2345,-185.72,EUR,transfer
3752,05/03/2026,IT5678,2007.78,EUR,deposit
3753,06/01/2026,IT5678,-639.85,EUR,withdrawal
3754,03/05/2026,IT4567,2218.33,EUR,deposit
3755,25/05/2026,IT2345,-757.12,EUR,transfer
3756,02/01/2026,IT1234,-473.88,EUR,withdrawal
3757,11/01/2026,IT1234,3013.09,EUR,deposit
3758,20/03/2026,IT4567,836.52,EUR,deposit
3759,16/01/2026,IT6789,-1458.06,EUR,transfer
3760,06/05/2026,IT7890,-535.28,EUR,transfer
3761,17/01/2026,IT7890,804.96,EUR,transfer
3762,26/04/2026,IT7890,-485.7,EUR,transfer
3763,22/05/2026,IT4567,-542.43,EUR,transfer
3764,15/03/2026,IT4567,1832.79,EUR,deposit
3765,31/01/2026,IT6789,3306.65,EUR,deposit
3766,24/01/2026,IT7890,602.67,EUR,transfer
3767,09/05/2026,IT2345,-1174.72,EUR,withdrawal
3768,21/03/2026,IT3456,1118.83,EUR,transfer
3769,27/03/2026,IT5678,-259.24,EUR,withdrawal
3770,13/02/2026,IT2345,-1002.27,EUR,withdrawal
3771,17/02/2026,IT5678,-124.21,EUR,transfer
3772,28/05/2026,IT8901,-1362.47,EUR,withdrawal
3773,17/05/2026,IT2345,-1276.27,EUR,withdrawal
3774,04/02/2026,IT7890,-1139.62,EUR,transfer
3775,20/01/2026,IT8901,1377.67,EUR,transfer
3776,02/05/2026,IT1234,,EUR,withdrawal
3777,05/02/2026,IT7890,-79.45,EUR,transfer
3778,10/02/2026,IT3456,1572.07,EUR,deposit
3779,08/01/2026,IT4567,-1548.34,EUR,withdrawal
3780,14/05/2026,IT7890,-930.94,EUR,withdrawal
3781,05/03/2026,IT6789,1803.24,EUR,deposit
3782,25/03/2026,IT7890,-370.59,EUR,withdrawal
3783,22/05/2026,IT7890,-1662.08,EUR,withdrawal
3784,25/01/2026,IT2345,939.05,EUR,transfer
3785,13/02/2026,IT5678,724.53,EUR,transfer
3786,30/04/2026,IT8901,10.2,EUR,transfer
3787,22/02/2026,IT6789,4001.77,EUR,deposit
3788,11/01/2026,IT7890,-13.7,EUR,transfer
3789,04/01/2026,IT2345,1339.77,EUR,transfer
3790,05/03/2026,IT5678,-53.76,EUR,withdrawal
3791,24/04/2026,IT4567,-1472.18,EUR,transfer
3792,11/01/2026,IT2345,3371.17,EUR,deposit
3793,30/05/2026,IT5678,-1966.36,EUR,withdrawal
3794,16/04/2026,IT5678,-1590.62,EUR,withdrawal
3795,29/01/2026,IT7890,-1073.27,EUR,withdrawal
3796,25/02/2026,IT8901,-1310.76,EUR,transfer
3797,24/03/2026,IT3456,835.39,EUR,deposit
3798,02/04/2026,IT5678,-443.66,EUR,withdrawal
3799,06/02/2026,IT3456,-84.98,EUR,transfer
3800,24/04/2026,IT3456,2264.74,EUR,deposit
3801,12/05/2026,IT8901,742.07,EUR,transfer
3802,05/03/2026,IT1234,882.3,EUR,transfer
3803,25/03/2026,IT8901,405.56,EUR,deposit
3804,11/04/2026,IT4567,4028.29,EUR,deposit
3805,31/01/2026,IT1234,-1039.61,EUR,transfer
3806,16/01/2026,IT7890,973.3,EUR,deposit
3807,18/02/2026,IT8901,925.9,EUR,transfer
3808,09/01/2026,IT1234,2146.19,EUR,deposit
3809,12/01/2026,IT3456,1135.47,EUR,transfer
3810,02/04/2026,IT6789,-1296.09,EUR,transfer
3811,05/01/2026,IT4567,-559.01,EUR,transfer
3812,09/04/2026,IT5678,-299.52,EUR,transfer
3813,02/02/2026,IT5678,2453.61,EUR,deposit
3814,12/05/2026,IT1234,1242.5,EUR,transfer
3815,21/05/2026,IT8901,-1870.61,EUR,withdrawal
3816,23/01/2026,IT8901,-653.8,EUR,withdrawal
3817,25/05/2026,IT7890,1436.54,EUR,deposit
3818,16/03/2026,IT6789,-1792.99,EUR,withdrawal
3819,17/05/2026,IT2345,-324.54,EUR,withdrawal
3820,21/03/2026,IT7890,1065.06,EUR,deposit
3821,20/01/2026,IT8901,1208.92,EUR,transfer
3822,03/02/2026,IT8901,2789.65,EUR,deposit
3823,30/01/2026,IT5678,2994.26,EUR,deposit
3824,18/03/2026,IT8901,-1911.45,EUR,withdrawal
3825,12/03/2026,IT1234,3444.51,EUR,deposit
3826,06/05/2026,IT1234,-1033.29,EUR,transfer
3827,23/01/2026,IT5678,-980.55,EUR,withdrawal
3828,12/01/2026,IT5678,-610.94,EUR,transfer
3829,10/05/2026,IT5678,131.85,EUR,transfer
3830,08/01/2026,IT1234,1135.17,EUR,transfer
3831,27/05/2026,IT8901,1247.41,EUR,transfer
3832,29/03/2026,IT7890,-345.43,EUR,withdrawal
3833,05/03/2026,IT5678,-1513.67,EUR,withdrawal
3834,13/03/2026,IT8901,-79.87,EUR,withdrawal
3835,16/04/2026,IT2345,-1588.96,EUR,withdrawal
3836,21/03/2026,IT4567,-161.56,EUR,withdrawal
3837,30/03/2026,IT4567,-208.21,EUR,withdrawal
3838,26/04/2026,IT4567,-410.93,EUR,transfer
3839,02/04/2026,IT6789,-86.31,EUR,withdrawal
3840,16/05/2026,IT7890,769.17,EUR,deposit
3841,06/03/2026,IT8901,-912.24,EUR,withdrawal
3842,13/03/2026,IT8901,-927.95,EUR,transfer
3843,13/01/2026,IT1234,,EUR,transfer
3844,04/04/2026,IT1234,-803.71,EUR,withdrawal
3845,21/05/2026,IT8901,-86.27,EUR,transfer
3846,08/01/2026,IT8901,4964.19,EUR,deposit
3847,07/05/2026,IT3456,-1272.46,EUR,transfer
3848,16/01/2026,IT7890,1027.23,EUR,transfer
3849,07/05/2026,IT8901,4593.6,EUR,deposit
3850,30/03/2026,IT7890,1485.78,EUR,transfer
3851,27/04/2026,IT7890,3819.18,EUR,deposit
3852,11/03/2026,IT6789,2876.64,EUR,deposit
3853,,IT3456,-1468.69,EUR,transfer
3854,20/01/2026,IT5678,3066.24,EUR,deposit
3855,08/03/2026,IT2345,3993.56,EUR,deposit
3856,08/04/2026,IT3456,-165.5,EUR,withdrawal
3857,03/02/2026,IT5678,487.27,EUR,transfer
3858,05/04/2026,IT1234,-529.84,EUR,withdrawal
3859,15/02/2026,IT4567,381.86,EUR,transfer
3860,06/04/2026,IT1234,-1622.48,EUR,withdrawal
3861,06/03/2026,IT8901,1859.58,EUR,deposit
3862,01/04/2026,IT4567,-926.37,EUR,transfer
3863,18/02/2026,IT1234,-1349.92,EUR,withdrawal
3864,09/03/2026,IT7890,-699.2,EUR,transfer
3865,04/01/2026,IT7890,-300.07,EUR,withdrawal
3866,31/01/2026,IT5678,-1754.78,EUR,withdrawal
3867,27/05/2026,IT2345,3671.62,EUR,deposit
3868,11/02/2026,IT2345,-822.27,EUR,withdrawal
3869,02/04/2026,IT2345,575.32,EUR,transfer
3870,02/01/2026,IT6789,2745.48,EUR,deposit
3871,17/01/2026,IT1234,-1336.27,EUR,transfer
3872,09/03/2026,IT3456,-330.62,EUR,withdrawal
3873,07/03/2026,IT7890,-1181.97,EUR,withdrawal
3874,06/03/2026,IT6789,-1155.87,EUR,withdrawal
3875,27/03/2026,IT2345,4108.23,EUR,deposit
3876,01/01/1750,IT5678,1194.37,EUR,transfer
3877,19/01/2026,IT1234,-1032.11,EUR,transfer
3878,12/02/2026,IT6789,1801.24,EUR,deposit
3879,11/05/2026,IT4567,1702.85,EUR,deposit
3880,03/05/2026,IT5678,3470.17,EUR,deposit
3881,30/03/2026,IT3456,1654.75,EUR,deposit
3882,15/02/2026,IT8901,2257.97,EUR,deposit
3883,19/03/2026,IT8901,545.56,EUR,transfer
3884,05/05/2026,IT7890,1494.78,EUR,deposit
3885,18/03/2026,IT8901,299.22,EUR,transfer
3886,19/02/2026,IT2345,-1236.17,EUR,transfer
3887,22/01/2026,IT1234,-1646.94,EUR,withdrawal
3888,30/05/2026,IT4567,959.35,EUR,deposit
3889,14/02/2026,IT5678,-1189.85,EUR,withdrawal
3890,16/03/2026,IT7890,3224.48,EUR,deposit
3891,25/02/2026,IT3456,4024.59,EUR,deposit
3892,02/05/2026,IT2345,-996.17,EUR,withdrawal
3893,13/02/2026,IT3456,-106.19,EUR,transfer
3894,29/03/2026,IT6789,1715.89,EUR,deposit
3895,02/01/2026,IT4567,-1886.03,EUR,withdrawal
3896,08/02/2026,IT5678,-378.86,EUR,transfer
3897,28/01/2026,IT7890,3220.54,EUR,deposit
3898,27/02/2026,IT4567,154.67,EUR,transfer
3899,10/04/2026,IT4567,-970.12,EUR,withdrawal
3900,13/03/2026,IT5678,3161.3,EUR,deposit
3901,24/03/2026,IT3456,-1602.19,EUR,withdrawal
3902,18/04/2026,IT6789,4172.74,EUR,deposit
3903,12/02/2026,IT6789,-169.14,EUR,withdrawal
3904,14/03/2026,IT5678,344.8,EUR,deposit
3905,09/05/2026,IT8901,-1239.5,EUR,transfer
3906,12/04/2026,IT2345,-170.05,EUR,transfer
3907,12/03/2026,IT7890,1234.53,EUR,transfer
3908,07/05/2026,IT4567,2802.4,EUR,deposit
3909,03/05/2026,IT7890,-916.94,EUR,transfer
3910,03/04/2026,IT8901,4874.83,EUR,deposit
3911,27/02/2026,IT7890,3485.25,EUR,deposit
3912,02/05/2026,IT3456,4751.62,EUR,deposit
3913,21/04/2026,IT4567,-1447.13,EUR,withdrawal
3914,28/05/2026,IT7890,-642.38,EUR,withdrawal
3915,12/03/2026,IT7890,853.58,EUR,transfer
3916,24/05/2026,IT8901,-453.57,EUR,transfer
3917,07/02/2026,IT5678,3097.91,EUR,deposit
3918,15/02/2026,IT8901,1399.09,EUR,transfer
3919,27/01/2026,IT1234,-518.93,EUR,transfer
3920,,IT5678,-848.39,EUR,withdrawal
3921,04/02/2026,IT6789,-1933.68,EUR,withdrawal
3922,26/02/2026,IT5678,2894.93,EUR,deposit
3923,14/03/2026,IT5678,3461.15,EUR,deposit
3924,18/02/2026,IT8901,-743.36,EUR,withdrawal
3925,18/05/2026,IT3456,249.61,EUR,transfer
3926,02/01/2026,IT8901,1127.7,EUR,transfer
3927,24/01/2026,IT4567,-219.24,EUR,withdrawal
3928,30/01/2026,IT5678,-910.08,EUR,transfer
3929,11/04/2026,IT7890,1096.75,EUR,deposit
3930,15/03/2026,IT3456,810.31,EUR,transfer
3931,16/05/2026,IT5678,2225.11,EUR,deposit
3932,15/02/2026,IT2345,,EUR,withdrawal
3933,22/04/2026,IT6789,-959.69,EUR,transfer
3934,22/02/2026,IT3456,-51.73,EUR,transfer
3935,25/05/2026,IT7890,-674.15,EUR,withdrawal
3936,09/04/2026,IT6789,320.56,EUR,deposit
3937,22/04/2026,IT3456,257.96,EUR,deposit
3938,20/04/2026,IT3456,-62.24,EUR,transfer
3939,01/04/2026,IT4567,-1692.2,EUR,withdrawal
3940,23/01/2026,IT3456,-1497.26,EUR,transfer
3941,22/04/2026,IT1234,-442.65,EUR,withdrawal
3942,17/01/2026,IT3456,-1426.75,EUR,transfer
3943,10/05/2026,IT3456,-1762.03,EUR,withdrawal
3944,11/05/2026,IT4567,4585.44,EUR,deposit
3945,05/01/2026,IT7890,605.46,EUR,transfer
3946,13/02/2026,IT3456,-707.76,EUR,withdrawal
3947,07/03/2026,IT2345,1096.76,EUR,deposit
3948,14/02/2026,IT8901,1104.98,EUR,deposit
3949,03/05/2026,IT5678,1204.48,EUR,transfer
3950,07/01/2026,IT2345,3009.74,EUR,deposit
3951,12/01/2026,IT4567,768.69,EUR,deposit
3952,08/03/2026,IT6789,3163.68,EUR,deposit
3953,23/05/2026,IT8901,-1396.58,EUR,transfer
3954,01/03/2026,IT8901,1129.98,EUR,transfer
3955,27/04/2026,IT5678,-1571.93,EUR,withdrawal
3956,01/02/2026,IT6789,-89.05,EUR,withdrawal
3957,19/02/2026,IT6789,1067.85,EUR,deposit
3958,12/01/2026,IT7890,-610.66,EUR,withdrawal
3959,23/03/2026,IT7890,4181.46,EUR,deposit
3960,04/04/2026,IT6789,-330.47,EUR,transfer
3961,27/05/2026,IT7890,2424.85,EUR,deposit
3962,29/03/2026,IT6789,-627.67,EUR,withdrawal
3963,14/01/2026,IT5678,1967.39,EUR,deposit
3964,18/02/2026,IT8901,3304.43,EUR,deposit
3965,19/03/2026,IT4567,2991.89,EUR,deposit
3966,03/05/2026,IT6789,-120.02,EUR,withdrawal
3967,26/05/2026,IT6789,-840.12,EUR,withdrawal
3968,25/04/2026,IT4567,-359.51,EUR,withdrawal
3969,31/03/2026,IT2345,640.24,EUR,transfer
3970,05/03/2026,IT1234,-1695.5,EUR,withdrawal
3971,18/02/2026,IT5678,-455.69,EUR,withdrawal
3972,20/03/2026,IT2345,-1107.67,EUR,transfer
3973,10/03/2026,IT3456,2438.89,EUR,deposit
3974,08/05/2026,IT1234,-1398.68,EUR,withdrawal
3975,22/03/2026,IT5678,-814.49,EUR,withdrawal
3976,16/05/2026,IT8901,3312.72,EUR,deposit
3977,06/05/2026,IT5678,3676.02,EUR,deposit
3978,25/04/2026,IT7890,2748.11,EUR,deposit
3979,21/05/2026,IT7890,-1288.96,EUR,transfer
3980,19/05/2026,IT5678,313.72,EUR,transfer
3981,10/01/2026,IT4567,434.81,EUR,transfer
3982,11/04/2026,IT4567,268.91,EUR,deposit
3983,20/02/2026,IT8901,892.69,EUR,deposit
3984,01/01/1750,IT7890,-730.98,EUR,withdrawal
3985,15/05/2026,IT4567,3470.29,EUR,deposit
3986,04/03/2026,IT7890,1445.83,EUR,transfer
3987,04/02/2026,IT8901,1385.05,EUR,transfer
3988,25/04/2026,IT6789,1470.07,EUR,deposit
3989,02/05/2026,IT1234,-1875.81,EUR,withdrawal
3990,02/01/2026,IT2345,1033.08,EUR,transfer
3991,25/04/2026,IT2345,4898.39,EUR,deposit
3992,23/04/2026,IT8901,963.28,EUR,transfer
3993,01/02/2026,IT1234,1289.77,EUR,transfer
3994,15/01/2026,IT7890,280.96,EUR,transfer
3995,20/01/2026,IT8901,-793.4,EUR,withdrawal
3996,13/04/2026,IT5678,-396.55,EUR,transfer
3997,03/05/2026,IT4567,-637.59,EUR,transfer
3998,14/05/2026,IT4567,4460.77,EUR,deposit
3999,27/01/2026,IT1234,1424.12,EUR,transfer
4000,29/03/2026,IT3456,-416.11,EUR,withdrawal
4001,31/03/2026,IT8901,-150.23,EUR,transfer
4002,31/03/2026,IT4567,-736.22,EUR,transfer
4003,28/05/2026,IT4567,-32.07,EUR,transfer
4004,19/04/2026,IT2345,-381.52,EUR,withdrawal
4005,15/02/2026,IT7890,-322.67,EUR,withdrawal
4006,13/04/2026,IT2345,1122.5,EUR,deposit
4007,02/03/2026,IT7890,548.69,EUR,transfer
4008,19/02/2026,IT4567,-1100.27,EUR,withdrawal
4009,29/03/2026,IT2345,2951.74,EUR,deposit
4010,23/02/2026,IT8901,1035.98,EUR,deposit
4011,16/02/2026,IT6789,4659.33,EUR,deposit
4012,19/04/2026,IT7890,-933.75,EUR,withdrawal
4013,26/02/2026,IT7890,-451.78,EUR,withdrawal
4014,30/01/2026,IT1234,-469.0,EUR,withdrawal
4015,05/03/2026,IT2345,-1411.07,EUR,transfer
4016,01/01/1750,IT8901,-660.98,EUR,transfer
4017,26/01/2026,IT8901,-1294.58,EUR,withdrawal
4018,24/02/2026,IT8901,3395.62,EUR,deposit
4019,18/03/2026,IT2345,1078.74,EUR,transfer
4020,02/05/2026,IT6789,429.72,EUR,transfer
4021,24/01/2026,IT5678,255.27,EUR,transfer
4022,18/01/2026,IT4567,2007.09,EUR,deposit
4023,30/01/2026,IT3456,-886.19,EUR,transfer
4024,10/02/2026,IT3456,-1914.03,EUR,withdrawal
4025,03/04/2026,IT7890,-283.1,EUR,withdrawal
4026,29/04/2026,IT3456,-352.27,EUR,transfer
4027,29/04/2026,IT3456,-763.28,EUR,withdrawal
4028,25/05/2026,IT1234,-609.4,EUR,withdrawal
4029,19/05/2026,IT8901,3443.99,EUR,deposit
4030,18/02/2026,IT2345,1422.34,EUR,deposit
4031,28/01/2026,IT5678,1173.87,EUR,deposit
4032,10/05/2026,IT1234,-1733.71,EUR,withdrawal
4033,20/05/2026,IT3456,3783.06,EUR,deposit
4034,10/04/2026,IT8901,-1388.6,EUR,transfer
4035,20/03/2026,IT3456,-1327.62,EUR,transfer
4036,11/01/2026,IT7890,-1439.27,EUR,transfer
4037,21/02/2026,IT5678,630.28,EUR,deposit
4038,01/04/2026,IT6789,632.69,EUR,transfer
4039,,IT8901,-351.47,EUR,transfer
4040,10/01/2026,IT6789,1075.24,EUR,transfer
4041,13/02/2026,IT1234,870.34,EUR,transfer
4042,09/05/2026,IT2345,2269.38,EUR,deposit
4043,15/01/2026,IT2345,3184.88,EUR,deposit
4044,18/04/2026,IT3456,-767.61,EUR,withdrawal
4045,15/02/2026,IT3456,953.29,EUR,transfer
4046,07/01/2026,IT8901,-1146.46,EUR,transfer
4047,14/05/2026,IT7890,-1865.99,EUR,withdrawal
4048,02/02/2026,IT1234,1557.44,EUR,deposit
4049,05/02/2026,IT3456,1486.32,EUR,transfer
4050,02/01/2026,IT1234,2852.98,EUR,deposit
4051,22/03/2026,IT3456,23%02))12,EUR,transfer
4052,18/04/2026,IT4567,3168.44,EUR,deposit
4053,28/04/2026,IT3456,-1657.28,EUR,withdrawal
4054,24/05/2026,IT2345,691.95,EUR,deposit
4055,27/02/2026,IT8901,-556.26,EUR,transfer
4056,10/03/2026,IT7890,-576.26,EUR,withdrawal
4057,16/04/2026,IT2345,83.11,EUR,deposit
4058,25/03/2026,IT3456,-1738.27,EUR,withdrawal
4059,27/04/2026,IT4567,4388.39,EUR,deposit
4060,24/01/2026,IT1234,-414.54,EUR,withdrawal
4061,28/02/2026,IT2345,1127.65,EUR,deposit
4062,25/01/2026,IT4567,1263.18,EUR,transfer
4063,28/03/2026,IT1234,4343.73,EUR,deposit
4064,27/04/2026,IT6789,4820.47,EUR,deposit
4065,13/05/2026,IT5678,2374.64,EUR,deposit
4066,09/05/2026,IT6789,644.79,EUR,deposit
4067,21/01/2026,IT5678,-1552.11,EUR,withdrawal
4068,24/05/2026,IT2345,-1710.86,EUR,withdrawal
4069,02/01/2026,IT5678,1362.65,EUR,transfer
4070,31/05/2026,IT4567,-995.27,EUR,withdrawal
4071,16/02/2026,IT6789,1199.6,EUR,deposit
4072,09/01/2026,IT4567,-131.72,EUR,transfer
4073,09/05/2026,IT3456,-951.17,EUR,withdrawal
4074,19/05/2026,IT6789,-1524.03,EUR,withdrawal
4075,16/01/2026,IT8901,-1912.53,EUR,withdrawal
4076,25/04/2026,IT4567,1072.9,EUR,deposit
4077,16/03/2026,IT6789,-837.06,EUR,transfer
4078,26/02/2026,IT7890,3613.41,EUR,deposit
4079,06/02/2026,IT3456,-224.84,EUR,withdrawal
4080,17/01/2026,IT7890,-1120.89,EUR,withdrawal
4081,24/02/2026,IT2345,-431.07,EUR,withdrawal
4082,23/05/2026,IT6789,-674.86,EUR,transfer
4083,25/05/2026,IT4567,-1354.55,EUR,withdrawal
4084,07/05/2026,IT8901,-725.43,EUR,withdrawal
4085,07/03/2026,IT5678,,EUR,deposit
4086,27/04/2026,IT1234,2772.23,EUR,deposit
4087,07/03/2026,IT6789,-873.46,EUR,transfer
4088,06/04/2026,IT7890,824.81,EUR,transfer
4089,13/03/2026,IT8901,-236.06,EUR,withdrawal
4090,07/04/2026,IT4567,1033.84,EUR,deposit
4091,13/01/2026,IT4567,-956.07,EUR,transfer
4092,22/03/2026,IT3456,-121.6,EUR,transfer
4093,22/04/2026,IT5678,-1360.4,EUR,transfer
4094,18/02/2026,IT5678,678.42,EUR,transfer
4095,27/05/2026,IT8901,-1402.38,EUR,withdrawal
4096,02/02/2026,IT8901,493.75,EUR,transfer
4097,01/04/2026,IT1234,1146.94,EUR,transfer
4098,01/04/2026,IT8901,4192.02,EUR,deposit
4099,21/01/2026,IT5678,23%02))12,EUR,withdrawal
4100,01/01/2026,IT6789,2472.88,EUR,deposit
4101,06/01/2026,IT5678,-141.43,EUR,withdrawal
4102,14/05/2026,IT6789,-815.84,EUR,transfer
4103,12/03/2026,IT7890,308.9,EUR,transfer
4104,06/05/2026,IT3456,2017.94,EUR,deposit
4105,23/04/2026,IT6789,1484.98,EUR,transfer
4106,03/03/2026,IT7890,-109.9,EUR,withdrawal
4107,01/01/1750,IT7890,2148.11,EUR,deposit
4108,16/05/2026,IT2345,1019.57,EUR,deposit
4109,31/05/2026,IT2345,-1305.44,EUR,withdrawal
4110,05/01/2026,IT4567,225.57,EUR,transfer
4111,14/02/2026,IT3456,-304.01,EUR,transfer
4112,17/05/2026,IT2345,-378.82,EUR,transfer
4113,29/01/2026,IT7890,535.41,EUR,deposit
4114,22/02/2026,IT6789,92.33,EUR,transfer
4115,27/02/2026,IT2345,-1178.48,EUR,transfer
4116,26/04/2026,IT7890,-887.91,EUR,withdrawal
4117,03/04/2026,IT2345,1053.51,EUR,transfer
4118,06/05/2026,IT1234,2385.4,EUR,deposit
4119,18/01/2026,IT7890,3198.29,EUR,deposit
4120,15/05/2026,IT2345,1341.48,EUR,transfer
4121,23/05/2026,IT8901,-688.44,EUR,withdrawal
4122,19/01/2026,IT2345,-1997.26,EUR,withdrawal
4123,02/03/2026,IT8901,2860.87,EUR,deposit
4124,01/05/2026,IT4567,708.64,EUR,deposit
4125,05/04/2026,IT5678,-1329.6,EUR,withdrawal
4126,,IT1234,-416.25,EUR,withdrawal
4127,06/04/2026,IT8901,3795.8,EUR,deposit
4128,05/02/2026,IT7890,-1785.55,EUR,withdrawal
4129,01/01/2026,IT7890,-781.28,EUR,withdrawal
4130,08/05/2026,IT2345,-1082.19,EUR,withdrawal
4131,19/03/2026,IT6789,1059.06,EUR,transfer
4132,14/05/2026,IT3456,2363.41,EUR,deposit
4133,08/03/2026,IT8901,1119.78,EUR,transfer
4134,10/02/2026,IT5678,-1814.24,EUR,withdrawal
4135,11/01/2026,IT2345,2844.6,EUR,deposit
4136,28/03/2026,IT4567,-366.42,EUR,withdrawal
4137,07/01/2026,IT3456,4959.3,EUR,deposit
4138,23/04/2026,IT8901,905.27,EUR,deposit
4139,24/05/2026,IT5678,4260.1,EUR,deposit
4140,06/04/2026,IT6789,-262.52,EUR,withdrawal
4141,23/05/2026,IT6789,-688.28,EUR,withdrawal
4142,06/03/2026,IT4567,-1604.09,EUR,withdrawal
4143,11/01/2026,IT8901,-1182.68,EUR,withdrawal
4144,23/04/2026,IT6789,3289.58,EUR,deposit
4145,09/05/2026,IT3456,-372.03,EUR,withdrawal
4146,17/02/2026,IT7890,2263.88,EUR,deposit
4147,10/05/2026,IT7890,-92.78,EUR,transfer
4148,17/02/2026,IT3456,521.5,EUR,transfer
4149,23/01/2026,IT3456,4186.46,EUR,deposit
4150,17/04/2026,IT5678,2484.43,EUR,deposit
4151,23/04/2026,IT7890,-1950.55,EUR,withdrawal
4152,09/04/2026,IT4567,-773.01,EUR,transfer
4153,29/01/2026,IT3456,-476.36,EUR,transfer
4154,09/04/2026,IT3456,803.26,EUR,deposit
4155,13/04/2026,IT7890,2580.02,EUR,deposit
4156,23/04/2026,IT3456,-262.53,EUR,transfer
4157,26/04/2026,IT6789,3766.21,EUR,deposit
4158,01/04/2026,IT2345,1301.79,EUR,transfer
4159,04/04/2026,IT6789,-681.49,EUR,withdrawal
4160,03/04/2026,IT7890,1292.48,EUR,deposit
4161,17/02/2026,IT6789,-835.25,EUR,withdrawal
4162,09/01/2026,IT4567,-1372.33,EUR,withdrawal
4163,09/05/2026,IT5678,-964.0,EUR,transfer
4164,19/02/2026,IT2345,1353.94,EUR,transfer
4165,28/03/2026,IT2345,-162.66,EUR,withdrawal
4166,26/05/2026,IT6789,1179.2,EUR,transfer
4167,12/05/2026,IT3456,4775.61,EUR,deposit
4168,24/05/2026,IT8901,-40.19,EUR,withdrawal
4169,22/03/2026,IT2345,3206.33,EUR,deposit
4170,13/05/2026,IT7890,2872.36,EUR,deposit
4171,31/03/2026,IT1234,658.14,EUR,deposit
4172,11/04/2026,IT4567,1129.65,EUR,deposit
4173,29/04/2026,IT8901,-976.58,EUR,transfer
4174,26/04/2026,IT1234,183.78,EUR,deposit
4175,29/05/2026,IT8901,4778.97,EUR,deposit
4176,05/05/2026,IT5678,795.17,EUR,transfer
4177,11/02/2026,IT1234,-1057.11,EUR,withdrawal
4178,09/01/2026,IT4567,-963.81,EUR,transfer
4179,22/01/2026,IT6789,1346.76,EUR,deposit
4180,30/05/2026,IT1234,-175.49,EUR,withdrawal
4181,15/04/2026,IT4567,698.81,EUR,transfer
4182,15/01/2026,IT7890,401.72,EUR,transfer
4183,17/03/2026,IT5678,3989.92,EUR,deposit
4184,27/02/2026,IT2345,4818.27,EUR,deposit
4185,25/03/2026,IT2345,703.0,EUR,deposit
4186,16/04/2026,IT3456,3833.85,EUR,deposit
4187,11/03/2026,IT7890,-1498.36,EUR,withdrawal
4188,25/02/2026,IT5678,2651.2,EUR,deposit
4189,30/05/2026,IT2345,-1504.06,EUR,withdrawal
4190,12/03/2026,IT6789,-359.9,EUR,withdrawal
4191,,IT3456,,EUR,withdrawal
4192,08/02/2026,IT3456,1992.22,EUR,deposit
4193,15/03/2026,IT1234,2251.53,EUR,deposit
4194,10/01/2026,IT5678,2697.66,EUR,deposit
4195,21/03/2026,IT6789,945.69,EUR,transfer
4196,06/05/2026,IT7890,242.48,EUR,deposit
4197,17/01/2026,IT7890,-724.69,EUR,withdrawal
4198,14/05/2026,IT8901,-286.93,EUR,transfer
4199,02/01/2026,IT1234,978.07,EUR,transfer
4200,18/03/2026,IT5678,-54.26,EUR,withdrawal
4201,13/05/2026,IT4567,315.36,EUR,transfer
4202,02/04/2026,IT5678,1616.4,EUR,deposit
4203,27/04/2026,IT7890,4085.35,EUR,deposit
4204,01/01/1750,IT3456,-691.25,EUR,withdrawal
4205,30/04/2026,IT4567,1667.0,EUR,deposit
4206,13/04/2026,IT7890,1615.45,EUR,deposit
4207,05/04/2026,IT5678,-1903.43,EUR,withdrawal
4208,08/01/2026,IT2345,1110.79,EUR,deposit
4209,31/05/2026,IT5678,340.89,EUR,transfer
4210,31/03/2026,IT2345,3695.44,EUR,deposit
4211,30/03/2026,IT7890,-204.7,EUR,transfer
4212,26/04/2026,IT4567,-1150.67,EUR,transfer
4213,10/01/2026,IT5678,-1575.36,EUR,withdrawal
4214,01/01/2026,IT8901,197.03,EUR,transfer
4215,14/01/2026,IT5678,-1230.27,EUR,withdrawal
4216,04/01/2026,IT5678,-1776.3,EUR,withdrawal
4217,23/05/2026,IT5678,-461.97,EUR,transfer
4218,25/05/2026,IT1234,-1505.06,EUR,withdrawal
4219,31/05/2026,IT4567,,EUR,deposit
4220,18/03/2026,IT2345,,EUR,deposit
4221,30/04/2026,IT7890,-505.57,EUR,withdrawal
4222,12/01/2026,IT3456,1878.53,EUR,deposit
4223,17/01/2026,IT7890,1426.13,EUR,transfer
4224,15/04/2026,IT8901,-106.28,EUR,withdrawal
4225,11/01/2026,IT6789,4880.45,EUR,deposit
4226,30/03/2026,IT8901,954.96,EUR,transfer
4227,30/05/2026,IT1234,878.52,EUR,deposit
4228,03/04/2026,IT2345,-1359.24,EUR,withdrawal
4229,27/04/2026,IT2345,-1097.93,EUR,withdrawal
4230,23/05/2026,IT7890,-826.62,EUR,transfer
4231,11/04/2026,IT7890,-765.8,EUR,withdrawal
4232,20/04/2026,IT4567,3513.79,EUR,deposit
4233,24/01/2026,IT7890,-607.2,EUR,withdrawal
4234,09/01/2026,IT7890,-1451.28,EUR,transfer
4235,09/03/2026,IT3456,-549.24,EUR,transfer
4236,07/04/2026,IT6789,-128.89,EUR,withdrawal
4237,16/03/2026,IT1234,1212.94,EUR,deposit
4238,01/01/1750,IT5678,3883.91,EUR,deposit
4239,27/05/2026,IT6789,-1860.98,EUR,withdrawal
4240,14/03/2026,IT2345,320.07,EUR,deposit
4241,19/05/2026,IT1234,4720.22,EUR,deposit
4242,25/01/2026,IT4567,-1136.32,EUR,withdrawal
4243,26/04/2026,IT5678,-1494.06,EUR,withdrawal
4244,08/03/2026,IT6789,1256.74,EUR,deposit
4245,15/01/2026,IT6789,1581.5,EUR,deposit
4246,30/04/2026,IT4567,-734.62,EUR,withdrawal
4247,17/01/2026,IT7890,-99.4,EUR,transfer
4248,19/01/2026,IT4567,-1922.49,EUR,withdrawal
4249,10/03/2026,IT7890,3563.27,EUR,deposit
4250,11/03/2026,IT4567,1443.26,EUR,deposit
4251,14/02/2026,IT1234,161.25,EUR,transfer
4252,07/04/2026,IT5678,-1778.15,EUR,withdrawal
4253,20/01/2026,IT3456,317.46,EUR,deposit
4254,23/02/2026,IT5678,4186.52,EUR,deposit
4255,12/04/2026,IT2345,-63.48,EUR,withdrawal
4256,04/01/2026,IT3456,-217.48,EUR,withdrawal
4257,12/04/2026,IT6789,774.87,EUR,transfer
4258,16/03/2026,IT5678,1182.9,EUR,deposit
4259,28/02/2026,IT1234,4544.35,EUR,deposit
4260,12/05/2026,IT8901,-72.3,EUR,withdrawal
4261,05/04/2026,IT2345,-41.25,EUR,transfer
4262,09/04/2026,IT4567,-101.95,EUR,withdrawal
4263,10/05/2026,IT7890,-1048.15,EUR,transfer
4264,31/01/2026,IT1234,2075.85,EUR,deposit
4265,21/04/2026,IT5678,-1054.2,EUR,withdrawal
4266,20/04/2026,IT8901,848.34,EUR,deposit
4267,28/04/2026,IT8901,-740.16,EUR,withdrawal
4268,02/02/2026,IT8901,-581.87,EUR,withdrawal
4269,19/04/2026,IT7890,-731.84,EUR,transfer
4270,13/03/2026,IT2345,709.55,EUR,transfer
4271,08/03/2026,IT8901,-1946.83,EUR,withdrawal
4272,31/01/2026,IT7890,2855.95,EUR,deposit
4273,21/04/2026,IT8901,2197.68,EUR,deposit
4274,22/01/2026,IT6789,-710.15,EUR,withdrawal
4275,15/03/2026,IT2345,3600.59,EUR,deposit
4276,13/02/2026,IT2345,-1358.78,EUR,transfer
4277,13/03/2026,IT3456,-678.26,EUR,withdrawal
4278,19/05/2026,IT6789,-1733.36,EUR,withdrawal
4279,22/04/2026,IT1234,-578.39,EUR,transfer
4280,06/04/2026,IT1234,,EUR,withdrawal
4281,31/03/2026,IT3456,2585.1,EUR,deposit
4282,24/05/2026,IT5678,4275.45,EUR,deposit
4283,09/01/2026,IT6789,1421.85,EUR,transfer
4284,30/05/2026,IT6789,1187.78,EUR,transfer
4285,18/01/2026,IT4567,-500.94,EUR,withdrawal
4286,10/03/2026,IT1234,3439.66,EUR,deposit
4287,18/02/2026,IT8901,954.09,EUR,deposit
4288,24/02/2026,IT3456,1926.19,EUR,deposit
4289,02/04/2026,IT4567,4210.29,EUR,deposit
4290,30/05/2026,IT1234,4666.21,EUR,deposit
4291,30/05/2026,IT3456,937.17,EUR,transfer
4292,11/05/2026,IT2345,1331.69,EUR,deposit
4293,23/04/2026,IT3456,710.86,EUR,transfer
4294,28/04/2026,IT6789,-1663.73,EUR,withdrawal
4295,14/03/2026,IT4567,641.18,EUR,transfer
4296,08/01/2026,IT4567,-1107.53,EUR,withdrawal
4297,01/01/2026,IT8901,3949.99,EUR,deposit
4298,08/02/2026,IT1234,3477.11,EUR,deposit
4299,08/04/2026,IT5678,615.79,EUR,deposit
4300,04/05/2026,IT1234,3161.47,EUR,deposit
4301,25/03/2026,IT3456,3386.17,EUR,deposit
4302,04/03/2026,IT1234,-1064.61,EUR,transfer
4303,16/01/2026,IT1234,1835.69,EUR,deposit
4304,03/02/2026,IT3456,-237.26,EUR,withdrawal
4305,03/02/2026,IT7890,-462.15,EUR,transfer
4306,29/01/2026,IT7890,3335.0,EUR,deposit
4307,31/03/2026,IT2345,778.57,EUR,transfer
4308,28/03/2026,IT1234,714.92,EUR,deposit
4309,17/02/2026,IT1234,1972.39,EUR,deposit
4310,30/04/2026,IT8901,886.88,EUR,transfer
4311,30/01/2026,IT4567,-1104.38,EUR,withdrawal
4312,16/04/2026,IT4567,1800.55,EUR,deposit
4313,24/04/2026,IT2345,23%02))12,EUR,transfer
4314,15/03/2026,IT8901,1197.2,EUR,transfer
4315,29/04/2026,IT6789,-1759.78,EUR,withdrawal
4316,01/05/2026,IT4567,-1829.73,EUR,withdrawal
4317,07/03/2026,IT7890,-1237.11,EUR,withdrawal
4318,28/02/2026,IT5678,1324.15,EUR,transfer
4319,18/03/2026,IT2345,89.24,EUR,transfer
4320,20/05/2026,IT8901,1681.93,EUR,deposit
4321,24/01/2026,IT8901,-367.04,EUR,withdrawal
4322,03/03/2026,IT8901,-1262.87,EUR,withdrawal
4323,08/04/2026,IT3456,3949.21,EUR,deposit
4324,05/02/2026,IT2345,751.26,EUR,deposit
4325,04/03/2026,IT8901,-1709.19,EUR,withdrawal
4326,23/04/2026,IT4567,-1743.13,EUR,withdrawal
4327,14/05/2026,IT8901,-374.42,EUR,withdrawal
4328,12/04/2026,IT7890,662.46,EUR,deposit
4329,20/03/2026,IT4567,-915.63,EUR,withdrawal
4330,03/03/2026,IT6789,938.1,EUR,transfer
4331,25/04/2026,IT2345,4008.45,EUR,deposit
4332,09/01/2026,IT3456,-496.3,EUR,transfer
4333,11/02/2026,IT1234,-378.13,EUR,transfer
4334,22/03/2026,IT8901,23%02))12,EUR,transfer
4335,26/01/2026,IT4567,1122.75,EUR,deposit
4336,11/05/2026,IT7890,1378.67,EUR,transfer
4337,30/04/2026,IT3456,1126.58,EUR,transfer
4338,01/05/2026,IT6789,-1462.34,EUR,withdrawal
4339,04/03/2026,IT7890,-1233.79,EUR,transfer
4340,28/05/2026,IT1234,1087.28,EUR,transfer
4341,03/01/2026,IT1234,-1792.88,EUR,withdrawal
4342,27/05/2026,IT6789,-937.88,EUR,transfer
4343,27/01/2026,IT2345,-413.75,EUR,withdrawal
4344,27/01/2026,IT4567,-683.56,EUR,withdrawal
4345,20/05/2026,IT8901,-56.23,EUR,withdrawal
4346,14/02/2026,IT5678,-111.16,EUR,withdrawal
4347,13/04/2026,IT1234,-148.11,EUR,withdrawal
4348,25/05/2026,IT6789,-1281.66,EUR,transfer
4349,15/04/2026,IT3456,-978.9,EUR,transfer
4350,22/02/2026,IT8901,-971.72,EUR,withdrawal
4351,19/05/2026,IT4567,-1574.94,EUR,withdrawal
4352,01/01/1750,IT2345,-223.05,EUR,withdrawal
4353,06/03/2026,IT6789,1362.41,EUR,deposit
4354,16/02/2026,IT7890,722.32,EUR,transfer
4355,23/02/2026,IT7890,1504.57,EUR,deposit
4356,08/03/2026,IT7890,2196.73,EUR,deposit
4357,28/02/2026,IT6789,868.94,EUR,transfer
4358,29/01/2026,IT7890,2496.66,EUR,deposit
4359,21/04/2026,IT7890,-419.67,EUR,transfer
4360,25/02/2026,IT4567,3487.97,EUR,deposit
4361,22/01/2026,IT1234,4455.34,EUR,deposit
4362,26/05/2026,IT8901,23%02))12,EUR,deposit
4363,13/05/2026,IT5678,2059.22,EUR,deposit
4364,04/02/2026,IT8901,-1059.77,EUR,withdrawal
4365,19/04/2026,IT6789,516.6,EUR,transfer
4366,18/02/2026,IT5678,-414.72,EUR,transfer
4367,30/04/2026,IT4567,-179.49,EUR,transfer
4368,31/03/2026,IT1234,4852.44,EUR,deposit
4369,26/03/2026,IT1234,-1688.78,EUR,withdrawal
4370,29/03/2026,IT6789,-1210.19,EUR,withdrawal
4371,15/03/2026,IT1234,-1292.32,EUR,withdrawal
4372,24/03/2026,IT3456,839.7,EUR,transfer
4373,04/02/2026,IT6789,-240.2,EUR,withdrawal
4374,20/04/2026,IT4567,143.78,EUR,transfer
4375,02/02/2026,IT7890,-247.45,EUR,transfer
4376,01/05/2026,IT6789,-1488.16,EUR,transfer
4377,03/02/2026,IT8901,-153.78,EUR,withdrawal
4378,28/01/2026,IT8901,-471.19,EUR,withdrawal
4379,16/01/2026,IT7890,1371.33,EUR,deposit
4380,18/04/2026,IT5678,2858.36,EUR,deposit
4381,06/01/2026,IT5678,-217.57,EUR,transfer
4382,29/01/2026,IT2345,732.9,EUR,transfer
4383,11/04/2026,IT4567,-621.28,EUR,transfer
4384,26/01/2026,IT1234,-1924.43,EUR,withdrawal
4385,17/01/2026,IT1234,2641.03,EUR,deposit
4386,25/02/2026,IT6789,2640.49,EUR,deposit
4387,01/01/2026,IT5678,-1142.43,EUR,withdrawal
4388,11/03/2026,IT8901,-555.15,EUR,transfer
4389,16/03/2026,IT4567,-134.67,EUR,withdrawal
4390,21/02/2026,IT7890,3770.84,EUR,deposit
4391,03/02/2026,IT7890,-1611.96,EUR,withdrawal
4392,02/04/2026,IT5678,-1224.08,EUR,withdrawal
4393,16/03/2026,IT7890,3559.24,EUR,deposit
4394,13/04/2026,IT7890,-770.02,EUR,transfer
4395,11/02/2026,IT4567,978.8,EUR,transfer
4396,05/04/2026,IT8901,1521.29,EUR,deposit
4397,06/05/2026,IT8901,847.94,EUR,transfer
4398,25/02/2026,IT7890,-793.03,EUR,withdrawal
4399,08/03/2026,IT3456,271.17,EUR,transfer
4400,23/05/2026,IT5678,-946.76,EUR,transfer
4401,28/01/2026,IT8901,3998.05,EUR,deposit
4402,10/04/2026,IT8901,4429.07,EUR,deposit
4403,09/01/2026,IT7890,-108.95,EUR,withdrawal
4404,01/02/2026,IT6789,-152.42,EUR,withdrawal
4405,20/03/2026,IT2345,1132.62,EUR,deposit
4406,06/01/2026,IT1234,4605.82,EUR,deposit
4407,24/04/2026,IT7890,4326.77,EUR,deposit
4408,12/04/2026,IT8901,-661.45,EUR,withdrawal
4409,03/04/2026,IT3456,3975.64,EUR,deposit
4410,23/02/2026,IT8901,-1322.66,EUR,withdrawal
4411,31/01/2026,IT1234,2076.85,EUR,deposit
4412,25/05/2026,IT4567,-87.15,EUR,withdrawal
4413,14/01/2026,IT3456,-1430.28,EUR,withdrawal
4414,06/05/2026,IT1234,-1062.16,EUR,transfer
4415,30/05/2026,IT7890,-545.11,EUR,withdrawal
4416,05/04/2026,IT3456,3436.48,EUR,deposit
4417,19/01/2026,IT7890,1191.76,EUR,deposit
4418,25/01/2026,IT3456,1165.74,EUR,deposit
4419,02/05/2026,IT6789,1147.15,EUR,transfer
4420,09/02/2026,IT2345,-1494.16,EUR,transfer
4421,28/01/2026,IT6789,-422.78,EUR,withdrawal
4422,15/02/2026,IT3456,275.04,EUR,transfer
4423,05/02/2026,IT8901,-240.13,EUR,withdrawal
4424,,IT3456,443.72,EUR,transfer
4425,29/04/2026,IT8901,4361.15,EUR,deposit
4426,07/04/2026,IT3456,4067.85,EUR,deposit
4427,11/01/2026,IT5678,1404.79,EUR,transfer
4428,20/02/2026,IT5678,4576.7,EUR,deposit
4429,12/05/2026,IT7890,-1252.25,EUR,withdrawal
4430,31/05/2026,IT5678,-729.95,EUR,withdrawal
4431,23/03/2026,IT2345,33.75,EUR,transfer
4432,27/02/2026,IT2345,163.54,EUR,deposit
4433,05/03/2026,IT6789,-1134.91,EUR,transfer
4434,14/05/2026,IT8901,4459.87,EUR,deposit
4435,09/05/2026,IT6789,507.29,EUR,deposit
4436,16/03/2026,IT6789,-699.22,EUR,transfer
4437,06/02/2026,IT5678,1972.38,EUR,deposit
4438,05/05/2026,IT5678,-1178.33,EUR,transfer
4439,15/05/2026,IT7890,-985.63,EUR,transfer
4440,13/05/2026,IT8901,-899.73,EUR,transfer
4441,03/05/2026,IT1234,-103.35,EUR,withdrawal
4442,05/02/2026,IT2345,4103.4,EUR,deposit
4443,18/04/2026,IT6789,735.29,EUR,transfer
4444,28/03/2026,IT6789,-1301.35,EUR,transfer
4445,25/02/2026,IT7890,-1805.96,EUR,withdrawal
4446,06/03/2026,IT7890,-777.88,EUR,withdrawal
4447,12/03/2026,IT2345,-1016.06,EUR,withdrawal
4448,09/01/2026,IT3456,257.24,EUR,transfer
4449,12/03/2026,IT1234,-569.59,EUR,withdrawal
4450,21/03/2026,IT7890,50.06,EUR,transfer
4451,04/04/2026,IT5678,2934.95,EUR,deposit
4452,23/03/2026,IT5678,1030.14,EUR,deposit
4453,18/04/2026,IT2345,4429.55,EUR,deposit
4454,17/02/2026,IT7890,-1542.72,EUR,withdrawal
4455,03/02/2026,IT8901,-1430.14,EUR,withdrawal
4456,14/05/2026,IT2345,3578.6,EUR,deposit
4457,27/05/2026,IT3456,1896.27,EUR,deposit
4458,07/01/2026,IT6789,1438.15,EUR,deposit
4459,21/03/2026,IT2345,437.01,EUR,transfer
4460,07/02/2026,IT7890,-1536.64,EUR,withdrawal
4461,30/05/2026,IT8901,200.13,EUR,transfer
4462,15/01/2026,IT8901,3394.68,EUR,deposit
4463,28/03/2026,IT4567,711.4,EUR,deposit
4464,03/02/2026,IT1234,-1613.24,EUR,withdrawal
4465,26/03/2026,IT6789,-1918.48,EUR,withdrawal
4466,02/01/2026,IT1234,3485.35,EUR,deposit
4467,16/01/2026,IT7890,-584.05,EUR,withdrawal
4468,20/05/2026,IT7890,,EUR,deposit
4469,31/01/2026,IT4567,254.85,EUR,transfer
4470,05/03/2026,IT7890,514.91,EUR,transfer
4471,01/01/1750,IT7890,-1241.19,EUR,withdrawal
4472,28/04/2026,IT6789,-1468.99,EUR,withdrawal
4473,08/02/2026,IT6789,3535.4,EUR,deposit
4474,10/03/2026,IT4567,836.4,EUR,transfer
4475,10/02/2026,IT4567,316.08,EUR,transfer
4476,29/05/2026,IT7890,-1125.03,EUR,withdrawal
4477,09/05/2026,IT4567,-753.17,EUR,withdrawal
4478,13/02/2026,IT4567,-1521.65,EUR,withdrawal
4479,15/01/2026,IT6789,-846.75,EUR,withdrawal
4480,19/01/2026,IT8901,2408.02,EUR,deposit
4481,01/03/2026,IT1234,-1438.2,EUR,withdrawal
4482,29/03/2026,IT2345,4954.59,EUR,deposit
4483,11/04/2026,IT6789,-257.41,EUR,transfer
4484,01/03/2026,IT6789,-1347.15,EUR,withdrawal
4485,31/03/2026,IT3456,-1412.92,EUR,withdrawal
4486,05/01/2026,IT6789,-223.14,EUR,withdrawal
4487,05/05/2026,IT4567,-1215.4,EUR,transfer
4488,04/02/2026,IT4567,-797.16,EUR,transfer
4489,27/04/2026,IT5678,-184.42,EUR,transfer
4490,06/03/2026,IT6789,-201.43,EUR,withdrawal
4491,01/03/2026,IT8901,1933.17,EUR,deposit
4492,04/02/2026,IT2345,4415.06,EUR,deposit
4493,18/02/2026,IT3456,137.84,EUR,transfer
4494,01/05/2026,IT6789,-280.22,EUR,withdrawal
4495,04/01/2026,IT6789,-750.15,EUR,withdrawal
4496,08/04/2026,IT4567,-131.7,EUR,withdrawal
4497,30/01/2026,IT2345,-1449.5,EUR,withdrawal
4498,04/02/2026,IT2345,1196.43,EUR,transfer
4499,10/04/2026,IT4567,3562.79,EUR,deposit
4500,30/04/2026,IT1234,-342.77,EUR,withdrawal
4501,22/05/2026,IT5678,-1300.62,EUR,withdrawal
4502,29/01/2026,IT7890,1631.13,EUR,deposit
4503,24/02/2026,IT4567,2097.8,EUR,deposit
4504,15/01/2026,IT6789,-1182.14,EUR,transfer
4505,23/03/2026,IT4567,-1653.89,EUR,withdrawal
4506,27/02/2026,IT8901,4658.48,EUR,deposit
4507,24/04/2026,IT7890,-476.85,EUR,withdrawal
4508,21/01/2026,IT2345,30.13,EUR,transfer
4509,11/04/2026,IT5678,-349.06,EUR,withdrawal
4510,12/05/2026,IT4567,1849.24,EUR,deposit
4511,07/04/2026,IT1234,2157.15,EUR,deposit
4512,18/05/2026,IT4567,1116.18,EUR,transfer
4513,10/01/2026,IT8901,-708.01,EUR,withdrawal
4514,04/01/2026,IT4567,517.98,EUR,deposit
4515,09/02/2026,IT3456,696.9,EUR,deposit
4516,19/02/2026,IT4567,1427.58,EUR,transfer
4517,17/05/2026,IT1234,1298.78,EUR,deposit
4518,19/04/2026,IT7890,2138.74,EUR,deposit
4519,24/04/2026,IT5678,4179.97,EUR,deposit
4520,26/01/2026,IT4567,-428.51,EUR,withdrawal
4521,13/02/2026,IT1234,1167.76,EUR,deposit
4522,15/02/2026,IT7890,-1410.06,EUR,transfer
4523,25/01/2026,IT5678,3744.4,EUR,deposit
4524,10/04/2026,IT4567,1393.96,EUR,deposit
4525,24/04/2026,IT6789,1384.23,EUR,transfer
4526,14/02/2026,IT8901,3715.74,EUR,deposit
4527,23/02/2026,IT7890,3166.41,EUR,deposit
4528,24/01/2026,IT6789,-1000.72,EUR,withdrawal
4529,07/01/2026,IT4567,784.77,EUR,deposit
4530,26/02/2026,IT6789,-276.43,EUR,transfer
4531,12/02/2026,IT1234,1174.6,EUR,deposit
4532,30/05/2026,IT2345,-74.29,EUR,withdrawal
4533,24/04/2026,IT3456,-1097.78,EUR,transfer
4534,30/01/2026,IT8901,4109.91,EUR,deposit
4535,15/05/2026,IT3456,-1423.31,EUR,withdrawal
4536,09/05/2026,IT8901,-827.1,EUR,transfer
4537,20/04/2026,IT5678,725.34,EUR,transfer
4538,13/05/2026,IT3456,1531.76,EUR,deposit
4539,21/03/2026,IT4567,-515.21,EUR,withdrawal
4540,15/04/2026,IT4567,-1627.6,EUR,withdrawal
4541,01/04/2026,IT7890,881.86,EUR,transfer
4542,07/03/2026,IT6789,-1360.89,EUR,withdrawal
4543,14/01/2026,IT2345,-380.19,EUR,withdrawal
4544,25/01/2026,IT2345,3063.92,EUR,deposit
4545,31/05/2026,IT4567,434.4,EUR,deposit
4546,04/05/2026,IT4567,1121.36,EUR,transfer
4547,24/04/2026,IT4567,-1909.35,EUR,withdrawal
4548,24/01/2026,IT6789,4041.57,EUR,deposit
4549,06/01/2026,IT4567,-1985.43,EUR,withdrawal
4550,20/02/2026,IT4567,2952.48,EUR,deposit
4551,24/03/2026,IT5678,-956.91,EUR,withdrawal
4552,16/01/2026,IT2345,4800.13,EUR,deposit
4553,24/04/2026,IT3456,-217.26,EUR,withdrawal
4554,19/02/2026,IT5678,-844.62,EUR,transfer
4555,12/02/2026,IT6789,-415.74,EUR,transfer
4556,21/02/2026,IT1234,-1005.51,EUR,transfer
4557,09/03/2026,IT4567,168.97,EUR,transfer
4558,16/04/2026,IT2345,-1992.88,EUR,withdrawal
4559,24/05/2026,IT4567,4152.64,EUR,deposit
4560,28/05/2026,IT5678,465.71,EUR,transfer
4561,20/05/2026,IT3456,4726.84,EUR,deposit
4562,11/01/2026,IT7890,888.89,EUR,deposit
4563,17/01/2026,IT7890,-1406.97,EUR,withdrawal
4564,09/01/2026,IT4567,-1232.66,EUR,transfer
4565,18/04/2026,IT5678,-1496.28,EUR,withdrawal
4566,25/02/2026,IT5678,187.33,EUR,deposit
4567,11/03/2026,IT6789,4202.83,EUR,deposit
4568,23/04/2026,IT7890,-789.64,EUR,withdrawal
4569,22/04/2026,IT6789,832.6,EUR,transfer
4570,10/01/2026,IT6789,-983.17,EUR,withdrawal
4571,09/04/2026,IT5678,401.42,EUR,deposit
4572,24/02/2026,IT5678,-150.94,EUR,transfer
4573,01/04/2026,IT6789,-1056.27,EUR,withdrawal
4574,13/03/2026,IT6789,-519.11,EUR,withdrawal
4575,05/04/2026,IT5678,2720.65,EUR,deposit
4576,01/01/2026,IT7890,-48.24,EUR,withdrawal
4577,15/03/2026,IT4567,497.45,EUR,deposit
4578,20/04/2026,IT3456,1376.9,EUR,transfer
4579,02/01/2026,IT5678,-800.05,EUR,transfer
4580,24/01/2026,IT5678,-1589.95,EUR,withdrawal
4581,13/04/2026,IT2345,286.86,EUR,deposit
4582,29/04/2026,IT6789,4035.72,EUR,deposit
4583,30/04/2026,IT3456,3985.16,EUR,deposit
4584,11/05/2026,IT4567,3565.46,EUR,deposit
4585,03/02/2026,IT3456,-392.97,EUR,withdrawal
4586,10/03/2026,IT4567,1308.56,EUR,deposit
4587,05/02/2026,IT7890,560.69,EUR,deposit
4588,11/03/2026,IT1234,-171.35,EUR,withdrawal
4589,19/01/2026,IT3456,4480.86,EUR,deposit
4590,18/04/2026,IT3456,-868.44,EUR,withdrawal
4591,30/01/2026,IT2345,-268.15,EUR,withdrawal
4592,08/05/2026,IT3456,2549.44,EUR,deposit
4593,08/02/2026,IT6789,-261.41,EUR,withdrawal
4594,23/04/2026,IT2345,1089.67,EUR,deposit
4595,16/04/2026,IT7890,1399.93,EUR,deposit
4596,04/05/2026,IT5678,2384.6,EUR,deposit
4597,06/04/2026,IT3456,-296.08,EUR,withdrawal
4598,06/05/2026,IT1234,1348.0,EUR,transfer
4599,07/01/2026,IT1234,1306.12,EUR,deposit
4600,25/02/2026,IT1234,777.07,EUR,deposit
4601,29/05/2026,IT4567,465.12,EUR,transfer
4602,08/02/2026,IT2345,-812.68,EUR,transfer
4603,04/04/2026,IT3456,4442.27,EUR,deposit
4604,12/03/2026,IT2345,-551.27,EUR,withdrawal
4605,22/05/2026,IT6789,-1212.59,EUR,withdrawal
4606,26/03/2026,IT5678,-1005.72,EUR,withdrawal
4607,05/04/2026,IT3456,-358.06,EUR,withdrawal
4608,31/05/2026,IT6789,3811.91,EUR,deposit
4609,21/04/2026,IT6789,-472.9,EUR,withdrawal
4610,05/02/2026,IT2345,-311.55,EUR,withdrawal
4611,03/02/2026,IT6789,3485.51,EUR,deposit
4612,16/04/2026,IT1234,386.35,EUR,transfer
4613,02/02/2026,IT8901,3137.08,EUR,deposit
4614,11/03/2026,IT6789,1075.81,EUR,deposit
4615,27/03/2026,IT6789,1472.54,EUR,deposit
4616,13/04/2026,IT2345,955.08,EUR,transfer
4617,15/04/2026,IT7890,696.66,EUR,transfer
4618,19/03/2026,IT7890,3374.83,EUR,deposit
4619,15/04/2026,IT7890,-926.3,EUR,withdrawal
4620,10/03/2026,IT5678,-1475.29,EUR,withdrawal
4621,13/04/2026,IT3456,4753.02,EUR,deposit
4622,07/01/2026,IT6789,-1982.31,EUR,withdrawal
4623,09/02/2026,IT1234,-695.89,EUR,transfer
4624,,IT7890,980.45,EUR,transfer
4625,31/05/2026,IT2345,677.28,EUR,transfer
4626,26/04/2026,IT4567,4395.77,EUR,deposit
4627,05/01/2026,IT4567,885.36,EUR,transfer
4628,07/01/2026,IT3456,916.02,EUR,transfer
4629,12/03/2026,IT6789,1144.63,EUR,deposit
4630,12/01/2026,IT5678,1482.55,EUR,deposit
4631,26/03/2026,IT4567,-1815.08,EUR,withdrawal
4632,24/05/2026,IT8901,-555.77,EUR,transfer
4633,25/04/2026,IT3456,-1483.02,EUR,transfer
4634,04/04/2026,IT3456,1643.08,EUR,deposit
4635,21/04/2026,IT1234,-222.6,EUR,transfer
4636,03/04/2026,IT6789,-1813.76,EUR,withdrawal
4637,24/01/2026,IT1234,-1158.49,EUR,withdrawal
4638,28/04/2026,IT5678,-1493.56,EUR,transfer
4639,08/04/2026,IT2345,1503.32,EUR,deposit
4640,10/02/2026,IT3456,-272.61,EUR,transfer
4641,23/04/2026,IT6789,-123.82,EUR,withdrawal
4642,17/02/2026,IT5678,3283.55,EUR,deposit
4643,03/02/2026,IT1234,4029.62,EUR,deposit
4644,21/04/2026,IT2345,-784.72,EUR,withdrawal
4645,06/05/2026,IT7890,3239.44,EUR,deposit
4646,13/02/2026,IT8901,901.44,EUR,transfer
4647,04/02/2026,IT4567,674.61,EUR,transfer
4648,23/05/2026,IT2345,-371.43,EUR,withdrawal
4649,06/04/2026,IT5678,140.4,EUR,transfer
4650,12/03/2026,IT1234,-1392.38,EUR,withdrawal
4651,05/01/2026,IT4567,365.76,EUR,transfer
4652,28/03/2026,IT2345,3407.54,EUR,deposit
4653,22/05/2026,IT1234,313.96,EUR,transfer
4654,19/01/2026,IT6789,1192.2,EUR,transfer
4655,17/01/2026,IT7890,3559.26,EUR,deposit
4656,04/05/2026,IT1234,319.02,EUR,transfer
4657,30/03/2026,IT1234,-1675.88,EUR,withdrawal
4658,17/03/2026,IT2345,505.41,EUR,deposit
4659,15/03/2026,IT4567,-1901.87,EUR,withdrawal
4660,12/01/2026,IT4567,2098.87,EUR,deposit
4661,31/01/2026,IT1234,1125.28,EUR,deposit
4662,17/02/2026,IT8901,1358.02,EUR,transfer
4663,09/02/2026,IT8901,2188.11,EUR,deposit
4664,02/02/2026,IT4567,-45.9,EUR,withdrawal
4665,25/04/2026,IT6789,1182.2,EUR,transfer
4666,08/02/2026,IT8901,3998.41,EUR,deposit
4667,08/04/2026,IT7890,1076.92,EUR,transfer
4668,20/01/2026,IT7890,-601.85,EUR,withdrawal
4669,09/05/2026,IT7890,3684.69,EUR,deposit
4670,25/05/2026,IT1234,-439.45,EUR,transfer
4671,09/04/2026,IT8901,-1238.21,EUR,withdrawal
4672,30/05/2026,IT6789,3369.25,EUR,deposit
4673,30/04/2026,IT5678,-440.04,EUR,transfer
4674,10/02/2026,IT5678,981.46,EUR,deposit
4675,09/05/2026,IT1234,174.73,EUR,deposit
4676,16/05/2026,IT6789,-763.16,EUR,transfer
4677,14/02/2026,IT3456,328.13,EUR,transfer
4678,24/02/2026,IT4567,-398.52,EUR,transfer
4679,03/03/2026,IT1234,-631.66,EUR,transfer
4680,14/03/2026,IT5678,-1344.56,EUR,transfer
4681,21/01/2026,IT1234,-1993.69,EUR,withdrawal
4682,13/01/2026,IT5678,4617.61,EUR,deposit
4683,16/01/2026,IT3456,3805.04,EUR,deposit
4684,03/02/2026,IT6789,-919.02,EUR,transfer
4685,09/02/2026,IT7890,-1435.36,EUR,transfer
4686,21/01/2026,IT2345,921.33,EUR,deposit
4687,31/05/2026,IT6789,573.79,EUR,deposit
4688,03/04/2026,IT6789,-623.9,EUR,transfer
4689,25/04/2026,IT6789,-389.8,EUR,withdrawal
4690,17/01/2026,IT1234,23%02))12,EUR,deposit
4691,17/02/2026,IT2345,-1275.54,EUR,withdrawal
4692,20/03/2026,IT4567,-1442.65,EUR,transfer
4693,01/03/2026,IT7890,3893.72,EUR,deposit
4694,07/05/2026,IT7890,2425.55,EUR,deposit
4695,28/03/2026,IT7890,2275.16,EUR,deposit
4696,09/05/2026,IT5678,3806.74,EUR,deposit
4697,27/05/2026,IT7890,447.5,EUR,transfer
4698,27/03/2026,IT2345,-178.98,EUR,withdrawal
4699,21/03/2026,IT5678,-1562.1,EUR,withdrawal
4700,15/03/2026,IT1234,390.85,EUR,transfer
4701,22/03/2026,IT7890,-1485.08,EUR,withdrawal
4702,23/04/2026,IT4567,3127.82,EUR,deposit
4703,05/01/2026,IT1234,-538.27,EUR,withdrawal
4704,28/03/2026,IT5678,-167.6,EUR,transfer
4705,30/05/2026,IT5678,819.21,EUR,deposit
4706,05/01/2026,IT5678,569.28,EUR,deposit
4707,19/05/2026,IT6789,-176.98,EUR,transfer
4708,06/05/2026,IT2345,1566.56,EUR,deposit
4709,09/05/2026,IT3456,-1316.32,EUR,transfer
4710,25/01/2026,IT8901,3648.79,EUR,deposit
4711,01/01/1750,IT7890,-1051.6,EUR,withdrawal
4712,22/05/2026,IT3456,-276.77,EUR,withdrawal
4713,19/01/2026,IT3456,1336.58,EUR,transfer
4714,25/03/2026,IT8901,-619.97,EUR,transfer
4715,22/04/2026,IT7890,-647.55,EUR,withdrawal
4716,07/03/2026,IT6789,1256.68,EUR,deposit
4717,13/01/2026,IT2345,-984.3,EUR,withdrawal
4718,31/03/2026,IT1234,-1396.38,EUR,transfer
4719,08/04/2026,IT3456,164.09,EUR,transfer
4720,17/04/2026,IT4567,221.51,EUR,transfer
4721,28/05/2026,IT4567,-1958.13,EUR,withdrawal
4722,18/03/2026,IT8901,-1371.57,EUR,withdrawal
4723,19/02/2026,IT7890,-311.48,EUR,withdrawal
4724,03/01/2026,IT4567,-378.12,EUR,withdrawal
4725,28/03/2026,IT5678,3373.18,EUR,deposit
4726,17/03/2026,IT8901,-1348.63,EUR,withdrawal
4727,09/04/2026,IT7890,2542.54,EUR,deposit
4728,06/05/2026,IT1234,-613.17,EUR,withdrawal
4729,26/01/2026,IT4567,-1375.63,EUR,withdrawal
4730,07/01/2026,IT3456,-1312.76,EUR,withdrawal
4731,27/01/2026,IT3456,-953.18,EUR,transfer
4732,31/01/2026,IT3456,1490.2,EUR,transfer
4733,04/01/2026,IT1234,315.28,EUR,transfer
4734,28/02/2026,IT1234,-1977.6,EUR,withdrawal
4735,18/04/2026,IT2345,-1281.07,EUR,withdrawal
4736,23/03/2026,IT2345,131.65,EUR,transfer
4737,04/03/2026,IT5678,1110.4,EUR,deposit
4738,27/05/2026,IT6789,2375.28,EUR,deposit
4739,11/02/2026,IT2345,4290.17,EUR,deposit
4740,23/02/2026,IT1234,4063.99,EUR,deposit
4741,28/03/2026,IT6789,-1356.86,EUR,transfer
4742,08/01/2026,IT2345,1297.09,EUR,deposit
4743,22/04/2026,IT4567,1053.39,EUR,transfer
4744,07/03/2026,IT4567,2414.19,EUR,deposit
4745,24/02/2026,IT8901,4341.47,EUR,deposit
4746,03/04/2026,IT1234,-649.5,EUR,transfer
4747,03/01/2026,IT7890,2250.41,EUR,deposit
4748,06/02/2026,IT6789,1299.97,EUR,transfer
4749,29/03/2026,IT4567,-728.75,EUR,transfer
4750,26/02/2026,IT1234,674.13,EUR,deposit
4751,14/04/2026,IT1234,1107.21,EUR,transfer
4752,25/05/2026,IT8901,-1334.62,EUR,transfer
4753,05/03/2026,IT5678,1147.57,EUR,transfer
4754,06/05/2026,IT5678,3912.46,EUR,deposit
4755,12/02/2026,IT7890,-650.09,EUR,transfer
4756,10/04/2026,IT5678,-1052.86,EUR,withdrawal
4757,10/02/2026,IT6789,622.17,EUR,deposit
4758,31/03/2026,IT5678,-1437.82,EUR,transfer
4759,15/04/2026,IT2345,-463.3,EUR,withdrawal
4760,03/03/2026,IT8901,-957.72,EUR,transfer
4761,20/04/2026,IT8901,596.76,EUR,deposit
4762,28/03/2026,IT3456,-458.1,EUR,transfer
4763,30/05/2026,IT7890,627.87,EUR,transfer
4764,01/02/2026,IT6789,,EUR,withdrawal
4765,20/01/2026,IT1234,-543.46,EUR,withdrawal
4766,04/04/2026,IT7890,-1109.49,EUR,withdrawal
4767,19/04/2026,IT2345,-1624.36,EUR,withdrawal
4768,14/04/2026,IT7890,-962.08,EUR,transfer
4769,20/04/2026,IT6789,2379.42,EUR,deposit
4770,27/05/2026,IT1234,4410.95,EUR,deposit
4771,28/02/2026,IT7890,-1977.33,EUR,withdrawal
4772,16/02/2026,IT2345,169.75,EUR,transfer
4773,12/03/2026,IT7890,632.96,EUR,deposit
4774,17/05/2026,IT5678,2931.39,EUR,deposit
4775,21/03/2026,IT4567,-1459.27,EUR,withdrawal
4776,10/01/2026,IT6789,-100.1,EUR,withdrawal
4777,20/03/2026,IT4567,-454.15,EUR,withdrawal
4778,14/04/2026,IT8901,4834.25,EUR,deposit
4779,21/02/2026,IT7890,-446.5,EUR,transfer
4780,04/03/2026,IT2345,-1812.68,EUR,withdrawal
4781,19/05/2026,IT6789,-440.87,EUR,withdrawal
4782,12/05/2026,IT8901,4596.88,EUR,deposit
4783,03/01/2026,IT5678,-615.61,EUR,transfer
4784,18/05/2026,IT7890,49.18,EUR,transfer
4785,16/05/2026,IT2345,-223.62,EUR,withdrawal
4786,09/02/2026,IT3456,1057.33,EUR,transfer
4787,29/04/2026,IT5678,167.21,EUR,transfer
4788,19/02/2026,IT4567,-1269.88,EUR,withdrawal
4789,31/01/2026,IT1234,-74.21,EUR,withdrawal
4790,22/01/2026,IT5678,-451.26,EUR,transfer
4791,16/01/2026,IT4567,555.97,EUR,deposit
4792,12/02/2026,IT3456,4872.55,EUR,deposit
4793,11/04/2026,IT5678,-879.32,EUR,withdrawal
4794,26/03/2026,IT1234,-108.65,EUR,transfer
4795,02/03/2026,IT4567,-1429.06,EUR,withdrawal
4796,02/01/2026,IT2345,-367.59,EUR,withdrawal
4797,14/03/2026,IT4567,4677.61,EUR,deposit
4798,13/01/2026,IT7890,-1901.89,EUR,withdrawal
4799,03/02/2026,IT5678,122.48,EUR,deposit
4800,07/02/2026,IT3456,1385.31,EUR,transfer
4801,08/02/2026,IT2345,-1405.73,EUR,transfer
4802,01/01/1750,IT8901,3561.5,EUR,deposit
4803,11/01/2026,IT7890,-1890.81,EUR,withdrawal
4804,15/03/2026,IT4567,-1756.64,EUR,withdrawal
4805,07/04/2026,IT1234,-912.18,EUR,withdrawal
4806,10/02/2026,IT5678,-1409.42,EUR,withdrawal
4807,16/05/2026,IT6789,-438.86,EUR,transfer
4808,19/01/2026,IT4567,-279.35,EUR,withdrawal
4809,02/04/2026,IT6789,174.59,EUR,deposit
4810,09/03/2026,IT6789,-221.88,EUR,transfer
4811,31/03/2026,IT3456,-913.38,EUR,withdrawal
4812,13/04/2026,IT8901,-1710.5,EUR,withdrawal
4813,16/01/2026,IT6789,-114.01,EUR,withdrawal
4814,17/02/2026,IT2345,850.18,EUR,transfer
4815,15/03/2026,IT8901,4375.05,EUR,deposit
4816,06/01/2026,IT8901,-902.69,EUR,transfer
4817,18/02/2026,IT1234,2051.96,EUR,deposit
4818,09/03/2026,IT3456,31.65,EUR,transfer
4819,05/05/2026,IT8901,2715.16,EUR,deposit
4820,15/01/2026,IT1234,-35.52,EUR,withdrawal
4821,09/02/2026,IT3456,-720.81,EUR,withdrawal
4822,19/02/2026,IT5678,948.2,EUR,deposit
4823,20/02/2026,IT3456,-1678.27,EUR,withdrawal
4824,28/05/2026,IT1234,3.01,EUR,transfer
4825,06/04/2026,IT6789,699.05,EUR,transfer
4826,01/04/2026,IT5678,318.46,EUR,transfer
4827,17/05/2026,IT7890,-1076.45,EUR,withdrawal
4828,13/05/2026,IT4567,-636.38,EUR,withdrawal
4829,10/02/2026,IT6789,4055.79,EUR,deposit
4830,05/02/2026,IT5678,421.44,EUR,transfer
4831,21/05/2026,IT8901,4420.48,EUR,deposit
4832,28/02/2026,IT1234,-75.74,EUR,transfer
4833,07/01/2026,IT4567,-1134.05,EUR,withdrawal
4834,22/01/2026,IT8901,467.66,EUR,deposit
4835,24/04/2026,IT3456,-1375.74,EUR,transfer
4836,15/05/2026,IT5678,246.7,EUR,deposit
4837,13/05/2026,IT5678,2782.51,EUR,deposit
4838,17/05/2026,IT1234,1855.82,EUR,deposit
4839,01/03/2026,IT7890,848.34,EUR,deposit
4840,10/01/2026,IT7890,-1928.96,EUR,withdrawal
4841,21/02/2026,IT1234,1179.02,EUR,transfer
4842,30/05/2026,IT3456,564.7,EUR,deposit
4843,24/05/2026,IT7890,23.77,EUR,transfer
4844,14/01/2026,IT2345,3832.75,EUR,deposit
4845,23/04/2026,IT1234,-1871.82,EUR,withdrawal
4846,14/03/2026,IT6789,3059.38,EUR,deposit
4847,29/03/2026,IT7890,242.97,EUR,transfer
4848,13/03/2026,IT4567,2547.59,EUR,deposit
4849,02/02/2026,IT6789,4300.18,EUR,deposit
4850,20/03/2026,IT2345,2833.71,EUR,deposit
4851,22/05/2026,IT7890,2311.19,EUR,deposit
4852,16/02/2026,IT7890,4019.26,EUR,deposit
4853,23/02/2026,IT1234,-1417.07,EUR,withdrawal
4854,12/04/2026,IT4567,-671.67,EUR,withdrawal
4855,12/05/2026,IT5678,4106.53,EUR,deposit
4856,17/02/2026,IT7890,1507.23,EUR,deposit
4857,15/02/2026,IT8901,1224.41,EUR,transfer
4858,08/01/2026,IT2345,2506.58,EUR,deposit
4859,27/05/2026,IT1234,4715.75,EUR,deposit
4860,24/03/2026,IT6789,-370.43,EUR,transfer
4861,21/03/2026,IT5678,4362.48,EUR,deposit
4862,30/03/2026,IT8901,-608.89,EUR,withdrawal
4863,20/02/2026,IT5678,3268.78,EUR,deposit
4864,09/04/2026,IT1234,1284.94,EUR,deposit
4865,10/01/2026,IT2345,-1378.44,EUR,withdrawal
4866,11/05/2026,IT2345,2949.48,EUR,deposit
4867,15/04/2026,IT7890,3665.98,EUR,deposit
4868,18/02/2026,IT8901,-1012.34,EUR,transfer
4869,05/02/2026,IT1234,916.2,EUR,deposit
4870,21/05/2026,IT4567,431.66,EUR,transfer
4871,26/04/2026,IT1234,208.66,EUR,deposit
4872,26/01/2026,IT6789,-972.73,EUR,withdrawal
4873,24/02/2026,IT7890,-412.43,EUR,transfer
4874,25/03/2026,IT5678,4137.49,EUR,deposit
4875,19/03/2026,IT8901,-1142.32,EUR,transfer
4876,18/05/2026,IT4567,-99.06,EUR,withdrawal
4877,22/03/2026,IT7890,-1752.43,EUR,withdrawal
4878,12/02/2026,IT3456,1681.08,EUR,deposit
4879,18/04/2026,IT6789,1912.16,EUR,deposit
4880,09/04/2026,IT2345,1172.76,EUR,deposit
4881,03/01/2026,IT1234,2414.56,EUR,deposit
4882,14/03/2026,IT8901,1869.67,EUR,deposit
4883,07/05/2026,IT6789,4424.72,EUR,deposit
4884,17/02/2026,IT5678,1978.68,EUR,deposit
4885,11/05/2026,IT8901,2906.96,EUR,deposit
4886,15/05/2026,IT1234,-1339.81,EUR,withdrawal
4887,21/04/2026,IT4567,284.52,EUR,deposit
4888,17/01/2026,IT4567,-1271.56,EUR,withdrawal
4889,02/01/2026,IT3456,-860.56,EUR,withdrawal
4890,06/05/2026,IT2345,-917.62,EUR,withdrawal
4891,24/01/2026,IT1234,-1287.87,EUR,withdrawal
4892,05/04/2026,IT5678,2701.48,EUR,deposit
4893,08/03/2026,IT8901,879.33,EUR,deposit
4894,10/05/2026,IT5678,546.35,EUR,transfer
4895,13/01/2026,IT1234,-421.12,EUR,withdrawal
4896,31/01/2026,IT1234,-1418.8,EUR,transfer
4897,17/03/2026,IT5678,-1004.02,EUR,withdrawal
4898,13/02/2026,IT4567,-225.77,EUR,withdrawal
4899,12/01/2026,IT4567,-1379.71,EUR,transfer
4900,06/02/2026,IT2345,895.76,EUR,transfer
4901,17/02/2026,IT7890,-390.1,EUR,transfer
4902,28/04/2026,IT7890,-110.58,EUR,withdrawal
4903,18/03/2026,IT1234,23%02))12,EUR,transfer
4904,28/01/2026,IT3456,4240.55,EUR,deposit
4905,14/03/2026,IT5678,1509.53,EUR,deposit
4906,25/03/2026,IT7890,4050.39,EUR,deposit
4907,15/04/2026,IT7890,-1750.19,EUR,withdrawal
4908,13/02/2026,IT1234,-849.15,EUR,transfer
4909,16/05/2026,IT7890,1591.77,EUR,deposit
4910,18/04/2026,IT5678,-307.97,EUR,withdrawal
4911,15/03/2026,IT1234,-350.85,EUR,withdrawal
4912,28/04/2026,IT4567,-664.29,EUR,transfer
4913,11/01/2026,IT5678,-1329.62,EUR,transfer
4914,21/03/2026,IT5678,1233.88,EUR,deposit
4915,01/01/1750,IT2345,2784.53,EUR,deposit
4916,07/01/2026,IT6789,1526.54,EUR,deposit
4917,09/05/2026,IT3456,2315.4,EUR,deposit
4918,19/04/2026,IT3456,-551.26,EUR,transfer
4919,12/01/2026,IT6789,4315.89,EUR,deposit
4920,22/01/2026,IT6789,211.12,EUR,transfer
4921,09/02/2026,IT1234,-1079.7,EUR,withdrawal
4922,06/05/2026,IT7890,865.91,EUR,transfer
4923,03/05/2026,IT3456,2374.61,EUR,deposit
4924,07/04/2026,IT8901,2464.61,EUR,deposit
4925,23/05/2026,IT3456,443.25,EUR,transfer
4926,08/01/2026,IT4567,-1601.83,EUR,withdrawal
4927,20/04/2026,IT2345,-1061.35,EUR,withdrawal
4928,17/04/2026,IT6789,2217.88,EUR,deposit
4929,20/05/2026,IT2345,3308.81,EUR,deposit
4930,13/04/2026,IT1234,342.41,EUR,transfer
4931,03/04/2026,IT1234,-1756.51,EUR,withdrawal
4932,28/05/2026,IT2345,1442.73,EUR,transfer
4933,13/04/2026,IT1234,3437.83,EUR,deposit
4934,02/03/2026,IT7890,3705.61,EUR,deposit
4935,21/01/2026,IT1234,-761.28,EUR,withdrawal
4936,13/01/2026,IT8901,-1805.16,EUR,withdrawal
4937,28/01/2026,IT4567,647.05,EUR,deposit
4938,26/02/2026,IT5678,-94.43,EUR,withdrawal
4939,27/02/2026,IT4567,-880.71,EUR,transfer
4940,09/01/2026,IT3456,2765.73,EUR,deposit
4941,15/03/2026,IT2345,-1337.14,EUR,withdrawal
4942,17/05/2026,IT2345,-622.83,EUR,withdrawal
4943,17/05/2026,IT7890,1347.09,EUR,transfer
4944,21/03/2026,IT3456,-235.22,EUR,withdrawal
4945,17/05/2026,IT6789,2422.12,EUR,deposit
4946,18/01/2026,IT1234,3266.27,EUR,deposit
4947,17/04/2026,IT8901,1253.84,EUR,transfer
4948,12/04/2026,IT4567,344.98,EUR,transfer
4949,21/04/2026,IT8901,149.02,EUR,transfer
4950,22/04/2026,IT5678,533.96,EUR,transfer
4951,01/03/2026,IT8901,-327.95,EUR,transfer
4952,28/01/2026,IT5678,779.94,EUR,transfer
4953,26/05/2026,IT7890,1731.11,EUR,deposit
4954,28/04/2026,IT6789,3303.06,EUR,deposit
4955,07/01/2026,IT5678,-736.1,EUR,withdrawal
4956,05/01/2026,IT2345,-260.17,EUR,transfer
4957,18/01/2026,IT6789,3922.94,EUR,deposit
4958,17/03/2026,IT5678,23%02))12,EUR,transfer
4959,04/04/2026,IT1234,1032.87,EUR,deposit
4960,14/05/2026,IT7890,-164.79,EUR,transfer
4961,02/02/2026,IT3456,2353.49,EUR,deposit
4962,10/05/2026,IT6789,1133.69,EUR,transfer
4963,12/03/2026,IT6789,-1345.94,EUR,withdrawal
4964,,IT2345,-330.95,EUR,withdrawal
4965,28/03/2026,IT4567,-582.26,EUR,transfer
4966,22/05/2026,IT7890,3154.92,EUR,deposit
4967,24/03/2026,IT3456,3739.14,EUR,deposit
4968,12/02/2026,IT4567,-1106.17,EUR,withdrawal
4969,10/04/2026,IT4567,3173.63,EUR,deposit
4970,06/02/2026,IT6789,1905.71,EUR,deposit
4971,11/03/2026,IT5678,-804.34,EUR,withdrawal
4972,04/05/2026,IT7890,1077.79,EUR,transfer
4973,03/03/2026,IT2345,-1294.76,EUR,withdrawal
4974,08/01/2026,IT8901,-1064.9,EUR,withdrawal
4975,23/05/2026,IT4567,-532.84,EUR,transfer
4976,13/03/2026,IT2345,-1160.81,EUR,withdrawal
4977,09/05/2026,IT5678,3413.6,EUR,deposit
4978,01/05/2026,IT1234,1227.86,EUR,deposit
4979,19/02/2026,IT3456,3460.23,EUR,deposit
4980,21/01/2026,IT4567,313.79,EUR,deposit
4981,10/02/2026,IT5678,-572.86,EUR,withdrawal
4982,16/05/2026,IT8901,1467.16,EUR,transfer
4983,24/03/2026,IT6789,1398.71,EUR,deposit
4984,24/02/2026,IT6789,-1648.8,EUR,withdrawal
4985,11/01/2026,IT6789,-873.36,EUR,transfer
4986,22/02/2026,IT6789,2265.84,EUR,deposit
4987,27/03/2026,IT2345,-1303.06,EUR,withdrawal
4988,26/02/2026,IT7890,893.23,EUR,deposit
4989,27/04/2026,IT7890,3260.68,EUR,deposit
4990,16/04/2026,IT6789,484.75,EUR,transfer
4991,23/02/2026,IT3456,1380.68,EUR,deposit
4992,15/01/2026,IT1234,-1908.94,EUR,withdrawal
4993,14/03/2026,IT5678,-499.38,EUR,withdrawal
4994,02/01/2026,IT4567,2751.67,EUR,deposit
4995,04/03/2026,IT2345,-1617.58,EUR,withdrawal
4996,23/01/2026,IT8901,1155.04,EUR,transfer
4997,21/01/2026,IT5678,-796.38,EUR,transfer
4998,04/01/2026,IT8901,-718.35,EUR,withdrawal
4999,15/04/2026,IT2345,-193.2,EUR,transfer
5000,13/02/2026,IT2345,1695.1,EUR,deposit
5001,25/05/2026,IT7890,-1899.63,EUR,withdrawal
5002,13/05/2026,IT1234,-404.66,EUR,transfer
5003,10/01/2026,IT3456,1080.33,EUR,transfer
5004,10/03/2026,IT8901,-1088.75,EUR,withdrawal
5005,20/02/2026,IT6789,3020.27,EUR,deposit
5006,17/01/2026,IT7890,-710.34,EUR,transfer
5007,06/02/2026,IT6789,323.43,EUR,deposit
5008,23/05/2026,IT5678,165.46,EUR,transfer
5009,19/03/2026,IT2345,2988.15,EUR,deposit
5010,01/05/2026,IT7890,-1149.28,EUR,withdrawal
5011,10/01/2026,IT2345,1420.41,EUR,deposit
5012,09/04/2026,IT7890,-1077.66,EUR,withdrawal
5013,05/05/2026,IT5678,-894.53,EUR,transfer
5014,14/02/2026,IT7890,145.55,EUR,deposit
5015,28/04/2026,IT8901,832.72,EUR,transfer
5016,02/03/2026,IT3456,-871.07,EUR,withdrawal
5017,07/03/2026,IT5678,4554.65,EUR,deposit
5018,18/02/2026,IT4567,418.49,EUR,deposit
5019,12/02/2026,IT7890,-627.44,EUR,transfer
5020,28/04/2026,IT5678,-437.76,EUR,transfer
5021,26/01/2026,IT8901,1102.9,EUR,transfer
5022,19/05/2026,IT8901,-1082.45,EUR,transfer
5023,16/04/2026,IT2345,-725.36,EUR,withdrawal
5024,09/01/2026,IT7890,3622.49,EUR,deposit
5025,02/02/2026,IT8901,-768.43,EUR,withdrawal
5026,13/01/2026,IT5678,-393.83,EUR,withdrawal
5027,31/03/2026,IT8901,-783.11,EUR,transfer
5028,15/02/2026,IT2345,560.6,EUR,transfer
5029,11/03/2026,IT4567,130.19,EUR,transfer
5030,23/02/2026,IT6789,-1372.49,EUR,withdrawal
5031,04/03/2026,IT3456,3022.07,EUR,deposit
5032,20/01/2026,IT7890,2437.24,EUR,deposit
5033,14/02/2026,IT2345,-1049.84,EUR,withdrawal
5034,21/02/2026,IT4567,1481.97,EUR,transfer
5035,27/01/2026,IT7890,-841.02,EUR,withdrawal
5036,13/05/2026,IT3456,3696.92,EUR,deposit
5037,31/03/2026,IT5678,-1119.77,EUR,withdrawal
5038,07/02/2026,IT5678,958.58,EUR,transfer
5039,,IT7890,-1965.99,EUR,withdrawal
5040,06/04/2026,IT3456,-126.12,EUR,withdrawal
5041,26/05/2026,IT5678,1719.31,EUR,deposit
5042,31/03/2026,IT2345,-464.01,EUR,withdrawal
5043,01/01/1750,IT3456,-517.35,EUR,withdrawal
5044,18/02/2026,IT8901,1499.95,EUR,deposit
5045,04/03/2026,IT1234,-1425.07,EUR,transfer
5046,27/03/2026,IT3456,-1935.67,EUR,withdrawal
5047,12/05/2026,IT1234,2751.33,EUR,deposit
5048,12/05/2026,IT8901,-992.54,EUR,transfer
5049,15/04/2026,IT7890,-1564.44,EUR,withdrawal
5050,24/04/2026,IT7890,-1372.64,EUR,withdrawal
5051,25/03/2026,IT6789,771.42,EUR,transfer
5052,24/02/2026,IT7890,-1498.12,EUR,withdrawal
5053,03/04/2026,IT6789,-1129.57,EUR,withdrawal
5054,18/04/2026,IT7890,-1663.62,EUR,withdrawal
5055,26/02/2026,IT1234,2768.47,EUR,deposit
5056,16/05/2026,IT6789,-1984.16,EUR,withdrawal
5057,31/01/2026,IT4567,-993.17,EUR,withdrawal
5058,30/05/2026,IT6789,-955.64,EUR,withdrawal
5059,20/05/2026,IT3456,628.65,EUR,deposit
5060,13/04/2026,IT4567,-1421.9,EUR,transfer
5061,20/04/2026,IT1234,-34.43,EUR,transfer
5062,15/05/2026,IT7890,-763.34,EUR,transfer
5063,15/05/2026,IT3456,-1043.76,EUR,transfer
5064,31/03/2026,IT8901,55.29,EUR,transfer
5065,04/05/2026,IT1234,1020.52,EUR,deposit
5066,18/03/2026,IT7890,2071.0,EUR,deposit
5067,13/02/2026,IT8901,2297.77,EUR,deposit
5068,16/01/2026,IT2345,862.96,EUR,transfer
5069,12/01/2026,IT6789,-1791.94,EUR,withdrawal
5070,12/02/2026,IT8901,-301.13,EUR,transfer
5071,24/03/2026,IT8901,-493.55,EUR,transfer
5072,07/01/2026,IT7890,1304.87,EUR,deposit
5073,07/01/2026,IT8901,-415.29,EUR,withdrawal
5074,14/02/2026,IT6789,1198.0,EUR,transfer
5075,06/04/2026,IT5678,1322.74,EUR,deposit
5076,03/04/2026,IT5678,3242.19,EUR,deposit
5077,03/02/2026,IT7890,-819.61,EUR,withdrawal
5078,07/01/2026,IT7890,-898.51,EUR,withdrawal
5079,21/01/2026,IT2345,197.67,EUR,transfer
5080,29/01/2026,IT3456,-1183.54,EUR,transfer
5081,31/05/2026,IT1234,3891.44,EUR,deposit
5082,19/02/2026,IT6789,1083.33,EUR,deposit
5083,27/03/2026,IT8901,-898.82,EUR,withdrawal
5084,04/02/2026,IT3456,-1595.92,EUR,withdrawal
5085,21/01/2026,IT1234,-236.27,EUR,withdrawal
5086,04/02/2026,IT8901,1160.09,EUR,deposit
5087,31/05/2026,IT6789,-144.19,EUR,withdrawal
5088,28/04/2026,IT7890,272.01,EUR,transfer
5089,29/04/2026,IT7890,-286.05,EUR,transfer
5090,07/05/2026,IT1234,-368.86,EUR,transfer
5091,21/05/2026,IT2345,405.68,EUR,transfer
5092,16/01/2026,IT7890,-1428.33,EUR,transfer
5093,18/04/2026,IT3456,-1986.23,EUR,withdrawal
5094,09/01/2026,IT1234,-1243.15,EUR,withdrawal
5095,01/03/2026,IT5678,-352.31,EUR,transfer
5096,14/01/2026,IT1234,139.29,EUR,transfer
5097,20/02/2026,IT1234,-1504.9,EUR,withdrawal
5098,08/03/2026,IT3456,265.29,EUR,transfer
5099,19/01/2026,IT2345,112.56,EUR,transfer
5100,21/05/2026,IT6789,,EUR,deposit
5101,03/05/2026,IT4567,-1557.83,EUR,withdrawal
5102,16/03/2026,IT2345,-390.8,EUR,withdrawal
5103,07/02/2026,IT5678,-773.53,EUR,transfer
5104,,IT4567,-571.96,EUR,withdrawal
5105,06/03/2026,IT8901,-1977.33,EUR,withdrawal
5106,17/04/2026,IT8901,114.9,EUR,deposit
5107,18/05/2026,IT1234,-528.96,EUR,withdrawal
5108,29/04/2026,IT4567,-1644.36,EUR,withdrawal
5109,07/05/2026,IT5678,-240.12,EUR,transfer
5110,14/05/2026,IT2345,-305.1,EUR,withdrawal
5111,10/02/2026,IT3456,1272.86,EUR,transfer
5112,19/01/2026,IT2345,-1165.23,EUR,withdrawal
5113,11/03/2026,IT7890,467.38,EUR,transfer
5114,01/02/2026,IT6789,564.33,EUR,transfer
5115,21/05/2026,IT7890,2767.98,EUR,deposit
5116,25/02/2026,IT5678,705.1,EUR,transfer
5117,12/01/2026,IT7890,634.66,EUR,deposit
5118,09/03/2026,IT7890,-331.67,EUR,withdrawal
5119,22/05/2026,IT1234,117.15,EUR,transfer
5120,29/05/2026,IT2345,-128.98,EUR,withdrawal
5121,19/05/2026,IT8901,-1267.68,EUR,withdrawal
5122,21/01/2026,IT3456,606.77,EUR,transfer
5123,31/05/2026,IT5678,647.12,EUR,transfer
5124,23/02/2026,IT4567,1376.85,EUR,deposit
5125,20/04/2026,IT2345,-1493.95,EUR,withdrawal
5126,06/05/2026,IT3456,-1987.05,EUR,withdrawal
5127,19/05/2026,IT2345,361.39,EUR,deposit
5128,20/02/2026,IT5678,-1995.68,EUR,withdrawal
5129,31/03/2026,IT7890,-1393.62,EUR,transfer
5130,17/01/2026,IT6789,819.47,EUR,deposit
5131,04/02/2026,IT5678,-1486.89,EUR,withdrawal
5132,01/01/1750,IT1234,4497.61,EUR,deposit
5133,04/05/2026,IT5678,4228.15,EUR,deposit
5134,28/05/2026,IT3456,-1101.75,EUR,withdrawal
5135,27/03/2026,IT1234,1152.84,EUR,deposit
5136,17/04/2026,IT3456,-461.28,EUR,withdrawal
5137,06/02/2026,IT7890,-1181.61,EUR,transfer
5138,13/03/2026,IT3456,1332.9,EUR,transfer
5139,30/04/2026,IT1234,-211.02,EUR,transfer
5140,11/04/2026,IT6789,-1534.04,EUR,withdrawal
5141,14/03/2026,IT7890,-1376.52,EUR,withdrawal
5142,15/01/2026,IT2345,-1948.31,EUR,withdrawal
5143,13/03/2026,IT2345,-1847.87,EUR,withdrawal
5144,24/01/2026,IT5678,-1727.21,EUR,withdrawal
5145,18/03/2026,IT8901,-580.75,EUR,withdrawal
5146,,IT8901,954.83,EUR,deposit
5147,16/05/2026,IT4567,-417.7,EUR,withdrawal
5148,24/05/2026,IT7890,-1818.29,EUR,withdrawal
5149,08/05/2026,IT4567,-259.57,EUR,withdrawal
5150,30/01/2026,IT6789,1201.93,EUR,transfer
5151,16/02/2026,IT2345,1848.94,EUR,deposit
5152,19/01/2026,IT3456,-1106.59,EUR,withdrawal
5153,12/02/2026,IT8901,3423.38,EUR,deposit
5154,12/04/2026,IT2345,104.35,EUR,deposit
5155,18/03/2026,IT3456,1947.93,EUR,deposit
5156,04/05/2026,IT5678,4174.72,EUR,deposit
5157,26/05/2026,IT2345,1199.76,EUR,transfer
5158,01/02/2026,IT6789,-1457.71,EUR,withdrawal
5159,22/01/2026,IT1234,-1152.0,EUR,withdrawal
5160,31/03/2026,IT6789,1214.04,EUR,transfer
5161,20/02/2026,IT5678,4083.22,EUR,deposit
5162,14/03/2026,IT1234,-1493.88,EUR,transfer
5163,07/03/2026,IT6789,-279.77,EUR,withdrawal
5164,02/01/2026,IT1234,,EUR,deposit
5165,15/01/2026,IT3456,3854.71,EUR,deposit
5166,12/05/2026,IT8901,976.77,EUR,transfer
5167,05/05/2026,IT5678,-647.17,EUR,withdrawal
5168,29/04/2026,IT3456,541.75,EUR,transfer
5169,05/02/2026,IT3456,3458.76,EUR,deposit
5170,21/03/2026,IT5678,-408.86,EUR,withdrawal
5171,21/01/2026,IT3456,-1169.01,EUR,withdrawal
5172,23/04/2026,IT2345,-1998.92,EUR,withdrawal
5173,26/03/2026,IT3456,947.99,EUR,transfer
5174,28/05/2026,IT5678,77.25,EUR,deposit
5175,03/05/2026,IT2345,-715.62,EUR,transfer
5176,18/03/2026,IT8901,-1131.56,EUR,withdrawal
5177,22/04/2026,IT1234,2684.22,EUR,deposit
5178,23/01/2026,IT4567,-1089.14,EUR,withdrawal
5179,21/03/2026,IT8901,936.0,EUR,transfer
5180,01/02/2026,IT1234,1473.77,EUR,deposit
5181,02/03/2026,IT2345,4390.4,EUR,deposit
5182,18/05/2026,IT7890,-57.34,EUR,transfer
5183,10/05/2026,IT8901,3879.15,EUR,deposit
5184,05/05/2026,IT6789,-954.13,EUR,withdrawal
5185,05/03/2026,IT5678,-567.49,EUR,withdrawal
5186,09/02/2026,IT8901,-1064.14,EUR,withdrawal
5187,26/02/2026,IT6789,168.81,EUR,transfer
5188,23/02/2026,IT8901,4826.34,EUR,deposit
5189,24/03/2026,IT6789,2856.75,EUR,deposit
5190,13/02/2026,IT6789,605.13,EUR,transfer
5191,07/05/2026,IT7890,-516.56,EUR,withdrawal
5192,04/03/2026,IT6789,3410.35,EUR,deposit
5193,06/03/2026,IT2345,-382.6,EUR,withdrawal
5194,16/01/2026,IT3456,-1068.11,EUR,withdrawal
5195,26/03/2026,IT8901,-741.05,EUR,withdrawal
5196,16/02/2026,IT2345,-498.85,EUR,transfer
5197,05/03/2026,IT1234,-865.93,EUR,withdrawal
5198,04/01/2026,IT6789,-983.33,EUR,transfer
5199,15/04/2026,IT5678,-1287.52,EUR,withdrawal
5200,31/01/2026,IT2345,-249.49,EUR,transfer
5201,17/05/2026,IT3456,2911.0,EUR,deposit
5202,10/05/2026,IT2345,-924.21,EUR,withdrawal
5203,06/02/2026,IT4567,-1742.94,EUR,withdrawal
5204,30/03/2026,IT2345,-7.7,EUR,transfer
5205,10/04/2026,IT2345,1204.57,EUR,deposit
5206,07/02/2026,IT6789,451.11,EUR,transfer
5207,20/01/2026,IT1234,-889.77,EUR,withdrawal
5208,09/03/2026,IT1234,-535.96,EUR,transfer
5209,01/02/2026,IT5678,3717.33,EUR,deposit
5210,20/02/2026,IT5678,-647.28,EUR,transfer
5211,07/04/2026,IT1234,23%02))12,EUR,deposit
5212,05/03/2026,IT7890,316.36,EUR,deposit
5213,21/02/2026,IT4567,-827.55,EUR,withdrawal
5214,27/03/2026,IT4567,-507.56,EUR,withdrawal
5215,23/04/2026,IT7890,150.77,EUR,deposit
5216,01/02/2026,IT3456,-1383.42,EUR,withdrawal
5217,08/03/2026,IT3456,2256.22,EUR,deposit
5218,16/05/2026,IT7890,1407.98,EUR,deposit
5219,18/03/2026,IT6789,-172.39,EUR,withdrawal
5220,30/03/2026,IT7890,3973.82,EUR,deposit
5221,09/02/2026,IT6789,1376.38,EUR,transfer
5222,19/01/2026,IT3456,-700.62,EUR,withdrawal
5223,13/05/2026,IT4567,-1379.07,EUR,withdrawal
5224,11/01/2026,IT4567,2562.48,EUR,deposit
5225,09/01/2026,IT3456,810.16,EUR,deposit
5226,13/05/2026,IT7890,1448.61,EUR,deposit
5227,04/04/2026,IT3456,-1391.11,EUR,transfer
5228,13/04/2026,IT5678,1829.41,EUR,deposit
5229,24/04/2026,IT5678,1696.45,EUR,deposit
5230,28/01/2026,IT5678,-251.4,EUR,transfer
5231,08/05/2026,IT3456,-622.43,EUR,withdrawal
5232,14/04/2026,IT7890,-1498.38,EUR,withdrawal
5233,15/01/2026,IT5678,-1872.78,EUR,withdrawal
5234,08/05/2026,IT6789,-834.41,EUR,withdrawal
5235,03/02/2026,IT1234,2533.05,EUR,deposit
5236,04/02/2026,IT3456,23%02))12,EUR,transfer
5237,24/01/2026,IT4567,-504.66,EUR,transfer
5238,29/05/2026,IT8901,2568.58,EUR,deposit
5239,09/04/2026,IT5678,-206.42,EUR,transfer
5240,23/05/2026,IT2345,609.25,EUR,transfer
5241,13/03/2026,IT6789,647.02,EUR,transfer
5242,15/04/2026,IT3456,639.2,EUR,deposit
5243,10/04/2026,IT1234,721.91,EUR,transfer
5244,27/05/2026,IT5678,1484.18,EUR,transfer
5245,22/05/2026,IT3456,-1865.7,EUR,withdrawal
5246,11/03/2026,IT3456,1054.08,EUR,transfer
5247,27/03/2026,IT1234,3113.66,EUR,deposit
5248,23/04/2026,IT5678,-913.84,EUR,withdrawal
5249,21/03/2026,IT4567,-1753.38,EUR,withdrawal
5250,08/05/2026,IT8901,-541.01,EUR,withdrawal
5251,22/04/2026,IT7890,1664.87,EUR,deposit
5252,15/02/2026,IT8901,4283.59,EUR,deposit
5253,19/02/2026,IT5678,3833.14,EUR,deposit
5254,02/05/2026,IT7890,2082.72,EUR,deposit
5255,24/04/2026,IT8901,-611.85,EUR,withdrawal
5256,12/04/2026,IT3456,3843.42,EUR,deposit
5257,22/04/2026,IT1234,-564.05,EUR,transfer
5258,05/02/2026,IT4567,-1902.28,EUR,withdrawal
5259,12/04/2026,IT1234,697.21,EUR,transfer
5260,15/01/2026,IT3456,2056.21,EUR,deposit
5261,14/05/2026,IT4567,-649.26,EUR,withdrawal
5262,26/04/2026,IT3456,1434.22,EUR,deposit
5263,10/04/2026,IT2345,-1298.56,EUR,withdrawal
5264,28/05/2026,IT6789,-49.34,EUR,withdrawal
5265,08/01/2026,IT7890,-84.55,EUR,withdrawal
5266,30/03/2026,IT2345,-372.93,EUR,withdrawal
5267,20/04/2026,IT2345,560.35,EUR,transfer
5268,14/03/2026,IT5678,251.88,EUR,transfer
5269,02/04/2026,IT1234,761.39,EUR,deposit
5270,29/03/2026,IT6789,-610.77,EUR,withdrawal
5271,05/05/2026,IT6789,-699.4,EUR,transfer
5272,13/01/2026,IT3456,-42.31,EUR,withdrawal
5273,14/03/2026,IT2345,1724.98,EUR,deposit
5274,19/05/2026,IT4567,299.86,EUR,transfer
5275,01/04/2026,IT1234,482.04,EUR,transfer
5276,27/02/2026,IT5678,948.29,EUR,transfer
5277,01/01/1750,IT7890,857.59,EUR,transfer
5278,24/02/2026,IT7890,1545.97,EUR,deposit
5279,13/04/2026,IT4567,1134.63,EUR,deposit
5280,20/01/2026,IT2345,-1562.93,EUR,withdrawal
5281,07/02/2026,IT3456,4375.52,EUR,deposit
5282,23/03/2026,IT3456,,EUR,transfer
5283,22/04/2026,IT1234,23%02))12,EUR,transfer
5284,12/05/2026,IT3456,-1234.31,EUR,transfer
5285,26/05/2026,IT8901,-1929.64,EUR,withdrawal
5286,16/03/2026,IT4567,-786.59,EUR,withdrawal
5287,29/01/2026,IT3456,-1364.54,EUR,withdrawal
5288,03/01/2026,IT4567,-328.54,EUR,withdrawal
5289,12/02/2026,IT8901,2182.14,EUR,deposit
5290,31/05/2026,IT6789,968.12,EUR,deposit
5291,24/04/2026,IT6789,353.18,EUR,deposit
5292,02/04/2026,IT8901,-344.55,EUR,withdrawal
5293,06/04/2026,IT4567,3276.77,EUR,deposit
5294,19/03/2026,IT8901,-816.52,EUR,transfer
5295,27/03/2026,IT4567,-225.4,EUR,withdrawal
5296,03/05/2026,IT4567,-845.47,EUR,withdrawal
5297,11/05/2026,IT5678,941.65,EUR,transfer
5298,15/01/2026,IT8901,1040.4,EUR,transfer
5299,08/03/2026,IT2345,-949.97,EUR,withdrawal
5300,16/03/2026,IT8901,-1891.47,EUR,withdrawal
5301,24/04/2026,IT7890,-1703.18,EUR,withdrawal
5302,04/05/2026,IT5678,-1167.22,EUR,withdrawal
5303,23/04/2026,IT3456,588.74,EUR,deposit
5304,11/03/2026,IT6789,-1577.07,EUR,withdrawal
5305,12/01/2026,IT1234,-1149.49,EUR,withdrawal
5306,19/03/2026,IT5678,3830.77,EUR,deposit
5307,18/05/2026,IT7890,-1898.84,EUR,withdrawal
5308,01/03/2026,IT2345,-655.86,EUR,withdrawal
5309,24/03/2026,IT5678,3439.14,EUR,deposit
5310,18/01/2026,IT3456,-1337.97,EUR,transfer
5311,25/03/2026,IT2345,-189.81,EUR,transfer
5312,19/01/2026,IT3456,-736.27,EUR,withdrawal
5313,01/01/2026,IT5678,-313.36,EUR,withdrawal
5314,04/05/2026,IT2345,-1763.33,EUR,withdrawal
5315,09/01/2026,IT2345,-907.55,EUR,transfer
5316,16/04/2026,IT7890,4371.58,EUR,deposit
5317,04/05/2026,IT8901,-1890.76,EUR,withdrawal
5318,07/04/2026,IT6789,1194.55,EUR,transfer
5319,25/03/2026,IT5678,3861.27,EUR,deposit
5320,21/05/2026,IT6789,-1703.81,EUR,withdrawal
5321,15/05/2026,IT3456,-1790.55,EUR,withdrawal
5322,30/04/2026,IT5678,23%02))12,EUR,withdrawal
5323,02/01/2026,IT4567,-825.48,EUR,transfer
5324,19/04/2026,IT2345,-807.09,EUR,withdrawal
5325,16/02/2026,IT1234,,EUR,deposit
5326,25/05/2026,IT4567,-1110.35,EUR,withdrawal
5327,04/04/2026,IT3456,2519.76,EUR,deposit
5328,29/05/2026,IT5678,3085.02,EUR,deposit
5329,15/01/2026,IT7890,928.26,EUR,transfer
5330,01/04/2026,IT6789,390.09,EUR,transfer
5331,02/04/2026,IT8901,-1587.72,EUR,withdrawal
5332,23/02/2026,IT1234,-1325.8,EUR,transfer
5333,30/04/2026,IT1234,497.04,EUR,transfer
5334,10/02/2026,IT3456,105.08,EUR,deposit
5335,21/04/2026,IT6789,-1288.96,EUR,withdrawal
5336,21/01/2026,IT8901,-665.71,EUR,withdrawal
5337,06/05/2026,IT1234,216.48,EUR,deposit
5338,15/02/2026,IT4567,720.42,EUR,deposit
5339,17/04/2026,IT6789,2914.94,EUR,deposit
5340,13/02/2026,IT6789,2063.47,EUR,deposit
5341,25/04/2026,IT6789,-1384.09,EUR,transfer
5342,07/04/2026,IT6789,-877.83,EUR,withdrawal
5343,02/05/2026,IT4567,-585.05,EUR,transfer
5344,27/03/2026,IT6789,72.8,EUR,deposit
5345,29/05/2026,IT8901,2826.54,EUR,deposit
5346,10/03/2026,IT1234,-1379.55,EUR,withdrawal
5347,11/03/2026,IT2345,2271.82,EUR,deposit
5348,13/02/2026,IT1234,-1544.69,EUR,withdrawal
5349,28/05/2026,IT8901,-499.93,EUR,withdrawal
5350,02/04/2026,IT4567,-1246.55,EUR,withdrawal
5351,01/01/1750,IT6789,-1083.54,EUR,withdrawal
5352,28/01/2026,IT2345,-831.43,EUR,withdrawal
5353,,IT8901,-1744.45,EUR,withdrawal
5354,06/03/2026,IT1234,-1437.83,EUR,withdrawal
5355,01/04/2026,IT5678,-1422.27,EUR,transfer
5356,14/03/2026,IT8901,3974.14,EUR,deposit
5357,07/04/2026,IT4567,2300.64,EUR,deposit
5358,21/04/2026,IT4567,-968.3,EUR,withdrawal
5359,20/04/2026,IT3456,-598.23,EUR,transfer
5360,26/05/2026,IT8901,996.76,EUR,transfer
5361,18/05/2026,IT2345,349.33,EUR,transfer
5362,24/01/2026,IT7890,148.79,EUR,transfer
5363,01/01/1750,IT4567,-772.02,EUR,withdrawal
5364,18/01/2026,IT7890,708.95,EUR,transfer
5365,22/02/2026,IT8901,-1563.64,EUR,withdrawal
5366,26/03/2026,IT7890,-27.36,EUR,transfer
5367,30/01/2026,IT4567,1245.56,EUR,transfer
5368,04/02/2026,IT6789,1286.57,EUR,transfer
5369,04/01/2026,IT3456,-900.57,EUR,withdrawal
5370,05/03/2026,IT5678,-1436.41,EUR,withdrawal
5371,11/03/2026,IT2345,-1478.21,EUR,transfer
5372,23/02/2026,IT7890,-1165.36,EUR,transfer
5373,31/01/2026,IT4567,1299.0,EUR,transfer
5374,24/03/2026,IT2345,-805.24,EUR,withdrawal
5375,10/03/2026,IT6789,9.68,EUR,transfer
5376,12/02/2026,IT6789,1812.84,EUR,deposit
5377,25/03/2026,IT3456,-300.46,EUR,withdrawal
5378,27/05/2026,IT5678,2216.82,EUR,deposit
5379,18/05/2026,IT3456,-815.07,EUR,transfer
5380,03/04/2026,IT7890,-985.77,EUR,transfer
5381,17/02/2026,IT1234,4497.92,EUR,deposit
5382,09/04/2026,IT4567,-1397.53,EUR,withdrawal
5383,06/02/2026,IT8901,-19.57,EUR,transfer
5384,28/05/2026,IT4567,367.69,EUR,deposit
5385,06/03/2026,IT7890,2151.19,EUR,deposit
5386,30/05/2026,IT1234,-602.52,EUR,withdrawal
5387,15/02/2026,IT2345,-298.79,EUR,withdrawal
5388,10/02/2026,IT2345,978.47,EUR,transfer
5389,22/05/2026,IT8901,-1354.9,EUR,withdrawal
5390,08/02/2026,IT6789,176.59,EUR,deposit
5391,19/04/2026,IT7890,-109.4,EUR,withdrawal
5392,21/02/2026,IT4567,-386.79,EUR,transfer
5393,31/01/2026,IT5678,223.94,EUR,deposit
5394,22/05/2026,IT7890,388.92,EUR,deposit
5395,04/02/2026,IT1234,2757.82,EUR,deposit
5396,20/01/2026,IT3456,895.97,EUR,transfer
5397,14/02/2026,IT7890,-1335.21,EUR,transfer
5398,10/03/2026,IT7890,1023.86,EUR,deposit
5399,27/04/2026,IT1234,4036.51,EUR,deposit
5400,20/02/2026,IT2345,88.47,EUR,deposit
5401,04/03/2026,IT4567,-1229.58,EUR,withdrawal
5402,05/02/2026,IT7890,-963.11,EUR,transfer
5403,11/04/2026,IT7890,4488.54,EUR,deposit
5404,28/03/2026,IT6789,-1605.9,EUR,withdrawal
5405,23/05/2026,IT3456,-976.25,EUR,transfer
5406,01/01/1750,IT1234,-1686.54,EUR,withdrawal
5407,01/01/1750,IT1234,183.72,EUR,deposit
5408,02/02/2026,IT3456,-90.95,EUR,withdrawal
5409,24/02/2026,IT7890,640.33,EUR,deposit
5410,06/01/2026,IT4567,-494.68,EUR,withdrawal
5411,21/02/2026,IT6789,-1313.13,EUR,transfer
5412,09/03/2026,IT1234,-1183.5,EUR,withdrawal
5413,08/04/2026,IT4567,1152.16,EUR,deposit
5414,30/05/2026,IT4567,-1248.78,EUR,transfer
5415,24/01/2026,IT7890,2661.67,EUR,deposit
5416,15/02/2026,IT2345,-1131.01,EUR,withdrawal
5417,08/04/2026,IT5678,-345.69,EUR,transfer
5418,06/04/2026,IT8901,697.98,EUR,transfer
5419,06/05/2026,IT1234,3430.31,EUR,deposit
5420,27/04/2026,IT3456,408.36,EUR,transfer
5421,05/05/2026,IT5678,1238.87,EUR,transfer
5422,12/03/2026,IT8901,-1124.52,EUR,transfer
5423,30/03/2026,IT3456,-1248.4,EUR,transfer
5424,24/04/2026,IT8901,-827.24,EUR,withdrawal
5425,09/03/2026,IT3456,-466.29,EUR,transfer
5426,28/01/2026,IT3456,-1039.81,EUR,transfer
5427,29/04/2026,IT3456,368.82,EUR,transfer
5428,30/04/2026,IT2345,-1462.28,EUR,withdrawal
5429,08/02/2026,IT1234,-1973.15,EUR,withdrawal
5430,05/03/2026,IT3456,3806.27,EUR,deposit
5431,17/03/2026,IT3456,-1539.93,EUR,withdrawal
5432,03/02/2026,IT8901,565.79,EUR,transfer
5433,03/04/2026,IT6789,-1092.71,EUR,withdrawal
5434,16/05/2026,IT8901,-168.75,EUR,withdrawal
5435,25/04/2026,IT6789,-756.57,EUR,transfer
5436,05/02/2026,IT4567,-1584.73,EUR,withdrawal
5437,29/01/2026,IT2345,1016.71,EUR,deposit
5438,06/04/2026,IT4567,1437.75,EUR,deposit
5439,29/03/2026,IT6789,-410.44,EUR,withdrawal
5440,18/05/2026,IT8901,-1198.67,EUR,withdrawal
5441,19/03/2026,IT6789,3575.44,EUR,deposit
5442,08/01/2026,IT2345,2144.72,EUR,deposit
5443,28/03/2026,IT8901,-836.12,EUR,withdrawal
5444,16/01/2026,IT8901,1163.14,EUR,deposit
5445,26/01/2026,IT8901,720.27,EUR,transfer
5446,12/01/2026,IT1234,3692.9,EUR,deposit
5447,17/05/2026,IT6789,403.8,EUR,transfer
5448,22/02/2026,IT4567,4641.02,EUR,deposit
5449,06/02/2026,IT7890,1982.29,EUR,deposit
5450,20/05/2026,IT4567,2684.78,EUR,deposit
5451,01/03/2026,IT5678,1088.38,EUR,deposit
5452,20/04/2026,IT4567,1855.75,EUR,deposit
5453,15/01/2026,IT8901,1033.09,EUR,deposit
5454,01/05/2026,IT6789,-1437.22,EUR,withdrawal
5455,31/05/2026,IT4567,173.93,EUR,transfer
5456,03/04/2026,IT6789,1335.46,EUR,transfer
5457,01/04/2026,IT6789,-1044.49,EUR,transfer
5458,28/05/2026,IT1234,-1352.27,EUR,withdrawal
5459,09/05/2026,IT4567,-1289.08,EUR,transfer
5460,07/05/2026,IT3456,1403.99,EUR,deposit
5461,29/03/2026,IT1234,2534.37,EUR,deposit
5462,08/02/2026,IT3456,1167.36,EUR,deposit
5463,13/04/2026,IT8901,-954.41,EUR,transfer
5464,25/02/2026,IT4567,4011.55,EUR,deposit
5465,24/01/2026,IT6789,-1516.32,EUR,withdrawal
5466,09/03/2026,IT3456,3306.72,EUR,deposit
5467,23/04/2026,IT6789,2967.69,EUR,deposit
5468,10/04/2026,IT2345,183.96,EUR,transfer
5469,13/01/2026,IT8901,-1363.69,EUR,transfer
5470,05/04/2026,IT8901,4386.39,EUR,deposit
5471,06/05/2026,IT5678,-1047.88,EUR,transfer
5472,13/04/2026,IT4567,195.63,EUR,deposit
5473,02/01/2026,IT3456,213.26,EUR,transfer
5474,02/02/2026,IT1234,-1079.1,EUR,transfer
5475,05/04/2026,IT3456,-384.84,EUR,transfer
5476,14/05/2026,IT6789,1395.11,EUR,transfer
5477,01/05/2026,IT8901,2931.26,EUR,deposit
5478,25/02/2026,IT3456,4006.68,EUR,deposit
5479,01/02/2026,IT8901,732.78,EUR,transfer
5480,18/03/2026,IT5678,1043.99,EUR,transfer
5481,28/04/2026,IT2345,1330.22,EUR,transfer
5482,11/02/2026,IT6789,-42.34,EUR,transfer
5483,06/02/2026,IT2345,482.89,EUR,deposit
5484,03/01/2026,IT8901,-512.27,EUR,transfer
5485,18/01/2026,IT6789,-265.11,EUR,withdrawal
5486,03/03/2026,IT4567,781.17,EUR,deposit
5487,17/03/2026,IT7890,-1108.18,EUR,withdrawal
5488,01/03/2026,IT6789,-81.96,EUR,withdrawal
5489,24/04/2026,IT6789,-163.58,EUR,withdrawal
5490,28/05/2026,IT7890,3567.11,EUR,deposit
5491,01/03/2026,IT2345,1099.6,EUR,deposit
5492,28/01/2026,IT3456,-1229.55,EUR,withdrawal
5493,16/01/2026,IT8901,-889.78,EUR,transfer
5494,02/02/2026,IT3456,1312.37,EUR,transfer
5495,10/03/2026,IT3456,4661.91,EUR,deposit
5496,23/04/2026,IT8901,-658.32,EUR,transfer
5497,12/01/2026,IT6789,-629.93,EUR,withdrawal
5498,19/03/2026,IT4567,1484.98,EUR,transfer
5499,25/03/2026,IT8901,3359.3,EUR,deposit
5500,18/03/2026,IT8901,4222.65,EUR,deposit
5501,05/04/2026,IT7890,931.58,EUR,transfer
5502,14/04/2026,IT7890,-726.73,EUR,withdrawal
5503,17/03/2026,IT4567,3699.39,EUR,deposit
5504,15/03/2026,IT7890,-1225.37,EUR,transfer
5505,23/05/2026,IT7890,2726.68,EUR,deposit
5506,27/05/2026,IT4567,858.04,EUR,transfer
5507,26/01/2026,IT7890,-662.94,EUR,withdrawal
5508,30/01/2026,IT8901,1422.75,EUR,deposit
5509,04/04/2026,IT3456,4759.31,EUR,deposit
5510,25/05/2026,IT8901,-1041.47,EUR,withdrawal
5511,05/05/2026,IT8901,600.35,EUR,transfer
5512,08/04/2026,IT6789,685.35,EUR,transfer
5513,02/02/2026,IT3456,-450.4,EUR,transfer
5514,21/05/2026,IT1234,-1731.21,EUR,withdrawal
5515,10/01/2026,IT3456,2149.59,EUR,deposit
5516,11/01/2026,IT4567,3598.39,EUR,deposit
5517,28/02/2026,IT4567,-867.79,EUR,withdrawal
5518,18/04/2026,IT6789,1009.09,EUR,deposit
5519,18/02/2026,IT1234,-1186.0,EUR,withdrawal
5520,24/05/2026,IT6789,1143.24,EUR,deposit
5521,01/01/1750,IT1234,158.53,EUR,transfer
5522,08/02/2026,IT7890,799.04,EUR,transfer
5523,20/03/2026,IT5678,3831.32,EUR,deposit
5524,02/03/2026,IT3456,-1751.08,EUR,withdrawal
5525,13/02/2026,IT2345,1703.09,EUR,deposit
5526,05/04/2026,IT7890,-9.89,EUR,transfer
5527,27/03/2026,IT3456,1046.39,EUR,transfer
5528,10/04/2026,IT7890,2390.82,EUR,deposit
5529,27/03/2026,IT3456,-1000.53,EUR,transfer
5530,22/05/2026,IT7890,-936.83,EUR,withdrawal
5531,23/04/2026,IT7890,-1596.43,EUR,withdrawal
5532,13/02/2026,IT7890,-1404.73,EUR,transfer
5533,09/01/2026,IT3456,-1466.05,EUR,withdrawal
5534,07/02/2026,IT7890,692.53,EUR,transfer
5535,24/02/2026,IT1234,873.31,EUR,transfer
5536,12/02/2026,IT3456,3971.64,EUR,deposit
5537,29/04/2026,IT6789,1252.65,EUR,deposit
5538,10/01/2026,IT7890,-786.73,EUR,transfer
5539,01/05/2026,IT8901,4632.16,EUR,deposit
5540,11/05/2026,IT1234,-200.5,EUR,withdrawal
5541,06/04/2026,IT2345,-1164.08,EUR,transfer
5542,18/04/2026,IT6789,-566.88,EUR,transfer
5543,13/04/2026,IT3456,-807.58,EUR,transfer
5544,01/01/2026,IT3456,-680.87,EUR,withdrawal
5545,26/04/2026,IT7890,-18.59,EUR,transfer
5546,05/02/2026,IT8901,3461.44,EUR,deposit
5547,13/02/2026,IT1234,-1904.39,EUR,withdrawal
5548,22/03/2026,IT8901,2343.11,EUR,deposit
5549,24/05/2026,IT3456,-719.0,EUR,withdrawal
5550,18/01/2026,IT4567,-836.49,EUR,withdrawal
5551,13/01/2026,IT1234,-688.41,EUR,transfer
5552,16/02/2026,IT2345,3540.52,EUR,deposit
5553,13/01/2026,IT3456,-666.61,EUR,withdrawal
5554,11/01/2026,IT2345,432.98,EUR,deposit
5555,20/02/2026,IT1234,-23.83,EUR,transfer
5556,11/05/2026,IT3456,817.39,EUR,transfer
5557,18/03/2026,IT7890,4016.38,EUR,deposit
5558,25/04/2026,IT6789,4222.24,EUR,deposit
5559,05/05/2026,IT6789,-1258.67,EUR,transfer
5560,24/03/2026,IT3456,176.53,EUR,transfer
5561,19/04/2026,IT2345,-910.23,EUR,transfer
5562,18/05/2026,IT6789,4159.33,EUR,deposit
5563,06/05/2026,IT7890,-281.82,EUR,transfer
5564,08/01/2026,IT8901,662.46,EUR,transfer
5565,18/03/2026,IT3456,2809.27,EUR,deposit
5566,31/03/2026,IT4567,1136.0,EUR,transfer
5567,12/01/2026,IT7890,695.96,EUR,deposit
5568,07/04/2026,IT2345,-696.68,EUR,withdrawal
5569,07/03/2026,IT2345,3578.79,EUR,deposit
5570,27/04/2026,IT7890,363.77,EUR,transfer
5571,02/01/2026,IT6789,-297.08,EUR,transfer
5572,31/05/2026,IT7890,-951.7,EUR,withdrawal
5573,14/04/2026,IT3456,-1062.79,EUR,withdrawal
5574,,IT1234,4847.86,EUR,deposit
5575,07/04/2026,IT3456,717.47,EUR,transfer
5576,27/03/2026,IT7890,754.71,EUR,deposit
5577,03/05/2026,IT6789,-31.0,EUR,transfer
5578,06/05/2026,IT4567,-1694.53,EUR,withdrawal
5579,23/03/2026,IT5678,-1738.17,EUR,withdrawal
5580,12/01/2026,IT4567,2523.07,EUR,deposit
5581,23/01/2026,IT3456,2713.22,EUR,deposit
5582,10/04/2026,IT6789,-1515.5,EUR,withdrawal
5583,22/04/2026,IT1234,-1127.79,EUR,withdrawal
5584,14/02/2026,IT7890,-1489.19,EUR,withdrawal
5585,20/02/2026,IT4567,2422.89,EUR,deposit
5586,22/04/2026,IT5678,765.87,EUR,transfer
5587,03/01/2026,IT6789,-108.51,EUR,transfer
5588,24/04/2026,IT5678,23%02))12,EUR,deposit
5589,31/03/2026,IT5678,,EUR,withdrawal
5590,12/01/2026,IT3456,-720.15,EUR,withdrawal
5591,24/03/2026,IT8901,-856.48,EUR,withdrawal
5592,11/04/2026,IT8901,828.9,EUR,deposit
5593,07/01/2026,IT4567,-1535.42,EUR,withdrawal
5594,30/03/2026,IT6789,-201.94,EUR,withdrawal
5595,09/03/2026,IT7890,387.38,EUR,transfer
5596,09/01/2026,IT7890,1326.2,EUR,deposit
5597,01/02/2026,IT3456,-1308.04,EUR,withdrawal
5598,03/04/2026,IT1234,4474.8,EUR,deposit
5599,20/04/2026,IT6789,-1374.44,EUR,withdrawal
5600,13/05/2026,IT1234,-724.89,EUR,withdrawal
5601,07/02/2026,IT5678,2521.97,EUR,deposit
5602,24/02/2026,IT1234,1327.62,EUR,transfer
5603,12/01/2026,IT8901,2034.25,EUR,deposit
5604,10/05/2026,IT3456,23%02))12,EUR,withdrawal
5605,26/05/2026,IT7890,-504.79,EUR,transfer
5606,15/02/2026,IT5678,-243.38,EUR,withdrawal
5607,22/02/2026,IT4567,1150.57,EUR,deposit
5608,29/04/2026,IT6789,3302.77,EUR,deposit
5609,17/02/2026,IT2345,-1403.07,EUR,transfer
5610,20/05/2026,IT6789,3884.29,EUR,deposit
5611,30/03/2026,IT8901,498.76,EUR,transfer
5612,14/02/2026,IT4567,4778.68,EUR,deposit
5613,10/04/2026,IT4567,3181.87,EUR,deposit
5614,25/04/2026,IT5678,1700.79,EUR,deposit
5615,20/04/2026,IT4567,606.06,EUR,transfer
5616,07/03/2026,IT2345,1408.33,EUR,deposit
5617,04/03/2026,IT6789,-539.58,EUR,withdrawal
5618,07/01/2026,IT4567,-971.93,EUR,withdrawal
5619,19/05/2026,IT6789,-381.17,EUR,transfer
5620,10/02/2026,IT6789,757.58,EUR,transfer
5621,09/04/2026,IT4567,756.78,EUR,transfer
5622,20/02/2026,IT6789,89.56,EUR,deposit
5623,05/02/2026,IT4567,736.57,EUR,deposit
5624,23/02/2026,IT5678,598.58,EUR,transfer
5625,19/04/2026,IT2345,1456.76,EUR,transfer
5626,04/05/2026,IT1234,2819.39,EUR,deposit
5627,12/05/2026,IT5678,4492.59,EUR,deposit
5628,18/01/2026,IT8901,-506.06,EUR,transfer
5629,16/01/2026,IT8901,-1687.53,EUR,withdrawal
5630,27/04/2026,IT7890,-1755.39,EUR,withdrawal
5631,28/03/2026,IT8901,2172.21,EUR,deposit
5632,13/05/2026,IT3456,394.66,EUR,deposit
5633,03/03/2026,IT2345,3789.54,EUR,deposit
5634,28/02/2026,IT1234,-1868.93,EUR,withdrawal
5635,18/01/2026,IT5678,-919.79,EUR,withdrawal
5636,25/05/2026,IT2345,-58.93,EUR,withdrawal
5637,16/05/2026,IT4567,-935.43,EUR,transfer
5638,17/03/2026,IT6789,1105.46,EUR,deposit
5639,23/03/2026,IT1234,958.97,EUR,deposit
5640,19/05/2026,IT5678,491.84,EUR,deposit
5641,16/03/2026,IT7890,-387.13,EUR,withdrawal
5642,16/04/2026,IT8901,380.76,EUR,transfer
5643,23/02/2026,IT3456,-423.61,EUR,transfer
5644,05/02/2026,IT3456,-398.26,EUR,transfer
5645,14/05/2026,IT6789,4842.97,EUR,deposit
5646,28/05/2026,IT1234,-1425.63,EUR,transfer
5647,15/04/2026,IT2345,1552.09,EUR,deposit
5648,29/03/2026,IT3456,-507.4,EUR,withdrawal
5649,25/02/2026,IT3456,-1126.91,EUR,transfer
5650,11/01/2026,IT1234,-490.78,EUR,withdrawal
5651,29/04/2026,IT1234,-1295.74,EUR,transfer
5652,29/04/2026,IT6789,-35.87,EUR,transfer
5653,24/03/2026,IT2345,1039.76,EUR,transfer
5654,11/02/2026,IT1234,-1628.02,EUR,withdrawal
5655,20/05/2026,IT6789,145.73,EUR,deposit
5656,23/05/2026,IT3456,1866.1,EUR,deposit
5657,23/05/2026,IT1234,646.73,EUR,deposit
5658,17/01/2026,IT3456,-1421.5,EUR,withdrawal
5659,27/03/2026,IT8901,1027.85,EUR,transfer
5660,21/02/2026,IT8901,145.94,EUR,transfer
5661,14/03/2026,IT4567,-934.03,EUR,withdrawal
5662,16/01/2026,IT1234,341.0,EUR,deposit
5663,23/01/2026,IT4567,487.69,EUR,transfer
5664,28/04/2026,IT8901,-1108.11,EUR,withdrawal
5665,15/05/2026,IT2345,1893.65,EUR,deposit
5666,14/01/2026,IT3456,3456.27,EUR,deposit
5667,10/01/2026,IT5678,-479.22,EUR,withdrawal
5668,31/05/2026,IT6789,-351.71,EUR,transfer
5669,13/03/2026,IT7890,3491.84,EUR,deposit
5670,16/05/2026,IT1234,2881.41,EUR,deposit
5671,20/05/2026,IT7890,3355.73,EUR,deposit
5672,29/03/2026,IT3456,63.65,EUR,deposit
5673,27/05/2026,IT5678,366.69,EUR,deposit
5674,15/01/2026,IT6789,1909.19,EUR,deposit
5675,04/01/2026,IT6789,213.57,EUR,deposit
5676,17/05/2026,IT7890,-919.43,EUR,withdrawal
5677,23/01/2026,IT4567,-803.49,EUR,transfer
5678,25/02/2026,IT8901,-1111.02,EUR,withdrawal
5679,05/02/2026,IT5678,-1590.58,EUR,withdrawal
5680,14/02/2026,IT3456,-1337.39,EUR,transfer
5681,12/02/2026,IT5678,-128.04,EUR,transfer
5682,11/05/2026,IT7890,-1120.69,EUR,withdrawal
5683,22/04/2026,IT5678,-293.22,EUR,withdrawal
5684,16/04/2026,IT8901,-1673.3,EUR,withdrawal
5685,11/01/2026,IT8901,416.31,EUR,transfer
5686,17/01/2026,IT6789,3048.89,EUR,deposit
5687,03/01/2026,IT8901,1814.48,EUR,deposit
5688,23/04/2026,IT7890,3742.69,EUR,deposit
5689,23/02/2026,IT7890,425.7,EUR,transfer
5690,06/04/2026,IT8901,2483.74,EUR,deposit
5691,26/01/2026,IT3456,1552.26,EUR,deposit
5692,08/03/2026,IT6789,1111.16,EUR,transfer
5693,07/05/2026,IT4567,1465.26,EUR,transfer
5694,01/01/1750,IT4567,-392.61,EUR,withdrawal
5695,03/05/2026,IT2345,250.51,EUR,deposit
5696,13/02/2026,IT3456,536.28,EUR,transfer
5697,08/01/2026,IT2345,-1897.47,EUR,withdrawal
5698,21/03/2026,IT1234,-1288.34,EUR,transfer
5699,03/05/2026,IT6789,-482.2,EUR,transfer
5700,01/01/1750,IT4567,405.11,EUR,transfer
5701,14/04/2026,IT1234,-1782.38,EUR,withdrawal
5702,26/02/2026,IT3456,-868.04,EUR,withdrawal
5703,09/02/2026,IT1234,3438.88,EUR,deposit
5704,26/02/2026,IT3456,77.72,EUR,deposit
5705,23/01/2026,IT4567,-833.45,EUR,transfer
5706,31/03/2026,IT8901,4808.73,EUR,deposit
5707,04/04/2026,IT6789,3320.96,EUR,deposit
5708,23/03/2026,IT3456,1829.94,EUR,deposit
5709,15/04/2026,IT5678,23%02))12,EUR,deposit
5710,12/03/2026,IT4567,-365.5,EUR,transfer
5711,11/04/2026,IT5678,4475.74,EUR,deposit
5712,03/02/2026,IT3456,-1149.59,EUR,withdrawal
5713,13/05/2026,IT2345,-1435.39,EUR,transfer
5714,24/03/2026,IT4567,1773.01,EUR,deposit
5715,26/03/2026,IT5678,1824.92,EUR,deposit
5716,18/05/2026,IT7890,-370.33,EUR,withdrawal
5717,25/02/2026,IT1234,-1910.7,EUR,withdrawal
5718,21/04/2026,IT8901,-1209.62,EUR,transfer
5719,17/05/2026,IT4567,-99.52,EUR,transfer
5720,09/02/2026,IT2345,-1303.87,EUR,transfer
5721,24/01/2026,IT2345,-852.98,EUR,transfer
5722,29/01/2026,IT8901,566.33,EUR,transfer
5723,26/01/2026,IT8901,1526.55,EUR,deposit
5724,17/01/2026,IT2345,2376.06,EUR,deposit
5725,25/04/2026,IT7890,1291.28,EUR,deposit
5726,04/01/2026,IT3456,-393.88,EUR,withdrawal
5727,28/01/2026,IT3456,-551.56,EUR,withdrawal
5728,17/02/2026,IT1234,4167.14,EUR,deposit
5729,01/01/1750,IT7890,1927.64,EUR,deposit
5730,01/01/2026,IT1234,-816.28,EUR,withdrawal
5731,09/01/2026,IT5678,1339.79,EUR,deposit
5732,15/03/2026,IT8901,-969.45,EUR,transfer
5733,05/05/2026,IT3456,-383.3,EUR,transfer
5734,15/02/2026,IT8901,-1121.56,EUR,withdrawal
5735,29/05/2026,IT3456,3019.97,EUR,deposit
5736,04/03/2026,IT2345,-1000.74,EUR,transfer
5737,20/02/2026,IT4567,-1578.38,EUR,withdrawal
5738,22/03/2026,IT6789,-396.61,EUR,withdrawal
5739,05/03/2026,IT7890,3577.89,EUR,deposit
5740,16/05/2026,IT1234,-1406.54,EUR,withdrawal
5741,15/03/2026,IT6789,4789.73,EUR,deposit
5742,23/03/2026,IT3456,-1451.17,EUR,withdrawal
5743,29/03/2026,IT1234,3729.68,EUR,deposit
5744,13/02/2026,IT3456,1339.18,EUR,transfer
5745,09/02/2026,IT2345,-1721.93,EUR,withdrawal
5746,15/03/2026,IT4567,412.64,EUR,transfer
5747,04/02/2026,IT3456,-137.86,EUR,withdrawal
5748,22/04/2026,IT5678,-362.97,EUR,withdrawal
5749,09/02/2026,IT5678,-1352.53,EUR,transfer
5750,27/02/2026,IT4567,339.51,EUR,transfer
5751,26/05/2026,IT1234,4984.98,EUR,deposit
5752,23/01/2026,IT4567,-1619.9,EUR,withdrawal
5753,08/04/2026,IT4567,1043.78,EUR,transfer
5754,26/04/2026,IT3456,-973.64,EUR,withdrawal
5755,26/03/2026,IT6789,-1432.19,EUR,transfer
5756,25/02/2026,IT7890,-714.03,EUR,transfer
5757,09/04/2026,IT3456,-649.84,EUR,withdrawal
5758,08/04/2026,IT3456,-139.38,EUR,transfer
5759,23/01/2026,IT2345,3324.9,EUR,deposit
5760,13/01/2026,IT8901,-1801.01,EUR,withdrawal
5761,11/05/2026,IT2345,1426.12,EUR,deposit
5762,22/04/2026,IT5678,3854.3,EUR,deposit
5763,07/03/2026,IT7890,-860.79,EUR,withdrawal
5764,04/04/2026,IT3456,549.08,EUR,transfer
5765,23/02/2026,IT3456,1209.5,EUR,transfer
5766,01/05/2026,IT5678,-859.88,EUR,withdrawal
5767,04/04/2026,IT7890,-1539.89,EUR,withdrawal
5768,16/01/2026,IT6789,4059.68,EUR,deposit
5769,13/05/2026,IT6789,-322.63,EUR,withdrawal
5770,07/03/2026,IT1234,3347.39,EUR,deposit
5771,22/05/2026,IT1234,3146.11,EUR,deposit
5772,11/03/2026,IT8901,-997.49,EUR,transfer
5773,16/05/2026,IT4567,-1620.59,EUR,withdrawal
5774,24/05/2026,IT6789,-1280.56,EUR,withdrawal
5775,22/03/2026,IT1234,2829.66,EUR,deposit
5776,06/05/2026,IT6789,198.53,EUR,transfer
5777,09/01/2026,IT2345,-422.12,EUR,withdrawal
5778,05/03/2026,IT2345,736.65,EUR,deposit
5779,03/04/2026,IT2345,-342.31,EUR,withdrawal
5780,03/01/2026,IT8901,-1915.31,EUR,withdrawal
5781,,IT1234,2154.83,EUR,deposit
5782,06/05/2026,IT4567,1792.67,EUR,deposit
5783,18/02/2026,IT1234,1358.27,EUR,deposit
5784,14/04/2026,IT7890,2018.18,EUR,deposit
5785,31/05/2026,IT8901,-230.35,EUR,transfer
5786,20/02/2026,IT4567,-202.06,EUR,transfer
5787,19/04/2026,IT7890,-1265.94,EUR,withdrawal
5788,09/02/2026,IT4567,-1333.67,EUR,transfer
5789,27/03/2026,IT1234,-1725.97,EUR,withdrawal
5790,19/02/2026,IT3456,1454.87,EUR,deposit
5791,01/05/2026,IT6789,656.63,EUR,deposit
5792,19/05/2026,IT1234,4217.14,EUR,deposit
5793,25/02/2026,IT4567,-788.51,EUR,withdrawal
5794,02/04/2026,IT7890,300.67,EUR,deposit
5795,24/01/2026,IT3456,80.2,EUR,transfer
5796,17/03/2026,IT7890,160.99,EUR,deposit
5797,18/01/2026,IT6789,-1540.43,EUR,withdrawal
5798,24/01/2026,IT6789,-1013.28,EUR,withdrawal
5799,10/02/2026,IT5678,1226.51,EUR,transfer
5800,29/03/2026,IT2345,-1250.95,EUR,withdrawal
5801,24/02/2026,IT3456,-724.52,EUR,withdrawal
5802,23/01/2026,IT8901,86.22,EUR,transfer
5803,13/04/2026,IT7890,-1038.38,EUR,transfer
5804,23/01/2026,IT5678,1293.81,EUR,deposit
5805,14/03/2026,IT6789,-34.38,EUR,withdrawal
5806,15/05/2026,IT3456,177.22,EUR,transfer
5807,18/03/2026,IT8901,-553.06,EUR,withdrawal
5808,12/05/2026,IT3456,1326.52,EUR,deposit
5809,20/05/2026,IT7890,140.24,EUR,deposit
5810,03/01/2026,IT4567,-1625.56,EUR,withdrawal
5811,18/03/2026,IT2345,-128.02,EUR,transfer
5812,22/01/2026,IT3456,1009.4,EUR,transfer
5813,16/05/2026,IT5678,-1354.6,EUR,withdrawal
5814,28/05/2026,IT5678,-514.39,EUR,transfer
5815,18/02/2026,IT2345,-1137.76,EUR,transfer
5816,23/01/2026,IT3456,1264.95,EUR,transfer
5817,26/05/2026,IT8901,-1268.54,EUR,transfer
5818,11/03/2026,IT2345,-575.13,EUR,transfer
5819,04/03/2026,IT1234,1382.43,EUR,deposit
5820,,IT7890,4822.95,EUR,deposit
5821,06/01/2026,IT5678,-1049.19,EUR,transfer
5822,28/02/2026,IT3456,1026.79,EUR,transfer
5823,15/04/2026,IT2345,-176.12,EUR,transfer
5824,14/04/2026,IT3456,191.31,EUR,transfer
5825,24/02/2026,IT3456,-1336.94,EUR,transfer
5826,17/05/2026,IT4567,-477.28,EUR,transfer
5827,02/01/2026,IT6789,-983.04,EUR,withdrawal
5828,05/03/2026,IT8901,1903.31,EUR,deposit
5829,28/03/2026,IT8901,1332.08,EUR,transfer
5830,21/02/2026,IT5678,-316.31,EUR,withdrawal
5831,28/05/2026,IT2345,-233.36,EUR,withdrawal
5832,,IT8901,-1547.57,EUR,withdrawal
5833,24/02/2026,IT8901,508.61,EUR,transfer
5834,19/01/2026,IT7890,-537.27,EUR,withdrawal
5835,28/01/2026,IT1234,-318.68,EUR,withdrawal
5836,31/05/2026,IT1234,-1097.68,EUR,withdrawal
5837,31/03/2026,IT2345,1053.83,EUR,transfer
5838,27/02/2026,IT4567,-1912.11,EUR,withdrawal
5839,16/02/2026,IT7890,940.97,EUR,deposit
5840,27/02/2026,IT7890,-330.54,EUR,withdrawal
5841,08/02/2026,IT1234,-1374.78,EUR,transfer
5842,23/03/2026,IT3456,4841.6,EUR,deposit
5843,13/01/2026,IT7890,2172.29,EUR,deposit
5844,26/03/2026,IT4567,-1150.55,EUR,transfer
5845,13/04/2026,IT7890,430.27,EUR,transfer
5846,,IT3456,536.39,EUR,transfer
5847,07/03/2026,IT8901,-277.41,EUR,transfer
5848,08/01/2026,IT8901,-513.61,EUR,transfer
5849,22/01/2026,IT4567,1667.34,EUR,deposit
5850,22/01/2026,IT2345,-869.52,EUR,withdrawal
5851,09/05/2026,IT4567,4028.81,EUR,deposit
5852,25/03/2026,IT1234,-591.49,EUR,withdrawal
5853,01/01/1750,IT4567,,EUR,deposit
5854,01/01/2026,IT6789,223.93,EUR,transfer
5855,16/04/2026,IT8901,-724.27,EUR,withdrawal
5856,18/03/2026,IT2345,-202.09,EUR,withdrawal
5857,04/02/2026,IT8901,-341.91,EUR,transfer
5858,07/01/2026,IT1234,-1007.95,EUR,withdrawal
5859,01/02/2026,IT2345,1932.0,EUR,deposit
5860,13/04/2026,IT1234,336.9,EUR,transfer
5861,06/04/2026,IT2345,966.41,EUR,transfer
5862,05/02/2026,IT8901,531.52,EUR,deposit
5863,07/03/2026,IT5678,3200.05,EUR,deposit
5864,21/04/2026,IT2345,-351.08,EUR,transfer
5865,14/01/2026,IT4567,-23.46,EUR,withdrawal
5866,12/05/2026,IT6789,-428.15,EUR,transfer
5867,01/02/2026,IT4567,1754.74,EUR,deposit
5868,21/02/2026,IT4567,4744.33,EUR,deposit
5869,04/04/2026,IT4567,1025.57,EUR,transfer
5870,11/03/2026,IT2345,-1336.96,EUR,transfer
5871,07/02/2026,IT6789,-786.23,EUR,withdrawal
5872,07/01/2026,IT8901,2880.45,EUR,deposit
5873,07/05/2026,IT2345,2095.46,EUR,deposit
5874,16/01/2026,IT2345,-405.9,EUR,withdrawal
5875,12/01/2026,IT2345,-151.73,EUR,transfer
5876,15/05/2026,IT5678,4283.07,EUR,deposit
5877,15/02/2026,IT2345,-781.0,EUR,transfer
5878,26/01/2026,IT2345,772.48,EUR,transfer
5879,02/05/2026,IT2345,-1121.35,EUR,transfer
5880,26/03/2026,IT6789,-1716.48,EUR,withdrawal
5881,21/02/2026,IT8901,1402.24,EUR,transfer
5882,17/04/2026,IT7890,639.68,EUR,transfer
5883,13/04/2026,IT6789,-1249.93,EUR,withdrawal
5884,29/04/2026,IT2345,2571.87,EUR,deposit
5885,07/04/2026,IT6789,4305.3,EUR,deposit
5886,17/01/2026,IT7890,389.26,EUR,transfer
5887,07/04/2026,IT5678,1422.75,EUR,deposit
5888,11/05/2026,IT5678,-1862.07,EUR,withdrawal
5889,14/03/2026,IT3456,,EUR,withdrawal
5890,22/01/2026,IT1234,-768.16,EUR,withdrawal
5891,05/03/2026,IT6789,4205.85,EUR,deposit
5892,31/01/2026,IT8901,-849.19,EUR,withdrawal
5893,04/04/2026,IT7890,-1932.28,EUR,withdrawal
5894,15/02/2026,IT7890,-1993.65,EUR,withdrawal
5895,14/05/2026,IT7890,-601.6,EUR,withdrawal
5896,14/05/2026,IT2345,4315.45,EUR,deposit
5897,05/03/2026,IT1234,4022.25,EUR,deposit
5898,03/03/2026,IT1234,-1269.29,EUR,transfer
5899,12/05/2026,IT5678,-1904.31,EUR,withdrawal
5900,22/02/2026,IT7890,3517.58,EUR,deposit
5901,02/02/2026,IT5678,3314.46,EUR,deposit
5902,21/05/2026,IT5678,-1228.45,EUR,withdrawal
5903,23/01/2026,IT3456,977.76,EUR,transfer
5904,19/03/2026,IT6789,-753.1,EUR,withdrawal
5905,24/02/2026,IT7890,-1126.65,EUR,withdrawal
5906,13/05/2026,IT6789,1357.84,EUR,deposit
5907,29/05/2026,IT7890,-1093.98,EUR,transfer
5908,19/01/2026,IT1234,1082.06,EUR,deposit
5909,01/05/2026,IT7890,4022.15,EUR,deposit
5910,22/05/2026,IT6789,-193.68,EUR,withdrawal
5911,01/01/1750,IT7890,4681.16,EUR,deposit
5912,09/04/2026,IT7890,-371.59,EUR,withdrawal
5913,13/03/2026,IT6789,3695.48,EUR,deposit
5914,13/01/2026,IT2345,23%02))12,EUR,withdrawal
5915,11/04/2026,IT8901,358.15,EUR,deposit
5916,27/05/2026,IT8901,147.77,EUR,deposit
5917,30/05/2026,IT7890,2756.29,EUR,deposit
5918,13/05/2026,IT2345,-989.36,EUR,transfer
5919,15/03/2026,IT3456,367.63,EUR,transfer
5920,21/03/2026,IT7890,1431.12,EUR,deposit
5921,30/04/2026,IT4567,3207.88,EUR,deposit
5922,26/01/2026,IT4567,3760.5,EUR,deposit
5923,21/05/2026,IT6789,832.93,EUR,transfer
5924,29/04/2026,IT5678,2266.97,EUR,deposit
5925,07/04/2026,IT8901,625.05,EUR,transfer
5926,26/01/2026,IT4567,2712.24,EUR,deposit
5927,09/05/2026,IT6789,-844.4,EUR,withdrawal
5928,21/03/2026,IT7890,4828.78,EUR,deposit
5929,30/01/2026,IT1234,1299.97,EUR,transfer
5930,06/01/2026,IT1234,-1838.38,EUR,withdrawal
5931,01/05/2026,IT5678,-1518.72,EUR,withdrawal
5932,05/04/2026,IT6789,-259.45,EUR,transfer
5933,30/05/2026,IT4567,-424.51,EUR,withdrawal
5934,23/05/2026,IT5678,1452.55,EUR,transfer
5935,16/01/2026,IT3456,-997.83,EUR,withdrawal
5936,09/03/2026,IT6789,3416.3,EUR,deposit
5937,25/03/2026,IT1234,1335.9,EUR,deposit
5938,05/01/2026,IT1234,3972.02,EUR,deposit
5939,14/05/2026,IT7890,3522.34,EUR,deposit
5940,22/02/2026,IT4567,-1329.58,EUR,withdrawal
5941,15/05/2026,IT7890,-202.52,EUR,transfer
5942,26/03/2026,IT1234,1557.31,EUR,deposit
5943,13/04/2026,IT5678,-245.08,EUR,withdrawal
5944,29/05/2026,IT5678,698.72,EUR,transfer
5945,13/02/2026,IT7890,453.17,EUR,transfer
5946,01/01/1750,IT3456,124.14,EUR,deposit
5947,13/01/2026,IT5678,-1837.11,EUR,withdrawal
5948,09/03/2026,IT1234,4701.71,EUR,deposit
5949,22/01/2026,IT6789,1022.8,EUR,transfer
5950,10/04/2026,IT5678,1464.05,EUR,deposit
5951,28/03/2026,IT6789,-1429.86,EUR,withdrawal
5952,29/03/2026,IT5678,-714.97,EUR,withdrawal
5953,26/03/2026,IT4567,-458.31,EUR,withdrawal
5954,01/05/2026,IT6789,1156.0,EUR,transfer
5955,17/02/2026,IT6789,1396.22,EUR,deposit
5956,28/03/2026,IT2345,4134.52,EUR,deposit
5957,28/04/2026,IT3456,-1106.86,EUR,transfer
5958,27/04/2026,IT2345,-1018.48,EUR,withdrawal
5959,23/01/2026,IT2345,1047.48,EUR,deposit
5960,16/01/2026,IT8901,-633.79,EUR,withdrawal
5961,,IT4567,508.57,EUR,deposit
5962,25/03/2026,IT1234,-1058.04,EUR,withdrawal
5963,15/04/2026,IT7890,-448.18,EUR,transfer
5964,26/02/2026,IT7890,-1970.03,EUR,withdrawal
5965,06/03/2026,IT1234,-1644.5,EUR,withdrawal
5966,18/02/2026,IT8901,544.84,EUR,transfer
5967,23/04/2026,IT3456,-1580.18,EUR,withdrawal
5968,29/05/2026,IT5678,-1304.76,EUR,withdrawal
5969,18/04/2026,IT2345,-907.47,EUR,transfer
5970,17/02/2026,IT1234,922.28,EUR,transfer
5971,06/02/2026,IT6789,219.31,EUR,deposit
5972,06/04/2026,IT7890,-1107.85,EUR,transfer
5973,15/01/2026,IT3456,633.8,EUR,deposit
5974,18/05/2026,IT2345,-363.79,EUR,withdrawal
5975,25/01/2026,IT2345,-300.0,EUR,withdrawal
5976,11/02/2026,IT1234,-1197.56,EUR,withdrawal
5977,27/03/2026,IT4567,-424.61,EUR,withdrawal
5978,23/04/2026,IT1234,-247.03,EUR,withdrawal
5979,13/05/2026,IT5678,-228.55,EUR,transfer
5980,18/04/2026,IT5678,-958.02,EUR,transfer
5981,10/01/2026,IT4567,-1435.05,EUR,withdrawal
5982,21/02/2026,IT6789,-1351.37,EUR,withdrawal
5983,13/03/2026,IT4567,-393.47,EUR,withdrawal
5984,14/01/2026,IT7890,-1653.3,EUR,withdrawal
5985,,IT3456,1476.86,EUR,transfer
5986,04/03/2026,IT7890,-1257.35,EUR,withdrawal
5987,09/01/2026,IT3456,-1016.19,EUR,withdrawal
5988,01/04/2026,IT8901,-465.43,EUR,withdrawal
5989,03/03/2026,IT8901,2699.56,EUR,deposit
5990,21/01/2026,IT2345,-697.71,EUR,withdrawal
5991,31/01/2026,IT2345,565.76,EUR,transfer
5992,28/03/2026,IT2345,-169.17,EUR,transfer
5993,29/05/2026,IT1234,1004.65,EUR,transfer
5994,23/01/2026,IT5678,1474.34,EUR,deposit
5995,07/04/2026,IT6789,4574.26,EUR,deposit
5996,09/05/2026,IT3456,-1161.01,EUR,transfer
5997,03/01/2026,IT2345,23%02))12,EUR,deposit
5998,04/05/2026,IT4567,4695.79,EUR,deposit
5999,13/05/2026,IT7890,-851.72,EUR,transfer
6000,20/04/2026,IT6789,944.36,EUR,transfer
6001,31/03/2026,IT5678,-711.62,EUR,transfer
6002,09/01/2026,IT6789,-227.02,EUR,transfer
6003,06/04/2026,IT1234,174.61,EUR,deposit
6004,20/01/2026,IT6789,-1389.09,EUR,withdrawal
6005,18/01/2026,IT3456,148.47,EUR,transfer
6006,03/05/2026,IT2345,1290.5,EUR,deposit
6007,20/04/2026,IT8901,-1935.84,EUR,withdrawal
6008,28/01/2026,IT7890,1344.74,EUR,deposit
6009,06/04/2026,IT4567,-968.04,EUR,withdrawal
6010,14/05/2026,IT6789,3828.9,EUR,deposit
6011,28/02/2026,IT4567,-1302.73,EUR,withdrawal
6012,26/03/2026,IT3456,-283.08,EUR,withdrawal
6013,11/03/2026,IT8901,-1284.5,EUR,transfer
6014,18/02/2026,IT5678,1125.2,EUR,transfer
6015,25/01/2026,IT5678,747.71,EUR,transfer
6016,31/03/2026,IT6789,1346.44,EUR,transfer
6017,10/03/2026,IT7890,4975.07,EUR,deposit
6018,19/01/2026,IT8901,-1051.5,EUR,transfer
6019,04/05/2026,IT3456,129.12,EUR,transfer
6020,08/04/2026,IT4567,4008.27,EUR,deposit
6021,07/05/2026,IT6789,1300.64,EUR,transfer
6022,13/04/2026,IT2345,,EUR,deposit
6023,07/03/2026,IT5678,-1504.46,EUR,withdrawal
6024,18/02/2026,IT5678,-196.69,EUR,transfer
6025,18/04/2026,IT7890,-1146.79,EUR,transfer
6026,16/01/2026,IT8901,-1426.51,EUR,withdrawal
6027,23/01/2026,IT7890,-511.66,EUR,withdrawal
6028,28/03/2026,IT7890,1201.78,EUR,deposit
6029,29/03/2026,IT7890,256.0,EUR,deposit
6030,10/02/2026,IT5678,3247.0,EUR,deposit
6031,05/05/2026,IT4567,1326.05,EUR,transfer
6032,20/02/2026,IT4567,-995.88,EUR,transfer
6033,23/01/2026,IT2345,2308.93,EUR,deposit
6034,10/02/2026,IT7890,-1070.97,EUR,withdrawal
6035,20/03/2026,IT8901,-1947.41,EUR,withdrawal
6036,28/02/2026,IT6789,,EUR,deposit
6037,23/02/2026,IT3456,-543.25,EUR,transfer
6038,26/01/2026,IT6789,-11.52,EUR,transfer
6039,11/04/2026,IT3456,-701.1,EUR,withdrawal
6040,14/04/2026,IT5678,913.61,EUR,transfer
6041,18/04/2026,IT4567,-1347.74,EUR,transfer
6042,20/01/2026,IT8901,-636.94,EUR,withdrawal
6043,23/01/2026,IT2345,400.26,EUR,deposit
6044,24/01/2026,IT3456,-806.18,EUR,withdrawal
6045,26/04/2026,IT8901,145.33,EUR,transfer
6046,23/05/2026,IT6789,3043.57,EUR,deposit
6047,02/02/2026,IT2345,3698.67,EUR,deposit
6048,14/02/2026,IT6789,-1063.33,EUR,transfer
6049,14/04/2026,IT7890,3981.55,EUR,deposit
6050,24/05/2026,IT3456,-1017.55,EUR,withdrawal
6051,01/05/2026,IT8901,138.68,EUR,transfer
6052,07/04/2026,IT8901,-494.07,EUR,transfer
6053,26/04/2026,IT1234,1017.21,EUR,deposit
6054,26/01/2026,IT8901,-365.29,EUR,withdrawal
6055,23/03/2026,IT8901,1488.79,EUR,deposit
6056,15/01/2026,IT4567,822.59,EUR,transfer
6057,27/03/2026,IT3456,-602.71,EUR,withdrawal
6058,27/04/2026,IT2345,-499.2,EUR,withdrawal
6059,29/05/2026,IT6789,-1339.97,EUR,transfer
6060,10/05/2026,IT8901,-1004.71,EUR,transfer
6061,11/02/2026,IT4567,-1317.22,EUR,withdrawal
6062,15/05/2026,IT5678,-1767.17,EUR,withdrawal
6063,30/05/2026,IT6789,-609.76,EUR,withdrawal
6064,14/01/2026,IT5678,-594.7,EUR,transfer
6065,11/05/2026,IT6789,1300.33,EUR,transfer
6066,11/02/2026,IT5678,-524.46,EUR,withdrawal
6067,10/05/2026,IT3456,208.4,EUR,deposit
6068,06/04/2026,IT5678,795.26,EUR,deposit
6069,22/04/2026,IT3456,3250.92,EUR,deposit
6070,03/03/2026,IT8901,-1850.96,EUR,withdrawal
6071,13/05/2026,IT1234,-783.61,EUR,withdrawal
6072,17/01/2026,IT5678,4895.59,EUR,deposit
6073,27/01/2026,IT6789,545.93,EUR,deposit
6074,21/05/2026,IT3456,-675.75,EUR,transfer
6075,27/03/2026,IT6789,-1581.79,EUR,withdrawal
6076,09/02/2026,IT2345,-1149.27,EUR,transfer
6077,22/03/2026,IT8901,4784.03,EUR,deposit
6078,25/02/2026,IT2345,-1275.67,EUR,transfer
6079,30/03/2026,IT3456,3243.17,EUR,deposit
6080,28/05/2026,IT3456,420.84,EUR,deposit
6081,05/05/2026,IT6789,575.36,EUR,transfer
6082,18/03/2026,IT1234,1262.52,EUR,deposit
6083,07/01/2026,IT5678,-889.6,EUR,withdrawal
6084,21/04/2026,IT3456,3979.15,EUR,deposit
6085,24/02/2026,IT4567,-992.6,EUR,withdrawal
6086,28/03/2026,IT4567,1773.93,EUR,deposit
6087,25/01/2026,IT3456,-1185.68,EUR,withdrawal
6088,01/03/2026,IT8901,-1562.96,EUR,withdrawal
6089,29/03/2026,IT5678,-1453.2,EUR,withdrawal
6090,22/04/2026,IT6789,-625.68,EUR,withdrawal
6091,28/02/2026,IT6789,-619.75,EUR,transfer
6092,26/02/2026,IT8901,-1725.12,EUR,withdrawal
6093,09/04/2026,IT1234,4571.02,EUR,deposit
6094,30/04/2026,IT7890,4954.5,EUR,deposit
6095,06/01/2026,IT7890,-667.7,EUR,withdrawal
6096,01/05/2026,IT5678,543.37,EUR,deposit
6097,18/05/2026,IT1234,442.01,EUR,transfer
6098,07/04/2026,IT1234,1986.6,EUR,deposit
6099,05/02/2026,IT1234,1181.03,EUR,transfer
6100,07/01/2026,IT1234,-759.94,EUR,withdrawal
6101,19/04/2026,IT5678,1196.5,EUR,deposit
6102,26/03/2026,IT5678,-808.82,EUR,transfer
6103,11/05/2026,IT1234,-1034.29,EUR,withdrawal
6104,05/01/2026,IT8901,-265.16,EUR,transfer
6105,08/04/2026,IT4567,4681.99,EUR,deposit
6106,20/05/2026,IT2345,126.35,EUR,transfer
6107,12/05/2026,IT5678,3962.41,EUR,deposit
6108,06/03/2026,IT8901,-1868.13,EUR,withdrawal
6109,19/04/2026,IT5678,1011.43,EUR,transfer
6110,13/05/2026,IT4567,4120.2,EUR,deposit
6111,07/02/2026,IT4567,1229.42,EUR,transfer
6112,05/04/2026,IT5678,-1579.36,EUR,withdrawal
6113,29/03/2026,IT5678,23%02))12,EUR,deposit
6114,30/05/2026,IT5678,3433.34,EUR,deposit
6115,12/03/2026,IT3456,-276.8,EUR,transfer
6116,12/01/2026,IT4567,-1665.83,EUR,withdrawal
6117,07/04/2026,IT7890,-1109.1,EUR,withdrawal
6118,01/03/2026,IT3456,-1064.12,EUR,withdrawal
6119,01/02/2026,IT3456,-415.59,EUR,withdrawal
6120,21/04/2026,IT2345,-537.09,EUR,withdrawal
6121,13/03/2026,IT2345,3520.71,EUR,deposit
6122,16/02/2026,IT6789,-1909.38,EUR,withdrawal
6123,15/05/2026,IT2345,-1447.14,EUR,transfer
6124,03/01/2026,IT7890,253.09,EUR,transfer
6125,22/04/2026,IT5678,4210.57,EUR,deposit
6126,22/05/2026,IT1234,-556.54,EUR,transfer
6127,08/05/2026,IT1234,-289.23,EUR,transfer
6128,02/04/2026,IT4567,4252.35,EUR,deposit
6129,01/02/2026,IT1234,-726.37,EUR,withdrawal
6130,17/03/2026,IT4567,1358.68,EUR,deposit
6131,08/04/2026,IT5678,2613.96,EUR,deposit
6132,09/01/2026,IT1234,370.01,EUR,transfer
6133,04/05/2026,IT6789,4385.08,EUR,deposit
6134,17/02/2026,IT5678,4845.27,EUR,deposit
6135,20/04/2026,IT4567,-1596.68,EUR,withdrawal
6136,01/01/1750,IT7890,4669.78,EUR,deposit
6137,16/02/2026,IT6789,-723.84,EUR,withdrawal
6138,17/01/2026,IT7890,4365.22,EUR,deposit
6139,25/05/2026,IT6789,-1440.39,EUR,transfer
6140,07/01/2026,IT5678,-6.85,EUR,transfer
6141,26/05/2026,IT2345,4353.14,EUR,deposit
6142,30/04/2026,IT4567,3001.59,EUR,deposit
6143,07/04/2026,IT7890,-849.06,EUR,withdrawal
6144,28/04/2026,IT8901,-779.36,EUR,transfer
6145,26/01/2026,IT6789,1853.88,EUR,deposit
6146,07/05/2026,IT8901,-1839.88,EUR,withdrawal
6147,09/04/2026,IT3456,1923.36,EUR,deposit
6148,07/05/2026,IT3456,875.31,EUR,transfer
6149,12/03/2026,IT8901,-515.23,EUR,withdrawal
6150,02/05/2026,IT3456,968.52,EUR,transfer
6151,10/04/2026,IT3456,23%02))12,EUR,transfer
6152,20/02/2026,IT4567,-1038.06,EUR,withdrawal
6153,17/03/2026,IT7890,-767.64,EUR,withdrawal
6154,24/04/2026,IT5678,-157.4,EUR,withdrawal
6155,03/05/2026,IT4567,2024.07,EUR,deposit
6156,10/01/2026,IT2345,3358.14,EUR,deposit
6157,30/04/2026,IT1234,-1120.19,EUR,transfer
6158,07/03/2026,IT6789,3653.43,EUR,deposit
6159,07/05/2026,IT4567,-330.93,EUR,withdrawal
6160,06/04/2026,IT4567,-280.77,EUR,withdrawal
6161,19/01/2026,IT7890,-900.85,EUR,transfer
6162,19/05/2026,IT5678,-1586.69,EUR,withdrawal
6163,17/03/2026,IT6789,179.61,EUR,deposit
6164,15/02/2026,IT8901,-1107.22,EUR,withdrawal
6165,17/02/2026,IT2345,1097.36,EUR,deposit
6166,11/02/2026,IT3456,-1874.35,EUR,withdrawal
6167,11/04/2026,IT6789,4662.29,EUR,deposit
6168,09/04/2026,IT3456,-1603.01,EUR,withdrawal
6169,10/05/2026,IT6789,-1870.61,EUR,withdrawal
6170,21/01/2026,IT5678,4778.28,EUR,deposit
6171,09/01/2026,IT6789,,EUR,transfer
6172,18/02/2026,IT7890,-536.08,EUR,withdrawal
6173,28/05/2026,IT1234,55.82,EUR,transfer
6174,22/05/2026,IT8901,783.41,EUR,transfer
6175,26/03/2026,IT6789,1145.12,EUR,deposit
6176,04/04/2026,IT8901,583.76,EUR,deposit
6177,30/04/2026,IT5678,-960.52,EUR,withdrawal
6178,20/01/2026,IT3456,-64.88,EUR,withdrawal
6179,20/02/2026,IT4567,603.72,EUR,transfer
6180,19/05/2026,IT3456,-1165.96,EUR,transfer
6181,03/03/2026,IT3456,4376.41,EUR,deposit
6182,24/03/2026,IT6789,-376.87,EUR,withdrawal
6183,31/03/2026,IT3456,3738.31,EUR,deposit
6184,30/01/2026,IT6789,4828.05,EUR,deposit
6185,24/04/2026,IT4567,-1196.37,EUR,withdrawal
6186,28/02/2026,IT5678,318.62,EUR,transfer
6187,15/05/2026,IT7890,4052.9,EUR,deposit
6188,23/01/2026,IT4567,1918.58,EUR,deposit
6189,04/01/2026,IT3456,2058.55,EUR,deposit
6190,08/02/2026,IT7890,851.27,EUR,deposit
6191,28/02/2026,IT2345,2932.18,EUR,deposit
6192,06/01/2026,IT6789,426.86,EUR,deposit
6193,02/03/2026,IT6789,585.52,EUR,transfer
6194,25/05/2026,IT3456,4390.52,EUR,deposit
6195,05/04/2026,IT3456,-1400.91,EUR,withdrawal
6196,19/01/2026,IT6789,-917.72,EUR,transfer
6197,19/02/2026,IT5678,1403.96,EUR,transfer
6198,10/01/2026,IT1234,2586.03,EUR,deposit
6199,31/01/2026,IT6789,3506.08,EUR,deposit
6200,15/04/2026,IT2345,4571.59,EUR,deposit
6201,16/04/2026,IT8901,-688.14,EUR,transfer
6202,07/02/2026,IT5678,241.32,EUR,deposit
6203,20/02/2026,IT4567,4017.88,EUR,deposit
6204,23/01/2026,IT8901,2726.71,EUR,deposit
6205,13/04/2026,IT8901,-1231.39,EUR,withdrawal
6206,21/01/2026,IT5678,-1481.83,EUR,withdrawal
6207,04/04/2026,IT2345,,EUR,deposit
6208,22/02/2026,IT5678,310.89,EUR,deposit
6209,17/02/2026,IT8901,-136.42,EUR,withdrawal
6210,07/01/2026,IT4567,3973.4,EUR,deposit
6211,16/02/2026,IT8901,986.9,EUR,deposit
6212,18/03/2026,IT3456,1507.68,EUR,deposit
6213,14/01/2026,IT1234,1281.23,EUR,transfer
6214,11/03/2026,IT8901,1245.87,EUR,transfer
6215,05/01/2026,IT2345,-1437.81,EUR,withdrawal
6216,01/02/2026,IT4567,992.66,EUR,transfer
6217,28/02/2026,IT7890,-562.55,EUR,withdrawal
6218,13/01/2026,IT1234,-350.33,EUR,withdrawal
6219,22/03/2026,IT1234,885.78,EUR,transfer
6220,27/01/2026,IT3456,1603.68,EUR,deposit
6221,08/01/2026,IT3456,2341.27,EUR,deposit
6222,15/03/2026,IT6789,-1431.69,EUR,withdrawal
6223,11/04/2026,IT3456,-1264.22,EUR,withdrawal
6224,25/03/2026,IT5678,-1215.91,EUR,withdrawal
6225,29/01/2026,IT6789,3981.53,EUR,deposit
6226,09/05/2026,IT3456,-1624.55,EUR,withdrawal
6227,20/02/2026,IT1234,958.26,EUR,transfer
6228,09/05/2026,IT8901,2061.51,EUR,deposit
6229,11/05/2026,IT1234,-1738.29,EUR,withdrawal
6230,17/03/2026,IT2345,1219.76,EUR,deposit
6231,30/04/2026,IT1234,4355.47,EUR,deposit
6232,21/02/2026,IT4567,3709.35,EUR,deposit
6233,15/05/2026,IT3456,-242.28,EUR,transfer
6234,16/02/2026,IT1234,2483.76,EUR,deposit
6235,28/02/2026,IT6789,87.53,EUR,transfer
6236,19/01/2026,IT7890,-65.62,EUR,transfer
6237,27/01/2026,IT3456,913.58,EUR,deposit
6238,24/05/2026,IT4567,4533.18,EUR,deposit
6239,02/03/2026,IT6789,1976.79,EUR,deposit
6240,05/01/2026,IT3456,1756.75,EUR,deposit
6241,12/05/2026,IT2345,-213.69,EUR,withdrawal
6242,01/03/2026,IT3456,-354.31,EUR,withdrawal
6243,12/04/2026,IT4567,2235.17,EUR,deposit
6244,07/03/2026,IT5678,1456.34,EUR,deposit
6245,05/03/2026,IT8901,-723.67,EUR,transfer
6246,18/05/2026,IT8901,-972.73,EUR,transfer
6247,06/03/2026,IT5678,2193.45,EUR,deposit
6248,08/05/2026,IT7890,-892.52,EUR,withdrawal
6249,18/01/2026,IT1234,-1628.59,EUR,withdrawal
6250,20/05/2026,IT4567,4921.95,EUR,deposit
6251,15/05/2026,IT6789,1736.43,EUR,deposit
6252,24/03/2026,IT3456,-1270.4,EUR,transfer
6253,05/05/2026,IT6789,3387.96,EUR,deposit
6254,27/04/2026,IT7890,-1430.83,EUR,transfer
6255,12/01/2026,IT3456,-583.78,EUR,withdrawal
6256,20/02/2026,IT3456,-414.99,EUR,transfer
6257,08/01/2026,IT3456,-653.33,EUR,transfer
6258,17/01/2026,IT5678,-456.12,EUR,transfer
6259,17/02/2026,IT4567,-1305.43,EUR,withdrawal
6260,27/03/2026,IT4567,2620.68,EUR,deposit
6261,30/04/2026,IT4567,440.72,EUR,deposit
6262,29/04/2026,IT1234,-622.54,EUR,withdrawal
6263,17/05/2026,IT3456,-1960.31,EUR,withdrawal
6264,24/02/2026,IT5678,4481.93,EUR,deposit
6265,02/03/2026,IT6789,260.93,EUR,transfer
6266,21/01/2026,IT2345,1097.57,EUR,transfer
6267,12/02/2026,IT3456,-1021.48,EUR,withdrawal
6268,31/01/2026,IT4567,1578.35,EUR,deposit
6269,20/04/2026,IT1234,-1601.54,EUR,withdrawal
6270,10/01/2026,IT8901,213.7,EUR,deposit
6271,06/04/2026,IT3456,,EUR,withdrawal
6272,03/01/2026,IT5678,-269.58,EUR,transfer
6273,18/05/2026,IT1234,-1529.93,EUR,withdrawal
6274,09/03/2026,IT1234,-712.75,EUR,withdrawal
6275,04/02/2026,IT4567,-1648.15,EUR,withdrawal
6276,22/05/2026,IT5678,-1402.24,EUR,withdrawal
6277,25/05/2026,IT6789,-1673.82,EUR,withdrawal
6278,10/02/2026,IT5678,-1192.62,EUR,transfer
6279,24/05/2026,IT8901,898.76,EUR,transfer
6280,07/01/2026,IT7890,195.67,EUR,deposit
6281,14/04/2026,IT4567,-948.38,EUR,withdrawal
6282,22/05/2026,IT5678,3297.86,EUR,deposit
6283,21/01/2026,IT2345,-93.9,EUR,withdrawal
6284,24/05/2026,IT1234,-1109.99,EUR,withdrawal
6285,06/01/2026,IT8901,-506.79,EUR,withdrawal
6286,30/04/2026,IT1234,3031.09,EUR,deposit
6287,17/05/2026,IT2345,2560.25,EUR,deposit
6288,21/05/2026,IT3456,-631.05,EUR,withdrawal
6289,27/05/2026,IT6789,4587.46,EUR,deposit
6290,30/05/2026,IT7890,-1814.07,EUR,withdrawal
6291,07/03/2026,IT5678,-1452.8,EUR,transfer
6292,11/02/2026,IT8901,2040.88,EUR,deposit
6293,21/04/2026,IT1234,1932.83,EUR,deposit
6294,11/05/2026,IT1234,-1435.59,EUR,transfer
6295,03/01/2026,IT7890,-572.81,EUR,transfer
6296,08/04/2026,IT1234,-1349.6,EUR,transfer
6297,22/01/2026,IT2345,2377.15,EUR,deposit
6298,20/02/2026,IT1234,3394.83,EUR,deposit
6299,08/04/2026,IT3456,-685.06,EUR,transfer
6300,25/04/2026,IT5678,-6.66,EUR,transfer
6301,23/03/2026,IT8901,-1256.6,EUR,transfer
6302,23/02/2026,IT5678,-1020.13,EUR,withdrawal
6303,22/02/2026,IT5678,-1383.99,EUR,withdrawal
6304,30/04/2026,IT7890,1159.19,EUR,deposit
6305,18/01/2026,IT8901,-1265.44,EUR,withdrawal
6306,06/04/2026,IT7890,944.52,EUR,transfer
6307,09/01/2026,IT3456,417.72,EUR,deposit
6308,31/05/2026,IT3456,-560.23,EUR,withdrawal
6309,28/03/2026,IT1234,-826.1,EUR,withdrawal
6310,28/04/2026,IT4567,-639.95,EUR,transfer
6311,08/02/2026,IT4567,4698.72,EUR,deposit
6312,27/01/2026,IT2345,-342.01,EUR,withdrawal
6313,15/02/2026,IT4567,-1634.42,EUR,withdrawal
6314,10/04/2026,IT1234,-213.78,EUR,transfer
6315,15/02/2026,IT7890,-185.76,EUR,transfer
6316,04/02/2026,IT8901,-459.54,EUR,transfer
6317,28/05/2026,IT8901,3865.24,EUR,deposit
6318,05/02/2026,IT5678,122.53,EUR,transfer
6319,25/04/2026,IT3456,4572.68,EUR,deposit
6320,29/05/2026,IT7890,2230.94,EUR,deposit
6321,27/01/2026,IT7890,1432.41,EUR,transfer
6322,08/03/2026,IT2345,-1035.28,EUR,transfer
6323,10/02/2026,IT3456,297.56,EUR,deposit
6324,15/04/2026,IT6789,2592.32,EUR,deposit
6325,08/04/2026,IT5678,-625.69,EUR,withdrawal
6326,04/04/2026,IT8901,4012.53,EUR,deposit
6327,06/02/2026,IT4567,-616.43,EUR,withdrawal
6328,08/04/2026,IT5678,-1444.29,EUR,withdrawal
6329,16/04/2026,IT7890,-788.5,EUR,transfer
6330,,IT7890,2560.42,EUR,deposit
6331,03/05/2026,IT4567,1431.24,EUR,deposit
6332,10/01/2026,IT6789,-584.14,EUR,withdrawal
6333,18/03/2026,IT2345,609.6,EUR,transfer
6334,05/03/2026,IT4567,-1171.66,EUR,withdrawal
6335,17/03/2026,IT6789,-429.56,EUR,transfer
6336,19/05/2026,IT5678,4222.34,EUR,deposit
6337,06/01/2026,IT6789,2500.44,EUR,deposit
6338,07/02/2026,IT3456,-1255.03,EUR,withdrawal
6339,02/05/2026,IT3456,-940.52,EUR,withdrawal
6340,06/04/2026,IT5678,432.54,EUR,transfer
6341,17/02/2026,IT8901,4347.22,EUR,deposit
6342,25/02/2026,IT5678,-1199.55,EUR,transfer
6343,22/02/2026,IT3456,-978.43,EUR,withdrawal
6344,29/05/2026,IT8901,-99.77,EUR,transfer
6345,30/03/2026,IT4567,2637.26,EUR,deposit
6346,18/04/2026,IT6789,-1838.62,EUR,withdrawal
6347,27/05/2026,IT5678,-1419.41,EUR,transfer
6348,08/03/2026,IT2345,-1589.93,EUR,withdrawal
6349,24/03/2026,IT5678,-1920.08,EUR,withdrawal
6350,28/05/2026,IT6789,-984.13,EUR,withdrawal
6351,23/02/2026,IT6789,-1038.64,EUR,withdrawal
6352,19/01/2026,IT3456,1465.61,EUR,deposit
6353,10/01/2026,IT2345,-1272.06,EUR,transfer
6354,25/02/2026,IT8901,-1473.87,EUR,withdrawal
6355,01/01/1750,IT2345,-408.3,EUR,transfer
6356,23/05/2026,IT1234,1663.23,EUR,deposit
6357,05/04/2026,IT1234,1093.23,EUR,transfer
6358,01/03/2026,IT4567,180.01,EUR,transfer
6359,17/02/2026,IT8901,-1354.66,EUR,transfer
6360,01/01/1750,IT3456,-1476.78,EUR,withdrawal
6361,01/04/2026,IT1234,-467.46,EUR,transfer
6362,14/02/2026,IT3456,-1466.5,EUR,transfer
6363,16/04/2026,IT2345,-1464.07,EUR,withdrawal
6364,30/01/2026,IT7890,1808.78,EUR,deposit
6365,03/03/2026,IT2345,4528.22,EUR,deposit
6366,21/02/2026,IT3456,-969.7,EUR,transfer
6367,15/05/2026,IT7890,111.28,EUR,deposit
6368,18/02/2026,IT6789,4674.93,EUR,deposit
6369,12/05/2026,IT6789,2274.93,EUR,deposit
6370,21/02/2026,IT7890,3190.47,EUR,deposit
6371,18/02/2026,IT8901,-1231.22,EUR,withdrawal
6372,04/01/2026,IT5678,1306.81,EUR,transfer
6373,25/04/2026,IT8901,19.91,EUR,transfer
6374,28/03/2026,IT1234,4152.95,EUR,deposit
6375,12/05/2026,IT4567,-217.55,EUR,withdrawal
6376,13/03/2026,IT1234,-1335.21,EUR,transfer
6377,19/03/2026,IT3456,1157.02,EUR,deposit
6378,16/04/2026,IT8901,-1764.96,EUR,withdrawal
6379,21/04/2026,IT6789,1411.69,EUR,deposit
6380,26/04/2026,IT4567,-399.96,EUR,transfer
6381,13/02/2026,IT5678,1495.67,EUR,transfer
6382,26/04/2026,IT5678,811.38,EUR,deposit
6383,01/01/1750,IT8901,3049.28,EUR,deposit
6384,04/02/2026,IT7890,-1014.76,EUR,withdrawal
6385,21/01/2026,IT4567,-1415.95,EUR,withdrawal
6386,20/02/2026,IT3456,3270.87,EUR,deposit
6387,16/04/2026,IT5678,1291.77,EUR,transfer
6388,01/01/1750,IT3456,-1321.83,EUR,withdrawal
6389,01/01/2026,IT5678,-1217.27,EUR,withdrawal
6390,27/05/2026,IT8901,1241.76,EUR,deposit
6391,10/01/2026,IT4567,23%02))12,EUR,deposit
6392,23/05/2026,IT8901,4473.42,EUR,deposit
6393,01/05/2026,IT1234,-1084.83,EUR,withdrawal
6394,,IT1234,-56.59,EUR,withdrawal
6395,01/01/1750,IT4567,-756.96,EUR,transfer
6396,05/05/2026,IT5678,23%02))12,EUR,deposit
6397,19/04/2026,IT1234,4908.22,EUR,deposit
6398,11/04/2026,IT3456,-304.94,EUR,withdrawal
6399,01/01/1750,IT3456,-82.06,EUR,transfer
6400,01/04/2026,IT5678,-702.67,EUR,transfer
6401,01/03/2026,IT6789,3349.25,EUR,deposit
6402,01/04/2026,IT5678,4309.48,EUR,deposit
6403,23/02/2026,IT1234,2423.55,EUR,deposit
6404,10/01/2026,IT7890,-1128.06,EUR,transfer
6405,09/03/2026,IT5678,3433.81,EUR,deposit
6406,27/01/2026,IT2345,1883.7,EUR,deposit
6407,14/03/2026,IT6789,2905.38,EUR,deposit
6408,16/02/2026,IT7890,4098.1,EUR,deposit
6409,31/05/2026,IT7890,-1859.93,EUR,withdrawal
6410,10/05/2026,IT8901,-92.88,EUR,transfer
6411,13/03/2026,IT4567,1360.7,EUR,transfer
6412,18/01/2026,IT1234,-1127.67,EUR,withdrawal
6413,23/04/2026,IT5678,4259.35,EUR,deposit
6414,09/05/2026,IT5678,4833.02,EUR,deposit
6415,08/03/2026,IT5678,1288.54,EUR,transfer
6416,29/03/2026,IT6789,-129.72,EUR,withdrawal
6417,14/04/2026,IT2345,3848.22,EUR,deposit
6418,13/01/2026,IT6789,-1416.29,EUR,withdrawal
6419,07/01/2026,IT6789,-1163.0,EUR,transfer
6420,21/05/2026,IT6789,23%02))12,EUR,deposit
6421,22/05/2026,IT5678,4409.1,EUR,deposit
6422,17/05/2026,IT4567,-377.64,EUR,transfer
6423,10/01/2026,IT1234,3874.95,EUR,deposit
6424,14/02/2026,IT4567,-1693.34,EUR,withdrawal
6425,08/02/2026,IT2345,554.8,EUR,transfer
6426,15/01/2026,IT3456,3984.3,EUR,deposit
6427,22/05/2026,IT4567,-1671.46,EUR,withdrawal
6428,27/04/2026,IT6789,4085.06,EUR,deposit
6429,17/05/2026,IT3456,3515.56,EUR,deposit
6430,12/03/2026,IT8901,839.01,EUR,transfer
6431,23/01/2026,IT2345,3961.52,EUR,deposit
6432,10/03/2026,IT8901,528.54,EUR,deposit
6433,13/04/2026,IT1234,1154.29,EUR,transfer
6434,23/04/2026,IT4567,4133.55,EUR,deposit
6435,19/04/2026,IT1234,2198.88,EUR,deposit
6436,06/03/2026,IT2345,4917.06,EUR,deposit
6437,15/04/2026,IT2345,-681.03,EUR,transfer
6438,01/03/2026,IT1234,-1360.05,EUR,transfer
6439,06/03/2026,IT4567,-1245.64,EUR,withdrawal
6440,16/01/2026,IT6789,-825.85,EUR,transfer
6441,27/04/2026,IT6789,737.37,EUR,transfer
6442,28/03/2026,IT3456,-1477.59,EUR,transfer
6443,10/03/2026,IT3456,-1353.8,EUR,transfer
6444,26/02/2026,IT3456,4441.18,EUR,deposit
6445,14/04/2026,IT7890,3979.33,EUR,deposit
6446,05/01/2026,IT2345,-1665.31,EUR,withdrawal
6447,01/03/2026,IT4567,4750.66,EUR,deposit
6448,10/03/2026,IT6789,-813.9,EUR,withdrawal
6449,13/02/2026,IT1234,2287.84,EUR,deposit
6450,09/02/2026,IT6789,1287.18,EUR,transfer
6451,30/05/2026,IT6789,235.33,EUR,deposit
6452,15/03/2026,IT3456,2955.89,EUR,deposit
6453,21/05/2026,IT3456,-262.01,EUR,withdrawal
6454,14/01/2026,IT4567,-1842.46,EUR,withdrawal
6455,15/03/2026,IT2345,335.69,EUR,deposit
6456,22/01/2026,IT4567,-421.53,EUR,transfer
6457,23/04/2026,IT2345,1161.24,EUR,transfer
6458,13/01/2026,IT3456,-1894.94,EUR,withdrawal
6459,07/01/2026,IT6789,4035.05,EUR,deposit
6460,27/04/2026,IT6789,-296.89,EUR,transfer
6461,14/05/2026,IT4567,-327.25,EUR,transfer
6462,05/04/2026,IT8901,1605.66,EUR,deposit
6463,25/01/2026,IT8901,2860.42,EUR,deposit
6464,12/05/2026,IT4567,,EUR,deposit
6465,17/05/2026,IT7890,-430.03,EUR,withdrawal
6466,17/02/2026,IT5678,1332.42,EUR,deposit
6467,05/04/2026,IT3456,-405.06,EUR,withdrawal
6468,24/02/2026,IT3456,1100.02,EUR,deposit
6469,24/01/2026,IT8901,-69.93,EUR,withdrawal
6470,23/03/2026,IT6789,1959.95,EUR,deposit
6471,29/03/2026,IT2345,-1556.45,EUR,withdrawal
6472,18/02/2026,IT8901,1058.27,EUR,transfer
6473,03/03/2026,IT4567,1017.75,EUR,deposit
6474,25/05/2026,IT5678,1247.85,EUR,transfer
6475,11/03/2026,IT4567,-1415.78,EUR,transfer
6476,24/02/2026,IT2345,236.91,EUR,transfer
6477,13/04/2026,IT2345,3072.53,EUR,deposit
6478,01/03/2026,IT7890,1196.96,EUR,transfer
6479,15/01/2026,IT5678,1797.19,EUR,deposit
6480,25/04/2026,IT8901,1381.64,EUR,deposit
6481,24/03/2026,IT2345,204.96,EUR,transfer
6482,01/04/2026,IT3456,-697.24,EUR,withdrawal
6483,,IT7890,-157.58,EUR,withdrawal
6484,19/03/2026,IT7890,922.48,EUR,transfer
6485,17/03/2026,IT7890,-1341.05,EUR,withdrawal
6486,13/04/2026,IT6789,424.56,EUR,deposit
6487,01/01/1750,IT3456,4472.75,EUR,deposit
6488,14/03/2026,IT1234,4167.87,EUR,deposit
6489,06/03/2026,IT7890,3326.26,EUR,deposit
6490,02/01/2026,IT8901,-649.01,EUR,withdrawal
6491,06/01/2026,IT5678,229.37,EUR,transfer
6492,,IT6789,4194.18,EUR,deposit
6493,14/01/2026,IT6789,-135.23,EUR,withdrawal
6494,09/02/2026,IT4567,-1320.67,EUR,withdrawal
6495,26/02/2026,IT5678,-249.11,EUR,transfer
6496,27/01/2026,IT4567,-975.19,EUR,withdrawal
6497,13/01/2026,IT4567,749.14,EUR,transfer
6498,29/01/2026,IT7890,1482.74,EUR,transfer
6499,25/02/2026,IT5678,-124.47,EUR,withdrawal
6500,21/05/2026,IT2345,3394.09,EUR,deposit
6501,21/03/2026,IT5678,129.65,EUR,deposit
6502,13/04/2026,IT3456,-639.89,EUR,withdrawal
6503,16/05/2026,IT3456,-246.31,EUR,withdrawal
6504,26/03/2026,IT5678,-1860.72,EUR,withdrawal
6505,16/02/2026,IT7890,593.14,EUR,deposit
6506,09/04/2026,IT5678,2393.79,EUR,deposit
6507,25/05/2026,IT5678,23%02))12,EUR,transfer
6508,11/03/2026,IT4567,-32.08,EUR,withdrawal
6509,15/02/2026,IT6789,-1900.01,EUR,withdrawal
6510,18/02/2026,IT2345,1119.82,EUR,transfer
6511,30/04/2026,IT4567,430.33,EUR,transfer
6512,26/05/2026,IT5678,1487.72,EUR,deposit
6513,21/03/2026,IT7890,-1074.44,EUR,withdrawal
6514,27/03/2026,IT3456,-816.4,EUR,withdrawal
6515,31/01/2026,IT2345,-633.61,EUR,withdrawal
6516,30/04/2026,IT8901,-571.54,EUR,withdrawal
6517,01/04/2026,IT2345,4770.52,EUR,deposit
6518,03/04/2026,IT4567,173.85,EUR,transfer
6519,06/02/2026,IT7890,-693.23,EUR,withdrawal
6520,16/01/2026,IT2345,409.63,EUR,transfer
6521,10/04/2026,IT1234,4161.21,EUR,deposit
6522,27/01/2026,IT5678,3779.13,EUR,deposit
6523,06/05/2026,IT3456,-273.87,EUR,transfer
6524,10/02/2026,IT5678,-142.45,EUR,transfer
6525,25/04/2026,IT3456,2989.85,EUR,deposit
6526,18/05/2026,IT2345,4499.78,EUR,deposit
6527,14/04/2026,IT7890,-325.14,EUR,transfer
6528,13/05/2026,IT6789,-1117.47,EUR,withdrawal
6529,11/05/2026,IT7890,-1369.89,EUR,withdrawal
6530,15/04/2026,IT1234,-1711.95,EUR,withdrawal
6531,19/02/2026,IT7890,3635.55,EUR,deposit
6532,17/04/2026,IT8901,-1964.71,EUR,withdrawal
6533,20/03/2026,IT8901,3097.69,EUR,deposit
6534,01/04/2026,IT1234,-1810.11,EUR,withdrawal
6535,28/05/2026,IT2345,-1704.4,EUR,withdrawal
6536,27/04/2026,IT2345,-1167.97,EUR,transfer
6537,11/04/2026,IT8901,-814.98,EUR,transfer
6538,09/02/2026,IT8901,171.04,EUR,transfer
6539,13/02/2026,IT8901,3417.05,EUR,deposit
6540,12/05/2026,IT2345,858.52,EUR,deposit
6541,16/04/2026,IT1234,-728.86,EUR,transfer
6542,,IT7890,-219.52,EUR,withdrawal
6543,21/04/2026,IT5678,-1194.51,EUR,withdrawal
6544,09/04/2026,IT1234,778.16,EUR,deposit
6545,17/02/2026,IT2345,152.51,EUR,transfer
6546,25/02/2026,IT6789,-1703.61,EUR,withdrawal
6547,22/05/2026,IT7890,-1624.55,EUR,withdrawal
6548,11/03/2026,IT7890,-1094.77,EUR,transfer
6549,06/01/2026,IT7890,1145.82,EUR,transfer
6550,06/01/2026,IT6789,23%02))12,EUR,transfer
6551,07/04/2026,IT7890,2342.14,EUR,deposit
6552,02/03/2026,IT4567,332.06,EUR,transfer
6553,26/01/2026,IT8901,240.46,EUR,transfer
6554,21/03/2026,IT8901,-1515.87,EUR,withdrawal
6555,27/01/2026,IT5678,-618.75,EUR,withdrawal
6556,05/03/2026,IT4567,-218.22,EUR,transfer
6557,23/01/2026,IT3456,-857.34,EUR,transfer
6558,14/05/2026,IT5678,291.91,EUR,transfer
6559,16/03/2026,IT2345,2270.49,EUR,deposit
6560,19/05/2026,IT7890,1181.07,EUR,deposit
6561,25/03/2026,IT7890,-344.37,EUR,withdrawal
6562,07/01/2026,IT6789,23%02))12,EUR,withdrawal
6563,01/01/1750,IT8901,-593.51,EUR,transfer
6564,05/03/2026,IT4567,-505.22,EUR,transfer
6565,04/04/2026,IT5678,-485.45,EUR,transfer
6566,18/04/2026,IT7890,2789.81,EUR,deposit
6567,22/01/2026,IT2345,4334.99,EUR,deposit
6568,08/04/2026,IT4567,-1598.21,EUR,withdrawal
6569,28/03/2026,IT3456,,EUR,deposit
6570,,IT1234,3600.8,EUR,deposit
6571,09/02/2026,IT6789,-1868.93,EUR,withdrawal
6572,09/05/2026,IT6789,-55.53,EUR,withdrawal
6573,14/04/2026,IT6789,808.49,EUR,deposit
6574,27/01/2026,IT3456,-1724.69,EUR,withdrawal
6575,08/04/2026,IT7890,929.52,EUR,transfer
6576,26/02/2026,IT7890,4211.76,EUR,deposit
6577,01/03/2026,IT2345,149.45,EUR,transfer
6578,03/05/2026,IT5678,-381.6,EUR,withdrawal
6579,02/02/2026,IT7890,360.08,EUR,transfer
6580,05/05/2026,IT6789,2247.72,EUR,deposit
6581,29/03/2026,IT2345,-594.34,EUR,withdrawal
6582,24/02/2026,IT7890,-1016.85,EUR,withdrawal
6583,28/03/2026,IT7890,3166.58,EUR,deposit
6584,31/03/2026,IT5678,-229.86,EUR,withdrawal
6585,18/01/2026,IT2345,661.82,EUR,deposit
6586,20/01/2026,IT6789,-1544.71,EUR,withdrawal
6587,17/04/2026,IT5678,1269.72,EUR,transfer
6588,29/05/2026,IT1234,-311.26,EUR,withdrawal
6589,15/02/2026,IT8901,2016.63,EUR,deposit
6590,04/04/2026,IT8901,2403.68,EUR,deposit
6591,14/02/2026,IT6789,-534.42,EUR,withdrawal
6592,09/03/2026,IT1234,367.54,EUR,transfer
6593,06/05/2026,IT3456,1290.01,EUR,transfer
6594,17/05/2026,IT5678,1257.93,EUR,transfer
6595,31/03/2026,IT2345,180.56,EUR,transfer
6596,12/05/2026,IT6789,-1769.66,EUR,withdrawal
6597,18/01/2026,IT2345,472.27,EUR,transfer
6598,02/02/2026,IT2345,-696.82,EUR,withdrawal
6599,22/05/2026,IT3456,3372.03,EUR,deposit
6600,15/03/2026,IT8901,23%02))12,EUR,withdrawal
6601,18/02/2026,IT8901,599.46,EUR,transfer
6602,28/01/2026,IT7890,-1776.07,EUR,withdrawal
6603,17/01/2026,IT8901,-547.16,EUR,withdrawal
6604,23/01/2026,IT8901,-886.67,EUR,withdrawal
6605,25/01/2026,IT2345,2931.72,EUR,deposit
6606,27/04/2026,IT7890,-1034.12,EUR,withdrawal
6607,03/03/2026,IT5678,1029.14,EUR,transfer
6608,14/01/2026,IT3456,-1510.26,EUR,withdrawal
6609,31/03/2026,IT8901,702.13,EUR,transfer
6610,23/01/2026,IT3456,4206.07,EUR,deposit
6611,10/02/2026,IT3456,458.5,EUR,deposit
6612,22/05/2026,IT4567,-1259.54,EUR,withdrawal
6613,11/03/2026,IT4567,-56.44,EUR,transfer
6614,19/02/2026,IT2345,-1079.25,EUR,transfer
6615,11/02/2026,IT1234,-495.64,EUR,withdrawal
6616,02/05/2026,IT2345,-987.18,EUR,transfer
6617,11/05/2026,IT7890,2510.71,EUR,deposit
6618,30/03/2026,IT5678,3115.29,EUR,deposit
6619,03/01/2026,IT4567,2690.45,EUR,deposit
6620,10/02/2026,IT4567,-1640.8,EUR,withdrawal
6621,23/03/2026,IT3456,4735.17,EUR,deposit
6622,12/01/2026,IT5678,1318.11,EUR,transfer
6623,25/04/2026,IT7890,,EUR,withdrawal
6624,01/01/2026,IT1234,-973.15,EUR,withdrawal
6625,04/05/2026,IT2345,1041.06,EUR,deposit
6626,20/02/2026,IT5678,-1670.93,EUR,withdrawal
6627,05/01/2026,IT4567,1736.97,EUR,deposit
6628,04/03/2026,IT6789,4999.97,EUR,deposit
6629,11/02/2026,IT5678,-661.86,EUR,transfer
6630,29/05/2026,IT7890,-317.7,EUR,withdrawal
6631,10/01/2026,IT2345,-1470.14,EUR,transfer
6632,01/04/2026,IT1234,-1727.66,EUR,withdrawal
6633,07/05/2026,IT4567,1306.33,EUR,transfer
6634,13/05/2026,IT2345,-1180.24,EUR,withdrawal
6635,30/04/2026,IT1234,1090.29,EUR,transfer
6636,21/04/2026,IT2345,3573.83,EUR,deposit
6637,23/05/2026,IT8901,-1863.54,EUR,withdrawal
6638,07/05/2026,IT6789,1344.79,EUR,transfer
6639,,IT8901,-471.07,EUR,withdrawal
6640,14/02/2026,IT5678,1658.25,EUR,deposit
6641,13/04/2026,IT2345,1387.51,EUR,deposit
6642,08/02/2026,IT3456,1493.38,EUR,transfer
6643,06/04/2026,IT8901,4809.08,EUR,deposit
6644,20/04/2026,IT2345,1353.94,EUR,transfer
6645,29/01/2026,IT6789,506.67,EUR,deposit
6646,11/02/2026,IT7890,2723.7,EUR,deposit
6647,09/02/2026,IT4567,-680.52,EUR,transfer
6648,06/05/2026,IT2345,23%02))12,EUR,transfer
6649,07/04/2026,IT1234,-1481.73,EUR,transfer
6650,20/02/2026,IT8901,-1915.79,EUR,withdrawal
6651,04/01/2026,IT4567,3612.64,EUR,deposit
6652,01/01/1750,IT3456,1061.38,EUR,deposit
6653,22/02/2026,IT3456,-884.39,EUR,transfer
6654,20/01/2026,IT1234,-1613.62,EUR,withdrawal
6655,23/04/2026,IT8901,3900.59,EUR,deposit
6656,21/04/2026,IT2345,-466.48,EUR,withdrawal
6657,04/04/2026,IT6789,886.72,EUR,deposit
6658,16/04/2026,IT4567,-172.29,EUR,withdrawal
6659,26/02/2026,IT3456,-202.23,EUR,withdrawal
6660,18/04/2026,IT5678,-660.35,EUR,transfer
6661,22/04/2026,IT1234,23%02))12,EUR,deposit
6662,14/05/2026,IT8901,-731.47,EUR,withdrawal
6663,24/04/2026,IT3456,1088.23,EUR,deposit
6664,17/03/2026,IT6789,1270.37,EUR,deposit
6665,01/02/2026,IT7890,1525.89,EUR,deposit
6666,14/02/2026,IT2345,-1228.82,EUR,transfer
6667,29/03/2026,IT3456,-1128.75,EUR,transfer
6668,21/01/2026,IT8901,3591.95,EUR,deposit
6669,20/04/2026,IT5678,3759.44,EUR,deposit
6670,30/05/2026,IT4567,336.1,EUR,transfer
6671,12/03/2026,IT6789,,EUR,deposit
6672,15/04/2026,IT2345,4796.67,EUR,deposit
6673,01/01/2026,IT7890,2630.2,EUR,deposit
6674,08/02/2026,IT4567,-578.56,EUR,withdrawal
6675,20/04/2026,IT4567,4931.23,EUR,deposit
6676,17/05/2026,IT8901,-17.19,EUR,transfer
6677,07/02/2026,IT7890,-645.2,EUR,transfer
6678,08/02/2026,IT8901,-1028.78,EUR,withdrawal
6679,11/02/2026,IT7890,,EUR,deposit
6680,10/01/2026,IT8901,-162.95,EUR,withdrawal
6681,13/03/2026,IT3456,4717.71,EUR,deposit
6682,24/05/2026,IT8901,123.31,EUR,transfer
6683,21/04/2026,IT6789,1214.98,EUR,transfer
6684,04/02/2026,IT8901,-1303.52,EUR,transfer
6685,10/03/2026,IT8901,-1221.99,EUR,transfer
6686,15/04/2026,IT3456,-358.13,EUR,withdrawal
6687,06/03/2026,IT2345,71.4,EUR,transfer
6688,25/02/2026,IT5678,819.16,EUR,transfer
6689,15/03/2026,IT2345,3438.6,EUR,deposit
6690,05/04/2026,IT1234,-459.94,EUR,transfer
6691,31/05/2026,IT3456,-1015.83,EUR,transfer
6692,30/01/2026,IT7890,998.77,EUR,deposit
6693,05/01/2026,IT5678,-1229.29,EUR,withdrawal
6694,23/04/2026,IT1234,2962.91,EUR,deposit
6695,23/04/2026,IT5678,-479.34,EUR,transfer
6696,31/01/2026,IT6789,1373.69,EUR,transfer
6697,24/02/2026,IT5678,4685.32,EUR,deposit
6698,05/03/2026,IT2345,-1213.91,EUR,withdrawal
6699,27/01/2026,IT1234,215.04,EUR,transfer
6700,31/01/2026,IT2345,3503.16,EUR,deposit
6701,09/05/2026,IT3456,1122.46,EUR,deposit
6702,13/01/2026,IT1234,-1460.96,EUR,withdrawal
6703,23/04/2026,IT2345,-101.78,EUR,withdrawal
6704,05/05/2026,IT6789,-1547.89,EUR,withdrawal
6705,31/03/2026,IT7890,-1415.42,EUR,withdrawal
6706,02/04/2026,IT3456,38.27,EUR,transfer
6707,17/03/2026,IT3456,1547.15,EUR,deposit
6708,16/04/2026,IT6789,-1736.66,EUR,withdrawal
6709,06/02/2026,IT5678,-1475.62,EUR,withdrawal
6710,18/05/2026,IT1234,3019.83,EUR,deposit
6711,11/05/2026,IT4567,-371.4,EUR,withdrawal
6712,13/01/2026,IT3456,-1380.11,EUR,withdrawal
6713,02/03/2026,IT2345,-1325.52,EUR,transfer
6714,01/01/1750,IT1234,-657.4,EUR,withdrawal
6715,29/03/2026,IT8901,175.59,EUR,deposit
6716,09/02/2026,IT4567,-1813.2,EUR,withdrawal
6717,22/02/2026,IT5678,-978.82,EUR,transfer
6718,25/03/2026,IT5678,142.53,EUR,transfer
6719,23/01/2026,IT4567,-702.81,EUR,withdrawal
6720,18/05/2026,IT3456,-28.21,EUR,withdrawal
6721,12/01/2026,IT8901,177.66,EUR,deposit
6722,06/02/2026,IT2345,-637.77,EUR,transfer
6723,06/03/2026,IT1234,387.55,EUR,transfer
6724,26/05/2026,IT5678,586.18,EUR,transfer
6725,29/03/2026,IT8901,362.84,EUR,deposit
6726,26/02/2026,IT3456,-349.76,EUR,transfer
6727,09/03/2026,IT7890,3979.12,EUR,deposit
6728,28/05/2026,IT1234,1991.41,EUR,deposit
6729,08/01/2026,IT5678,1046.95,EUR,transfer
6730,31/05/2026,IT7890,-1433.94,EUR,withdrawal
6731,18/02/2026,IT6789,2965.21,EUR,deposit
6732,16/03/2026,IT2345,23%02))12,EUR,transfer
6733,04/05/2026,IT5678,-871.61,EUR,withdrawal
6734,17/02/2026,IT1234,-155.01,EUR,withdrawal
6735,01/04/2026,IT8901,-1129.7,EUR,withdrawal
6736,22/01/2026,IT4567,3112.63,EUR,deposit
6737,20/02/2026,IT3456,-85.77,EUR,transfer
6738,18/01/2026,IT5678,-1885.87,EUR,withdrawal
6739,02/02/2026,IT8901,-629.92,EUR,withdrawal
6740,23/02/2026,IT5678,1030.33,EUR,transfer
6741,02/04/2026,IT4567,-947.55,EUR,withdrawal
6742,18/02/2026,IT4567,-944.91,EUR,withdrawal
6743,08/01/2026,IT8901,1230.27,EUR,deposit
6744,17/05/2026,IT3456,166.3,EUR,transfer
6745,01/01/1750,IT3456,1195.01,EUR,deposit
6746,24/02/2026,IT7890,-801.59,EUR,withdrawal
6747,27/01/2026,IT5678,-929.68,EUR,withdrawal
6748,15/01/2026,IT1234,,EUR,withdrawal
6749,13/03/2026,IT7890,586.87,EUR,transfer
6750,10/03/2026,IT2345,4761.19,EUR,deposit
6751,26/05/2026,IT8901,3878.88,EUR,deposit
6752,07/05/2026,IT4567,1310.36,EUR,transfer
6753,13/04/2026,IT7890,-1570.31,EUR,withdrawal
6754,16/02/2026,IT6789,-1708.85,EUR,withdrawal
6755,09/03/2026,IT6789,-777.36,EUR,withdrawal
6756,15/04/2026,IT7890,-203.9,EUR,withdrawal
6757,24/05/2026,IT6789,1201.73,EUR,transfer
6758,04/04/2026,IT1234,-557.63,EUR,transfer
6759,10/02/2026,IT5678,1093.01,EUR,transfer
6760,11/02/2026,IT7890,815.54,EUR,transfer
6761,06/03/2026,IT7890,1104.89,EUR,deposit
6762,06/03/2026,IT2345,399.32,EUR,deposit
6763,25/01/2026,IT6789,-961.38,EUR,transfer
6764,15/04/2026,IT8901,395.91,EUR,deposit
6765,04/03/2026,IT4567,1345.01,EUR,transfer
6766,19/03/2026,IT3456,-1084.64,EUR,transfer
6767,12/01/2026,IT4567,-402.42,EUR,withdrawal
6768,18/01/2026,IT6789,-727.46,EUR,withdrawal
6769,08/04/2026,IT1234,1393.35,EUR,transfer
6770,04/04/2026,IT6789,-693.73,EUR,transfer
6771,13/01/2026,IT6789,-1458.98,EUR,withdrawal
6772,01/02/2026,IT4567,600.15,EUR,transfer
6773,13/02/2026,IT6789,3642.47,EUR,deposit
6774,22/01/2026,IT4567,-127.53,EUR,withdrawal
6775,11/04/2026,IT6789,-930.38,EUR,withdrawal
6776,21/02/2026,IT5678,-899.09,EUR,withdrawal
6777,02/04/2026,IT3456,-741.94,EUR,transfer
6778,12/04/2026,IT4567,3522.72,EUR,deposit
6779,03/04/2026,IT1234,824.23,EUR,deposit
6780,07/02/2026,IT8901,869.85,EUR,transfer
6781,14/05/2026,IT4567,4893.42,EUR,deposit
6782,13/03/2026,IT3456,-950.87,EUR,transfer
6783,13/05/2026,IT5678,-252.67,EUR,withdrawal
6784,20/02/2026,IT1234,-1224.35,EUR,transfer
6785,05/05/2026,IT6789,-610.32,EUR,withdrawal
6786,18/05/2026,IT3456,-406.11,EUR,withdrawal
6787,03/03/2026,IT7890,-1955.43,EUR,withdrawal
6788,13/01/2026,IT4567,-553.39,EUR,withdrawal
6789,29/04/2026,IT1234,-672.01,EUR,withdrawal
6790,14/01/2026,IT5678,2199.78,EUR,deposit
6791,31/03/2026,IT5678,72.33,EUR,transfer
6792,26/03/2026,IT6789,-1847.93,EUR,withdrawal
6793,12/04/2026,IT4567,-1181.34,EUR,transfer
6794,09/04/2026,IT5678,-127.81,EUR,withdrawal
6795,13/02/2026,IT5678,-1518.51,EUR,withdrawal
6796,19/02/2026,IT6789,-1615.24,EUR,withdrawal
6797,20/01/2026,IT8901,3295.58,EUR,deposit
6798,26/05/2026,IT8901,-102.5,EUR,transfer
6799,16/05/2026,IT6789,1382.26,EUR,deposit
6800,12/04/2026,IT7890,2604.05,EUR,deposit
6801,07/03/2026,IT8901,-459.84,EUR,withdrawal
6802,29/01/2026,IT7890,-980.58,EUR,withdrawal
6803,10/01/2026,IT2345,-1194.88,EUR,withdrawal
6804,01/05/2026,IT5678,-83.62,EUR,transfer
6805,05/03/2026,IT3456,4089.88,EUR,deposit
6806,10/03/2026,IT2345,4235.5,EUR,deposit
6807,14/05/2026,IT8901,36.24,EUR,transfer
6808,20/05/2026,IT4567,448.31,EUR,deposit
6809,06/03/2026,IT7890,1464.94,EUR,deposit
6810,13/01/2026,IT6789,344.46,EUR,deposit
6811,09/02/2026,IT4567,-767.6,EUR,transfer
6812,23/01/2026,IT8901,-832.09,EUR,withdrawal
6813,01/01/1750,IT4567,-85.6,EUR,transfer
6814,20/01/2026,IT4567,-1137.74,EUR,transfer
6815,20/03/2026,IT6789,1108.72,EUR,deposit
6816,03/02/2026,IT8901,3865.82,EUR,deposit
6817,24/01/2026,IT4567,1890.5,EUR,deposit
6818,15/04/2026,IT2345,-1906.57,EUR,withdrawal
6819,22/03/2026,IT5678,147.52,EUR,transfer
6820,18/04/2026,IT1234,219.35,EUR,transfer
6821,18/01/2026,IT5678,1805.25,EUR,deposit
6822,18/01/2026,IT8901,1403.41,EUR,deposit
6823,19/04/2026,IT8901,2541.67,EUR,deposit
6824,03/05/2026,IT8901,-75.67,EUR,withdrawal
6825,17/05/2026,IT5678,-741.87,EUR,transfer
6826,02/02/2026,IT8901,1048.6,EUR,transfer
6827,20/05/2026,IT7890,-289.08,EUR,transfer
6828,09/05/2026,IT3456,-359.67,EUR,withdrawal
6829,05/02/2026,IT6789,245.75,EUR,transfer
6830,10/05/2026,IT3456,410.21,EUR,transfer
6831,08/05/2026,IT3456,-519.21,EUR,withdrawal
6832,13/01/2026,IT6789,-1945.81,EUR,withdrawal
6833,22/05/2026,IT8901,3067.29,EUR,deposit
6834,10/02/2026,IT1234,-530.49,EUR,withdrawal
6835,03/02/2026,IT8901,-1746.18,EUR,withdrawal
6836,28/05/2026,IT5678,2942.68,EUR,deposit
6837,30/04/2026,IT8901,-1144.48,EUR,withdrawal
6838,30/05/2026,IT4567,-833.19,EUR,transfer
6839,11/03/2026,IT7890,1038.84,EUR,transfer
6840,07/04/2026,IT4567,3502.46,EUR,deposit
6841,22/01/2026,IT8901,1630.31,EUR,deposit
6842,02/04/2026,IT1234,3308.71,EUR,deposit
6843,19/01/2026,IT7890,-1828.76,EUR,withdrawal
6844,20/03/2026,IT1234,-1923.22,EUR,withdrawal
6845,25/04/2026,IT7890,-369.97,EUR,transfer
6846,05/01/2026,IT3456,-1864.63,EUR,withdrawal
6847,18/04/2026,IT3456,2297.72,EUR,deposit
6848,10/05/2026,IT3456,-242.47,EUR,withdrawal
6849,12/01/2026,IT8901,4504.22,EUR,deposit
6850,20/02/2026,IT6789,4846.18,EUR,deposit
6851,06/01/2026,IT8901,-453.97,EUR,withdrawal
6852,10/02/2026,IT2345,-634.01,EUR,transfer
6853,27/01/2026,IT3456,4363.42,EUR,deposit
6854,17/04/2026,IT6789,4290.45,EUR,deposit
6855,09/01/2026,IT3456,4907.28,EUR,deposit
6856,01/01/2026,IT6789,3885.95,EUR,deposit
6857,19/05/2026,IT1234,-556.2,EUR,transfer
6858,01/05/2026,IT5678,1694.25,EUR,deposit
6859,15/05/2026,IT3456,-545.41,EUR,withdrawal
6860,28/02/2026,IT1234,596.41,EUR,deposit
6861,22/05/2026,IT6789,1322.29,EUR,transfer
6862,08/03/2026,IT4567,1121.54,EUR,transfer
6863,24/01/2026,IT6789,-853.79,EUR,withdrawal
6864,14/04/2026,IT2345,-499.67,EUR,withdrawal
6865,13/04/2026,IT8901,-470.02,EUR,transfer
6866,05/05/2026,IT7890,1518.45,EUR,deposit
6867,06/01/2026,IT5678,-1218.41,EUR,withdrawal
6868,22/05/2026,IT7890,-1064.66,EUR,withdrawal
6869,11/05/2026,IT4567,4698.03,EUR,deposit
6870,03/04/2026,IT3456,-1081.5,EUR,transfer
6871,24/02/2026,IT6789,285.1,EUR,transfer
6872,24/01/2026,IT8901,-109.25,EUR,transfer
6873,05/03/2026,IT4567,1783.27,EUR,deposit
6874,28/02/2026,IT7890,1797.75,EUR,deposit
6875,05/02/2026,IT2345,3735.98,EUR,deposit
6876,30/04/2026,IT8901,58.66,EUR,transfer
6877,08/04/2026,IT4567,-1311.24,EUR,transfer
6878,09/02/2026,IT6789,-483.12,EUR,transfer
6879,01/03/2026,IT7890,-979.9,EUR,withdrawal
6880,16/03/2026,IT7890,3447.82,EUR,deposit
6881,27/05/2026,IT5678,-647.41,EUR,transfer
6882,08/02/2026,IT4567,-1168.08,EUR,transfer
6883,14/02/2026,IT1234,2733.52,EUR,deposit
6884,07/03/2026,IT4567,-887.38,EUR,withdrawal
6885,13/03/2026,IT7890,-505.97,EUR,withdrawal
6886,19/04/2026,IT1234,4139.91,EUR,deposit
6887,11/03/2026,IT1234,-1582.76,EUR,withdrawal
6888,11/03/2026,IT5678,1179.21,EUR,deposit
6889,18/04/2026,IT2345,315.63,EUR,transfer
6890,19/01/2026,IT5678,1922.21,EUR,deposit
6891,31/05/2026,IT5678,1018.37,EUR,deposit
6892,28/03/2026,IT6789,-1276.29,EUR,transfer
6893,11/04/2026,IT5678,-488.37,EUR,transfer
6894,26/04/2026,IT4567,-249.23,EUR,withdrawal
6895,07/01/2026,IT4567,-342.63,EUR,withdrawal
6896,30/05/2026,IT7890,-1295.17,EUR,withdrawal
6897,25/01/2026,IT2345,1295.38,EUR,deposit
6898,23/02/2026,IT1234,-976.65,EUR,withdrawal
6899,28/04/2026,IT5678,-674.62,EUR,transfer
6900,24/04/2026,IT2345,958.1,EUR,transfer
6901,22/05/2026,IT1234,335.38,EUR,deposit
6902,16/03/2026,IT3456,-196.79,EUR,withdrawal
6903,08/02/2026,IT2345,-990.78,EUR,withdrawal
6904,16/05/2026,IT2345,-1413.49,EUR,withdrawal
6905,22/02/2026,IT2345,446.23,EUR,transfer
6906,02/04/2026,IT5678,818.71,EUR,deposit
6907,11/03/2026,IT7890,2179.67,EUR,deposit
6908,01/05/2026,IT2345,-297.92,EUR,transfer
6909,14/05/2026,IT8901,748.02,EUR,transfer
6910,26/04/2026,IT4567,-317.25,EUR,transfer
6911,02/02/2026,IT7890,136.6,EUR,transfer
6912,15/02/2026,IT8901,-1294.71,EUR,withdrawal
6913,18/02/2026,IT2345,3356.61,EUR,deposit
6914,12/05/2026,IT5678,663.31,EUR,transfer
6915,12/04/2026,IT3456,-1891.8,EUR,withdrawal
6916,19/03/2026,IT1234,-1738.75,EUR,withdrawal
6917,30/01/2026,IT3456,-1710.95,EUR,withdrawal
6918,19/04/2026,IT2345,-1043.75,EUR,transfer
6919,02/01/2026,IT8901,-1935.87,EUR,withdrawal
6920,26/04/2026,IT8901,-703.94,EUR,withdrawal
6921,24/05/2026,IT3456,825.03,EUR,transfer
6922,16/04/2026,IT4567,1876.6,EUR,deposit
6923,08/01/2026,IT3456,4600.72,EUR,deposit
6924,26/01/2026,IT4567,-1297.59,EUR,transfer
6925,03/03/2026,IT6789,-335.7,EUR,transfer
6926,13/03/2026,IT8901,-894.87,EUR,transfer
6927,10/03/2026,IT7890,695.92,EUR,transfer
6928,23/04/2026,IT4567,1253.82,EUR,transfer
6929,28/01/2026,IT2345,-464.49,EUR,withdrawal
6930,13/01/2026,IT7890,1152.85,EUR,transfer
6931,11/02/2026,IT5678,1736.59,EUR,deposit
6932,11/02/2026,IT1234,-485.24,EUR,withdrawal
6933,29/04/2026,IT7890,1733.51,EUR,deposit
6934,06/03/2026,IT6789,4881.55,EUR,deposit
6935,08/04/2026,IT2345,3711.09,EUR,deposit
6936,16/01/2026,IT1234,801.38,EUR,transfer
6937,10/05/2026,IT7890,3717.42,EUR,deposit
6938,13/04/2026,IT1234,-413.13,EUR,transfer
6939,13/03/2026,IT8901,924.39,EUR,deposit
6940,07/01/2026,IT2345,-368.6,EUR,withdrawal
6941,26/03/2026,IT7890,97.63,EUR,deposit
6942,26/05/2026,IT2345,866.47,EUR,deposit
6943,22/02/2026,IT6789,-1032.83,EUR,withdrawal
6944,18/03/2026,IT5678,3280.49,EUR,deposit
6945,02/04/2026,IT4567,3254.18,EUR,deposit
6946,02/02/2026,IT2345,2356.19,EUR,deposit
6947,24/02/2026,IT5678,-1114.0,EUR,withdrawal
6948,06/04/2026,IT4567,-1806.99,EUR,withdrawal
6949,18/01/2026,IT5678,-1279.36,EUR,transfer
6950,31/01/2026,IT7890,2620.85,EUR,deposit
6951,01/01/1750,IT8901,-1602.96,EUR,withdrawal
6952,25/04/2026,IT1234,-1604.91,EUR,withdrawal
6953,04/02/2026,IT5678,300.61,EUR,transfer
6954,13/01/2026,IT6789,-297.34,EUR,withdrawal
6955,13/04/2026,IT7890,211.08,EUR,deposit
6956,17/01/2026,IT5678,3418.45,EUR,deposit
6957,21/01/2026,IT8901,725.63,EUR,transfer
6958,22/04/2026,IT5678,4997.84,EUR,deposit
6959,18/05/2026,IT4567,-909.12,EUR,withdrawal
6960,04/04/2026,IT3456,152.83,EUR,transfer
6961,30/03/2026,IT5678,-1562.94,EUR,withdrawal
6962,04/01/2026,IT8901,694.04,EUR,transfer
6963,10/02/2026,IT2345,-261.11,EUR,withdrawal
6964,22/02/2026,IT3456,1101.47,EUR,deposit
6965,07/02/2026,IT1234,-1308.75,EUR,withdrawal
6966,21/04/2026,IT6789,-381.34,EUR,withdrawal
6967,27/02/2026,IT5678,487.84,EUR,transfer
6968,20/01/2026,IT5678,2306.45,EUR,deposit
6969,07/05/2026,IT6789,-1686.03,EUR,withdrawal
6970,07/05/2026,IT7890,4146.16,EUR,deposit
6971,07/04/2026,IT4567,3243.17,EUR,deposit
6972,06/01/2026,IT6789,-569.16,EUR,withdrawal
6973,,IT3456,1165.97,EUR,transfer
6974,23/02/2026,IT2345,-898.07,EUR,withdrawal
6975,21/02/2026,IT8901,-64.6,EUR,withdrawal
6976,23/02/2026,IT2345,-1352.58,EUR,withdrawal
6977,28/05/2026,IT7890,,EUR,withdrawal
6978,05/03/2026,IT5678,-1769.85,EUR,withdrawal
6979,06/04/2026,IT2345,2762.21,EUR,deposit
6980,21/05/2026,IT6789,-400.85,EUR,withdrawal
6981,24/01/2026,IT8901,-677.17,EUR,transfer
6982,24/05/2026,IT1234,-1604.44,EUR,withdrawal
6983,20/04/2026,IT4567,-564.41,EUR,withdrawal
6984,26/02/2026,IT7890,681.08,EUR,deposit
6985,03/03/2026,IT6789,160.01,EUR,deposit
6986,17/03/2026,IT8901,-749.66,EUR,transfer
6987,03/03/2026,IT2345,1506.68,EUR,deposit
6988,17/04/2026,IT6789,876.28,EUR,deposit
6989,14/05/2026,IT1234,398.67,EUR,deposit
6990,28/03/2026,IT1234,-893.0,EUR,withdrawal
6991,19/01/2026,IT5678,3382.92,EUR,deposit
6992,30/01/2026,IT8901,-244.36,EUR,transfer
6993,26/03/2026,IT1234,3606.87,EUR,deposit
6994,18/02/2026,IT8901,-347.52,EUR,withdrawal
6995,07/01/2026,IT5678,848.41,EUR,transfer
6996,24/04/2026,IT7890,-1948.18,EUR,withdrawal
6997,06/02/2026,IT5678,-1725.42,EUR,withdrawal
6998,20/04/2026,IT5678,-904.02,EUR,transfer
6999,02/02/2026,IT5678,501.3,EUR,deposit
7000,03/03/2026,IT3456,1252.55,EUR,deposit
7001,10/05/2026,IT6789,-1790.53,EUR,withdrawal
7002,29/05/2026,IT3456,988.54,EUR,deposit
7003,31/05/2026,IT7890,-879.21,EUR,withdrawal
7004,06/02/2026,IT3456,-1206.28,EUR,withdrawal
7005,16/04/2026,IT2345,872.21,EUR,transfer
7006,22/04/2026,IT5678,3998.75,EUR,deposit
7007,05/04/2026,IT6789,-1446.86,EUR,withdrawal
7008,10/02/2026,IT8901,-263.5,EUR,withdrawal
7009,20/02/2026,IT2345,-205.43,EUR,withdrawal
7010,13/03/2026,IT6789,64.29,EUR,transfer
7011,16/04/2026,IT1234,-853.52,EUR,transfer
7012,28/01/2026,IT5678,1002.6,EUR,transfer
7013,20/03/2026,IT5678,-572.05,EUR,withdrawal
7014,01/01/1750,IT6789,-499.1,EUR,withdrawal
7015,05/02/2026,IT2345,-397.21,EUR,withdrawal
7016,18/03/2026,IT4567,-1216.8,EUR,withdrawal
7017,28/01/2026,IT2345,834.5,EUR,deposit
7018,08/04/2026,IT8901,2961.86,EUR,deposit
7019,06/04/2026,IT3456,-637.52,EUR,withdrawal
7020,18/05/2026,IT6789,23%02))12,EUR,withdrawal
7021,08/02/2026,IT3456,344.62,EUR,deposit
7022,16/03/2026,IT6789,-561.39,EUR,transfer
7023,18/04/2026,IT2345,1419.9,EUR,transfer
7024,05/01/2026,IT8901,141.49,EUR,deposit
7025,22/01/2026,IT2345,-1643.4,EUR,withdrawal
7026,15/04/2026,IT4567,-822.84,EUR,transfer
7027,24/05/2026,IT1234,-754.99,EUR,transfer
7028,30/05/2026,IT8901,4180.38,EUR,deposit
7029,16/05/2026,IT6789,4952.42,EUR,deposit
7030,31/01/2026,IT8901,1105.52,EUR,transfer
7031,02/04/2026,IT7890,-556.34,EUR,withdrawal
7032,22/04/2026,IT6789,245.54,EUR,transfer
7033,03/02/2026,IT7890,4035.08,EUR,deposit
7034,01/02/2026,IT5678,-1139.66,EUR,withdrawal
7035,12/04/2026,IT2345,-1885.67,EUR,withdrawal
7036,25/03/2026,IT8901,-1386.35,EUR,withdrawal
7037,24/05/2026,IT1234,-525.76,EUR,withdrawal
7038,23/01/2026,IT5678,-429.93,EUR,transfer
7039,18/04/2026,IT5678,-1556.56,EUR,withdrawal
7040,22/02/2026,IT2345,-1253.59,EUR,withdrawal
7041,29/01/2026,IT3456,-1484.69,EUR,withdrawal
7042,30/04/2026,IT5678,1201.01,EUR,transfer
7043,01/01/1750,IT2345,2471.32,EUR,deposit
7044,11/01/2026,IT6789,-582.45,EUR,withdrawal
7045,29/03/2026,IT1234,163.91,EUR,transfer
7046,29/05/2026,IT5678,-625.54,EUR,withdrawal
7047,19/02/2026,IT7890,1282.5,EUR,transfer
7048,30/01/2026,IT5678,182.5,EUR,transfer
7049,16/04/2026,IT8901,1422.58,EUR,transfer
7050,29/03/2026,IT3456,2119.93,EUR,deposit
7051,10/05/2026,IT5678,-1268.11,EUR,withdrawal
7052,18/04/2026,IT3456,-329.4,EUR,transfer
7053,30/04/2026,IT3456,,EUR,withdrawal
7054,06/01/2026,IT7890,125.24,EUR,deposit
7055,29/01/2026,IT5678,-1443.48,EUR,transfer
7056,31/03/2026,IT2345,621.05,EUR,transfer
7057,09/02/2026,IT3456,1226.46,EUR,deposit
7058,22/02/2026,IT6789,-478.92,EUR,transfer
7059,23/04/2026,IT2345,-1628.45,EUR,withdrawal
7060,06/01/2026,IT5678,-393.78,EUR,withdrawal
7061,03/01/2026,IT3456,2113.03,EUR,deposit
7062,16/04/2026,IT1234,1230.04,EUR,transfer
7063,09/02/2026,IT6789,1383.54,EUR,deposit
7064,14/01/2026,IT4567,1431.04,EUR,deposit
7065,27/02/2026,IT2345,722.82,EUR,transfer
7066,16/04/2026,IT5678,202.57,EUR,transfer
7067,15/03/2026,IT8901,3085.83,EUR,deposit
7068,19/02/2026,IT6789,,EUR,transfer
7069,26/05/2026,IT7890,-1975.68,EUR,withdrawal
7070,14/04/2026,IT3456,4136.86,EUR,deposit
7071,01/05/2026,IT7890,-532.18,EUR,withdrawal
7072,16/03/2026,IT6789,-750.95,EUR,transfer
7073,22/01/2026,IT4567,-1327.87,EUR,withdrawal
7074,06/04/2026,IT8901,-1952.77,EUR,withdrawal
7075,22/01/2026,IT6789,-701.95,EUR,withdrawal
7076,14/05/2026,IT5678,-503.52,EUR,transfer
7077,06/03/2026,IT7890,3665.93,EUR,deposit
7078,01/01/1750,IT7890,-758.46,EUR,withdrawal
7079,04/02/2026,IT3456,-1116.69,EUR,transfer
7080,20/01/2026,IT4567,,EUR,transfer
7081,17/05/2026,IT6789,1484.88,EUR,deposit
7082,05/03/2026,IT1234,-246.9,EUR,withdrawal
7083,13/01/2026,IT5678,-1028.04,EUR,withdrawal
7084,18/04/2026,IT2345,1347.89,EUR,deposit
7085,30/04/2026,IT8901,807.56,EUR,deposit
7086,28/04/2026,IT5678,1777.14,EUR,deposit
7087,08/04/2026,IT6789,-1390.07,EUR,transfer
7088,18/01/2026,IT8901,-675.53,EUR,transfer
7089,29/03/2026,IT1234,1102.96,EUR,transfer
7090,07/03/2026,IT1234,300.02,EUR,transfer
7091,11/01/2026,IT2345,1313.69,EUR,transfer
7092,09/03/2026,IT6789,-574.89,EUR,transfer
7093,01/02/2026,IT8901,701.45,EUR,deposit
7094,04/03/2026,IT1234,-182.43,EUR,transfer
7095,06/05/2026,IT5678,-526.62,EUR,transfer
7096,28/02/2026,IT5678,-849.81,EUR,transfer
7097,18/02/2026,IT3456,-732.07,EUR,withdrawal
7098,23/04/2026,IT5678,4513.84,EUR,deposit
7099,04/03/2026,IT7890,-842.45,EUR,transfer
7100,14/04/2026,IT3456,2009.47,EUR,deposit
7101,22/04/2026,IT6789,-272.35,EUR,withdrawal
7102,01/04/2026,IT4567,706.99,EUR,deposit
7103,19/01/2026,IT6789,2145.37,EUR,deposit
7104,18/05/2026,IT4567,1027.29,EUR,deposit
7105,26/04/2026,IT8901,1358.04,EUR,deposit
7106,27/02/2026,IT3456,-736.94,EUR,withdrawal
7107,01/04/2026,IT2345,2663.07,EUR,deposit
7108,17/03/2026,IT1234,3370.5,EUR,deposit
7109,27/01/2026,IT7890,-1436.21,EUR,withdrawal
7110,01/05/2026,IT7890,172.11,EUR,transfer
7111,30/05/2026,IT7890,-869.17,EUR,transfer
7112,05/02/2026,IT1234,3572.6,EUR,deposit
7113,14/02/2026,IT1234,1230.01,EUR,transfer
7114,02/02/2026,IT5678,-1310.88,EUR,transfer
7115,30/03/2026,IT8901,4916.35,EUR,deposit
7116,01/01/2026,IT5678,-330.64,EUR,withdrawal
7117,01/04/2026,IT4567,-487.08,EUR,withdrawal
7118,27/05/2026,IT7890,-1056.78,EUR,transfer
7119,28/03/2026,IT4567,-855.33,EUR,transfer
7120,12/05/2026,IT2345,1844.31,EUR,deposit
7121,08/03/2026,IT3456,-667.82,EUR,transfer
7122,03/02/2026,IT7890,-1152.76,EUR,withdrawal
7123,03/02/2026,IT2345,-513.74,EUR,withdrawal
7124,22/04/2026,IT5678,2.67,EUR,transfer
7125,18/03/2026,IT1234,2678.6,EUR,deposit
7126,25/03/2026,IT8901,2927.39,EUR,deposit
7127,27/02/2026,IT8901,1351.29,EUR,deposit
7128,20/04/2026,IT5678,114.66,EUR,transfer
7129,07/01/2026,IT7890,932.36,EUR,transfer
7130,05/04/2026,IT6789,4679.3,EUR,deposit
7131,11/03/2026,IT4567,2411.59,EUR,deposit
7132,26/05/2026,IT4567,239.18,EUR,transfer
7133,05/02/2026,IT6789,-841.27,EUR,transfer
7134,28/02/2026,IT5678,546.07,EUR,transfer
7135,06/05/2026,IT7890,1920.3,EUR,deposit
7136,06/03/2026,IT5678,435.05,EUR,deposit
7137,06/01/2026,IT5678,2057.89,EUR,deposit
7138,02/04/2026,IT4567,2705.03,EUR,deposit
7139,14/03/2026,IT5678,222.32,EUR,transfer
7140,05/01/2026,IT6789,1052.04,EUR,transfer
7141,17/01/2026,IT6789,2073.9,EUR,deposit
7142,30/01/2026,IT3456,-785.62,EUR,transfer
7143,24/05/2026,IT6789,-177.13,EUR,transfer
7144,25/05/2026,IT4567,-283.03,EUR,withdrawal
7145,01/02/2026,IT7890,-1542.51,EUR,withdrawal
7146,05/03/2026,IT7890,1184.59,EUR,transfer
7147,21/01/2026,IT3456,4471.81,EUR,deposit
7148,10/02/2026,IT6789,-1004.75,EUR,transfer
7149,23/01/2026,IT3456,-499.75,EUR,withdrawal
7150,23/04/2026,IT4567,554.96,EUR,transfer
7151,17/02/2026,IT7890,-1016.23,EUR,withdrawal
7152,23/03/2026,IT2345,-1078.93,EUR,withdrawal
7153,14/04/2026,IT6789,-829.73,EUR,withdrawal
7154,,IT7890,1086.95,EUR,transfer
7155,05/01/2026,IT2345,176.82,EUR,transfer
7156,20/02/2026,IT4567,-1793.45,EUR,withdrawal
7157,13/03/2026,IT8901,1574.14,EUR,deposit
7158,03/03/2026,IT6789,-1370.34,EUR,withdrawal
7159,26/03/2026,IT3456,-749.57,EUR,transfer
7160,18/03/2026,IT5678,-455.59,EUR,withdrawal
7161,20/02/2026,IT8901,-362.67,EUR,withdrawal
7162,21/04/2026,IT5678,801.45,EUR,transfer
7163,07/04/2026,IT5678,2864.47,EUR,deposit
7164,08/02/2026,IT3456,-502.74,EUR,withdrawal
7165,30/05/2026,IT7890,2826.89,EUR,deposit
7166,29/03/2026,IT8901,-315.35,EUR,withdrawal
7167,24/05/2026,IT1234,-532.29,EUR,transfer
7168,09/04/2026,IT8901,-1990.44,EUR,withdrawal
7169,18/04/2026,IT1234,-1730.14,EUR,withdrawal
7170,11/04/2026,IT4567,1191.79,EUR,transfer
7171,06/04/2026,IT7890,-786.27,EUR,withdrawal
7172,04/05/2026,IT8901,1250.22,EUR,transfer
7173,24/05/2026,IT3456,-88.9,EUR,transfer
7174,04/05/2026,IT4567,40.06,EUR,transfer
7175,29/01/2026,IT2345,-1069.19,EUR,transfer
7176,20/01/2026,IT3456,-126.85,EUR,withdrawal
7177,07/04/2026,IT8901,3988.94,EUR,deposit
7178,26/05/2026,IT4567,4673.77,EUR,deposit
7179,30/03/2026,IT4567,-818.06,EUR,transfer
7180,03/01/2026,IT7890,228.53,EUR,transfer
7181,18/05/2026,IT8901,-939.67,EUR,withdrawal
7182,11/02/2026,IT5678,709.91,EUR,transfer
7183,16/01/2026,IT6789,-104.04,EUR,withdrawal
7184,15/01/2026,IT5678,-781.87,EUR,withdrawal
7185,30/05/2026,IT5678,-181.34,EUR,withdrawal
7186,15/04/2026,IT6789,3690.89,EUR,deposit
7187,21/01/2026,IT2345,2071.49,EUR,deposit
7188,12/02/2026,IT7890,4835.39,EUR,deposit
7189,,IT3456,-635.98,EUR,transfer
7190,06/02/2026,IT4567,1891.84,EUR,deposit
7191,05/02/2026,IT7890,-116.46,EUR,withdrawal
7192,27/03/2026,IT1234,-119.02,EUR,transfer
7193,23/03/2026,IT8901,233.46,EUR,transfer
7194,18/02/2026,IT4567,2204.61,EUR,deposit
7195,07/05/2026,IT4567,-278.49,EUR,transfer
7196,20/05/2026,IT5678,-1978.26,EUR,withdrawal
7197,09/02/2026,IT6789,-1949.51,EUR,withdrawal
7198,10/03/2026,IT7890,-1050.44,EUR,transfer
7199,04/02/2026,IT8901,-745.67,EUR,withdrawal
7200,10/04/2026,IT5678,-405.3,EUR,withdrawal
7201,15/05/2026,IT2345,-626.21,EUR,withdrawal
7202,10/04/2026,IT7890,-1866.66,EUR,withdrawal
7203,13/05/2026,IT8901,-1075.27,EUR,withdrawal
7204,23/05/2026,IT8901,1780.5,EUR,deposit
7205,11/05/2026,IT2345,4406.25,EUR,deposit
7206,14/04/2026,IT3456,-1312.03,EUR,transfer
7207,08/01/2026,IT6789,-82.0,EUR,transfer
7208,13/03/2026,IT6789,479.64,EUR,transfer
7209,01/05/2026,IT7890,2291.24,EUR,deposit
7210,21/05/2026,IT2345,-468.35,EUR,transfer
7211,19/05/2026,IT5678,-54.39,EUR,withdrawal
7212,26/04/2026,IT4567,4064.63,EUR,deposit
7213,11/04/2026,IT2345,4752.12,EUR,deposit
7214,06/03/2026,IT4567,-809.86,EUR,withdrawal
7215,14/03/2026,IT6789,236.37,EUR,transfer
7216,25/05/2026,IT7890,-134.47,EUR,withdrawal
7217,31/01/2026,IT5678,-324.13,EUR,transfer
7218,22/01/2026,IT7890,2081.89,EUR,deposit
7219,11/02/2026,IT1234,-388.6,EUR,withdrawal
7220,02/05/2026,IT8901,345.86,EUR,transfer
7221,22/05/2026,IT4567,-1164.69,EUR,withdrawal
7222,28/03/2026,IT4567,180.07,EUR,transfer
7223,11/02/2026,IT6789,-1562.83,EUR,withdrawal
7224,10/04/2026,IT8901,23%02))12,EUR,deposit
7225,30/04/2026,IT6789,-1353.82,EUR,transfer
7226,13/05/2026,IT8901,98.01,EUR,transfer
7227,08/01/2026,IT2345,235.71,EUR,transfer
7228,08/01/2026,IT7890,-97.84,EUR,transfer
7229,19/02/2026,IT2345,2993.35,EUR,deposit
7230,28/05/2026,IT5678,2672.49,EUR,deposit
7231,16/03/2026,IT5678,1278.58,EUR,deposit
7232,04/04/2026,IT8901,1571.26,EUR,deposit
7233,26/03/2026,IT1234,-976.56,EUR,transfer
7234,16/02/2026,IT4567,-804.86,EUR,transfer
7235,13/05/2026,IT7890,3198.8,EUR,deposit
7236,03/03/2026,IT3456,106.95,EUR,transfer
7237,01/02/2026,IT3456,,EUR,withdrawal
7238,23/04/2026,IT2345,-728.4,EUR,transfer
7239,18/04/2026,IT2345,-1646.8,EUR,withdrawal
7240,26/05/2026,IT3456,857.65,EUR,transfer
7241,16/03/2026,IT1234,-452.49,EUR,transfer
7242,,IT3456,-865.23,EUR,withdrawal
7243,23/05/2026,IT6789,-1443.3,EUR,withdrawal
7244,20/04/2026,IT7890,199.6,EUR,transfer
7245,25/03/2026,IT6789,-31.5,EUR,withdrawal
7246,06/01/2026,IT4567,843.52,EUR,transfer
7247,12/04/2026,IT1234,702.46,EUR,transfer
7248,10/04/2026,IT2345,-1221.76,EUR,withdrawal
7249,30/05/2026,IT2345,-719.1,EUR,withdrawal
7250,10/04/2026,IT5678,-780.13,EUR,withdrawal
7251,14/03/2026,IT7890,3592.0,EUR,deposit
7252,24/03/2026,IT4567,-995.52,EUR,transfer
7253,04/01/2026,IT5678,332.27,EUR,deposit
7254,02/01/2026,IT5678,4338.37,EUR,deposit
7255,12/02/2026,IT5678,1944.41,EUR,deposit
7256,16/03/2026,IT2345,3994.3,EUR,deposit
7257,29/03/2026,IT1234,-595.18,EUR,transfer
7258,02/03/2026,IT8901,-320.56,EUR,transfer
7259,27/01/2026,IT4567,4138.7,EUR,deposit
7260,05/05/2026,IT2345,-808.67,EUR,transfer
7261,27/03/2026,IT1234,-780.97,EUR,withdrawal
7262,21/03/2026,IT7890,-608.62,EUR,transfer
7263,05/02/2026,IT4567,-693.85,EUR,withdrawal
7264,30/05/2026,IT8901,1811.88,EUR,deposit
7265,18/01/2026,IT4567,658.52,EUR,transfer
7266,24/03/2026,IT8901,-1752.29,EUR,withdrawal
7267,07/02/2026,IT6789,397.91,EUR,deposit
7268,01/04/2026,IT1234,475.31,EUR,transfer
7269,05/05/2026,IT2345,3497.53,EUR,deposit
7270,23/02/2026,IT7890,4297.38,EUR,deposit
7271,21/02/2026,IT2345,170.44,EUR,deposit
7272,11/04/2026,IT3456,3971.31,EUR,deposit
7273,27/02/2026,IT7890,3652.79,EUR,deposit
7274,28/01/2026,IT6789,1395.54,EUR,transfer
7275,02/03/2026,IT4567,-1091.8,EUR,transfer
7276,11/04/2026,IT7890,-684.49,EUR,transfer
7277,18/02/2026,IT4567,-348.48,EUR,transfer
7278,25/05/2026,IT2345,-1370.1,EUR,transfer
7279,13/02/2026,IT2345,3813.56,EUR,deposit
7280,30/03/2026,IT2345,4253.31,EUR,deposit
7281,22/04/2026,IT8901,-1729.88,EUR,withdrawal
7282,22/05/2026,IT2345,284.87,EUR,deposit
7283,16/03/2026,IT6789,-671.01,EUR,withdrawal
7284,16/03/2026,IT1234,-39.99,EUR,withdrawal
7285,21/01/2026,IT1234,-880.77,EUR,withdrawal
7286,22/04/2026,IT1234,-1200.63,EUR,withdrawal
7287,28/04/2026,IT7890,-1365.97,EUR,withdrawal
7288,05/03/2026,IT7890,4994.88,EUR,deposit
7289,21/05/2026,IT7890,-919.17,EUR,withdrawal
7290,,IT1234,3275.97,EUR,deposit
7291,09/01/2026,IT6789,4438.35,EUR,deposit
7292,16/03/2026,IT4567,1416.26,EUR,transfer
7293,14/03/2026,IT1234,-673.09,EUR,withdrawal
7294,11/03/2026,IT7890,-963.13,EUR,transfer
7295,23/01/2026,IT1234,-247.14,EUR,transfer
7296,31/05/2026,IT3456,2347.22,EUR,deposit
7297,08/03/2026,IT6789,3703.89,EUR,deposit
7298,19/02/2026,IT2345,4705.65,EUR,deposit
7299,27/01/2026,IT2345,-1345.0,EUR,withdrawal
7300,20/04/2026,IT1234,-529.47,EUR,withdrawal
7301,31/05/2026,IT7890,-253.14,EUR,withdrawal
7302,16/03/2026,IT3456,-92.4,EUR,transfer
7303,31/03/2026,IT4567,-296.29,EUR,transfer
7304,20/01/2026,IT4567,-1064.9,EUR,withdrawal
7305,11/04/2026,IT1234,505.48,EUR,transfer
7306,17/04/2026,IT4567,2133.55,EUR,deposit
7307,12/01/2026,IT5678,111.06,EUR,deposit
7308,01/05/2026,IT4567,,EUR,transfer
7309,20/05/2026,IT6789,-658.58,EUR,transfer
7310,21/04/2026,IT4567,3831.59,EUR,deposit
7311,30/04/2026,IT2345,-815.71,EUR,withdrawal
7312,13/03/2026,IT6789,-151.47,EUR,withdrawal
7313,20/02/2026,IT6789,1146.91,EUR,transfer
7314,04/02/2026,IT1234,3654.02,EUR,deposit
7315,28/04/2026,IT8901,-1316.91,EUR,withdrawal
7316,19/05/2026,IT4567,-1269.12,EUR,withdrawal
7317,14/03/2026,IT1234,1435.88,EUR,deposit
7318,23/02/2026,IT2345,4123.73,EUR,deposit
7319,02/02/2026,IT3456,-419.63,EUR,withdrawal
7320,09/04/2026,IT2345,,EUR,transfer
7321,12/02/2026,IT8901,-1905.62,EUR,withdrawal
7322,14/04/2026,IT2345,368.19,EUR,deposit
7323,04/04/2026,IT3456,2711.63,EUR,deposit
7324,24/05/2026,IT3456,2905.88,EUR,deposit
7325,13/02/2026,IT3456,3891.5,EUR,deposit
7326,25/01/2026,IT6789,3679.57,EUR,deposit
7327,05/02/2026,IT4567,-257.52,EUR,transfer
7328,04/02/2026,IT8901,4178.48,EUR,deposit
7329,14/01/2026,IT7890,1025.79,EUR,deposit
7330,27/05/2026,IT6789,4348.15,EUR,deposit
7331,24/02/2026,IT2345,2560.46,EUR,deposit
7332,02/05/2026,IT1234,-1256.28,EUR,withdrawal
7333,16/04/2026,IT6789,-1515.89,EUR,withdrawal
7334,06/01/2026,IT6789,-902.42,EUR,withdrawal
7335,06/04/2026,IT3456,2611.61,EUR,deposit
7336,02/01/2026,IT4567,279.18,EUR,transfer
7337,20/02/2026,IT5678,-1362.78,EUR,withdrawal
7338,13/05/2026,IT7890,692.67,EUR,deposit
7339,05/04/2026,IT5678,1939.76,EUR,deposit
7340,25/03/2026,IT7890,-701.54,EUR,withdrawal
7341,23/05/2026,IT6789,4229.01,EUR,deposit
7342,14/03/2026,IT8901,-250.95,EUR,withdrawal
7343,15/05/2026,IT2345,-34.18,EUR,transfer
7344,07/02/2026,IT7890,-518.84,EUR,transfer
7345,12/02/2026,IT4567,1684.32,EUR,deposit
7346,27/05/2026,IT7890,-1876.01,EUR,withdrawal
7347,23/02/2026,IT3456,-43.14,EUR,transfer
7348,10/03/2026,IT6789,4714.25,EUR,deposit
7349,02/02/2026,IT5678,383.89,EUR,transfer
7350,23/03/2026,IT6789,1719.45,EUR,deposit
7351,28/02/2026,IT6789,-327.99,EUR,withdrawal
7352,20/03/2026,IT8901,-1161.33,EUR,withdrawal
7353,15/02/2026,IT5678,229.22,EUR,transfer
7354,09/05/2026,IT8901,-549.74,EUR,withdrawal
7355,05/01/2026,IT1234,1194.55,EUR,transfer
7356,03/03/2026,IT5678,-181.46,EUR,withdrawal
7357,25/04/2026,IT5678,-152.76,EUR,withdrawal
7358,24/05/2026,IT8901,-804.74,EUR,withdrawal
7359,05/02/2026,IT7890,-1834.09,EUR,withdrawal
7360,30/03/2026,IT7890,4495.86,EUR,deposit
7361,08/03/2026,IT3456,657.55,EUR,transfer
7362,16/01/2026,IT6789,-1975.48,EUR,withdrawal
7363,25/04/2026,IT1234,-451.69,EUR,withdrawal
7364,16/04/2026,IT7890,546.49,EUR,transfer
7365,30/03/2026,IT5678,2950.6,EUR,deposit
7366,06/04/2026,IT1234,2273.46,EUR,deposit
7367,24/01/2026,IT1234,-1295.21,EUR,withdrawal
7368,01/01/1750,IT7890,-1476.46,EUR,transfer
7369,25/05/2026,IT6789,-1294.08,EUR,withdrawal
7370,20/02/2026,IT5678,3807.28,EUR,deposit
7371,10/01/2026,IT7890,-1395.84,EUR,withdrawal
7372,27/04/2026,IT5678,1140.88,EUR,deposit
7373,22/03/2026,IT7890,1062.64,EUR,transfer
7374,09/01/2026,IT8901,-1751.81,EUR,withdrawal
7375,08/05/2026,IT7890,-768.15,EUR,withdrawal
7376,01/04/2026,IT7890,4630.21,EUR,deposit
7377,12/05/2026,IT2345,-334.91,EUR,withdrawal
7378,23/01/2026,IT8901,-1138.98,EUR,withdrawal
7379,01/01/1750,IT4567,-736.48,EUR,transfer
7380,22/01/2026,IT6789,2739.71,EUR,deposit
7381,06/01/2026,IT3456,-1834.97,EUR,withdrawal
7382,07/03/2026,IT6789,-1389.01,EUR,withdrawal
7383,07/01/2026,IT6789,-1474.86,EUR,withdrawal
7384,02/03/2026,IT1234,-1918.63,EUR,withdrawal
7385,28/02/2026,IT3456,681.07,EUR,deposit
7386,02/05/2026,IT3456,-781.3,EUR,transfer
7387,21/01/2026,IT3456,309.39,EUR,transfer
7388,24/04/2026,IT6789,-300.86,EUR,withdrawal
7389,23/04/2026,IT1234,-1421.8,EUR,transfer
7390,29/04/2026,IT7890,4952.63,EUR,deposit
7391,01/01/2026,IT2345,1482.46,EUR,deposit
7392,07/03/2026,IT8901,253.56,EUR,transfer
7393,15/02/2026,IT7890,-1155.36,EUR,withdrawal
7394,01/05/2026,IT2345,-541.88,EUR,withdrawal
7395,01/01/1750,IT7890,3448.43,EUR,deposit
7396,25/03/2026,IT5678,-273.51,EUR,transfer
7397,13/01/2026,IT7890,-48.6,EUR,transfer
7398,24/02/2026,IT5678,794.54,EUR,deposit
7399,24/05/2026,IT4567,2160.99,EUR,deposit
7400,12/05/2026,IT4567,132.71,EUR,transfer
7401,19/02/2026,IT4567,-576.07,EUR,transfer
7402,22/02/2026,IT8901,1077.42,EUR,transfer
7403,25/05/2026,IT1234,4885.48,EUR,deposit
7404,25/03/2026,IT5678,-1353.92,EUR,withdrawal
7405,05/05/2026,IT7890,-472.57,EUR,withdrawal
7406,28/01/2026,IT8901,-1225.45,EUR,transfer
7407,06/02/2026,IT6789,-103.33,EUR,transfer
7408,16/05/2026,IT6789,2708.84,EUR,deposit
7409,12/01/2026,IT5678,23%02))12,EUR,transfer
7410,18/04/2026,IT7890,-954.51,EUR,withdrawal
7411,21/05/2026,IT1234,930.41,EUR,transfer
7412,12/02/2026,IT8901,492.67,EUR,transfer
7413,23/04/2026,IT3456,-1360.87,EUR,withdrawal
7414,01/01/2026,IT6789,-1953.47,EUR,withdrawal
7415,10/02/2026,IT7890,673.56,EUR,deposit
7416,28/01/2026,IT4567,429.5,EUR,transfer
7417,20/01/2026,IT3456,-248.02,EUR,withdrawal
7418,08/04/2026,IT6789,82.05,EUR,transfer
7419,22/03/2026,IT3456,-1062.43,EUR,withdrawal
7420,14/04/2026,IT7890,4263.95,EUR,deposit
7421,06/03/2026,IT5678,-754.57,EUR,withdrawal
7422,19/02/2026,IT8901,-871.72,EUR,withdrawal
7423,17/04/2026,IT8901,3822.54,EUR,deposit
7424,09/04/2026,IT2345,2752.17,EUR,deposit
7425,11/02/2026,IT7890,-306.48,EUR,transfer
7426,12/02/2026,IT7890,-258.96,EUR,withdrawal
7427,16/03/2026,IT5678,-575.13,EUR,withdrawal
7428,01/01/1750,IT7890,372.0,EUR,transfer
7429,18/02/2026,IT7890,951.49,EUR,transfer
7430,24/01/2026,IT4567,-1901.88,EUR,withdrawal
7431,13/03/2026,IT7890,-171.89,EUR,withdrawal
7432,06/01/2026,IT3456,1241.79,EUR,transfer
7433,01/04/2026,IT7890,3687.03,EUR,deposit
7434,27/01/2026,IT3456,2436.16,EUR,deposit
7435,20/05/2026,IT6789,4235.49,EUR,deposit
7436,26/02/2026,IT3456,748.81,EUR,transfer
7437,29/05/2026,IT6789,2735.55,EUR,deposit
7438,10/05/2026,IT5678,4274.75,EUR,deposit
7439,15/04/2026,IT1234,4177.23,EUR,deposit
7440,22/03/2026,IT3456,538.22,EUR,transfer
7441,25/01/2026,IT8901,-674.3,EUR,withdrawal
7442,18/04/2026,IT7890,-421.54,EUR,withdrawal
7443,25/01/2026,IT3456,-1659.1,EUR,withdrawal
7444,29/05/2026,IT8901,914.68,EUR,transfer
7445,04/01/2026,IT8901,4884.0,EUR,deposit
7446,21/02/2026,IT3456,1735.52,EUR,deposit
7447,20/05/2026,IT3456,-200.86,EUR,withdrawal
7448,31/01/2026,IT3456,3639.82,EUR,deposit
7449,24/03/2026,IT3456,19.83,EUR,transfer
7450,11/03/2026,IT4567,-514.35,EUR,transfer
7451,12/01/2026,IT6789,-964.08,EUR,withdrawal
7452,17/03/2026,IT5678,1099.76,EUR,deposit
7453,10/02/2026,IT6789,3700.41,EUR,deposit
7454,05/01/2026,IT5678,23%02))12,EUR,withdrawal
7455,27/05/2026,IT5678,-1695.96,EUR,withdrawal
7456,17/03/2026,IT5678,-567.73,EUR,withdrawal
7457,19/04/2026,IT2345,-1638.72,EUR,withdrawal
7458,08/03/2026,IT8901,-1340.91,EUR,withdrawal
7459,18/02/2026,IT3456,4106.83,EUR,deposit
7460,31/03/2026,IT3456,-1052.1,EUR,transfer
7461,22/04/2026,IT3456,-1004.57,EUR,transfer
7462,12/02/2026,IT1234,-1054.17,EUR,transfer
7463,07/04/2026,IT5678,595.68,EUR,transfer
7464,14/01/2026,IT3456,-1218.12,EUR,transfer
7465,22/04/2026,IT1234,-1182.35,EUR,transfer
7466,07/03/2026,IT5678,-1313.1,EUR,withdrawal
7467,14/02/2026,IT7890,3293.27,EUR,deposit
7468,06/05/2026,IT3456,-461.59,EUR,withdrawal
7469,22/02/2026,IT8901,1403.2,EUR,transfer
7470,07/02/2026,IT6789,888.78,EUR,transfer
7471,25/02/2026,IT3456,-408.07,EUR,withdrawal
7472,19/05/2026,IT6789,189.11,EUR,transfer
7473,21/03/2026,IT1234,500.75,EUR,deposit
7474,15/05/2026,IT8901,3800.04,EUR,deposit
7475,14/01/2026,IT6789,2542.8,EUR,deposit
7476,28/05/2026,IT3456,201.25,EUR,transfer
7477,08/03/2026,IT8901,-51.84,EUR,transfer
7478,14/03/2026,IT5678,141.13,EUR,transfer
7479,27/02/2026,IT7890,-540.43,EUR,withdrawal
7480,25/02/2026,IT7890,1407.98,EUR,transfer
7481,14/04/2026,IT6789,636.86,EUR,deposit
7482,06/04/2026,IT7890,580.76,EUR,transfer
7483,03/05/2026,IT4567,-1417.98,EUR,transfer
7484,18/02/2026,IT3456,687.32,EUR,deposit
7485,27/04/2026,IT6789,-1239.17,EUR,withdrawal
7486,13/01/2026,IT3456,3312.89,EUR,deposit
7487,19/05/2026,IT3456,1293.7,EUR,deposit
7488,01/05/2026,IT5678,-556.55,EUR,withdrawal
7489,07/01/2026,IT7890,-1874.44,EUR,withdrawal
7490,20/02/2026,IT4567,-509.69,EUR,withdrawal
7491,26/04/2026,IT3456,4431.39,EUR,deposit
7492,20/01/2026,IT3456,72.19,EUR,transfer
7493,16/02/2026,IT8901,4889.52,EUR,deposit
7494,13/02/2026,IT1234,-226.33,EUR,transfer
7495,18/01/2026,IT8901,-1373.5,EUR,withdrawal
7496,14/01/2026,IT8901,3777.2,EUR,deposit
7497,20/03/2026,IT7890,-282.35,EUR,transfer
7498,03/05/2026,IT2345,4032.28,EUR,deposit
7499,11/04/2026,IT7890,-1241.61,EUR,transfer
7500,25/05/2026,IT6789,-798.95,EUR,transfer
7501,05/03/2026,IT3456,2610.02,EUR,deposit
7502,31/05/2026,IT4567,3871.67,EUR,deposit
7503,27/03/2026,IT8901,-1564.52,EUR,withdrawal
7504,30/05/2026,IT2345,172.07,EUR,transfer
7505,25/02/2026,IT3456,-228.66,EUR,withdrawal
7506,29/03/2026,IT1234,1042.2,EUR,deposit
7507,17/03/2026,IT7890,-463.78,EUR,withdrawal
7508,18/05/2026,IT8901,-1405.13,EUR,withdrawal
7509,08/02/2026,IT1234,462.82,EUR,transfer
7510,14/05/2026,IT2345,721.39,EUR,deposit
7511,18/05/2026,IT4567,1059.58,EUR,transfer
7512,25/02/2026,IT7890,88.31,EUR,transfer
7513,16/02/2026,IT8901,-155.43,EUR,withdrawal
7514,20/03/2026,IT4567,532.35,EUR,deposit
7515,15/05/2026,IT5678,-1243.19,EUR,withdrawal
7516,03/02/2026,IT2345,-1614.65,EUR,withdrawal
7517,24/05/2026,IT1234,3945.96,EUR,deposit
7518,18/01/2026,IT5678,-251.37,EUR,transfer
7519,11/03/2026,IT3456,744.68,EUR,transfer
7520,27/04/2026,IT5678,-961.35,EUR,withdrawal
7521,04/03/2026,IT2345,-1450.59,EUR,withdrawal
7522,09/02/2026,IT5678,4557.6,EUR,deposit
7523,27/05/2026,IT7890,-1378.21,EUR,transfer
7524,11/01/2026,IT7890,1132.37,EUR,transfer
7525,25/02/2026,IT5678,-1170.81,EUR,withdrawal
7526,08/02/2026,IT8901,2850.27,EUR,deposit
7527,17/01/2026,IT5678,2405.56,EUR,deposit
7528,21/05/2026,IT1234,2714.88,EUR,deposit
7529,26/01/2026,IT8901,1278.92,EUR,transfer
7530,27/02/2026,IT7890,1190.69,EUR,deposit
7531,24/05/2026,IT7890,703.46,EUR,transfer
7532,21/02/2026,IT6789,-1332.24,EUR,transfer
7533,05/01/2026,IT4567,1020.38,EUR,deposit
7534,10/02/2026,IT2345,-588.54,EUR,withdrawal
7535,29/04/2026,IT5678,2846.68,EUR,deposit
7536,09/01/2026,IT8901,367.47,EUR,deposit
7537,01/05/2026,IT6789,-272.99,EUR,withdrawal
7538,24/01/2026,IT6789,-1090.86,EUR,transfer
7539,13/02/2026,IT6789,892.24,EUR,deposit
7540,27/04/2026,IT3456,3995.61,EUR,deposit
7541,30/03/2026,IT7890,-727.13,EUR,transfer
7542,28/04/2026,IT4567,-98.3,EUR,transfer
7543,16/02/2026,IT8901,504.08,EUR,deposit
7544,18/01/2026,IT1234,-308.72,EUR,transfer
7545,15/02/2026,IT1234,2675.08,EUR,deposit
7546,20/04/2026,IT7890,-338.65,EUR,transfer
7547,08/05/2026,IT1234,-1097.76,EUR,transfer
7548,23/04/2026,IT1234,-1014.97,EUR,withdrawal
7549,29/03/2026,IT1234,686.93,EUR,deposit
7550,06/05/2026,IT2345,2535.13,EUR,deposit
7551,03/03/2026,IT5678,2822.09,EUR,deposit
7552,06/03/2026,IT2345,3948.65,EUR,deposit
7553,06/04/2026,IT3456,-1645.85,EUR,withdrawal
7554,11/03/2026,IT3456,1687.95,EUR,deposit
7555,24/05/2026,IT1234,-1010.94,EUR,transfer
7556,31/03/2026,IT6789,-1876.24,EUR,withdrawal
7557,08/01/2026,IT8901,1850.39,EUR,deposit
7558,24/05/2026,IT4567,-150.31,EUR,withdrawal
7559,12/05/2026,IT1234,73.78,EUR,transfer
7560,15/05/2026,IT4567,2496.71,EUR,deposit
7561,03/04/2026,IT7890,-1104.87,EUR,transfer
7562,22/03/2026,IT5678,3413.91,EUR,deposit
7563,10/01/2026,IT7890,-1597.41,EUR,withdrawal
7564,05/02/2026,IT8901,2448.75,EUR,deposit
7565,20/03/2026,IT8901,3491.28,EUR,deposit
7566,23/01/2026,IT3456,-276.17,EUR,withdrawal
7567,16/05/2026,IT2345,-1923.47,EUR,withdrawal
7568,28/01/2026,IT6789,439.19,EUR,deposit
7569,23/03/2026,IT4567,-1046.35,EUR,transfer
7570,20/03/2026,IT3456,-952.37,EUR,withdrawal
7571,14/05/2026,IT1234,464.15,EUR,transfer
7572,15/02/2026,IT2345,-490.28,EUR,transfer
7573,08/03/2026,IT8901,1261.93,EUR,transfer
7574,01/05/2026,IT8901,-1061.88,EUR,transfer
7575,18/03/2026,IT3456,-687.71,EUR,withdrawal
7576,18/01/2026,IT7890,3919.39,EUR,deposit
7577,09/04/2026,IT7890,-424.19,EUR,transfer
7578,25/03/2026,IT4567,1480.31,EUR,transfer
7579,01/02/2026,IT8901,-1095.67,EUR,transfer
7580,02/01/2026,IT6789,260.58,EUR,transfer
7581,31/01/2026,IT8901,-376.51,EUR,transfer
7582,24/01/2026,IT2345,3502.33,EUR,deposit
7583,20/01/2026,IT6789,1512.79,EUR,deposit
7584,06/04/2026,IT7890,-1134.48,EUR,transfer
7585,03/02/2026,IT6789,1565.38,EUR,deposit
7586,16/02/2026,IT4567,1008.0,EUR,transfer
7587,19/01/2026,IT8901,-87.87,EUR,withdrawal
7588,17/04/2026,IT7890,3601.24,EUR,deposit
7589,28/01/2026,IT5678,1867.14,EUR,deposit
7590,15/03/2026,IT6789,961.91,EUR,transfer
7591,03/01/2026,IT6789,1221.35,EUR,deposit
7592,08/02/2026,IT6789,4817.42,EUR,deposit
7593,18/02/2026,IT6789,,EUR,transfer
7594,13/02/2026,IT3456,23%02))12,EUR,withdrawal
7595,27/02/2026,IT1234,-1522.94,EUR,withdrawal
7596,07/05/2026,IT1234,-240.73,EUR,withdrawal
7597,06/02/2026,IT2345,-1155.09,EUR,transfer
7598,10/01/2026,IT2345,-1819.89,EUR,withdrawal
7599,25/01/2026,IT8901,3529.12,EUR,deposit
7600,12/03/2026,IT7890,516.46,EUR,deposit
7601,02/05/2026,IT8901,848.9,EUR,deposit
7602,07/03/2026,IT8901,-734.48,EUR,transfer
7603,25/04/2026,IT7890,902.91,EUR,deposit
7604,24/05/2026,IT1234,-522.02,EUR,transfer
7605,06/05/2026,IT2345,3869.01,EUR,deposit
7606,08/01/2026,IT6789,-584.83,EUR,transfer
7607,20/02/2026,IT7890,-1638.89,EUR,withdrawal
7608,,IT8901,-1269.79,EUR,withdrawal
7609,22/04/2026,IT4567,533.66,EUR,deposit
7610,04/04/2026,IT7890,-869.09,EUR,transfer
7611,10/05/2026,IT4567,4274.79,EUR,deposit
7612,23/02/2026,IT2345,269.18,EUR,transfer
7613,04/02/2026,IT7890,4830.3,EUR,deposit
7614,27/04/2026,IT5678,1023.37,EUR,deposit
7615,04/04/2026,IT1234,3782.59,EUR,deposit
7616,22/02/2026,IT6789,-980.95,EUR,withdrawal
7617,14/03/2026,IT5678,1766.94,EUR,deposit
7618,19/05/2026,IT2345,-866.39,EUR,withdrawal
7619,08/03/2026,IT8901,3975.55,EUR,deposit
7620,05/03/2026,IT6789,-1469.48,EUR,transfer
7621,03/01/2026,IT4567,-1173.91,EUR,withdrawal
7622,20/02/2026,IT1234,2310.07,EUR,deposit
7623,01/03/2026,IT6789,-1372.62,EUR,withdrawal
7624,21/04/2026,IT6789,-1570.28,EUR,withdrawal
7625,13/04/2026,IT2345,-210.72,EUR,transfer
7626,08/04/2026,IT4567,1749.16,EUR,deposit
7627,15/05/2026,IT8901,1328.85,EUR,deposit
7628,12/04/2026,IT6789,-1072.88,EUR,withdrawal
7629,08/05/2026,IT4567,1243.3,EUR,deposit
7630,11/02/2026,IT1234,-1064.5,EUR,withdrawal
7631,27/05/2026,IT1234,-158.26,EUR,transfer
7632,13/05/2026,IT7890,536.56,EUR,transfer
7633,14/02/2026,IT3456,-1474.76,EUR,transfer
7634,13/05/2026,IT6789,3165.71,EUR,deposit
7635,15/04/2026,IT8901,-643.85,EUR,withdrawal
7636,09/01/2026,IT2345,957.24,EUR,deposit
7637,27/01/2026,IT7890,107.26,EUR,transfer
7638,15/02/2026,IT4567,3134.48,EUR,deposit
7639,11/04/2026,IT8901,1120.03,EUR,deposit
7640,19/03/2026,IT2345,-953.69,EUR,withdrawal
7641,29/04/2026,IT1234,1930.76,EUR,deposit
7642,16/03/2026,IT5678,3064.43,EUR,deposit
7643,03/04/2026,IT4567,4966.82,EUR,deposit
7644,31/03/2026,IT2345,4971.13,EUR,deposit
7645,18/03/2026,IT2345,-1701.62,EUR,withdrawal
7646,11/05/2026,IT1234,184.17,EUR,transfer
7647,08/05/2026,IT6789,1363.55,EUR,transfer
7648,21/01/2026,IT3456,3447.7,EUR,deposit
7649,05/05/2026,IT7890,222.89,EUR,transfer
7650,02/04/2026,IT6789,-154.63,EUR,transfer
7651,05/03/2026,IT3456,3632.92,EUR,deposit
7652,10/02/2026,IT8901,,EUR,deposit
7653,25/04/2026,IT1234,269.11,EUR,transfer
7654,20/03/2026,IT3456,-26.68,EUR,withdrawal
7655,04/04/2026,IT2345,-904.61,EUR,transfer
7656,13/01/2026,IT7890,-842.66,EUR,withdrawal
7657,12/02/2026,IT2345,592.25,EUR,transfer
7658,25/04/2026,IT5678,-1605.71,EUR,withdrawal
7659,08/02/2026,IT2345,-500.19,EUR,transfer
7660,06/01/2026,IT1234,1291.95,EUR,transfer
7661,01/04/2026,IT5678,-1548.63,EUR,withdrawal
7662,30/03/2026,IT1234,-723.44,EUR,withdrawal
7663,06/03/2026,IT4567,3866.46,EUR,deposit
7664,04/03/2026,IT3456,23%02))12,EUR,transfer
7665,16/04/2026,IT4567,1902.33,EUR,deposit
7666,22/02/2026,IT4567,-95.45,EUR,transfer
7667,27/02/2026,IT3456,4131.12,EUR,deposit
7668,13/01/2026,IT5678,-489.39,EUR,withdrawal
7669,02/05/2026,IT3456,1488.31,EUR,deposit
7670,30/05/2026,IT7890,110.16,EUR,transfer
7671,19/04/2026,IT2345,479.91,EUR,transfer
7672,,IT6789,774.68,EUR,transfer
7673,15/01/2026,IT1234,-968.0,EUR,withdrawal
7674,19/04/2026,IT3456,-840.61,EUR,withdrawal
7675,20/01/2026,IT3456,1333.32,EUR,deposit
7676,15/03/2026,IT4567,-755.17,EUR,transfer
7677,22/04/2026,IT2345,1024.42,EUR,deposit
7678,07/03/2026,IT4567,-1554.73,EUR,withdrawal
7679,24/02/2026,IT3456,-149.98,EUR,transfer
7680,20/01/2026,IT2345,4601.37,EUR,deposit
7681,21/02/2026,IT6789,2256.63,EUR,deposit
7682,15/03/2026,IT8901,-615.03,EUR,withdrawal
7683,04/04/2026,IT4567,1428.41,EUR,transfer
7684,21/04/2026,IT6789,-1215.57,EUR,withdrawal
7685,10/04/2026,IT5678,4172.89,EUR,deposit
7686,26/04/2026,IT7890,-61.63,EUR,withdrawal
7687,02/03/2026,IT6789,2653.93,EUR,deposit
7688,23/04/2026,IT5678,-1076.28,EUR,withdrawal
7689,14/03/2026,IT8901,-67.42,EUR,withdrawal
7690,12/01/2026,IT3456,4693.67,EUR,deposit
7691,14/04/2026,IT3456,521.54,EUR,transfer
7692,02/05/2026,IT1234,-1044.67,EUR,withdrawal
7693,26/01/2026,IT3456,1559.49,EUR,deposit
7694,08/02/2026,IT3456,1041.26,EUR,transfer
7695,12/01/2026,IT7890,1028.61,EUR,transfer
7696,13/01/2026,IT3456,-31.18,EUR,transfer
7697,17/05/2026,IT3456,548.2,EUR,deposit
7698,19/04/2026,IT1234,2088.0,EUR,deposit
7699,06/05/2026,IT8901,-1788.43,EUR,withdrawal
7700,30/01/2026,IT3456,966.79,EUR,deposit
7701,05/02/2026,IT5678,1168.86,EUR,transfer
7702,19/02/2026,IT6789,2923.32,EUR,deposit
7703,11/02/2026,IT1234,2635.42,EUR,deposit
7704,27/05/2026,IT6789,-508.29,EUR,transfer
7705,13/01/2026,IT8901,839.8,EUR,transfer
7706,05/03/2026,IT2345,-1193.51,EUR,withdrawal
7707,01/02/2026,IT6789,2712.32,EUR,deposit
7708,10/05/2026,IT5678,-721.04,EUR,withdrawal
7709,12/03/2026,IT4567,-1784.62,EUR,withdrawal
7710,10/04/2026,IT1234,2436.58,EUR,deposit
7711,06/04/2026,IT1234,-122.08,EUR,withdrawal
7712,24/03/2026,IT1234,3793.45,EUR,deposit
7713,30/05/2026,IT5678,,EUR,withdrawal
7714,07/03/2026,IT5678,347.56,EUR,transfer
7715,01/05/2026,IT1234,1026.65,EUR,transfer
7716,08/02/2026,IT7890,-1256.09,EUR,transfer
7717,14/01/2026,IT7890,819.01,EUR,transfer
7718,15/02/2026,IT4567,-187.88,EUR,withdrawal
7719,28/01/2026,IT4567,-132.21,EUR,withdrawal
7720,08/01/2026,IT5678,84.13,EUR,deposit
7721,16/04/2026,IT3456,-80.18,EUR,withdrawal
7722,18/04/2026,IT2345,4198.16,EUR,deposit
7723,25/03/2026,IT7890,-99.81,EUR,transfer
7724,30/05/2026,IT6789,-719.58,EUR,transfer
7725,09/01/2026,IT3456,723.01,EUR,deposit
7726,12/01/2026,IT6789,1058.16,EUR,transfer
7727,11/05/2026,IT2345,2904.7,EUR,deposit
7728,19/05/2026,IT4567,798.92,EUR,deposit
7729,17/04/2026,IT6789,-362.67,EUR,transfer
7730,24/05/2026,IT1234,1347.49,EUR,transfer
7731,24/01/2026,IT1234,1135.63,EUR,transfer
7732,12/04/2026,IT4567,4689.94,EUR,deposit
7733,06/03/2026,IT3456,-1546.2,EUR,withdrawal
7734,14/02/2026,IT2345,2914.86,EUR,deposit
7735,19/01/2026,IT1234,-1260.55,EUR,withdrawal
7736,06/01/2026,IT6789,3053.64,EUR,deposit
7737,08/02/2026,IT3456,115.72,EUR,transfer
7738,02/05/2026,IT2345,-1044.94,EUR,withdrawal
7739,27/05/2026,IT8901,-214.94,EUR,withdrawal
7740,13/01/2026,IT5678,-402.9,EUR,withdrawal
7741,12/04/2026,IT8901,23%02))12,EUR,transfer
7742,14/01/2026,IT8901,548.53,EUR,transfer
7743,09/05/2026,IT6789,-1940.42,EUR,withdrawal
7744,11/02/2026,IT7890,2450.58,EUR,deposit
7745,01/01/2026,IT2345,-660.51,EUR,withdrawal
7746,22/03/2026,IT6789,2708.79,EUR,deposit
7747,31/03/2026,IT1234,-1268.39,EUR,withdrawal
7748,07/04/2026,IT7890,1838.85,EUR,deposit
7749,13/04/2026,IT1234,-469.84,EUR,transfer
7750,15/02/2026,IT7890,2789.84,EUR,deposit
7751,02/03/2026,IT1234,-1407.08,EUR,withdrawal
7752,09/05/2026,IT3456,-1784.94,EUR,withdrawal
7753,03/04/2026,IT2345,-1683.77,EUR,withdrawal
7754,09/01/2026,IT5678,-787.39,EUR,withdrawal
7755,01/03/2026,IT5678,3916.09,EUR,deposit
7756,22/05/2026,IT6789,1160.99,EUR,deposit
7757,20/01/2026,IT2345,1258.72,EUR,transfer
7758,06/04/2026,IT8901,607.21,EUR,transfer
7759,30/01/2026,IT2345,-249.64,EUR,withdrawal
7760,13/05/2026,IT7890,-193.59,EUR,transfer
7761,21/05/2026,IT3456,2786.99,EUR,deposit
7762,28/01/2026,IT7890,3037.23,EUR,deposit
7763,07/04/2026,IT7890,1593.52,EUR,deposit
7764,08/01/2026,IT1234,-482.92,EUR,withdrawal
7765,30/05/2026,IT4567,580.77,EUR,deposit
7766,01/01/2026,IT7890,3587.25,EUR,deposit
7767,23/01/2026,IT4567,-1313.62,EUR,transfer
7768,28/03/2026,IT5678,-424.38,EUR,transfer
7769,23/05/2026,IT2345,4763.89,EUR,deposit
7770,23/04/2026,IT2345,-1161.57,EUR,withdrawal
7771,19/04/2026,IT5678,-1386.74,EUR,transfer
7772,04/01/2026,IT2345,787.81,EUR,deposit
7773,10/03/2026,IT7890,-1712.6,EUR,withdrawal
7774,01/02/2026,IT8901,-1464.86,EUR,withdrawal
7775,04/01/2026,IT1234,-756.32,EUR,withdrawal
7776,03/05/2026,IT4567,-642.4,EUR,withdrawal
7777,07/03/2026,IT4567,23%02))12,EUR,transfer
7778,13/04/2026,IT2345,-340.19,EUR,withdrawal
7779,17/04/2026,IT1234,-1377.73,EUR,transfer
7780,,IT6789,3341.37,EUR,deposit
7781,26/05/2026,IT5678,-428.69,EUR,withdrawal
7782,09/01/2026,IT2345,,EUR,deposit
7783,25/05/2026,IT2345,3375.84,EUR,deposit
7784,11/04/2026,IT4567,-980.6,EUR,transfer
7785,26/02/2026,IT8901,-1213.49,EUR,transfer
7786,14/05/2026,IT3456,-279.12,EUR,withdrawal
7787,01/01/2026,IT1234,-1089.89,EUR,withdrawal
7788,12/01/2026,IT7890,-335.51,EUR,withdrawal
7789,11/02/2026,IT5678,197.26,EUR,deposit
7790,31/01/2026,IT4567,-1104.09,EUR,transfer
7791,,IT8901,4188.99,EUR,deposit
7792,08/01/2026,IT7890,3866.01,EUR,deposit
7793,09/01/2026,IT2345,-1144.86,EUR,transfer
7794,01/01/1750,IT8901,-54.57,EUR,transfer
7795,19/02/2026,IT2345,-933.71,EUR,withdrawal
7796,07/02/2026,IT5678,920.54,EUR,transfer
7797,22/05/2026,IT3456,3356.17,EUR,deposit
7798,28/05/2026,IT5678,2088.22,EUR,deposit
7799,12/02/2026,IT6789,-1904.43,EUR,withdrawal
7800,22/01/2026,IT2345,341.97,EUR,deposit
7801,07/04/2026,IT3456,715.94,EUR,transfer
7802,31/01/2026,IT4567,3827.67,EUR,deposit
7803,13/03/2026,IT2345,554.71,EUR,transfer
7804,09/04/2026,IT8901,712.18,EUR,deposit
7805,29/04/2026,IT1234,-726.94,EUR,transfer
7806,15/05/2026,IT8901,1196.77,EUR,transfer
7807,02/03/2026,IT2345,-645.87,EUR,withdrawal
7808,08/01/2026,IT8901,3756.37,EUR,deposit
7809,08/01/2026,IT6789,-1100.75,EUR,withdrawal
7810,08/05/2026,IT7890,409.32,EUR,transfer
7811,09/01/2026,IT2345,-167.87,EUR,transfer
7812,23/01/2026,IT6789,-1468.38,EUR,transfer
7813,21/04/2026,IT4567,445.05,EUR,transfer
7814,11/03/2026,IT5678,3489.43,EUR,deposit
7815,09/01/2026,IT4567,-1165.56,EUR,withdrawal
7816,10/01/2026,IT8901,827.32,EUR,transfer
7817,04/04/2026,IT7890,2297.4,EUR,deposit
7818,21/01/2026,IT2345,668.51,EUR,transfer
7819,16/01/2026,IT3456,-1390.01,EUR,withdrawal
7820,08/01/2026,IT6789,5.11,EUR,transfer
7821,01/02/2026,IT6789,-1364.57,EUR,withdrawal
7822,06/04/2026,IT3456,1168.95,EUR,transfer
7823,28/04/2026,IT4567,1156.31,EUR,transfer
7824,05/01/2026,IT6789,1532.46,EUR,deposit
7825,13/03/2026,IT7890,919.41,EUR,deposit
7826,06/02/2026,IT5678,2457.05,EUR,deposit
7827,11/05/2026,IT8901,-1568.54,EUR,withdrawal
7828,05/02/2026,IT6789,-1110.74,EUR,withdrawal
7829,30/05/2026,IT7890,-397.89,EUR,transfer
7830,02/01/2026,IT2345,105.67,EUR,transfer
7831,28/03/2026,IT3456,-423.77,EUR,withdrawal
7832,04/02/2026,IT2345,1848.51,EUR,deposit
7833,02/03/2026,IT8901,-847.92,EUR,transfer
7834,13/03/2026,IT8901,1603.98,EUR,deposit
7835,08/01/2026,IT3456,4624.59,EUR,deposit
7836,11/03/2026,IT4567,842.81,EUR,transfer
7837,25/04/2026,IT7890,758.6,EUR,transfer
7838,08/03/2026,IT4567,1590.06,EUR,deposit
7839,15/04/2026,IT4567,-63.22,EUR,withdrawal
7840,13/05/2026,IT8901,-168.55,EUR,withdrawal
7841,18/02/2026,IT4567,213.84,EUR,deposit
7842,19/05/2026,IT5678,4333.19,EUR,deposit
7843,16/02/2026,IT2345,-676.71,EUR,withdrawal
7844,12/01/2026,IT4567,-889.9,EUR,withdrawal
7845,01/02/2026,IT7890,-1244.08,EUR,withdrawal
7846,11/03/2026,IT3456,3183.66,EUR,deposit
7847,14/02/2026,IT6789,3425.97,EUR,deposit
7848,20/04/2026,IT2345,706.36,EUR,transfer
7849,28/01/2026,IT3456,1272.01,EUR,transfer
7850,14/05/2026,IT4567,644.2,EUR,deposit
7851,01/03/2026,IT7890,1311.8,EUR,transfer
7852,17/02/2026,IT5678,-312.83,EUR,transfer
7853,14/05/2026,IT6789,3071.84,EUR,deposit
7854,16/01/2026,IT6789,-191.82,EUR,withdrawal
7855,15/04/2026,IT2345,1223.52,EUR,transfer
7856,04/02/2026,IT3456,-277.94,EUR,withdrawal
7857,30/01/2026,IT8901,-1325.73,EUR,withdrawal
7858,04/04/2026,IT2345,1801.59,EUR,deposit
7859,06/03/2026,IT3456,-621.12,EUR,transfer
7860,17/04/2026,IT4567,473.41,EUR,deposit
7861,09/01/2026,IT2345,-401.31,EUR,withdrawal
7862,01/05/2026,IT1234,-61.96,EUR,transfer
7863,20/01/2026,IT7890,4149.45,EUR,deposit
7864,,IT1234,2772.78,EUR,deposit
7865,23/02/2026,IT2345,3306.22,EUR,deposit
7866,20/05/2026,IT4567,393.22,EUR,transfer
7867,02/02/2026,IT7890,3518.08,EUR,deposit
7868,26/05/2026,IT7890,-1432.0,EUR,transfer
7869,22/04/2026,IT3456,-1061.03,EUR,withdrawal
7870,05/04/2026,IT8901,4051.4,EUR,deposit
7871,09/05/2026,IT4567,-1024.28,EUR,transfer
7872,19/02/2026,IT1234,-1185.26,EUR,withdrawal
7873,24/02/2026,IT8901,-1278.82,EUR,transfer
7874,02/02/2026,IT2345,-620.16,EUR,withdrawal
7875,29/03/2026,IT1234,3191.69,EUR,deposit
7876,06/02/2026,IT4567,23%02))12,EUR,withdrawal
7877,22/04/2026,IT1234,-1406.51,EUR,transfer
7878,10/01/2026,IT6789,3183.7,EUR,deposit
7879,08/01/2026,IT3456,1082.41,EUR,transfer
7880,30/01/2026,IT1234,-320.57,EUR,withdrawal
7881,01/04/2026,IT3456,-1012.69,EUR,transfer
7882,04/03/2026,IT5678,532.38,EUR,deposit
7883,22/01/2026,IT8901,1581.04,EUR,deposit
7884,16/03/2026,IT1234,-846.9,EUR,withdrawal
7885,02/05/2026,IT3456,4384.25,EUR,deposit
7886,,IT2345,801.31,EUR,transfer
7887,14/04/2026,IT1234,-512.54,EUR,transfer
7888,12/04/2026,IT3456,-695.78,EUR,withdrawal
7889,07/01/2026,IT7890,-598.52,EUR,withdrawal
7890,02/02/2026,IT3456,-515.59,EUR,transfer
7891,01/01/1750,IT5678,2687.99,EUR,deposit
7892,12/01/2026,IT1234,-806.42,EUR,transfer
7893,31/01/2026,IT1234,-1167.73,EUR,withdrawal
7894,13/04/2026,IT7890,535.19,EUR,deposit
7895,26/02/2026,IT1234,-363.55,EUR,transfer
7896,27/03/2026,IT4567,-1544.76,EUR,withdrawal
7897,24/02/2026,IT8901,-1445.54,EUR,transfer
7898,15/01/2026,IT1234,-1331.21,EUR,withdrawal
7899,10/02/2026,IT4567,-1263.72,EUR,transfer
7900,01/01/1750,IT6789,-140.1,EUR,withdrawal
7901,24/05/2026,IT2345,-667.22,EUR,withdrawal
7902,07/05/2026,IT8901,-920.14,EUR,withdrawal
7903,20/04/2026,IT4567,1797.39,EUR,deposit
7904,27/05/2026,IT7890,4098.19,EUR,deposit
7905,25/01/2026,IT2345,1728.57,EUR,deposit
7906,29/05/2026,IT3456,-1482.06,EUR,withdrawal
7907,26/02/2026,IT8901,-851.86,EUR,transfer
7908,13/05/2026,IT2345,842.13,EUR,transfer
7909,30/05/2026,IT2345,-1132.71,EUR,withdrawal
7910,24/05/2026,IT5678,-1495.81,EUR,transfer
7911,23/05/2026,IT3456,-178.9,EUR,withdrawal
7912,19/04/2026,IT7890,-321.45,EUR,transfer
7913,28/01/2026,IT8901,-468.47,EUR,withdrawal
7914,14/02/2026,IT8901,3750.96,EUR,deposit
7915,09/02/2026,IT6789,-1162.47,EUR,withdrawal
7916,12/02/2026,IT2345,2219.9,EUR,deposit
7917,05/02/2026,IT7890,1355.62,EUR,transfer
7918,08/01/2026,IT6789,3947.03,EUR,deposit
7919,04/01/2026,IT6789,3250.52,EUR,deposit
7920,29/01/2026,IT5678,936.73,EUR,transfer
7921,17/01/2026,IT4567,3518.8,EUR,deposit
7922,07/05/2026,IT3456,-745.66,EUR,withdrawal
7923,07/04/2026,IT4567,2550.52,EUR,deposit
7924,21/03/2026,IT2345,-252.47,EUR,transfer
7925,20/01/2026,IT1234,1232.81,EUR,transfer
7926,09/04/2026,IT4567,2457.85,EUR,deposit
7927,26/04/2026,IT7890,469.77,EUR,transfer
7928,27/05/2026,IT8901,1025.12,EUR,transfer
7929,30/05/2026,IT2345,2183.48,EUR,deposit
7930,27/02/2026,IT4567,4116.05,EUR,deposit
7931,21/03/2026,IT8901,1405.93,EUR,deposit
7932,21/05/2026,IT1234,,EUR,withdrawal
7933,03/05/2026,IT5678,1283.46,EUR,transfer
7934,07/03/2026,IT1234,-833.7,EUR,transfer
7935,12/02/2026,IT1234,3162.55,EUR,deposit
7936,27/03/2026,IT3456,-82.38,EUR,withdrawal
7937,18/02/2026,IT8901,1401.81,EUR,transfer
7938,12/02/2026,IT8901,-460.66,EUR,transfer
7939,18/04/2026,IT8901,1027.69,EUR,deposit
7940,23/04/2026,IT7890,-1299.68,EUR,withdrawal
7941,27/05/2026,IT6789,1137.17,EUR,deposit
7942,16/01/2026,IT1234,2638.97,EUR,deposit
7943,03/02/2026,IT1234,-1157.56,EUR,withdrawal
7944,25/01/2026,IT2345,-780.33,EUR,transfer
7945,23/01/2026,IT5678,-562.18,EUR,transfer
7946,12/05/2026,IT1234,4511.77,EUR,deposit
7947,12/02/2026,IT8901,-1407.12,EUR,withdrawal
7948,20/02/2026,IT3456,1640.96,EUR,deposit
7949,08/05/2026,IT6789,1070.84,EUR,deposit
7950,11/04/2026,IT1234,379.03,EUR,deposit
7951,26/01/2026,IT6789,2517.48,EUR,deposit
7952,24/02/2026,IT7890,51.04,EUR,transfer
7953,23/03/2026,IT3456,2701.22,EUR,deposit
7954,24/02/2026,IT5678,3313.94,EUR,deposit
7955,20/02/2026,IT4567,-180.99,EUR,transfer
7956,06/05/2026,IT8901,1409.19,EUR,transfer
7957,04/01/2026,IT7890,2073.55,EUR,deposit
7958,26/02/2026,IT8901,-960.57,EUR,withdrawal
7959,02/03/2026,IT6789,988.21,EUR,transfer
7960,24/01/2026,IT3456,-1454.22,EUR,withdrawal
7961,29/05/2026,IT1234,,EUR,withdrawal
7962,27/02/2026,IT8901,-1521.9,EUR,withdrawal
7963,28/02/2026,IT8901,1015.83,EUR,transfer
7964,,IT2345,-197.87,EUR,transfer
7965,04/04/2026,IT5678,-1050.05,EUR,withdrawal
7966,12/02/2026,IT2345,-715.03,EUR,transfer
7967,10/02/2026,IT3456,2660.4,EUR,deposit
7968,01/04/2026,IT1234,-205.13,EUR,transfer
7969,04/05/2026,IT2345,2201.14,EUR,deposit
7970,30/04/2026,IT1234,-1211.46,EUR,withdrawal
7971,20/01/2026,IT1234,1245.55,EUR,transfer
7972,14/04/2026,IT8901,-1494.91,EUR,withdrawal
7973,29/05/2026,IT4567,-1928.93,EUR,withdrawal
7974,25/03/2026,IT6789,-117.17,EUR,withdrawal
7975,31/03/2026,IT3456,4895.21,EUR,deposit
7976,16/02/2026,IT7890,-696.87,EUR,withdrawal
7977,19/01/2026,IT2345,-917.2,EUR,withdrawal
7978,19/05/2026,IT6789,-1282.52,EUR,withdrawal
7979,13/05/2026,IT2345,-1032.77,EUR,withdrawal
7980,20/03/2026,IT5678,-884.28,EUR,withdrawal
7981,18/05/2026,IT3456,-229.46,EUR,withdrawal
7982,03/01/2026,IT8901,-1164.73,EUR,withdrawal
7983,20/04/2026,IT6789,2399.47,EUR,deposit
7984,30/03/2026,IT6789,912.73,EUR,transfer
7985,29/05/2026,IT7890,1118.68,EUR,transfer
7986,11/03/2026,IT8901,-1926.93,EUR,withdrawal
7987,01/05/2026,IT8901,2785.43,EUR,deposit
7988,06/02/2026,IT1234,542.54,EUR,transfer
7989,26/01/2026,IT2345,-1922.27,EUR,withdrawal
7990,07/03/2026,IT6789,1161.55,EUR,transfer
7991,27/05/2026,IT1234,4163.83,EUR,deposit
7992,17/02/2026,IT3456,1361.82,EUR,deposit
7993,25/02/2026,IT6789,1496.78,EUR,transfer
7994,06/05/2026,IT1234,4745.86,EUR,deposit
7995,02/01/2026,IT8901,-1093.36,EUR,withdrawal
7996,29/01/2026,IT7890,4489.84,EUR,deposit
7997,27/05/2026,IT2345,-963.14,EUR,withdrawal
7998,13/02/2026,IT6789,618.22,EUR,deposit
7999,31/03/2026,IT1234,-424.75,EUR,withdrawal
8000,07/03/2026,IT8901,1845.23,EUR,deposit
8001,06/04/2026,IT7890,-1633.29,EUR,withdrawal
8002,08/05/2026,IT8901,23%02))12,EUR,withdrawal
8003,21/01/2026,IT1234,683.37,EUR,transfer
8004,02/04/2026,IT8901,-467.56,EUR,transfer
8005,08/04/2026,IT5678,2321.17,EUR,deposit
8006,17/05/2026,IT5678,939.37,EUR,deposit
8007,06/03/2026,IT2345,-1724.62,EUR,withdrawal
8008,13/01/2026,IT5678,-60.11,EUR,withdrawal
8009,03/02/2026,IT1234,23%02))12,EUR,withdrawal
8010,10/02/2026,IT7890,-1677.88,EUR,withdrawal
8011,03/01/2026,IT2345,371.56,EUR,deposit
8012,10/03/2026,IT8901,89.2,EUR,transfer
8013,15/05/2026,IT5678,-1332.87,EUR,withdrawal
8014,06/02/2026,IT2345,-1167.07,EUR,transfer
8015,26/05/2026,IT5678,1180.64,EUR,deposit
8016,08/03/2026,IT2345,-576.72,EUR,withdrawal
8017,12/05/2026,IT6789,-1163.16,EUR,withdrawal
8018,23/04/2026,IT6789,180.88,EUR,transfer
8019,07/01/2026,IT7890,-1123.68,EUR,withdrawal
8020,11/05/2026,IT7890,-1463.92,EUR,transfer
8021,01/04/2026,IT2345,4786.69,EUR,deposit
8022,22/04/2026,IT2345,114.55,EUR,transfer
8023,15/04/2026,IT8901,1764.03,EUR,deposit
8024,29/05/2026,IT5678,-1436.21,EUR,transfer
8025,19/01/2026,IT7890,-1499.31,EUR,transfer
8026,12/02/2026,IT8901,351.71,EUR,deposit
8027,04/05/2026,IT1234,1500.67,EUR,deposit
8028,01/02/2026,IT7890,-138.53,EUR,transfer
8029,27/01/2026,IT8901,856.85,EUR,transfer
8030,08/04/2026,IT8901,-518.72,EUR,withdrawal
8031,22/01/2026,IT6789,-398.5,EUR,withdrawal
8032,20/03/2026,IT7890,-755.05,EUR,transfer
8033,09/01/2026,IT2345,611.91,EUR,transfer
8034,23/05/2026,IT4567,-135.36,EUR,transfer
8035,20/03/2026,IT5678,4505.96,EUR,deposit
8036,22/02/2026,IT2345,-1204.65,EUR,transfer
8037,30/05/2026,IT8901,2108.79,EUR,deposit
8038,31/05/2026,IT2345,4438.85,EUR,deposit
8039,20/02/2026,IT1234,-1641.32,EUR,withdrawal
8040,23/04/2026,IT4567,2430.71,EUR,deposit
8041,22/01/2026,IT2345,957.54,EUR,transfer
8042,17/01/2026,IT4567,-1770.35,EUR,withdrawal
8043,01/03/2026,IT5678,111.12,EUR,transfer
8044,17/04/2026,IT2345,1740.42,EUR,deposit
8045,26/05/2026,IT2345,-959.7,EUR,withdrawal
8046,07/04/2026,IT8901,782.78,EUR,deposit
8047,30/04/2026,IT1234,3257.67,EUR,deposit
8048,04/05/2026,IT2345,-677.53,EUR,withdrawal
8049,28/05/2026,IT5678,-1244.28,EUR,withdrawal
8050,05/05/2026,IT8901,-44.36,EUR,withdrawal
8051,06/05/2026,IT1234,-32.55,EUR,transfer
8052,07/05/2026,IT5678,-1292.99,EUR,withdrawal
8053,08/03/2026,IT4567,4315.31,EUR,deposit
8054,30/01/2026,IT6789,2140.63,EUR,deposit
8055,09/01/2026,IT1234,-179.86,EUR,transfer
8056,26/04/2026,IT1234,-310.39,EUR,withdrawal
8057,22/03/2026,IT6789,4990.86,EUR,deposit
8058,19/01/2026,IT4567,167.7,EUR,transfer
8059,31/03/2026,IT7890,-1377.01,EUR,transfer
8060,12/04/2026,IT8901,-295.62,EUR,withdrawal
8061,21/02/2026,IT2345,1002.96,EUR,transfer
8062,11/05/2026,IT8901,318.14,EUR,deposit
8063,05/02/2026,IT4567,-472.33,EUR,withdrawal
8064,06/04/2026,IT1234,4930.6,EUR,deposit
8065,25/01/2026,IT7890,1073.4,EUR,deposit
8066,20/05/2026,IT2345,-1003.99,EUR,withdrawal
8067,17/03/2026,IT7890,-224.26,EUR,withdrawal
8068,21/02/2026,IT7890,-1903.18,EUR,withdrawal
8069,06/01/2026,IT6789,1833.75,EUR,deposit
8070,15/05/2026,IT5678,765.76,EUR,transfer
8071,05/01/2026,IT6789,-848.78,EUR,withdrawal
8072,12/04/2026,IT2345,219.81,EUR,transfer
8073,05/03/2026,IT5678,-740.63,EUR,transfer
8074,14/01/2026,IT1234,2644.42,EUR,deposit
8075,26/05/2026,IT4567,-1018.1,EUR,transfer
8076,26/02/2026,IT1234,2888.69,EUR,deposit
8077,26/01/2026,IT6789,-742.63,EUR,withdrawal
8078,27/04/2026,IT8901,-701.03,EUR,transfer
8079,15/01/2026,IT6789,903.92,EUR,deposit
8080,29/05/2026,IT2345,-940.36,EUR,transfer
8081,24/04/2026,IT1234,4258.97,EUR,deposit
8082,23/02/2026,IT5678,825.64,EUR,transfer
8083,,IT6789,-941.88,EUR,transfer
8084,26/05/2026,IT4567,-191.52,EUR,withdrawal
8085,02/01/2026,IT3456,3549.71,EUR,deposit
8086,05/03/2026,IT3456,4542.25,EUR,deposit
8087,09/04/2026,IT6789,-64.65,EUR,withdrawal
8088,06/02/2026,IT1234,1418.19,EUR,deposit
8089,09/04/2026,IT6789,3648.72,EUR,deposit
8090,24/01/2026,IT2345,1798.8,EUR,deposit
8091,11/04/2026,IT2345,1249.01,EUR,transfer
8092,28/01/2026,IT4567,5.05,EUR,transfer
8093,11/01/2026,IT8901,-1708.74,EUR,withdrawal
8094,10/03/2026,IT7890,869.84,EUR,transfer
8095,21/05/2026,IT7890,2127.92,EUR,deposit
8096,02/05/2026,IT8901,533.37,EUR,transfer
8097,15/04/2026,IT2345,-931.3,EUR,transfer
8098,22/02/2026,IT7890,-806.37,EUR,withdrawal
8099,09/01/2026,IT2345,2313.48,EUR,deposit
8100,15/01/2026,IT6789,-44.32,EUR,withdrawal
8101,06/04/2026,IT2345,,EUR,deposit
8102,19/05/2026,IT8901,701.89,EUR,transfer
8103,03/03/2026,IT1234,60.05,EUR,deposit
8104,03/03/2026,IT5678,-273.98,EUR,transfer
8105,03/03/2026,IT3456,3339.03,EUR,deposit
8106,27/02/2026,IT4567,-1167.17,EUR,withdrawal
8107,16/02/2026,IT2345,-302.83,EUR,transfer
8108,31/01/2026,IT5678,784.09,EUR,transfer
8109,21/02/2026,IT4567,-1853.7,EUR,withdrawal
8110,13/02/2026,IT4567,487.32,EUR,deposit
8111,28/03/2026,IT8901,-552.98,EUR,withdrawal
8112,10/01/2026,IT2345,3560.47,EUR,deposit
8113,06/01/2026,IT6789,-834.43,EUR,transfer
8114,15/02/2026,IT2345,1688.88,EUR,deposit
8115,22/03/2026,IT4567,4795.62,EUR,deposit
8116,04/05/2026,IT5678,-580.54,EUR,withdrawal
8117,16/01/2026,IT5678,-1459.71,EUR,withdrawal
8118,16/05/2026,IT7890,-1969.04,EUR,withdrawal
8119,03/04/2026,IT3456,321.81,EUR,transfer
8120,24/03/2026,IT5678,1056.39,EUR,transfer
8121,01/02/2026,IT1234,2528.91,EUR,deposit
8122,07/02/2026,IT7890,4081.48,EUR,deposit
8123,23/01/2026,IT3456,-538.74,EUR,withdrawal
8124,22/01/2026,IT2345,4582.44,EUR,deposit
8125,04/02/2026,IT6789,-73.21,EUR,transfer
8126,25/01/2026,IT3456,-1911.54,EUR,withdrawal
8127,14/01/2026,IT2345,-1908.56,EUR,withdrawal
8128,31/03/2026,IT7890,-393.19,EUR,withdrawal
8129,29/03/2026,IT6789,2210.28,EUR,deposit
8130,17/03/2026,IT6789,-1836.16,EUR,withdrawal
8131,28/01/2026,IT1234,2928.59,EUR,deposit
8132,25/05/2026,IT5678,-520.22,EUR,transfer
8133,14/05/2026,IT4567,-1085.8,EUR,withdrawal
8134,21/04/2026,IT6789,2105.89,EUR,deposit
8135,22/02/2026,IT8901,-1715.36,EUR,withdrawal
8136,01/01/1750,IT4567,173.9,EUR,deposit
8137,27/04/2026,IT3456,-1343.84,EUR,withdrawal
8138,11/01/2026,IT7890,4006.39,EUR,deposit
8139,21/03/2026,IT6789,3562.03,EUR,deposit
8140,18/03/2026,IT8901,4125.7,EUR,deposit
8141,11/02/2026,IT8901,-402.08,EUR,transfer
8142,10/04/2026,IT1234,512.27,EUR,transfer
8143,01/01/2026,IT4567,349.06,EUR,deposit
8144,11/03/2026,IT1234,-488.19,EUR,transfer
8145,10/01/2026,IT1234,786.33,EUR,deposit
8146,20/03/2026,IT5678,-1098.12,EUR,withdrawal
8147,27/03/2026,IT7890,298.86,EUR,deposit
8148,27/03/2026,IT7890,-56.94,EUR,withdrawal
8149,27/02/2026,IT5678,493.08,EUR,transfer
8150,24/05/2026,IT5678,349.04,EUR,deposit
8151,17/05/2026,IT3456,-1007.65,EUR,transfer
8152,03/01/2026,IT4567,1022.91,EUR,deposit
8153,27/02/2026,IT6789,-631.13,EUR,withdrawal
8154,03/02/2026,IT1234,-1110.64,EUR,transfer
8155,16/05/2026,IT7890,656.62,EUR,deposit
8156,02/04/2026,IT4567,1272.55,EUR,transfer
8157,04/01/2026,IT4567,2201.88,EUR,deposit
8158,10/04/2026,IT2345,-1415.95,EUR,transfer
8159,05/01/2026,IT5678,-1296.91,EUR,withdrawal
8160,04/03/2026,IT6789,4660.96,EUR,deposit
8161,07/02/2026,IT8901,150.62,EUR,deposit
8162,06/02/2026,IT4567,-884.77,EUR,transfer
8163,26/04/2026,IT7890,-22.59,EUR,withdrawal
8164,12/02/2026,IT3456,410.18,EUR,deposit
8165,14/04/2026,IT3456,943.3,EUR,deposit
8166,11/01/2026,IT3456,-1562.33,EUR,withdrawal
8167,27/04/2026,IT5678,2239.78,EUR,deposit
8168,28/03/2026,IT6789,4804.9,EUR,deposit
8169,29/01/2026,IT8901,-596.03,EUR,withdrawal
8170,02/02/2026,IT4567,-823.65,EUR,withdrawal
8171,21/04/2026,IT6789,-1776.49,EUR,withdrawal
8172,21/01/2026,IT1234,-849.77,EUR,withdrawal
8173,01/02/2026,IT7890,3198.57,EUR,deposit
8174,10/04/2026,IT8901,269.69,EUR,deposit
8175,16/04/2026,IT4567,-1884.13,EUR,withdrawal
8176,28/04/2026,IT5678,,EUR,transfer
8177,06/03/2026,IT2345,4020.27,EUR,deposit
8178,04/01/2026,IT3456,-1296.93,EUR,transfer
8179,13/02/2026,IT2345,3138.44,EUR,deposit
8180,26/05/2026,IT1234,907.12,EUR,transfer
8181,21/04/2026,IT5678,-44.92,EUR,withdrawal
8182,08/03/2026,IT4567,550.1,EUR,transfer
8183,25/05/2026,IT6789,124.83,EUR,deposit
8184,13/05/2026,IT4567,-815.08,EUR,transfer
8185,18/03/2026,IT4567,-67.13,EUR,transfer
8186,03/04/2026,IT2345,-420.2,EUR,transfer
8187,15/04/2026,IT7890,-756.52,EUR,withdrawal
8188,10/04/2026,IT7890,-1837.37,EUR,withdrawal
8189,22/03/2026,IT1234,-1375.87,EUR,withdrawal
8190,23/05/2026,IT5678,-402.77,EUR,withdrawal
8191,06/05/2026,IT1234,-1365.52,EUR,transfer
8192,31/03/2026,IT6789,-852.27,EUR,withdrawal
8193,24/03/2026,IT5678,330.87,EUR,deposit
8194,,IT7890,1985.57,EUR,deposit
8195,16/04/2026,IT8901,-1938.24,EUR,withdrawal
8196,04/05/2026,IT1234,-346.79,EUR,transfer
8197,13/03/2026,IT2345,-1370.38,EUR,withdrawal
8198,18/04/2026,IT6789,-838.72,EUR,transfer
8199,07/04/2026,IT8901,450.72,EUR,transfer
8200,24/04/2026,IT7890,-1365.06,EUR,transfer
8201,27/04/2026,IT1234,2294.04,EUR,deposit
8202,07/03/2026,IT7890,935.97,EUR,transfer
8203,04/04/2026,IT8901,-252.07,EUR,withdrawal
8204,07/03/2026,IT6789,2126.53,EUR,deposit
8205,09/04/2026,IT1234,-883.09,EUR,withdrawal
8206,13/03/2026,IT5678,1173.16,EUR,transfer
8207,01/01/1750,IT2345,4051.1,EUR,deposit
8208,01/01/1750,IT3456,-1284.7,EUR,withdrawal
8209,23/02/2026,IT1234,-302.45,EUR,transfer
8210,11/02/2026,IT1234,146.0,EUR,transfer
8211,24/01/2026,IT8901,700.56,EUR,deposit
8212,26/05/2026,IT4567,997.44,EUR,transfer
8213,04/01/2026,IT3456,-1115.44,EUR,withdrawal
8214,29/01/2026,IT1234,2855.93,EUR,deposit
8215,01/05/2026,IT5678,-324.47,EUR,transfer
8216,16/04/2026,IT5678,-290.62,EUR,withdrawal
8217,14/05/2026,IT6789,90.8,EUR,deposit
8218,01/04/2026,IT2345,3308.44,EUR,deposit
8219,17/04/2026,IT5678,-691.44,EUR,withdrawal
8220,02/05/2026,IT6789,-1157.8,EUR,withdrawal
8221,07/01/2026,IT1234,-1834.74,EUR,withdrawal
8222,18/04/2026,IT1234,-1419.94,EUR,transfer
8223,22/05/2026,IT3456,3507.72,EUR,deposit
8224,11/02/2026,IT8901,-928.96,EUR,transfer
8225,23/03/2026,IT8901,-1778.25,EUR,withdrawal
8226,19/05/2026,IT1234,-938.44,EUR,withdrawal
8227,11/04/2026,IT5678,-1773.72,EUR,withdrawal
8228,23/04/2026,IT5678,916.47,EUR,transfer
8229,28/03/2026,IT2345,-210.57,EUR,transfer
8230,06/01/2026,IT7890,1496.17,EUR,transfer
8231,20/01/2026,IT1234,-56.62,EUR,transfer
8232,06/03/2026,IT1234,4944.4,EUR,deposit
8233,18/02/2026,IT3456,1217.84,EUR,transfer
8234,17/05/2026,IT5678,-1000.18,EUR,withdrawal
8235,27/05/2026,IT8901,-1680.65,EUR,withdrawal
8236,25/04/2026,IT3456,1234.32,EUR,deposit
8237,26/03/2026,IT2345,667.44,EUR,transfer
8238,24/04/2026,IT6789,1500.78,EUR,deposit
8239,25/02/2026,IT2345,-1239.07,EUR,withdrawal
8240,07/04/2026,IT2345,-303.46,EUR,withdrawal
8241,02/01/2026,IT4567,1067.12,EUR,transfer
8242,20/02/2026,IT4567,2201.29,EUR,deposit
8243,31/01/2026,IT7890,3589.42,EUR,deposit
8244,24/03/2026,IT2345,2133.65,EUR,deposit
8245,31/03/2026,IT5678,-1898.62,EUR,withdrawal
8246,03/02/2026,IT7890,4457.38,EUR,deposit
8247,19/02/2026,IT1234,710.25,EUR,deposit
8248,02/04/2026,IT7890,-1214.71,EUR,withdrawal
8249,08/01/2026,IT8901,-697.92,EUR,withdrawal
8250,15/03/2026,IT7890,611.24,EUR,transfer
8251,23/03/2026,IT7890,-159.36,EUR,withdrawal
8252,,IT3456,191.0,EUR,transfer
8253,06/05/2026,IT3456,4955.39,EUR,deposit
8254,06/05/2026,IT7890,4203.81,EUR,deposit
8255,08/05/2026,IT5678,-291.01,EUR,withdrawal
8256,25/03/2026,IT1234,-1123.77,EUR,withdrawal
8257,11/01/2026,IT5678,-949.5,EUR,withdrawal
8258,30/01/2026,IT4567,-233.84,EUR,transfer
8259,19/05/2026,IT6789,1093.93,EUR,deposit
8260,17/05/2026,IT8901,907.08,EUR,transfer
8261,15/02/2026,IT2345,2447.24,EUR,deposit
8262,16/02/2026,IT3456,-62.72,EUR,withdrawal
8263,06/02/2026,IT4567,3931.91,EUR,deposit
8264,11/05/2026,IT2345,389.15,EUR,deposit
8265,27/03/2026,IT6789,-523.64,EUR,transfer
8266,21/04/2026,IT1234,3097.93,EUR,deposit
8267,13/02/2026,IT1234,2441.2,EUR,deposit
8268,07/02/2026,IT7890,3292.19,EUR,deposit
8269,02/03/2026,IT5678,3661.54,EUR,deposit
8270,30/05/2026,IT8901,524.31,EUR,transfer
8271,15/03/2026,IT4567,3572.29,EUR,deposit
8272,15/04/2026,IT7890,-448.2,EUR,withdrawal
8273,30/05/2026,IT6789,6.78,EUR,transfer
8274,08/04/2026,IT3456,-266.12,EUR,transfer
8275,22/03/2026,IT7890,4713.22,EUR,deposit
8276,22/05/2026,IT8901,-1447.98,EUR,withdrawal
8277,12/01/2026,IT7890,-1307.87,EUR,transfer
8278,24/01/2026,IT3456,-143.89,EUR,withdrawal
8279,23/04/2026,IT6789,1178.82,EUR,transfer
8280,04/04/2026,IT7890,1304.59,EUR,deposit
8281,21/03/2026,IT7890,773.45,EUR,deposit
8282,26/04/2026,IT7890,-745.42,EUR,withdrawal
8283,09/04/2026,IT6789,548.98,EUR,transfer
8284,18/02/2026,IT8901,128.55,EUR,deposit
8285,05/01/2026,IT6789,764.97,EUR,transfer
8286,12/05/2026,IT1234,898.68,EUR,transfer
8287,08/02/2026,IT3456,-721.15,EUR,transfer
8288,25/04/2026,IT7890,-895.35,EUR,transfer
8289,10/05/2026,IT1234,-1492.27,EUR,withdrawal
8290,12/02/2026,IT5678,-1434.38,EUR,withdrawal
8291,25/05/2026,IT5678,-232.49,EUR,transfer
8292,30/05/2026,IT6789,-1879.11,EUR,withdrawal
8293,27/03/2026,IT1234,,EUR,deposit
8294,24/03/2026,IT4567,-281.49,EUR,withdrawal
8295,18/04/2026,IT7890,-1862.15,EUR,withdrawal
8296,24/02/2026,IT5678,-400.32,EUR,withdrawal
8297,20/05/2026,IT1234,-1276.6,EUR,withdrawal
8298,15/01/2026,IT3456,-1463.85,EUR,withdrawal
8299,06/04/2026,IT1234,580.6,EUR,transfer
8300,01/04/2026,IT8901,4916.73,EUR,deposit
8301,24/03/2026,IT5678,-722.99,EUR,withdrawal
8302,24/04/2026,IT4567,23%02))12,EUR,transfer
8303,02/04/2026,IT5678,320.97,EUR,deposit
8304,16/01/2026,IT7890,-530.26,EUR,transfer
8305,21/01/2026,IT5678,814.7,EUR,transfer
8306,12/05/2026,IT3456,23%02))12,EUR,withdrawal
8307,,IT7890,-590.47,EUR,withdrawal
8308,23/02/2026,IT4567,1361.26,EUR,transfer
8309,24/04/2026,IT6789,299.44,EUR,transfer
8310,26/03/2026,IT1234,22.31,EUR,transfer
8311,21/02/2026,IT1234,-1412.42,EUR,withdrawal
8312,18/02/2026,IT8901,1690.23,EUR,deposit
8313,29/04/2026,IT1234,278.03,EUR,transfer
8314,27/05/2026,IT2345,162.42,EUR,deposit
8315,08/05/2026,IT7890,-1325.8,EUR,withdrawal
8316,03/04/2026,IT3456,287.11,EUR,transfer
8317,16/04/2026,IT5678,23%02))12,EUR,transfer
8318,29/01/2026,IT2345,-334.24,EUR,withdrawal
8319,18/03/2026,IT3456,-837.99,EUR,transfer
8320,15/03/2026,IT1234,-865.7,EUR,transfer
8321,28/01/2026,IT4567,-136.19,EUR,withdrawal
8322,04/03/2026,IT4567,4842.5,EUR,deposit
8323,08/04/2026,IT5678,-784.65,EUR,withdrawal
8324,25/05/2026,IT3456,2832.72,EUR,deposit
8325,05/05/2026,IT4567,464.77,EUR,deposit
8326,04/03/2026,IT2345,1139.11,EUR,transfer
8327,28/04/2026,IT5678,-623.0,EUR,withdrawal
8328,29/05/2026,IT6789,-1788.31,EUR,withdrawal
8329,31/05/2026,IT2345,582.24,EUR,transfer
8330,09/01/2026,IT2345,-1367.85,EUR,withdrawal
8331,17/04/2026,IT8901,3202.58,EUR,deposit
8332,30/03/2026,IT7890,612.18,EUR,transfer
8333,03/02/2026,IT4567,924.23,EUR,transfer
8334,14/04/2026,IT1234,4759.46,EUR,deposit
8335,20/01/2026,IT4567,-1699.32,EUR,withdrawal
8336,18/02/2026,IT1234,-657.81,EUR,withdrawal
8337,12/02/2026,IT7890,-201.59,EUR,withdrawal
8338,14/05/2026,IT7890,-56.51,EUR,withdrawal
8339,14/04/2026,IT5678,1053.97,EUR,deposit
8340,14/04/2026,IT6789,-1004.57,EUR,withdrawal
8341,07/03/2026,IT4567,2561.45,EUR,deposit
8342,24/03/2026,IT3456,-130.8,EUR,withdrawal
8343,01/01/1750,IT1234,-1902.63,EUR,withdrawal
8344,29/01/2026,IT8901,-851.82,EUR,transfer
8345,16/05/2026,IT6789,-1429.05,EUR,withdrawal
8346,25/03/2026,IT1234,167.91,EUR,transfer
8347,23/02/2026,IT1234,-781.12,EUR,transfer
8348,06/05/2026,IT6789,-77.91,EUR,withdrawal
8349,23/03/2026,IT5678,1169.74,EUR,transfer
8350,07/02/2026,IT2345,-98.41,EUR,withdrawal
8351,16/04/2026,IT3456,3450.49,EUR,deposit
8352,01/03/2026,IT8901,-1375.47,EUR,withdrawal
8353,27/02/2026,IT5678,2854.21,EUR,deposit
8354,31/03/2026,IT7890,8.84,EUR,transfer
8355,14/01/2026,IT6789,-1025.36,EUR,transfer
8356,01/01/1750,IT5678,516.35,EUR,transfer
8357,26/01/2026,IT7890,1537.27,EUR,deposit
8358,05/05/2026,IT1234,52.35,EUR,deposit
8359,25/02/2026,IT2345,2014.89,EUR,deposit
8360,18/03/2026,IT8901,-220.9,EUR,withdrawal
8361,02/04/2026,IT1234,1175.5,EUR,deposit
8362,09/05/2026,IT1234,1107.5,EUR,transfer
8363,30/05/2026,IT7890,44.3,EUR,transfer
8364,18/05/2026,IT1234,1274.88,EUR,transfer
8365,25/05/2026,IT4567,4341.83,EUR,deposit
8366,27/02/2026,IT5678,-784.72,EUR,withdrawal
8367,22/04/2026,IT6789,-471.13,EUR,withdrawal
8368,04/01/2026,IT2345,-1479.9,EUR,withdrawal
8369,21/05/2026,IT7890,977.07,EUR,deposit
8370,08/05/2026,IT3456,1206.16,EUR,transfer
8371,25/02/2026,IT6789,-53.2,EUR,withdrawal
8372,11/04/2026,IT5678,3398.21,EUR,deposit
8373,01/05/2026,IT7890,-1845.78,EUR,withdrawal
8374,17/05/2026,IT6789,-1487.05,EUR,withdrawal
8375,31/03/2026,IT8901,-1423.06,EUR,withdrawal
8376,18/01/2026,IT7890,4611.34,EUR,deposit
8377,06/04/2026,IT4567,4409.97,EUR,deposit
8378,10/05/2026,IT6789,979.57,EUR,transfer
8379,12/05/2026,IT3456,-1498.03,EUR,withdrawal
8380,18/05/2026,IT1234,-1124.16,EUR,withdrawal
8381,26/03/2026,IT1234,247.26,EUR,transfer
8382,28/03/2026,IT7890,2203.56,EUR,deposit
8383,11/02/2026,IT1234,-1205.52,EUR,withdrawal
8384,03/01/2026,IT3456,991.96,EUR,transfer
8385,14/01/2026,IT4567,1020.44,EUR,transfer
8386,24/03/2026,IT7890,-736.06,EUR,transfer
8387,29/04/2026,IT8901,689.36,EUR,transfer
8388,18/01/2026,IT6789,-251.72,EUR,withdrawal
8389,03/04/2026,IT4567,4039.26,EUR,deposit
8390,26/03/2026,IT8901,-1272.27,EUR,transfer
8391,24/04/2026,IT5678,-1177.42,EUR,withdrawal
8392,07/05/2026,IT4567,-483.21,EUR,transfer
8393,30/01/2026,IT6789,3960.51,EUR,deposit
8394,27/05/2026,IT6789,-769.44,EUR,withdrawal
8395,27/04/2026,IT1234,-574.18,EUR,withdrawal
8396,12/01/2026,IT6789,1632.08,EUR,deposit
8397,14/01/2026,IT1234,-991.59,EUR,withdrawal
8398,01/03/2026,IT5678,654.49,EUR,transfer
8399,24/04/2026,IT1234,592.18,EUR,deposit
8400,08/01/2026,IT4567,-1791.95,EUR,withdrawal
8401,27/05/2026,IT3456,1102.93,EUR,deposit
8402,21/04/2026,IT2345,1181.3,EUR,deposit
8403,04/03/2026,IT1234,-472.31,EUR,transfer
8404,01/04/2026,IT5678,-465.77,EUR,withdrawal
8405,31/01/2026,IT4567,187.95,EUR,transfer
8406,14/02/2026,IT7890,-1276.0,EUR,withdrawal
8407,28/02/2026,IT4567,-928.31,EUR,transfer
8408,08/02/2026,IT4567,385.99,EUR,transfer
8409,30/04/2026,IT4567,2131.04,EUR,deposit
8410,28/04/2026,IT2345,-1068.25,EUR,withdrawal
8411,02/02/2026,IT4567,1600.12,EUR,deposit
8412,08/03/2026,IT6789,4527.89,EUR,deposit
8413,17/05/2026,IT8901,57.81,EUR,transfer
8414,13/03/2026,IT4567,-1507.59,EUR,withdrawal
8415,15/03/2026,IT4567,-508.51,EUR,withdrawal
8416,14/02/2026,IT1234,940.43,EUR,transfer
8417,24/03/2026,IT7890,-957.75,EUR,withdrawal
8418,25/02/2026,IT4567,-924.24,EUR,withdrawal
8419,01/01/1750,IT8901,-1430.51,EUR,transfer
8420,09/01/2026,IT6789,-828.19,EUR,transfer
8421,17/01/2026,IT8901,1191.85,EUR,deposit
8422,18/02/2026,IT1234,352.17,EUR,transfer
8423,09/03/2026,IT4567,-1053.32,EUR,transfer
8424,05/04/2026,IT6789,-987.43,EUR,transfer
8425,02/01/2026,IT8901,96.72,EUR,deposit
8426,26/02/2026,IT4567,-1129.53,EUR,transfer
8427,08/03/2026,IT7890,-355.85,EUR,withdrawal
8428,28/05/2026,IT8901,-1233.63,EUR,withdrawal
8429,13/02/2026,IT8901,1893.27,EUR,deposit
8430,31/05/2026,IT5678,1197.48,EUR,transfer
8431,27/05/2026,IT7890,-620.28,EUR,withdrawal
8432,15/03/2026,IT5678,-167.14,EUR,withdrawal
8433,31/03/2026,IT4567,-644.16,EUR,transfer
8434,29/03/2026,IT2345,-184.58,EUR,withdrawal
8435,09/01/2026,IT2345,-1512.28,EUR,withdrawal
8436,31/03/2026,IT8901,-961.7,EUR,withdrawal
8437,05/03/2026,IT1234,1507.1,EUR,deposit
8438,04/01/2026,IT8901,2835.44,EUR,deposit
8439,22/04/2026,IT8901,2664.83,EUR,deposit
8440,22/02/2026,IT1234,3906.42,EUR,deposit
8441,16/03/2026,IT7890,582.69,EUR,deposit
8442,17/03/2026,IT6789,-390.99,EUR,withdrawal
8443,26/01/2026,IT2345,,EUR,withdrawal
8444,07/01/2026,IT2345,3187.4,EUR,deposit
8445,13/03/2026,IT8901,-608.74,EUR,withdrawal
8446,27/03/2026,IT6789,-144.41,EUR,withdrawal
8447,03/03/2026,IT1234,-399.71,EUR,transfer
8448,08/01/2026,IT8901,77.53,EUR,transfer
8449,31/01/2026,IT4567,-113.04,EUR,withdrawal
8450,30/04/2026,IT2345,956.38,EUR,transfer
8451,03/05/2026,IT6789,-1273.56,EUR,withdrawal
8452,11/01/2026,IT2345,1655.31,EUR,deposit
8453,07/04/2026,IT4567,4131.09,EUR,deposit
8454,14/03/2026,IT8901,782.9,EUR,deposit
8455,15/05/2026,IT5678,-490.45,EUR,withdrawal
8456,28/02/2026,IT4567,-1970.84,EUR,withdrawal
8457,19/05/2026,IT7890,1259.02,EUR,transfer
8458,25/02/2026,IT2345,-201.69,EUR,withdrawal
8459,09/01/2026,IT7890,,EUR,transfer
8460,25/05/2026,IT7890,276.46,EUR,deposit
8461,11/04/2026,IT1234,-1038.09,EUR,withdrawal
8462,25/04/2026,IT6789,-1922.06,EUR,withdrawal
8463,17/01/2026,IT7890,-1941.6,EUR,withdrawal
8464,26/04/2026,IT6789,-1393.36,EUR,transfer
8465,09/04/2026,IT4567,1372.17,EUR,deposit
8466,28/01/2026,IT4567,-958.66,EUR,transfer
8467,26/03/2026,IT7890,2084.74,EUR,deposit
8468,25/02/2026,IT4567,-1436.07,EUR,withdrawal
8469,09/01/2026,IT3456,-51.85,EUR,transfer
8470,,IT3456,-1757.13,EUR,withdrawal
8471,19/04/2026,IT4567,-971.37,EUR,transfer
8472,01/03/2026,IT6789,172.94,EUR,transfer
8473,24/03/2026,IT3456,4950.65,EUR,deposit
8474,13/02/2026,IT2345,963.37,EUR,deposit
8475,19/04/2026,IT2345,4988.75,EUR,deposit
8476,18/01/2026,IT1234,-358.14,EUR,withdrawal
8477,19/05/2026,IT8901,852.89,EUR,transfer
8478,09/04/2026,IT4567,-150.88,EUR,withdrawal
8479,27/03/2026,IT3456,1381.08,EUR,deposit
8480,06/02/2026,IT4567,-764.84,EUR,withdrawal
8481,16/01/2026,IT1234,-951.16,EUR,transfer
8482,28/02/2026,IT1234,-448.44,EUR,withdrawal
8483,25/04/2026,IT4567,-541.65,EUR,transfer
8484,30/04/2026,IT1234,-1189.99,EUR,withdrawal
8485,31/05/2026,IT8901,-1350.42,EUR,withdrawal
8486,13/01/2026,IT5678,-1255.68,EUR,withdrawal
8487,31/03/2026,IT4567,270.24,EUR,transfer
8488,23/01/2026,IT3456,-1770.02,EUR,withdrawal
8489,24/02/2026,IT3456,-1227.73,EUR,transfer
8490,15/05/2026,IT6789,1230.01,EUR,transfer
8491,03/01/2026,IT1234,1230.51,EUR,deposit
8492,02/02/2026,IT5678,-333.49,EUR,withdrawal
8493,29/01/2026,IT3456,334.05,EUR,deposit
8494,02/02/2026,IT3456,1096.41,EUR,transfer
8495,16/02/2026,IT3456,-174.55,EUR,transfer
8496,02/02/2026,IT7890,-1339.17,EUR,transfer
8497,20/05/2026,IT8901,-1601.21,EUR,withdrawal
8498,31/05/2026,IT8901,2642.89,EUR,deposit
8499,29/04/2026,IT4567,957.47,EUR,deposit
8500,03/05/2026,IT5678,-619.82,EUR,withdrawal
8501,26/01/2026,IT6789,-964.72,EUR,transfer
8502,06/03/2026,IT5678,-686.93,EUR,withdrawal
8503,31/01/2026,IT4567,138.7,EUR,transfer
8504,21/03/2026,IT4567,-1389.2,EUR,transfer
8505,11/03/2026,IT5678,76.83,EUR,transfer
8506,29/04/2026,IT4567,-1827.35,EUR,withdrawal
8507,10/04/2026,IT4567,-1937.96,EUR,withdrawal
8508,12/02/2026,IT4567,1487.27,EUR,transfer
8509,,IT8901,752.31,EUR,transfer
8510,06/03/2026,IT8901,-148.55,EUR,transfer
8511,10/05/2026,IT5678,23%02))12,EUR,deposit
8512,,IT3456,-1481.19,EUR,withdrawal
8513,19/01/2026,IT3456,3063.64,EUR,deposit
8514,14/04/2026,IT8901,-175.1,EUR,transfer
8515,29/05/2026,IT8901,-1743.93,EUR,withdrawal
8516,29/04/2026,IT8901,3959.99,EUR,deposit
8517,14/03/2026,IT2345,353.02,EUR,deposit
8518,25/02/2026,IT6789,1488.54,EUR,transfer
8519,21/02/2026,IT3456,-1832.56,EUR,withdrawal
8520,05/03/2026,IT1234,-996.04,EUR,withdrawal
8521,03/05/2026,IT6789,-1783.89,EUR,withdrawal
8522,29/04/2026,IT5678,-558.53,EUR,withdrawal
8523,30/04/2026,IT5678,600.58,EUR,deposit
8524,04/01/2026,IT5678,3031.74,EUR,deposit
8525,08/03/2026,IT4567,3826.62,EUR,deposit
8526,19/03/2026,IT2345,-410.58,EUR,withdrawal
8527,31/01/2026,IT5678,1842.71,EUR,deposit
8528,21/01/2026,IT1234,-464.69,EUR,transfer
8529,04/02/2026,IT1234,-588.51,EUR,withdrawal
8530,23/04/2026,IT4567,-22.6,EUR,transfer
8531,29/03/2026,IT6789,1621.87,EUR,deposit
8532,03/03/2026,IT5678,-559.34,EUR,transfer
8533,11/05/2026,IT8901,-1342.39,EUR,transfer
8534,23/04/2026,IT5678,-608.41,EUR,withdrawal
8535,31/05/2026,IT1234,-315.52,EUR,transfer
8536,09/02/2026,IT6789,-1256.26,EUR,transfer
8537,01/04/2026,IT6789,-1689.82,EUR,withdrawal
8538,01/01/2026,IT2345,3473.91,EUR,deposit
8539,25/05/2026,IT3456,-1255.87,EUR,transfer
8540,02/05/2026,IT3456,4686.29,EUR,deposit
8541,14/05/2026,IT3456,984.87,EUR,deposit
8542,30/05/2026,IT2345,-268.64,EUR,withdrawal
8543,23/02/2026,IT7890,-542.69,EUR,transfer
8544,08/01/2026,IT7890,-1853.82,EUR,withdrawal
8545,16/02/2026,IT1234,-503.39,EUR,transfer
8546,30/01/2026,IT4567,-1125.71,EUR,withdrawal
8547,31/01/2026,IT3456,3419.64,EUR,deposit
8548,20/02/2026,IT1234,-1580.22,EUR,withdrawal
8549,11/02/2026,IT4567,-1001.17,EUR,transfer
8550,04/05/2026,IT7890,-320.46,EUR,transfer
8551,15/03/2026,IT7890,616.66,EUR,transfer
8552,18/03/2026,IT8901,-458.27,EUR,transfer
8553,15/02/2026,IT6789,1095.85,EUR,transfer
8554,28/02/2026,IT3456,-865.96,EUR,withdrawal
8555,21/04/2026,IT8901,3666.6,EUR,deposit
8556,19/04/2026,IT4567,3669.79,EUR,deposit
8557,26/05/2026,IT4567,2825.84,EUR,deposit
8558,19/04/2026,IT7890,-519.65,EUR,withdrawal
8559,11/01/2026,IT7890,3557.36,EUR,deposit
8560,,IT4567,1655.68,EUR,deposit
8561,09/01/2026,IT3456,-1082.33,EUR,transfer
8562,04/03/2026,IT4567,1623.85,EUR,deposit
8563,27/05/2026,IT1234,495.97,EUR,transfer
8564,18/03/2026,IT2345,1172.05,EUR,deposit
8565,19/04/2026,IT5678,413.78,EUR,deposit
8566,21/03/2026,IT3456,4672.62,EUR,deposit
8567,22/03/2026,IT6789,-1161.16,EUR,withdrawal
8568,02/02/2026,IT5678,2428.56,EUR,deposit
8569,18/01/2026,IT8901,1287.54,EUR,transfer
8570,01/01/1750,IT2345,-1402.32,EUR,withdrawal
8571,31/01/2026,IT6789,-249.94,EUR,withdrawal
8572,16/02/2026,IT2345,-1171.36,EUR,withdrawal
8573,29/01/2026,IT6789,1281.89,EUR,deposit
8574,16/05/2026,IT8901,-261.13,EUR,withdrawal
8575,06/05/2026,IT4567,145.63,EUR,transfer
8576,23/03/2026,IT2345,-937.89,EUR,withdrawal
8577,14/02/2026,IT2345,-864.34,EUR,withdrawal
8578,13/05/2026,IT4567,4054.72,EUR,deposit
8579,11/02/2026,IT7890,-1686.15,EUR,withdrawal
8580,07/03/2026,IT4567,721.58,EUR,transfer
8581,31/05/2026,IT1234,778.72,EUR,deposit
8582,27/04/2026,IT2345,-25.76,EUR,transfer
8583,23/05/2026,IT7890,3264.4,EUR,deposit
8584,02/05/2026,IT2345,1825.15,EUR,deposit
8585,31/03/2026,IT1234,1634.36,EUR,deposit
8586,15/03/2026,IT2345,3647.49,EUR,deposit
8587,27/05/2026,IT5678,-704.65,EUR,withdrawal
8588,24/02/2026,IT5678,-1435.28,EUR,transfer
8589,15/04/2026,IT6789,-1141.49,EUR,withdrawal
8590,14/03/2026,IT8901,-516.76,EUR,withdrawal
8591,06/05/2026,IT3456,-101.12,EUR,transfer
8592,25/04/2026,IT4567,-1703.99,EUR,withdrawal
8593,05/01/2026,IT7890,883.39,EUR,transfer
8594,21/02/2026,IT1234,1224.64,EUR,transfer
8595,24/02/2026,IT1234,4083.66,EUR,deposit
8596,03/04/2026,IT2345,-1961.2,EUR,withdrawal
8597,13/05/2026,IT3456,-1735.47,EUR,withdrawal
8598,30/05/2026,IT7890,1759.4,EUR,deposit
8599,07/05/2026,IT3456,-1068.84,EUR,withdrawal
8600,04/05/2026,IT4567,-1228.45,EUR,withdrawal
8601,12/04/2026,IT7890,-1697.47,EUR,withdrawal
8602,02/04/2026,IT1234,-1264.23,EUR,withdrawal
8603,02/03/2026,IT3456,171.65,EUR,transfer
8604,26/05/2026,IT3456,152.13,EUR,deposit
8605,28/05/2026,IT1234,-1444.85,EUR,transfer
8606,07/03/2026,IT8901,568.74,EUR,deposit
8607,13/02/2026,IT4567,2631.25,EUR,deposit
8608,30/05/2026,IT8901,-544.16,EUR,withdrawal
8609,13/04/2026,IT1234,124.94,EUR,deposit
8610,21/01/2026,IT8901,418.89,EUR,deposit
8611,23/03/2026,IT5678,-1018.01,EUR,withdrawal
8612,01/02/2026,IT1234,1139.16,EUR,transfer
8613,29/03/2026,IT2345,-742.5,EUR,transfer
8614,19/03/2026,IT2345,4599.3,EUR,deposit
8615,15/03/2026,IT8901,-870.01,EUR,transfer
8616,23/05/2026,IT5678,152.91,EUR,transfer
8617,16/04/2026,IT7890,-1074.55,EUR,withdrawal
8618,23/04/2026,IT6789,-1154.47,EUR,withdrawal
8619,09/03/2026,IT3456,159.14,EUR,transfer
8620,26/01/2026,IT4567,-1049.87,EUR,transfer
8621,26/02/2026,IT1234,-665.92,EUR,withdrawal
8622,12/05/2026,IT4567,1356.47,EUR,deposit
8623,09/05/2026,IT5678,-1170.9,EUR,transfer
8624,16/05/2026,IT7890,1902.3,EUR,deposit
8625,25/03/2026,IT8901,-1792.15,EUR,withdrawal
8626,17/04/2026,IT4567,680.91,EUR,transfer
8627,08/05/2026,IT6789,2500.76,EUR,deposit
8628,29/01/2026,IT5678,-1072.77,EUR,transfer
8629,03/05/2026,IT7890,-1766.95,EUR,withdrawal
8630,29/05/2026,IT3456,122.82,EUR,deposit
8631,13/04/2026,IT4567,1490.27,EUR,transfer
8632,02/03/2026,IT3456,4541.39,EUR,deposit
8633,27/03/2026,IT1234,513.19,EUR,transfer
8634,21/02/2026,IT5678,-666.19,EUR,withdrawal
8635,18/03/2026,IT2345,4409.87,EUR,deposit
8636,14/05/2026,IT4567,3758.15,EUR,deposit
8637,05/04/2026,IT3456,-815.24,EUR,transfer
8638,10/01/2026,IT8901,-658.89,EUR,withdrawal
8639,26/05/2026,IT4567,-1414.65,EUR,transfer
8640,20/03/2026,IT3456,4650.49,EUR,deposit
8641,24/04/2026,IT2345,4048.08,EUR,deposit
8642,14/05/2026,IT5678,1432.99,EUR,transfer
8643,15/01/2026,IT4567,-1028.27,EUR,withdrawal
8644,16/02/2026,IT4567,4419.73,EUR,deposit
8645,26/02/2026,IT2345,3823.26,EUR,deposit
8646,23/03/2026,IT4567,16.46,EUR,transfer
8647,03/03/2026,IT2345,-1331.4,EUR,transfer
8648,21/05/2026,IT8901,-1690.33,EUR,withdrawal
8649,04/05/2026,IT1234,1099.06,EUR,transfer
8650,25/01/2026,IT3456,-823.0,EUR,withdrawal
8651,08/03/2026,IT4567,-449.99,EUR,transfer
8652,14/02/2026,IT2345,-404.32,EUR,transfer
8653,23/04/2026,IT6789,-860.51,EUR,transfer
8654,15/04/2026,IT3456,-1020.13,EUR,withdrawal
8655,07/04/2026,IT4567,-1792.93,EUR,withdrawal
8656,25/02/2026,IT8901,-1512.26,EUR,withdrawal
8657,07/01/2026,IT1234,465.37,EUR,deposit
8658,15/01/2026,IT2345,993.4,EUR,transfer
8659,24/03/2026,IT2345,3581.05,EUR,deposit
8660,26/03/2026,IT8901,2233.96,EUR,deposit
8661,05/01/2026,IT7890,2115.67,EUR,deposit
8662,16/01/2026,IT5678,-227.33,EUR,transfer
8663,24/01/2026,IT3456,802.38,EUR,deposit
8664,07/05/2026,IT2345,-1794.96,EUR,withdrawal
8665,13/01/2026,IT4567,2844.82,EUR,deposit
8666,05/04/2026,IT6789,3003.52,EUR,deposit
8667,21/05/2026,IT3456,2846.97,EUR,deposit
8668,17/01/2026,IT6789,-442.05,EUR,withdrawal
8669,22/05/2026,IT7890,3946.5,EUR,deposit
8670,03/03/2026,IT4567,1915.5,EUR,deposit
8671,13/05/2026,IT7890,,EUR,withdrawal
8672,11/03/2026,IT6789,-722.11,EUR,withdrawal
8673,02/04/2026,IT5678,-1131.8,EUR,transfer
8674,09/05/2026,IT1234,-325.73,EUR,transfer
8675,27/05/2026,IT6789,3193.25,EUR,deposit
8676,08/05/2026,IT2345,-1803.82,EUR,withdrawal
8677,30/05/2026,IT8901,-1727.03,EUR,withdrawal
8678,24/04/2026,IT8901,4259.13,EUR,deposit
8679,12/03/2026,IT8901,1406.53,EUR,deposit
8680,11/03/2026,IT2345,-1170.45,EUR,transfer
8681,26/02/2026,IT1234,3049.34,EUR,deposit
8682,07/05/2026,IT1234,664.48,EUR,deposit
8683,24/03/2026,IT8901,2499.02,EUR,deposit
8684,10/04/2026,IT7890,478.27,EUR,deposit
8685,22/05/2026,IT1234,-1081.47,EUR,transfer
8686,19/01/2026,IT7890,-1369.01,EUR,withdrawal
8687,03/04/2026,IT4567,-1044.23,EUR,transfer
8688,15/04/2026,IT6789,-329.1,EUR,transfer
8689,17/05/2026,IT5678,-1657.54,EUR,withdrawal
8690,30/05/2026,IT6789,-317.08,EUR,withdrawal
8691,11/02/2026,IT5678,2809.06,EUR,deposit
8692,01/03/2026,IT5678,-260.2,EUR,withdrawal
8693,17/03/2026,IT1234,962.43,EUR,deposit
8694,08/01/2026,IT7890,-483.62,EUR,withdrawal
8695,11/02/2026,IT1234,-1033.92,EUR,withdrawal
8696,16/01/2026,IT6789,-905.9,EUR,withdrawal
8697,01/05/2026,IT8901,924.7,EUR,deposit
8698,28/02/2026,IT3456,23%02))12,EUR,transfer
8699,12/03/2026,IT8901,3368.99,EUR,deposit
8700,23/01/2026,IT3456,713.52,EUR,transfer
8701,18/01/2026,IT5678,-823.3,EUR,transfer
8702,01/03/2026,IT6789,4.22,EUR,transfer
8703,24/03/2026,IT5678,3374.78,EUR,deposit
8704,03/02/2026,IT2345,-1296.1,EUR,withdrawal
8705,01/04/2026,IT3456,720.04,EUR,transfer
8706,02/02/2026,IT1234,84.86,EUR,transfer
8707,01/03/2026,IT3456,-1496.42,EUR,withdrawal
8708,15/02/2026,IT1234,3965.84,EUR,deposit
8709,13/02/2026,IT1234,-690.03,EUR,transfer
8710,27/02/2026,IT8901,212.38,EUR,transfer
8711,07/04/2026,IT7890,330.5,EUR,transfer
8712,31/05/2026,IT8901,-738.17,EUR,withdrawal
8713,30/04/2026,IT7890,23%02))12,EUR,transfer
8714,03/04/2026,IT5678,3775.31,EUR,deposit
8715,04/01/2026,IT7890,4632.79,EUR,deposit
8716,24/04/2026,IT5678,-525.16,EUR,withdrawal
8717,24/04/2026,IT7890,-1586.92,EUR,withdrawal
8718,26/05/2026,IT2345,-1180.73,EUR,transfer
8719,22/04/2026,IT2345,-979.6,EUR,withdrawal
8720,14/02/2026,IT1234,581.86,EUR,transfer
8721,03/04/2026,IT2345,658.54,EUR,transfer
8722,22/05/2026,IT7890,-489.29,EUR,withdrawal
8723,,IT7890,-650.12,EUR,withdrawal
8724,,IT3456,-1990.19,EUR,withdrawal
8725,22/02/2026,IT1234,3582.76,EUR,deposit
8726,25/05/2026,IT4567,-510.67,EUR,withdrawal
8727,08/04/2026,IT3456,23%02))12,EUR,withdrawal
8728,12/05/2026,IT2345,-1420.2,EUR,transfer
8729,06/03/2026,IT1234,4314.65,EUR,deposit
8730,01/04/2026,IT1234,840.01,EUR,transfer
8731,09/04/2026,IT4567,-1997.18,EUR,withdrawal
8732,06/01/2026,IT6789,-1639.57,EUR,withdrawal
8733,28/02/2026,IT5678,346.25,EUR,deposit
8734,05/02/2026,IT3456,-215.02,EUR,transfer
8735,15/03/2026,IT8901,-513.56,EUR,transfer
8736,23/02/2026,IT7890,-1114.26,EUR,transfer
8737,17/03/2026,IT1234,-895.27,EUR,transfer
8738,31/01/2026,IT2345,45.35,EUR,transfer
8739,08/05/2026,IT6789,-1839.11,EUR,withdrawal
8740,22/05/2026,IT1234,2616.55,EUR,deposit
8741,30/04/2026,IT8901,-1033.11,EUR,transfer
8742,01/01/1750,IT8901,2063.51,EUR,deposit
8743,10/05/2026,IT6789,-662.34,EUR,withdrawal
8744,19/01/2026,IT5678,3035.21,EUR,deposit
8745,03/02/2026,IT3456,-188.64,EUR,transfer
8746,25/01/2026,IT2345,4663.22,EUR,deposit
8747,19/02/2026,IT5678,-241.08,EUR,transfer
8748,30/05/2026,IT6789,3508.89,EUR,deposit
8749,27/05/2026,IT5678,-407.2,EUR,withdrawal
8750,09/05/2026,IT7890,3579.1,EUR,deposit
8751,22/01/2026,IT6789,-1877.33,EUR,withdrawal
8752,12/01/2026,IT1234,-604.19,EUR,withdrawal
8753,25/01/2026,IT3456,1295.99,EUR,deposit
8754,09/01/2026,IT1234,-985.84,EUR,withdrawal
8755,11/02/2026,IT3456,957.39,EUR,transfer
8756,17/03/2026,IT3456,-1994.21,EUR,withdrawal
8757,30/05/2026,IT1234,-1207.4,EUR,withdrawal
8758,23/04/2026,IT1234,740.85,EUR,transfer
8759,26/05/2026,IT6789,,EUR,deposit
8760,28/04/2026,IT4567,-669.66,EUR,withdrawal
8761,04/04/2026,IT6789,-1729.0,EUR,withdrawal
8762,01/01/1750,IT8901,2225.47,EUR,deposit
8763,02/04/2026,IT5678,3752.31,EUR,deposit
8764,20/03/2026,IT1234,4229.81,EUR,deposit
8765,22/05/2026,IT5678,3693.72,EUR,deposit
8766,17/02/2026,IT7890,3537.62,EUR,deposit
8767,13/01/2026,IT6789,-160.96,EUR,transfer
8768,01/03/2026,IT8901,468.82,EUR,transfer
8769,30/04/2026,IT6789,179.83,EUR,transfer
8770,13/04/2026,IT8901,-1038.75,EUR,withdrawal
8771,21/05/2026,IT3456,-573.49,EUR,withdrawal
8772,06/05/2026,IT5678,-113.6,EUR,withdrawal
8773,03/05/2026,IT1234,1712.46,EUR,deposit
8774,02/01/2026,IT2345,581.39,EUR,deposit
8775,27/04/2026,IT4567,-1947.7,EUR,withdrawal
8776,09/01/2026,IT8901,-1229.67,EUR,withdrawal
8777,21/03/2026,IT4567,181.25,EUR,deposit
8778,18/02/2026,IT3456,-808.25,EUR,withdrawal
8779,03/03/2026,IT2345,3372.35,EUR,deposit
8780,24/01/2026,IT4567,-606.46,EUR,withdrawal
8781,04/04/2026,IT1234,-1430.08,EUR,transfer
8782,11/05/2026,IT1234,1300.83,EUR,transfer
8783,23/04/2026,IT4567,2371.32,EUR,deposit
8784,28/05/2026,IT7890,-1417.29,EUR,withdrawal
8785,10/05/2026,IT4567,2781.03,EUR,deposit
8786,10/04/2026,IT1234,-660.06,EUR,transfer
8787,25/04/2026,IT3456,-518.26,EUR,transfer
8788,20/05/2026,IT2345,2926.2,EUR,deposit
8789,29/03/2026,IT4567,3336.94,EUR,deposit
8790,22/02/2026,IT3456,-672.46,EUR,withdrawal
8791,10/04/2026,IT2345,1437.29,EUR,transfer
8792,23/04/2026,IT5678,1349.78,EUR,transfer
8793,28/03/2026,IT3456,,EUR,transfer
8794,10/05/2026,IT3456,-1896.99,EUR,withdrawal
8795,18/03/2026,IT5678,-1236.35,EUR,withdrawal
8796,20/01/2026,IT3456,142.92,EUR,deposit
8797,06/04/2026,IT2345,-1134.47,EUR,withdrawal
8798,22/01/2026,IT2345,196.79,EUR,deposit
8799,29/01/2026,IT5678,-1433.16,EUR,transfer
8800,14/02/2026,IT6789,-624.16,EUR,transfer
8801,09/02/2026,IT1234,-454.25,EUR,withdrawal
8802,24/05/2026,IT1234,4345.8,EUR,deposit
8803,03/05/2026,IT5678,4829.99,EUR,deposit
8804,24/03/2026,IT3456,2725.98,EUR,deposit
8805,10/05/2026,IT4567,936.33,EUR,deposit
8806,10/04/2026,IT4567,-316.55,EUR,transfer
8807,12/03/2026,IT4567,-492.97,EUR,withdrawal
8808,02/02/2026,IT7890,1149.31,EUR,transfer
8809,30/03/2026,IT7890,-622.06,EUR,withdrawal
8810,18/05/2026,IT5678,-1117.37,EUR,transfer
8811,09/03/2026,IT7890,291.84,EUR,deposit
8812,26/01/2026,IT6789,4530.3,EUR,deposit
8813,07/02/2026,IT2345,768.28,EUR,transfer
8814,29/01/2026,IT1234,-884.12,EUR,withdrawal
8815,15/04/2026,IT3456,-1021.94,EUR,withdrawal
8816,28/03/2026,IT7890,-505.24,EUR,transfer
8817,05/04/2026,IT8901,3435.32,EUR,deposit
8818,26/03/2026,IT4567,-214.02,EUR,withdrawal
8819,23/04/2026,IT8901,1495.49,EUR,deposit
8820,11/04/2026,IT7890,3425.57,EUR,deposit
8821,21/04/2026,IT3456,-1069.7,EUR,transfer
8822,31/05/2026,IT3456,-951.74,EUR,withdrawal
8823,24/02/2026,IT3456,-500.64,EUR,transfer
8824,19/05/2026,IT8901,4589.14,EUR,deposit
8825,26/05/2026,IT7890,3193.14,EUR,deposit
8826,19/02/2026,IT4567,-553.97,EUR,withdrawal
8827,07/03/2026,IT7890,-1941.67,EUR,withdrawal
8828,09/04/2026,IT7890,9.3,EUR,transfer
8829,28/05/2026,IT3456,3917.17,EUR,deposit
8830,06/04/2026,IT8901,-1788.35,EUR,withdrawal
8831,02/04/2026,IT8901,-1409.84,EUR,transfer
8832,22/04/2026,IT7890,-1331.43,EUR,withdrawal
8833,14/05/2026,IT2345,2675.11,EUR,deposit
8834,06/01/2026,IT6789,-424.1,EUR,transfer
8835,16/04/2026,IT2345,-702.22,EUR,withdrawal
8836,18/05/2026,IT3456,-1036.06,EUR,transfer
8837,23/04/2026,IT5678,-1150.96,EUR,withdrawal
8838,03/03/2026,IT7890,535.31,EUR,deposit
8839,08/03/2026,IT5678,-490.98,EUR,withdrawal
8840,15/05/2026,IT4567,862.39,EUR,deposit
8841,23/05/2026,IT4567,622.6,EUR,deposit
8842,18/01/2026,IT8901,-704.34,EUR,withdrawal
8843,15/01/2026,IT7890,-987.3,EUR,withdrawal
8844,05/05/2026,IT2345,311.32,EUR,transfer
8845,23/05/2026,IT1234,2021.7,EUR,deposit
8846,21/03/2026,IT8901,-180.15,EUR,withdrawal
8847,03/03/2026,IT2345,-1762.66,EUR,withdrawal
8848,12/02/2026,IT8901,-1579.03,EUR,withdrawal
8849,26/03/2026,IT4567,-27.26,EUR,transfer
8850,27/04/2026,IT2345,-1316.99,EUR,withdrawal
8851,07/04/2026,IT4567,-320.05,EUR,transfer
8852,16/04/2026,IT7890,1242.52,EUR,deposit
8853,26/02/2026,IT7890,4757.09,EUR,deposit
8854,28/01/2026,IT5678,1457.65,EUR,deposit
8855,14/01/2026,IT4567,-1534.81,EUR,withdrawal
8856,19/03/2026,IT1234,-424.63,EUR,transfer
8857,21/04/2026,IT8901,-848.22,EUR,withdrawal
8858,29/03/2026,IT8901,-1178.12,EUR,transfer
8859,03/03/2026,IT4567,4337.3,EUR,deposit
8860,14/04/2026,IT7890,-732.48,EUR,withdrawal
8861,10/02/2026,IT7890,-288.44,EUR,transfer
8862,03/01/2026,IT7890,-188.62,EUR,withdrawal
8863,04/02/2026,IT4567,-1090.37,EUR,withdrawal
8864,28/02/2026,IT7890,-1175.55,EUR,withdrawal
8865,24/01/2026,IT6789,4758.25,EUR,deposit
8866,07/05/2026,IT7890,-1063.05,EUR,transfer
8867,10/02/2026,IT5678,2923.79,EUR,deposit
8868,25/02/2026,IT1234,3787.46,EUR,deposit
8869,21/05/2026,IT8901,2205.33,EUR,deposit
8870,31/03/2026,IT8901,777.13,EUR,transfer
8871,15/03/2026,IT3456,-1034.2,EUR,withdrawal
8872,01/03/2026,IT7890,-952.16,EUR,withdrawal
8873,06/05/2026,IT1234,791.42,EUR,transfer
8874,01/05/2026,IT4567,449.07,EUR,deposit
8875,17/05/2026,IT8901,3918.91,EUR,deposit
8876,14/04/2026,IT6789,2585.08,EUR,deposit
8877,22/04/2026,IT7890,4910.14,EUR,deposit
8878,08/03/2026,IT7890,4800.09,EUR,deposit
8879,02/02/2026,IT3456,4447.33,EUR,deposit
8880,01/01/1750,IT6789,481.52,EUR,transfer
8881,07/05/2026,IT6789,790.36,EUR,deposit
8882,27/05/2026,IT7890,1939.42,EUR,deposit
8883,15/03/2026,IT8901,-297.38,EUR,withdrawal
8884,08/03/2026,IT7890,569.26,EUR,deposit
8885,20/01/2026,IT1234,-835.98,EUR,transfer
8886,04/02/2026,IT2345,-1686.05,EUR,withdrawal
8887,08/03/2026,IT6789,-207.05,EUR,transfer
8888,15/05/2026,IT6789,-402.48,EUR,transfer
8889,21/05/2026,IT6789,2140.83,EUR,deposit
8890,09/02/2026,IT6789,-331.17,EUR,transfer
8891,28/02/2026,IT4567,1554.18,EUR,deposit
8892,16/04/2026,IT4567,-257.1,EUR,withdrawal
8893,27/03/2026,IT3456,-598.8,EUR,withdrawal
8894,25/02/2026,IT8901,432.6,EUR,transfer
8895,28/05/2026,IT2345,1250.94,EUR,deposit
8896,10/02/2026,IT3456,4662.19,EUR,deposit
8897,02/02/2026,IT3456,3202.14,EUR,deposit
8898,13/02/2026,IT5678,-697.88,EUR,transfer
8899,06/05/2026,IT4567,-1967.02,EUR,withdrawal
8900,29/01/2026,IT4567,-1550.92,EUR,withdrawal
8901,21/05/2026,IT7890,3065.85,EUR,deposit
8902,01/01/1750,IT2345,482.58,EUR,transfer
8903,25/01/2026,IT6789,422.13,EUR,transfer
8904,18/02/2026,IT7890,1404.81,EUR,transfer
8905,30/03/2026,IT1234,985.07,EUR,transfer
8906,23/02/2026,IT3456,-778.44,EUR,withdrawal
8907,08/02/2026,IT7890,3371.77,EUR,deposit
8908,23/01/2026,IT6789,-1883.96,EUR,withdrawal
8909,25/04/2026,IT5678,4935.16,EUR,deposit
8910,03/04/2026,IT3456,-206.2,EUR,withdrawal
8911,22/01/2026,IT7890,-898.29,EUR,transfer
8912,04/05/2026,IT4567,1543.23,EUR,deposit
8913,28/03/2026,IT2345,-1142.52,EUR,withdrawal
8914,20/02/2026,IT8901,-547.12,EUR,withdrawal
8915,15/01/2026,IT3456,2698.66,EUR,deposit
8916,23/01/2026,IT1234,933.66,EUR,transfer
8917,18/05/2026,IT1234,-1226.9,EUR,transfer
8918,06/05/2026,IT2345,2880.0,EUR,deposit
8919,27/04/2026,IT5678,-5.06,EUR,transfer
8920,11/03/2026,IT8901,1525.35,EUR,deposit
8921,28/04/2026,IT7890,688.15,EUR,transfer
8922,07/05/2026,IT3456,849.97,EUR,transfer
8923,29/01/2026,IT3456,-51.46,EUR,transfer
8924,24/01/2026,IT1234,4690.3,EUR,deposit
8925,12/02/2026,IT1234,385.32,EUR,deposit
8926,13/05/2026,IT2345,436.8,EUR,transfer
8927,06/02/2026,IT2345,-1265.06,EUR,transfer
8928,01/02/2026,IT7890,-1094.08,EUR,withdrawal
8929,29/05/2026,IT2345,-283.88,EUR,withdrawal
8930,13/01/2026,IT4567,-658.55,EUR,withdrawal
8931,28/02/2026,IT2345,-872.58,EUR,withdrawal
8932,01/01/2026,IT1234,-1992.11,EUR,withdrawal
8933,28/02/2026,IT2345,2510.95,EUR,deposit
8934,19/01/2026,IT8901,-933.04,EUR,withdrawal
8935,29/03/2026,IT5678,-1538.96,EUR,withdrawal
8936,07/03/2026,IT2345,3933.51,EUR,deposit
8937,07/04/2026,IT2345,-268.83,EUR,withdrawal
8938,20/02/2026,IT6789,-1010.64,EUR,withdrawal
8939,01/05/2026,IT4567,519.93,EUR,transfer
8940,16/05/2026,IT2345,3583.14,EUR,deposit
8941,14/04/2026,IT4567,-772.49,EUR,withdrawal
8942,20/03/2026,IT1234,555.2,EUR,deposit
8943,09/04/2026,IT7890,2490.72,EUR,deposit
8944,27/02/2026,IT8901,-247.87,EUR,withdrawal
8945,13/03/2026,IT2345,1628.89,EUR,deposit
8946,06/05/2026,IT1234,-297.26,EUR,transfer
8947,12/02/2026,IT4567,251.54,EUR,deposit
8948,18/02/2026,IT6789,2978.79,EUR,deposit
8949,11/05/2026,IT6789,-1421.93,EUR,withdrawal
8950,17/01/2026,IT5678,-182.9,EUR,transfer
8951,02/05/2026,IT4567,-1459.96,EUR,transfer
8952,22/02/2026,IT7890,-480.24,EUR,withdrawal
8953,20/05/2026,IT8901,4932.93,EUR,deposit
8954,22/01/2026,IT3456,-1758.9,EUR,withdrawal
8955,25/04/2026,IT3456,-1418.85,EUR,withdrawal
8956,01/01/1750,IT5678,-970.38,EUR,transfer
8957,15/02/2026,IT5678,2069.22,EUR,deposit
8958,24/02/2026,IT5678,-822.1,EUR,withdrawal
8959,24/04/2026,IT5678,-679.04,EUR,transfer
8960,07/02/2026,IT8901,522.05,EUR,transfer
8961,08/02/2026,IT7890,3624.88,EUR,deposit
8962,21/04/2026,IT8901,2728.62,EUR,deposit
8963,26/01/2026,IT2345,356.23,EUR,transfer
8964,09/02/2026,IT3456,2354.17,EUR,deposit
8965,17/01/2026,IT6789,2278.18,EUR,deposit
8966,01/03/2026,IT6789,3429.64,EUR,deposit
8967,18/03/2026,IT8901,409.7,EUR,deposit
8968,26/04/2026,IT2345,2192.53,EUR,deposit
8969,11/03/2026,IT5678,-506.65,EUR,withdrawal
8970,24/01/2026,IT2345,-1352.66,EUR,withdrawal
8971,08/04/2026,IT3456,2389.99,EUR,deposit
8972,10/05/2026,IT8901,3205.89,EUR,deposit
8973,19/04/2026,IT6789,-1232.23,EUR,transfer
8974,01/02/2026,IT1234,4733.85,EUR,deposit
8975,30/01/2026,IT6789,1067.63,EUR,deposit
8976,02/01/2026,IT8901,1635.65,EUR,deposit
8977,23/05/2026,IT5678,737.37,EUR,transfer
8978,27/04/2026,IT3456,1892.55,EUR,deposit
8979,30/04/2026,IT4567,4312.23,EUR,deposit
8980,06/01/2026,IT4567,-236.49,EUR,withdrawal
8981,20/03/2026,IT4567,356.62,EUR,transfer
8982,15/04/2026,IT4567,-386.22,EUR,withdrawal
8983,06/04/2026,IT2345,-1030.69,EUR,withdrawal
8984,14/05/2026,IT2345,45.14,EUR,transfer
8985,04/02/2026,IT1234,361.85,EUR,transfer
8986,26/05/2026,IT4567,23%02))12,EUR,transfer
8987,04/04/2026,IT1234,1852.96,EUR,deposit
8988,19/01/2026,IT4567,-999.99,EUR,transfer
8989,03/05/2026,IT3456,-499.16,EUR,transfer
8990,22/05/2026,IT1234,-846.31,EUR,withdrawal
8991,08/03/2026,IT7890,3073.81,EUR,deposit
8992,27/04/2026,IT2345,2976.1,EUR,deposit
8993,08/05/2026,IT6789,-364.83,EUR,withdrawal
8994,23/04/2026,IT4567,3737.82,EUR,deposit
8995,09/04/2026,IT7890,-1665.34,EUR,withdrawal
8996,07/04/2026,IT3456,1140.22,EUR,transfer
8997,22/05/2026,IT5678,-1458.59,EUR,withdrawal
8998,24/01/2026,IT3456,-708.42,EUR,transfer
8999,02/01/2026,IT1234,-1434.44,EUR,transfer
9000,28/01/2026,IT4567,-871.69,EUR,withdrawal
9001,28/01/2026,IT2345,-287.88,EUR,transfer
9002,11/04/2026,IT8901,-1973.21,EUR,withdrawal
9003,02/05/2026,IT5678,1355.47,EUR,deposit
9004,08/01/2026,IT1234,887.95,EUR,transfer
9005,30/05/2026,IT3456,-1811.29,EUR,withdrawal
9006,02/05/2026,IT2345,3776.42,EUR,deposit
9007,16/05/2026,IT4567,4600.86,EUR,deposit
9008,15/03/2026,IT1234,408.23,EUR,transfer
9009,14/03/2026,IT7890,-155.09,EUR,transfer
9010,27/05/2026,IT1234,-932.41,EUR,withdrawal
9011,03/04/2026,IT6789,289.23,EUR,deposit
9012,20/03/2026,IT2345,1167.95,EUR,transfer
9013,10/05/2026,IT8901,1282.78,EUR,deposit
9014,10/05/2026,IT7890,23%02))12,EUR,transfer
9015,06/01/2026,IT6789,-525.9,EUR,withdrawal
9016,12/05/2026,IT8901,2394.65,EUR,deposit
9017,13/02/2026,IT8901,4984.95,EUR,deposit
9018,02/05/2026,IT5678,1092.73,EUR,deposit
9019,15/05/2026,IT4567,-373.7,EUR,transfer
9020,22/05/2026,IT3456,-1032.42,EUR,transfer
9021,07/04/2026,IT6789,2220.41,EUR,deposit
9022,29/01/2026,IT3456,222.44,EUR,deposit
9023,22/04/2026,IT5678,-432.13,EUR,transfer
9024,21/01/2026,IT4567,2908.44,EUR,deposit
9025,01/05/2026,IT5678,-1376.81,EUR,withdrawal
9026,05/05/2026,IT5678,1194.2,EUR,transfer
9027,11/03/2026,IT8901,327.06,EUR,deposit
9028,26/05/2026,IT7890,3629.84,EUR,deposit
9029,16/02/2026,IT3456,2328.92,EUR,deposit
9030,13/02/2026,IT3456,882.03,EUR,deposit
9031,12/04/2026,IT4567,-977.67,EUR,withdrawal
9032,23/04/2026,IT3456,663.73,EUR,transfer
9033,14/02/2026,IT1234,3533.24,EUR,deposit
9034,25/01/2026,IT7890,2725.49,EUR,deposit
9035,23/01/2026,IT5678,1444.59,EUR,transfer
9036,09/05/2026,IT1234,290.45,EUR,transfer
9037,08/04/2026,IT2345,3515.17,EUR,deposit
9038,16/05/2026,IT2345,-1691.53,EUR,withdrawal
9039,11/01/2026,IT8901,-980.85,EUR,withdrawal
9040,29/03/2026,IT3456,-471.29,EUR,transfer
9041,01/02/2026,IT8901,-1643.65,EUR,withdrawal
9042,25/03/2026,IT1234,-1622.19,EUR,withdrawal
9043,10/04/2026,IT8901,-1021.6,EUR,withdrawal
9044,17/02/2026,IT8901,405.59,EUR,transfer
9045,26/05/2026,IT3456,-1457.19,EUR,withdrawal
9046,15/03/2026,IT6789,70.14,EUR,transfer
9047,22/01/2026,IT2345,-701.58,EUR,withdrawal
9048,02/03/2026,IT4567,-1576.13,EUR,withdrawal
9049,04/03/2026,IT2345,-609.18,EUR,transfer
9050,24/05/2026,IT1234,-350.2,EUR,withdrawal
9051,25/01/2026,IT5678,895.06,EUR,transfer
9052,14/05/2026,IT1234,1842.97,EUR,deposit
9053,10/02/2026,IT1234,-1350.64,EUR,transfer
9054,08/03/2026,IT3456,4552.49,EUR,deposit
9055,26/01/2026,IT1234,-657.31,EUR,withdrawal
9056,15/01/2026,IT6789,-1046.47,EUR,withdrawal
9057,01/01/1750,IT6789,-1931.8,EUR,withdrawal
9058,23/05/2026,IT4567,-325.87,EUR,transfer
9059,30/04/2026,IT3456,947.54,EUR,transfer
9060,10/03/2026,IT3456,3577.04,EUR,deposit
9061,13/01/2026,IT4567,1116.37,EUR,transfer
9062,10/01/2026,IT8901,2676.11,EUR,deposit
9063,28/04/2026,IT4567,-947.83,EUR,transfer
9064,09/03/2026,IT1234,-1197.3,EUR,withdrawal
9065,09/03/2026,IT6789,203.8,EUR,transfer
9066,02/05/2026,IT7890,-543.86,EUR,withdrawal
9067,01/04/2026,IT6789,-646.79,EUR,withdrawal
9068,02/01/2026,IT7890,3274.53,EUR,deposit
9069,25/02/2026,IT5678,-859.22,EUR,withdrawal
9070,30/05/2026,IT4567,2711.71,EUR,deposit
9071,18/05/2026,IT1234,4924.62,EUR,deposit
9072,08/03/2026,IT3456,-615.94,EUR,transfer
9073,08/03/2026,IT2345,-851.8,EUR,transfer
9074,01/01/1750,IT2345,4944.98,EUR,deposit
9075,18/03/2026,IT6789,914.2,EUR,transfer
9076,19/04/2026,IT5678,4750.1,EUR,deposit
9077,31/03/2026,IT1234,-497.44,EUR,withdrawal
9078,24/02/2026,IT8901,1376.66,EUR,transfer
9079,13/01/2026,IT5678,-60.33,EUR,withdrawal
9080,01/02/2026,IT8901,378.82,EUR,transfer
9081,28/04/2026,IT4567,2410.57,EUR,deposit
9082,25/05/2026,IT5678,-1597.33,EUR,withdrawal
9083,21/04/2026,IT6789,-113.04,EUR,withdrawal
9084,12/02/2026,IT4567,-757.88,EUR,withdrawal
9085,20/03/2026,IT4567,-460.18,EUR,withdrawal
9086,07/03/2026,IT2345,-156.98,EUR,withdrawal
9087,23/05/2026,IT7890,23%02))12,EUR,deposit
9088,24/01/2026,IT1234,-963.05,EUR,withdrawal
9089,31/03/2026,IT1234,-516.66,EUR,withdrawal
9090,28/05/2026,IT5678,987.51,EUR,deposit
9091,26/03/2026,IT2345,1023.79,EUR,deposit
9092,18/05/2026,IT5678,1266.0,EUR,transfer
9093,05/01/2026,IT3456,1036.23,EUR,transfer
9094,14/05/2026,IT1234,-369.66,EUR,withdrawal
9095,02/03/2026,IT2345,2122.7,EUR,deposit
9096,09/05/2026,IT7890,3519.35,EUR,deposit
9097,10/02/2026,IT6789,599.37,EUR,transfer
9098,06/03/2026,IT4567,-1191.88,EUR,transfer
9099,06/01/2026,IT4567,3227.2,EUR,deposit
9100,21/04/2026,IT1234,938.64,EUR,transfer
9101,20/01/2026,IT4567,112.96,EUR,deposit
9102,15/02/2026,IT8901,-1552.74,EUR,withdrawal
9103,01/01/1750,IT7890,1950.13,EUR,deposit
9104,11/01/2026,IT1234,-4.26,EUR,transfer
9105,17/05/2026,IT2345,-949.45,EUR,withdrawal
9106,14/01/2026,IT4567,829.73,EUR,transfer
9107,23/04/2026,IT4567,633.61,EUR,transfer
9108,13/03/2026,IT5678,-92.79,EUR,transfer
9109,29/05/2026,IT3456,1124.17,EUR,deposit
9110,15/02/2026,IT2345,-592.99,EUR,withdrawal
9111,03/03/2026,IT4567,20.62,EUR,transfer
9112,31/05/2026,IT4567,-393.24,EUR,withdrawal
9113,13/02/2026,IT5678,-506.25,EUR,withdrawal
9114,06/03/2026,IT2345,-447.79,EUR,withdrawal
9115,22/02/2026,IT5678,1522.27,EUR,deposit
9116,15/04/2026,IT8901,-1205.71,EUR,withdrawal
9117,07/02/2026,IT1234,1034.09,EUR,transfer
9118,23/04/2026,IT2345,-103.98,EUR,withdrawal
9119,12/02/2026,IT4567,3041.25,EUR,deposit
9120,30/04/2026,IT5678,-1826.64,EUR,withdrawal
9121,27/01/2026,IT8901,-1430.06,EUR,withdrawal
9122,20/01/2026,IT1234,872.92,EUR,transfer
9123,21/03/2026,IT4567,-72.05,EUR,transfer
9124,05/02/2026,IT2345,-366.08,EUR,transfer
9125,03/02/2026,IT7890,-973.16,EUR,transfer
9126,25/04/2026,IT5678,-812.64,EUR,transfer
9127,22/01/2026,IT2345,-20.25,EUR,withdrawal
9128,12/05/2026,IT3456,390.59,EUR,transfer
9129,10/02/2026,IT1234,-551.65,EUR,withdrawal
9130,14/03/2026,IT1234,-127.2,EUR,transfer
9131,17/02/2026,IT1234,-253.86,EUR,transfer
9132,18/05/2026,IT6789,1273.3,EUR,transfer
9133,20/04/2026,IT5678,-664.94,EUR,withdrawal
9134,13/04/2026,IT8901,-1179.75,EUR,transfer
9135,30/01/2026,IT3456,-467.82,EUR,withdrawal
9136,11/01/2026,IT1234,503.96,EUR,transfer
9137,25/03/2026,IT2345,1048.84,EUR,transfer
9138,08/03/2026,IT7890,2605.99,EUR,deposit
9139,19/04/2026,IT8901,-1139.71,EUR,transfer
9140,10/05/2026,IT2345,3354.38,EUR,deposit
9141,18/03/2026,IT3456,-1028.94,EUR,withdrawal
9142,02/01/2026,IT6789,-103.01,EUR,withdrawal
9143,10/01/2026,IT5678,865.7,EUR,deposit
9144,10/01/2026,IT4567,1952.53,EUR,deposit
9145,11/05/2026,IT2345,1253.53,EUR,deposit
9146,11/01/2026,IT5678,1132.48,EUR,deposit
9147,21/05/2026,IT5678,-1203.29,EUR,withdrawal
9148,17/03/2026,IT2345,2545.91,EUR,deposit
9149,17/01/2026,IT5678,1360.94,EUR,deposit
9150,01/05/2026,IT8901,-593.95,EUR,transfer
9151,16/05/2026,IT1234,2003.35,EUR,deposit
9152,15/02/2026,IT2345,547.76,EUR,deposit
9153,20/02/2026,IT2345,-1766.94,EUR,withdrawal
9154,21/01/2026,IT8901,3953.34,EUR,deposit
9155,25/03/2026,IT1234,1256.83,EUR,transfer
9156,06/02/2026,IT5678,3491.29,EUR,deposit
9157,21/01/2026,IT8901,1012.91,EUR,transfer
9158,15/03/2026,IT7890,1705.39,EUR,deposit
9159,14/03/2026,IT6789,4316.81,EUR,deposit
9160,09/01/2026,IT3456,-1267.5,EUR,withdrawal
9161,22/02/2026,IT7890,-1961.16,EUR,withdrawal
9162,01/01/2026,IT4567,-1890.49,EUR,withdrawal
9163,17/04/2026,IT4567,3278.79,EUR,deposit
9164,15/04/2026,IT5678,-766.42,EUR,transfer
9165,10/05/2026,IT1234,2860.44,EUR,deposit
9166,06/02/2026,IT4567,4326.56,EUR,deposit
9167,26/03/2026,IT6789,3547.51,EUR,deposit
9168,25/03/2026,IT5678,3618.03,EUR,deposit
9169,23/05/2026,IT5678,-607.74,EUR,withdrawal
9170,18/02/2026,IT4567,-1297.92,EUR,withdrawal
9171,28/04/2026,IT7890,-701.82,EUR,withdrawal
9172,24/04/2026,IT6789,-74.99,EUR,withdrawal
9173,07/04/2026,IT3456,-1113.8,EUR,withdrawal
9174,08/03/2026,IT1234,-1971.37,EUR,withdrawal
9175,06/05/2026,IT7890,-1493.34,EUR,withdrawal
9176,11/04/2026,IT8901,3667.1,EUR,deposit
9177,29/01/2026,IT2345,-1038.31,EUR,transfer
9178,16/02/2026,IT4567,-1941.88,EUR,withdrawal
9179,21/05/2026,IT4567,-1988.86,EUR,withdrawal
9180,21/05/2026,IT1234,4270.93,EUR,deposit
9181,14/01/2026,IT5678,3682.58,EUR,deposit
9182,01/01/1750,IT1234,-823.71,EUR,withdrawal
9183,30/04/2026,IT5678,-698.88,EUR,transfer
9184,09/05/2026,IT3456,-92.85,EUR,withdrawal
9185,21/02/2026,IT7890,1399.04,EUR,transfer
9186,06/01/2026,IT1234,2831.19,EUR,deposit
9187,20/04/2026,IT7890,-269.67,EUR,transfer
9188,09/05/2026,IT8901,1502.45,EUR,deposit
9189,01/01/1750,IT5678,-700.06,EUR,withdrawal
9190,11/01/2026,IT7890,259.06,EUR,transfer
9191,07/05/2026,IT3456,378.8,EUR,transfer
9192,20/02/2026,IT1234,2721.92,EUR,deposit
9193,18/01/2026,IT6789,3340.31,EUR,deposit
9194,05/04/2026,IT6789,-693.63,EUR,transfer
9195,19/03/2026,IT7890,916.12,EUR,transfer
9196,13/03/2026,IT6789,-700.49,EUR,transfer
9197,01/02/2026,IT2345,1386.91,EUR,deposit
9198,10/05/2026,IT4567,-483.31,EUR,withdrawal
9199,05/01/2026,IT6789,4715.28,EUR,deposit
9200,24/04/2026,IT1234,-1503.1,EUR,withdrawal
9201,10/03/2026,IT3456,-1341.18,EUR,transfer
9202,08/02/2026,IT1234,-414.14,EUR,withdrawal
9203,13/04/2026,IT2345,359.5,EUR,transfer
9204,04/02/2026,IT3456,-1698.52,EUR,withdrawal
9205,04/04/2026,IT4567,-835.06,EUR,withdrawal
9206,04/01/2026,IT6789,-1259.21,EUR,withdrawal
9207,01/05/2026,IT4567,1894.53,EUR,deposit
9208,01/01/1750,IT1234,543.93,EUR,transfer
9209,12/05/2026,IT4567,4798.66,EUR,deposit
9210,13/01/2026,IT1234,-485.03,EUR,transfer
9211,06/04/2026,IT5678,-1952.92,EUR,withdrawal
9212,07/05/2026,IT5678,396.98,EUR,deposit
9213,29/05/2026,IT1234,-1608.67,EUR,withdrawal
9214,22/03/2026,IT7890,865.7,EUR,transfer
9215,17/03/2026,IT6789,-1591.22,EUR,withdrawal
9216,,IT3456,2151.7,EUR,deposit
9217,23/01/2026,IT5678,-1485.78,EUR,withdrawal
9218,09/05/2026,IT8901,-211.89,EUR,transfer
9219,14/01/2026,IT8901,426.33,EUR,transfer
9220,11/04/2026,IT6789,-1075.31,EUR,withdrawal
9221,21/02/2026,IT5678,-1664.48,EUR,withdrawal
9222,24/05/2026,IT7890,-1568.19,EUR,withdrawal
9223,06/02/2026,IT8901,2250.87,EUR,deposit
9224,16/02/2026,IT5678,-218.83,EUR,transfer
9225,23/05/2026,IT1234,251.31,EUR,transfer
9226,18/03/2026,IT5678,278.67,EUR,transfer
9227,25/03/2026,IT1234,1780.95,EUR,deposit
9228,30/03/2026,IT4567,422.1,EUR,transfer
9229,06/05/2026,IT7890,653.29,EUR,deposit
9230,20/05/2026,IT3456,1268.34,EUR,deposit
9231,15/02/2026,IT6789,-990.77,EUR,withdrawal
9232,02/04/2026,IT5678,3616.13,EUR,deposit
9233,07/05/2026,IT1234,4010.29,EUR,deposit
9234,07/01/2026,IT8901,-472.99,EUR,withdrawal
9235,15/01/2026,IT1234,-1821.21,EUR,withdrawal
9236,14/03/2026,IT1234,110.28,EUR,transfer
9237,11/01/2026,IT7890,-86.48,EUR,transfer
9238,23/04/2026,IT6789,-467.74,EUR,withdrawal
9239,02/03/2026,IT5678,-3.94,EUR,transfer
9240,08/04/2026,IT1234,-1867.3,EUR,withdrawal
9241,10/02/2026,IT2345,-355.1,EUR,withdrawal
9242,12/05/2026,IT4567,-458.65,EUR,transfer
9243,03/03/2026,IT2345,-424.92,EUR,withdrawal
9244,15/01/2026,IT3456,84.12,EUR,deposit
9245,15/05/2026,IT3456,-260.27,EUR,transfer
9246,04/02/2026,IT7890,-504.61,EUR,transfer
9247,09/05/2026,IT2345,418.69,EUR,transfer
9248,15/01/2026,IT3456,-745.78,EUR,withdrawal
9249,18/03/2026,IT3456,2906.97,EUR,deposit
9250,13/04/2026,IT6789,-359.43,EUR,transfer
9251,22/02/2026,IT4567,-151.01,EUR,withdrawal
9252,12/02/2026,IT2345,-467.5,EUR,withdrawal
9253,07/05/2026,IT7890,1124.61,EUR,deposit
9254,17/05/2026,IT3456,-1961.76,EUR,withdrawal
9255,08/04/2026,IT4567,-1163.24,EUR,withdrawal
9256,13/05/2026,IT7890,73.44,EUR,deposit
9257,07/02/2026,IT8901,170.21,EUR,transfer
9258,29/04/2026,IT5678,572.44,EUR,transfer
9259,28/04/2026,IT6789,-29.18,EUR,withdrawal
9260,11/05/2026,IT1234,-616.5,EUR,withdrawal
9261,17/04/2026,IT3456,575.23,EUR,transfer
9262,06/02/2026,IT2345,-754.77,EUR,withdrawal
9263,30/01/2026,IT8901,-905.69,EUR,withdrawal
9264,16/05/2026,IT8901,1029.4,EUR,transfer
9265,02/02/2026,IT2345,-557.58,EUR,withdrawal
9266,12/04/2026,IT4567,475.31,EUR,transfer
9267,11/04/2026,IT3456,-1242.18,EUR,withdrawal
9268,10/02/2026,IT3456,-729.14,EUR,withdrawal
9269,13/04/2026,IT7890,4199.37,EUR,deposit
9270,26/02/2026,IT6789,-407.93,EUR,withdrawal
9271,31/03/2026,IT1234,3843.77,EUR,deposit
9272,26/04/2026,IT6789,-1901.16,EUR,withdrawal
9273,08/05/2026,IT8901,3775.84,EUR,deposit
9274,30/03/2026,IT4567,350.72,EUR,transfer
9275,17/01/2026,IT5678,4392.71,EUR,deposit
9276,29/03/2026,IT6789,4397.25,EUR,deposit
9277,23/05/2026,IT6789,1548.89,EUR,deposit
9278,30/04/2026,IT2345,1421.84,EUR,deposit
9279,22/05/2026,IT5678,-840.19,EUR,withdrawal
9280,07/02/2026,IT4567,-175.75,EUR,transfer
9281,15/02/2026,IT6789,1150.53,EUR,transfer
9282,30/05/2026,IT4567,3891.78,EUR,deposit
9283,29/03/2026,IT6789,459.65,EUR,deposit
9284,09/05/2026,IT8901,-649.83,EUR,transfer
9285,08/05/2026,IT5678,-270.01,EUR,withdrawal
9286,15/05/2026,IT5678,3018.4,EUR,deposit
9287,15/04/2026,IT7890,-315.25,EUR,transfer
9288,02/05/2026,IT8901,2368.53,EUR,deposit
9289,28/05/2026,IT8901,-1152.56,EUR,withdrawal
9290,01/04/2026,IT1234,-286.73,EUR,withdrawal
9291,22/02/2026,IT8901,-1356.32,EUR,transfer
9292,15/05/2026,IT1234,-11.6,EUR,transfer
9293,16/04/2026,IT5678,-1810.86,EUR,withdrawal
9294,11/02/2026,IT5678,-1353.44,EUR,withdrawal
9295,01/01/1750,IT2345,-220.02,EUR,withdrawal
9296,01/01/1750,IT5678,-584.22,EUR,withdrawal
9297,22/04/2026,IT4567,1416.49,EUR,transfer
9298,29/04/2026,IT3456,-1685.33,EUR,withdrawal
9299,25/02/2026,IT6789,252.22,EUR,deposit
9300,10/05/2026,IT2345,-652.18,EUR,withdrawal
9301,09/01/2026,IT2345,4353.65,EUR,deposit
9302,21/02/2026,IT8901,-285.74,EUR,withdrawal
9303,30/04/2026,IT7890,-1812.53,EUR,withdrawal
9304,08/04/2026,IT6789,2887.5,EUR,deposit
9305,19/04/2026,IT8901,-429.27,EUR,transfer
9306,31/01/2026,IT4567,-1461.97,EUR,transfer
9307,26/02/2026,IT5678,1957.51,EUR,deposit
9308,05/01/2026,IT5678,761.48,EUR,transfer
9309,02/01/2026,IT5678,-683.21,EUR,withdrawal
9310,03/05/2026,IT2345,-412.82,EUR,transfer
9311,20/02/2026,IT6789,-400.63,EUR,withdrawal
9312,06/03/2026,IT1234,4522.19,EUR,deposit
9313,28/03/2026,IT6789,1632.05,EUR,deposit
9314,07/04/2026,IT7890,1393.7,EUR,deposit
9315,10/04/2026,IT4567,537.93,EUR,transfer
9316,23/05/2026,IT4567,376.57,EUR,transfer
9317,09/02/2026,IT8901,620.2,EUR,transfer
9318,19/01/2026,IT6789,1107.77,EUR,transfer
9319,27/02/2026,IT5678,3801.15,EUR,deposit
9320,06/05/2026,IT8901,-862.48,EUR,transfer
9321,24/01/2026,IT3456,3538.91,EUR,deposit
9322,07/02/2026,IT7890,1408.15,EUR,transfer
9323,22/04/2026,IT4567,-602.52,EUR,transfer
9324,29/04/2026,IT7890,-1416.75,EUR,withdrawal
9325,08/01/2026,IT2345,-127.53,EUR,withdrawal
9326,13/04/2026,IT8901,-106.03,EUR,withdrawal
9327,12/04/2026,IT3456,-531.0,EUR,withdrawal
9328,06/01/2026,IT4567,809.59,EUR,transfer
9329,19/01/2026,IT4567,708.46,EUR,deposit
9330,09/05/2026,IT1234,3680.53,EUR,deposit
9331,08/04/2026,IT2345,-678.26,EUR,withdrawal
9332,01/01/1750,IT2345,308.29,EUR,deposit
9333,27/03/2026,IT1234,-561.41,EUR,withdrawal
9334,06/02/2026,IT5678,435.3,EUR,transfer
9335,22/01/2026,IT8901,-1092.72,EUR,transfer
9336,,IT7890,-1375.17,EUR,transfer
9337,31/05/2026,IT8901,-368.89,EUR,withdrawal
9338,24/05/2026,IT4567,-436.87,EUR,withdrawal
9339,30/04/2026,IT3456,-221.27,EUR,withdrawal
9340,21/05/2026,IT5678,-1002.67,EUR,withdrawal
9341,01/01/1750,IT2345,-1920.45,EUR,withdrawal
9342,30/03/2026,IT5678,1220.89,EUR,deposit
9343,19/03/2026,IT1234,826.54,EUR,transfer
9344,08/02/2026,IT5678,-191.01,EUR,withdrawal
9345,09/02/2026,IT1234,1490.17,EUR,transfer
9346,18/04/2026,IT2345,-984.57,EUR,withdrawal
9347,22/05/2026,IT6789,4042.3,EUR,deposit
9348,11/01/2026,IT1234,2871.27,EUR,deposit
9349,03/02/2026,IT7890,3483.65,EUR,deposit
9350,20/04/2026,IT2345,-1362.74,EUR,transfer
9351,27/05/2026,IT6789,-1123.96,EUR,withdrawal
9352,05/04/2026,IT3456,-1928.11,EUR,withdrawal
9353,31/03/2026,IT5678,683.54,EUR,transfer
9354,20/01/2026,IT1234,-708.09,EUR,withdrawal
9355,16/03/2026,IT1234,381.8,EUR,transfer
9356,24/05/2026,IT7890,-1217.4,EUR,withdrawal
9357,24/05/2026,IT3456,4144.88,EUR,deposit
9358,14/02/2026,IT6789,-604.53,EUR,withdrawal
9359,10/05/2026,IT6789,4404.98,EUR,deposit
9360,23/02/2026,IT6789,3557.61,EUR,deposit
9361,19/01/2026,IT4567,16.63,EUR,transfer
9362,04/03/2026,IT3456,-1105.67,EUR,withdrawal
9363,05/04/2026,IT6789,4585.85,EUR,deposit
9364,26/01/2026,IT1234,1247.02,EUR,transfer
9365,22/03/2026,IT2345,-432.56,EUR,transfer
9366,05/01/2026,IT2345,-451.27,EUR,transfer
9367,05/02/2026,IT6789,-335.94,EUR,transfer
9368,30/05/2026,IT5678,-1701.27,EUR,withdrawal
9369,19/01/2026,IT8901,2389.06,EUR,deposit
9370,15/04/2026,IT6789,1096.02,EUR,transfer
9371,08/05/2026,IT2345,-1397.46,EUR,transfer
9372,08/02/2026,IT2345,-1563.47,EUR,withdrawal
9373,09/04/2026,IT7890,555.32,EUR,transfer
9374,30/04/2026,IT7890,-1066.45,EUR,transfer
9375,28/02/2026,IT8901,-1296.79,EUR,transfer
9376,04/01/2026,IT6789,2519.02,EUR,deposit
9377,25/03/2026,IT4567,-1523.5,EUR,withdrawal
9378,02/03/2026,IT6789,1802.89,EUR,deposit
9379,23/03/2026,IT4567,491.85,EUR,transfer
9380,22/01/2026,IT1234,-1083.84,EUR,withdrawal
9381,05/01/2026,IT4567,1723.96,EUR,deposit
9382,04/05/2026,IT8901,-754.56,EUR,withdrawal
9383,20/05/2026,IT6789,-695.73,EUR,withdrawal
9384,18/03/2026,IT5678,320.71,EUR,transfer
9385,14/04/2026,IT1234,427.72,EUR,transfer
9386,12/01/2026,IT3456,2204.88,EUR,deposit
9387,20/01/2026,IT4567,-978.8,EUR,withdrawal
9388,03/03/2026,IT4567,-1880.72,EUR,withdrawal
9389,28/05/2026,IT8901,876.7,EUR,transfer
9390,22/05/2026,IT6789,150.66,EUR,transfer
9391,27/05/2026,IT7890,-308.25,EUR,transfer
9392,27/01/2026,IT7890,-355.98,EUR,transfer
9393,15/01/2026,IT1234,2560.45,EUR,deposit
9394,09/05/2026,IT2345,-1785.27,EUR,withdrawal
9395,12/04/2026,IT5678,569.72,EUR,transfer
9396,20/05/2026,IT1234,4072.13,EUR,deposit
9397,08/04/2026,IT4567,1423.29,EUR,transfer
9398,25/05/2026,IT5678,-936.49,EUR,withdrawal
9399,18/01/2026,IT6789,-602.61,EUR,withdrawal
9400,01/02/2026,IT4567,-1120.3,EUR,withdrawal
9401,10/04/2026,IT5678,-1631.77,EUR,withdrawal
9402,26/05/2026,IT4567,-423.22,EUR,transfer
9403,13/04/2026,IT8901,-481.76,EUR,withdrawal
9404,13/01/2026,IT7890,-247.27,EUR,withdrawal
9405,19/05/2026,IT2345,-522.97,EUR,transfer
9406,12/04/2026,IT6789,-273.97,EUR,withdrawal
9407,07/04/2026,IT6789,152.58,EUR,transfer
9408,02/03/2026,IT5678,2313.93,EUR,deposit
9409,02/02/2026,IT5678,-220.87,EUR,withdrawal
9410,02/04/2026,IT4567,4866.77,EUR,deposit
9411,09/04/2026,IT8901,-1128.85,EUR,withdrawal
9412,08/05/2026,IT1234,-1892.29,EUR,withdrawal
9413,09/04/2026,IT6789,-57.15,EUR,transfer
9414,05/01/2026,IT4567,-1405.61,EUR,withdrawal
9415,30/04/2026,IT6789,187.81,EUR,transfer
9416,16/02/2026,IT1234,3121.98,EUR,deposit
9417,12/05/2026,IT7890,2075.16,EUR,deposit
9418,25/04/2026,IT1234,1378.88,EUR,transfer
9419,02/04/2026,IT1234,1400.25,EUR,deposit
9420,04/03/2026,IT3456,489.04,EUR,deposit
9421,19/03/2026,IT8901,998.22,EUR,transfer
9422,07/05/2026,IT7890,3599.92,EUR,deposit
9423,09/04/2026,IT2345,-1948.75,EUR,withdrawal
9424,25/05/2026,IT8901,-1531.58,EUR,withdrawal
9425,03/03/2026,IT6789,-1226.82,EUR,withdrawal
9426,13/05/2026,IT5678,23%02))12,EUR,withdrawal
9427,21/04/2026,IT5678,-1019.88,EUR,withdrawal
9428,01/01/1750,IT6789,421.89,EUR,transfer
9429,21/01/2026,IT3456,462.89,EUR,deposit
9430,10/01/2026,IT3456,-763.58,EUR,withdrawal
9431,31/01/2026,IT1234,575.15,EUR,transfer
9432,16/01/2026,IT2345,-789.14,EUR,withdrawal
9433,10/04/2026,IT5678,-438.22,EUR,transfer
9434,30/05/2026,IT4567,1179.69,EUR,transfer
9435,03/02/2026,IT8901,1396.83,EUR,transfer
9436,17/01/2026,IT7890,2191.74,EUR,deposit
9437,27/04/2026,IT4567,5.6,EUR,transfer
9438,01/01/2026,IT7890,-335.81,EUR,withdrawal
9439,27/05/2026,IT1234,-894.45,EUR,transfer
9440,12/05/2026,IT5678,-412.26,EUR,transfer
9441,17/01/2026,IT7890,3429.6,EUR,deposit
9442,18/03/2026,IT3456,2759.3,EUR,deposit
9443,15/02/2026,IT2345,2783.67,EUR,deposit
9444,25/04/2026,IT8901,4344.21,EUR,deposit
9445,11/04/2026,IT5678,807.59,EUR,transfer
9446,05/02/2026,IT1234,4071.3,EUR,deposit
9447,12/01/2026,IT1234,-830.98,EUR,withdrawal
9448,14/01/2026,IT1234,3857.83,EUR,deposit
9449,29/04/2026,IT3456,,EUR,transfer
9450,27/05/2026,IT2345,-844.43,EUR,withdrawal
9451,08/04/2026,IT1234,-799.2,EUR,transfer
9452,14/04/2026,IT4567,3038.69,EUR,deposit
9453,03/02/2026,IT7890,-983.26,EUR,withdrawal
9454,14/04/2026,IT6789,-1465.82,EUR,withdrawal
9455,14/05/2026,IT8901,3880.88,EUR,deposit
9456,05/01/2026,IT7890,-874.71,EUR,withdrawal
9457,24/01/2026,IT4567,-1482.27,EUR,withdrawal
9458,22/02/2026,IT1234,-462.7,EUR,withdrawal
9459,09/01/2026,IT7890,836.79,EUR,transfer
9460,26/03/2026,IT4567,1140.13,EUR,deposit
9461,28/03/2026,IT4567,-1180.3,EUR,transfer
9462,30/01/2026,IT4567,-1690.54,EUR,withdrawal
9463,09/01/2026,IT3456,3140.6,EUR,deposit
9464,08/05/2026,IT7890,-839.41,EUR,withdrawal
9465,02/01/2026,IT6789,-217.41,EUR,withdrawal
9466,26/04/2026,IT2345,-754.35,EUR,withdrawal
9467,29/01/2026,IT1234,-1746.12,EUR,withdrawal
9468,12/01/2026,IT3456,-269.61,EUR,withdrawal
9469,04/01/2026,IT6789,940.64,EUR,transfer
9470,26/01/2026,IT7890,-892.23,EUR,transfer
9471,20/02/2026,IT5678,1213.27,EUR,transfer
9472,01/01/1750,IT7890,1843.15,EUR,deposit
9473,19/05/2026,IT5678,-1248.32,EUR,transfer
9474,01/01/1750,IT4567,-198.58,EUR,withdrawal
9475,28/05/2026,IT5678,-300.79,EUR,transfer
9476,21/04/2026,IT7890,3200.26,EUR,deposit
9477,08/04/2026,IT3456,-960.58,EUR,withdrawal
9478,28/02/2026,IT1234,646.84,EUR,transfer
9479,26/03/2026,IT1234,990.82,EUR,transfer
9480,07/01/2026,IT2345,-1214.57,EUR,transfer
9481,24/04/2026,IT4567,-1406.64,EUR,withdrawal
9482,05/02/2026,IT1234,-983.93,EUR,withdrawal
9483,14/02/2026,IT1234,-72.2,EUR,withdrawal
9484,23/01/2026,IT5678,-738.52,EUR,withdrawal
9485,01/01/2026,IT3456,-103.84,EUR,transfer
9486,04/04/2026,IT2345,-1288.63,EUR,transfer
9487,11/01/2026,IT4567,-234.17,EUR,transfer
9488,18/02/2026,IT5678,-232.19,EUR,transfer
9489,05/02/2026,IT2345,-1469.51,EUR,transfer
9490,14/01/2026,IT7890,312.29,EUR,transfer
9491,24/05/2026,IT2345,1618.91,EUR,deposit
9492,27/01/2026,IT7890,4099.68,EUR,deposit
9493,14/03/2026,IT3456,1720.34,EUR,deposit
9494,07/02/2026,IT8901,1321.0,EUR,transfer
9495,21/02/2026,IT1234,3543.59,EUR,deposit
9496,25/02/2026,IT2345,3979.4,EUR,deposit
9497,21/04/2026,IT5678,448.05,EUR,transfer
9498,07/05/2026,IT2345,1444.99,EUR,deposit
9499,,IT4567,23%02))12,EUR,withdrawal
9500,14/03/2026,IT6789,1397.89,EUR,deposit
9501,18/04/2026,IT8901,877.95,EUR,deposit
9502,25/01/2026,IT3456,-25.56,EUR,transfer
9503,28/03/2026,IT1234,-477.58,EUR,withdrawal
9504,30/01/2026,IT6789,4439.29,EUR,deposit
9505,11/03/2026,IT7890,-316.76,EUR,withdrawal
9506,02/04/2026,IT7890,-1398.71,EUR,transfer
9507,13/01/2026,IT1234,477.68,EUR,transfer
9508,09/02/2026,IT3456,-52.15,EUR,withdrawal
9509,20/03/2026,IT4567,2037.08,EUR,deposit
9510,08/05/2026,IT1234,897.09,EUR,transfer
9511,16/04/2026,IT5678,3675.5,EUR,deposit
9512,22/03/2026,IT3456,296.29,EUR,transfer
9513,01/05/2026,IT4567,4779.39,EUR,deposit
9514,13/05/2026,IT6789,-370.9,EUR,withdrawal
9515,04/03/2026,IT2345,96.36,EUR,transfer
9516,08/02/2026,IT4567,377.07,EUR,transfer
9517,23/02/2026,IT2345,-65.56,EUR,transfer
9518,30/05/2026,IT5678,-783.35,EUR,transfer
9519,14/03/2026,IT7890,3130.13,EUR,deposit
9520,01/04/2026,IT6789,-1602.76,EUR,withdrawal
9521,13/05/2026,IT4567,-742.28,EUR,withdrawal
9522,29/04/2026,IT8901,4356.27,EUR,deposit
9523,23/01/2026,IT2345,-1884.43,EUR,withdrawal
9524,15/02/2026,IT6789,633.29,EUR,transfer
9525,11/04/2026,IT8901,4575.28,EUR,deposit
9526,20/02/2026,IT1234,-943.49,EUR,transfer
9527,22/02/2026,IT1234,-975.65,EUR,withdrawal
9528,21/05/2026,IT2345,337.3,EUR,deposit
9529,14/03/2026,IT4567,3047.75,EUR,deposit
9530,28/02/2026,IT3456,-710.52,EUR,withdrawal
9531,29/05/2026,IT1234,773.24,EUR,transfer
9532,27/05/2026,IT3456,-1534.86,EUR,withdrawal
9533,07/04/2026,IT3456,-961.11,EUR,withdrawal
9534,06/04/2026,IT4567,-1273.82,EUR,withdrawal
9535,07/05/2026,IT3456,244.62,EUR,transfer
9536,22/01/2026,IT2345,4975.22,EUR,deposit
9537,02/03/2026,IT8901,1050.85,EUR,deposit
9538,10/03/2026,IT4567,-252.95,EUR,withdrawal
9539,11/05/2026,IT4567,1601.13,EUR,deposit
9540,12/05/2026,IT1234,438.82,EUR,deposit
9541,28/04/2026,IT4567,-197.46,EUR,withdrawal
9542,19/03/2026,IT2345,3325.7,EUR,deposit
9543,13/01/2026,IT1234,-1583.06,EUR,withdrawal
9544,28/05/2026,IT8901,-646.7,EUR,transfer
9545,20/01/2026,IT1234,678.8,EUR,transfer
9546,08/02/2026,IT2345,889.94,EUR,transfer
9547,26/01/2026,IT4567,-234.36,EUR,withdrawal
9548,23/01/2026,IT3456,2764.99,EUR,deposit
9549,14/05/2026,IT3456,1073.92,EUR,transfer
9550,18/05/2026,IT3456,-32.64,EUR,transfer
9551,04/01/2026,IT8901,-1015.0,EUR,withdrawal
9552,05/04/2026,IT6789,-1472.34,EUR,withdrawal
9553,18/04/2026,IT1234,516.13,EUR,transfer
9554,25/03/2026,IT1234,-766.51,EUR,withdrawal
9555,09/03/2026,IT8901,-1730.26,EUR,withdrawal
9556,,IT1234,1945.92,EUR,deposit
9557,15/03/2026,IT7890,-688.28,EUR,withdrawal
9558,22/02/2026,IT4567,1087.8,EUR,transfer
9559,25/04/2026,IT5678,862.7,EUR,transfer
9560,14/04/2026,IT8901,-1005.48,EUR,transfer
9561,15/05/2026,IT5678,-695.19,EUR,withdrawal
9562,03/03/2026,IT6789,-1316.37,EUR,transfer
9563,06/02/2026,IT8901,-1778.99,EUR,withdrawal
9564,28/03/2026,IT8901,1101.96,EUR,transfer
9565,22/02/2026,IT5678,573.91,EUR,deposit
9566,20/01/2026,IT4567,-1272.63,EUR,withdrawal
9567,15/04/2026,IT3456,1900.21,EUR,deposit
9568,11/01/2026,IT4567,1213.28,EUR,deposit
9569,16/01/2026,IT1234,4241.22,EUR,deposit
9570,20/01/2026,IT2345,-1735.88,EUR,withdrawal
9571,11/03/2026,IT3456,238.09,EUR,transfer
9572,03/05/2026,IT5678,-532.74,EUR,transfer
9573,07/02/2026,IT5678,4341.38,EUR,deposit
9574,10/05/2026,IT3456,-1099.68,EUR,transfer
9575,07/01/2026,IT4567,1004.7,EUR,transfer
9576,16/01/2026,IT4567,-557.7,EUR,transfer
9577,12/01/2026,IT3456,-1350.28,EUR,withdrawal
9578,14/04/2026,IT5678,2085.56,EUR,deposit
9579,07/03/2026,IT8901,4045.89,EUR,deposit
9580,17/05/2026,IT2345,-140.78,EUR,withdrawal
9581,21/05/2026,IT4567,3305.97,EUR,deposit
9582,12/05/2026,IT8901,4375.0,EUR,deposit
9583,04/02/2026,IT7890,4350.33,EUR,deposit
9584,24/03/2026,IT6789,779.89,EUR,deposit
9585,22/05/2026,IT8901,2752.43,EUR,deposit
9586,28/04/2026,IT5678,-35.06,EUR,withdrawal
9587,28/02/2026,IT8901,2276.64,EUR,deposit
9588,10/05/2026,IT4567,674.4,EUR,transfer
9589,30/01/2026,IT2345,-703.37,EUR,withdrawal
9590,11/03/2026,IT2345,-1043.31,EUR,transfer
9591,21/02/2026,IT1234,730.56,EUR,transfer
9592,14/02/2026,IT6789,974.74,EUR,transfer
9593,26/01/2026,IT4567,12.98,EUR,transfer
9594,31/05/2026,IT6789,-1039.73,EUR,transfer
9595,12/04/2026,IT2345,-1522.77,EUR,withdrawal
9596,09/04/2026,IT4567,1046.66,EUR,transfer
9597,05/02/2026,IT1234,-1926.83,EUR,withdrawal
9598,29/04/2026,IT8901,767.53,EUR,transfer
9599,27/04/2026,IT7890,2822.09,EUR,deposit
9600,28/03/2026,IT5678,-1956.39,EUR,withdrawal
9601,20/05/2026,IT3456,-566.24,EUR,transfer
9602,27/05/2026,IT2345,-1646.52,EUR,withdrawal
9603,15/02/2026,IT7890,-920.44,EUR,withdrawal
9604,27/03/2026,IT1234,959.29,EUR,deposit
9605,11/03/2026,IT7890,3112.34,EUR,deposit
9606,13/05/2026,IT8901,-120.94,EUR,transfer
9607,18/01/2026,IT2345,-1507.0,EUR,withdrawal
9608,27/02/2026,IT1234,2561.78,EUR,deposit
9609,01/01/1750,IT7890,-1326.53,EUR,transfer
9610,17/02/2026,IT8901,444.39,EUR,transfer
9611,08/02/2026,IT8901,-764.78,EUR,transfer
9612,07/05/2026,IT8901,223.32,EUR,transfer
9613,14/03/2026,IT6789,1274.59,EUR,transfer
9614,01/04/2026,IT4567,-1463.0,EUR,transfer
9615,18/01/2026,IT5678,79.07,EUR,deposit
9616,06/02/2026,IT1234,623.64,EUR,transfer
9617,11/02/2026,IT1234,-1104.66,EUR,withdrawal
9618,28/03/2026,IT4567,-107.86,EUR,transfer
9619,22/02/2026,IT1234,619.16,EUR,deposit
9620,11/03/2026,IT3456,-1075.53,EUR,withdrawal
9621,26/04/2026,IT8901,11.84,EUR,transfer
9622,10/01/2026,IT3456,1490.33,EUR,deposit
9623,19/02/2026,IT5678,-1474.1,EUR,withdrawal
9624,23/05/2026,IT7890,581.66,EUR,transfer
9625,29/01/2026,IT1234,952.4,EUR,deposit
9626,21/02/2026,IT1234,-122.44,EUR,transfer
9627,26/02/2026,IT3456,-1169.54,EUR,transfer
9628,30/01/2026,IT4567,4173.43,EUR,deposit
9629,21/04/2026,IT1234,-1616.53,EUR,withdrawal
9630,13/04/2026,IT2345,1605.34,EUR,deposit
9631,21/04/2026,IT6789,340.04,EUR,deposit
9632,10/04/2026,IT5678,-463.72,EUR,withdrawal
9633,03/05/2026,IT2345,1339.0,EUR,transfer
9634,29/05/2026,IT2345,-1066.66,EUR,transfer
9635,08/04/2026,IT3456,2900.85,EUR,deposit
9636,07/05/2026,IT4567,-822.72,EUR,transfer
9637,06/01/2026,IT2345,2811.84,EUR,deposit
9638,13/03/2026,IT2345,-1601.44,EUR,withdrawal
9639,31/01/2026,IT5678,-1670.1,EUR,withdrawal
9640,04/03/2026,IT3456,2645.15,EUR,deposit
9641,29/01/2026,IT1234,496.85,EUR,transfer
9642,25/01/2026,IT7890,4097.87,EUR,deposit
9643,23/05/2026,IT6789,-1555.52,EUR,withdrawal
9644,18/02/2026,IT2345,3747.08,EUR,deposit
9645,18/05/2026,IT6789,719.9,EUR,deposit
9646,17/02/2026,IT8901,-1087.94,EUR,transfer
9647,19/02/2026,IT3456,845.58,EUR,transfer
9648,21/05/2026,IT1234,-165.0,EUR,transfer
9649,07/04/2026,IT1234,-1197.92,EUR,withdrawal
9650,06/05/2026,IT8901,-1426.77,EUR,withdrawal
9651,25/03/2026,IT3456,-376.28,EUR,withdrawal
9652,13/04/2026,IT6789,-1540.28,EUR,withdrawal
9653,18/04/2026,IT8901,-1876.02,EUR,withdrawal
9654,07/01/2026,IT8901,367.02,EUR,transfer
9655,11/01/2026,IT4567,-772.4,EUR,transfer
9656,01/01/1750,IT6789,882.17,EUR,transfer
9657,29/01/2026,IT5678,984.83,EUR,transfer
9658,07/02/2026,IT4567,-1586.24,EUR,withdrawal
9659,16/03/2026,IT5678,-1481.49,EUR,withdrawal
9660,12/04/2026,IT3456,1022.64,EUR,deposit
9661,14/04/2026,IT5678,1414.53,EUR,deposit
9662,09/02/2026,IT3456,-205.69,EUR,withdrawal
9663,22/02/2026,IT6789,1261.65,EUR,deposit
9664,23/04/2026,IT3456,1090.48,EUR,deposit
9665,13/01/2026,IT1234,-1199.82,EUR,transfer
9666,27/01/2026,IT1234,4959.12,EUR,deposit
9667,14/01/2026,IT7890,1193.81,EUR,transfer
9668,31/05/2026,IT3456,-85.87,EUR,withdrawal
9669,09/05/2026,IT5678,-1325.66,EUR,transfer
9670,20/02/2026,IT1234,723.05,EUR,deposit
9671,19/02/2026,IT2345,371.25,EUR,transfer
9672,17/03/2026,IT2345,189.41,EUR,deposit
9673,10/03/2026,IT5678,-969.38,EUR,withdrawal
9674,26/03/2026,IT4567,-1463.18,EUR,withdrawal
9675,06/05/2026,IT2345,2784.59,EUR,deposit
9676,09/02/2026,IT3456,2857.44,EUR,deposit
9677,15/02/2026,IT8901,3560.01,EUR,deposit
9678,05/04/2026,IT4567,-1346.89,EUR,withdrawal
9679,17/05/2026,IT4567,-842.64,EUR,withdrawal
9680,30/04/2026,IT7890,3719.32,EUR,deposit
9681,24/02/2026,IT1234,-1588.34,EUR,withdrawal
9682,08/01/2026,IT8901,-1966.08,EUR,withdrawal
9683,30/04/2026,IT5678,1127.63,EUR,transfer
9684,19/01/2026,IT5678,-1368.91,EUR,withdrawal
9685,01/01/1750,IT7890,-425.22,EUR,withdrawal
9686,22/01/2026,IT8901,507.37,EUR,transfer
9687,04/04/2026,IT7890,-1300.28,EUR,transfer
9688,29/05/2026,IT5678,-466.1,EUR,withdrawal
9689,14/01/2026,IT4567,-326.44,EUR,transfer
9690,10/02/2026,IT7890,-209.53,EUR,withdrawal
9691,02/05/2026,IT7890,-1458.29,EUR,withdrawal
9692,17/01/2026,IT2345,-1777.64,EUR,withdrawal
9693,12/03/2026,IT1234,3931.38,EUR,deposit
9694,11/03/2026,IT4567,-90.01,EUR,withdrawal
9695,08/02/2026,IT1234,-1454.55,EUR,withdrawal
9696,12/02/2026,IT8901,-1744.42,EUR,withdrawal
9697,08/02/2026,IT5678,2836.3,EUR,deposit
9698,02/04/2026,IT1234,1092.98,EUR,transfer
9699,07/02/2026,IT6789,-1783.83,EUR,withdrawal
9700,15/02/2026,IT4567,134.71,EUR,transfer
9701,04/02/2026,IT5678,729.58,EUR,transfer
9702,19/04/2026,IT5678,-1328.78,EUR,transfer
9703,22/01/2026,IT2345,-1104.3,EUR,withdrawal
9704,27/01/2026,IT3456,2199.7,EUR,deposit
9705,20/04/2026,IT8901,-1540.29,EUR,withdrawal
9706,14/02/2026,IT4567,-37.25,EUR,withdrawal
9707,15/02/2026,IT7890,-744.09,EUR,transfer
9708,03/05/2026,IT2345,3718.6,EUR,deposit
9709,02/04/2026,IT8901,2337.05,EUR,deposit
9710,05/03/2026,IT5678,-1699.01,EUR,withdrawal
9711,18/01/2026,IT6789,-49.86,EUR,withdrawal
9712,06/05/2026,IT4567,1444.5,EUR,transfer
9713,06/05/2026,IT8901,2777.46,EUR,deposit
9714,11/02/2026,IT7890,-1198.12,EUR,withdrawal
9715,02/01/2026,IT1234,-1698.96,EUR,withdrawal
9716,11/02/2026,IT4567,4046.02,EUR,deposit
9717,15/03/2026,IT4567,494.84,EUR,deposit
9718,31/01/2026,IT2345,329.08,EUR,transfer
9719,07/01/2026,IT1234,1480.39,EUR,transfer
9720,21/02/2026,IT7890,1018.07,EUR,transfer
9721,25/02/2026,IT4567,2875.79,EUR,deposit
9722,05/04/2026,IT8901,1699.0,EUR,deposit
9723,30/01/2026,IT1234,1093.81,EUR,transfer
9724,04/05/2026,IT6789,1222.36,EUR,deposit
9725,11/02/2026,IT1234,-1612.13,EUR,withdrawal
9726,18/02/2026,IT6789,-1263.11,EUR,withdrawal
9727,24/04/2026,IT3456,-1521.74,EUR,withdrawal
9728,12/02/2026,IT8901,3711.74,EUR,deposit
9729,08/02/2026,IT8901,795.32,EUR,deposit
9730,24/03/2026,IT6789,-914.16,EUR,withdrawal
9731,26/02/2026,IT4567,-315.87,EUR,transfer
9732,01/05/2026,IT3456,2957.36,EUR,deposit
9733,12/02/2026,IT1234,1823.82,EUR,deposit
9734,01/05/2026,IT3456,4881.9,EUR,deposit
9735,16/01/2026,IT3456,,EUR,deposit
9736,13/04/2026,IT1234,595.07,EUR,deposit
9737,20/02/2026,IT3456,-333.64,EUR,withdrawal
9738,18/04/2026,IT4567,-1131.57,EUR,withdrawal
9739,24/01/2026,IT6789,2144.2,EUR,deposit
9740,05/05/2026,IT5678,-1059.41,EUR,withdrawal
9741,16/01/2026,IT5678,3150.12,EUR,deposit
9742,18/01/2026,IT5678,2447.49,EUR,deposit
9743,20/02/2026,IT6789,2963.32,EUR,deposit
9744,28/03/2026,IT8901,-1412.37,EUR,transfer
9745,10/04/2026,IT2345,-952.31,EUR,withdrawal
9746,27/04/2026,IT7890,-27.17,EUR,transfer
9747,19/02/2026,IT4567,-1903.68,EUR,withdrawal
9748,01/04/2026,IT7890,-1837.73,EUR,withdrawal
9749,22/01/2026,IT4567,1286.41,EUR,transfer
9750,24/01/2026,IT4567,2214.87,EUR,deposit
9751,27/03/2026,IT2345,-438.8,EUR,withdrawal
9752,21/01/2026,IT6789,-537.06,EUR,transfer
9753,06/04/2026,IT5678,1017.47,EUR,deposit
9754,15/02/2026,IT3456,1356.33,EUR,transfer
9755,29/04/2026,IT6789,-1515.58,EUR,withdrawal
9756,30/03/2026,IT4567,594.8,EUR,transfer
9757,15/04/2026,IT6789,-675.91,EUR,transfer
9758,13/02/2026,IT7890,1022.39,EUR,transfer
9759,03/02/2026,IT2345,-1465.4,EUR,withdrawal
9760,15/05/2026,IT8901,-1959.48,EUR,withdrawal
9761,01/01/2026,IT5678,1011.44,EUR,transfer
9762,09/03/2026,IT6789,-454.21,EUR,withdrawal
9763,13/02/2026,IT6789,210.97,EUR,transfer
9764,01/05/2026,IT6789,1388.59,EUR,transfer
9765,07/04/2026,IT8901,1270.88,EUR,transfer
9766,27/02/2026,IT4567,4402.06,EUR,deposit
9767,19/01/2026,IT1234,-1411.7,EUR,withdrawal
9768,08/04/2026,IT6789,-209.23,EUR,withdrawal
9769,19/04/2026,IT4567,-217.45,EUR,withdrawal
9770,11/02/2026,IT3456,-470.32,EUR,transfer
9771,11/05/2026,IT3456,1092.3,EUR,transfer
9772,08/02/2026,IT6789,-268.2,EUR,withdrawal
9773,07/05/2026,IT6789,-721.4,EUR,withdrawal
9774,22/01/2026,IT6789,460.26,EUR,deposit
9775,04/05/2026,IT8901,1608.58,EUR,deposit
9776,07/04/2026,IT3456,804.36,EUR,deposit
9777,19/02/2026,IT1234,781.01,EUR,transfer
9778,10/05/2026,IT6789,-1159.58,EUR,withdrawal
9779,10/01/2026,IT8901,200.46,EUR,deposit
9780,03/05/2026,IT5678,3849.78,EUR,deposit
9781,15/02/2026,IT5678,1473.52,EUR,transfer
9782,24/02/2026,IT6789,-675.78,EUR,withdrawal
9783,13/01/2026,IT7890,-735.47,EUR,withdrawal
9784,05/05/2026,IT3456,1022.99,EUR,transfer
9785,27/04/2026,IT3456,-96.42,EUR,withdrawal
9786,25/02/2026,IT2345,-187.68,EUR,withdrawal
9787,01/01/1750,IT1234,-1736.64,EUR,withdrawal
9788,16/01/2026,IT8901,3941.67,EUR,deposit
9789,,IT8901,1301.45,EUR,transfer
9790,27/05/2026,IT3456,-1835.57,EUR,withdrawal
9791,18/02/2026,IT6789,-1077.18,EUR,withdrawal
9792,22/02/2026,IT5678,-431.0,EUR,transfer
9793,31/01/2026,IT3456,-1257.48,EUR,transfer
9794,21/03/2026,IT5678,1323.57,EUR,deposit
9795,25/05/2026,IT1234,-295.08,EUR,transfer
9796,03/05/2026,IT4567,-589.53,EUR,withdrawal
9797,15/01/2026,IT2345,-1197.12,EUR,withdrawal
9798,10/01/2026,IT1234,50.27,EUR,transfer
9799,18/03/2026,IT1234,140.12,EUR,deposit
9800,13/04/2026,IT4567,-1039.58,EUR,transfer
9801,16/05/2026,IT1234,-1460.19,EUR,transfer
9802,17/04/2026,IT8901,368.38,EUR,transfer
9803,16/02/2026,IT3456,2943.24,EUR,deposit
9804,22/05/2026,IT1234,1400.79,EUR,deposit
9805,24/05/2026,IT4567,-981.17,EUR,withdrawal
9806,05/02/2026,IT5678,75.59,EUR,transfer
9807,22/01/2026,IT3456,-154.59,EUR,transfer
9808,12/05/2026,IT8901,329.82,EUR,deposit
9809,23/02/2026,IT7890,784.96,EUR,transfer
9810,20/02/2026,IT5678,1249.72,EUR,transfer
9811,06/01/2026,IT7890,3005.64,EUR,deposit
9812,14/02/2026,IT8901,1350.43,EUR,transfer
9813,08/04/2026,IT1234,,EUR,transfer
9814,04/02/2026,IT8901,-646.81,EUR,withdrawal
9815,02/04/2026,IT1234,1496.36,EUR,transfer
9816,18/04/2026,IT6789,-1058.24,EUR,withdrawal
9817,22/03/2026,IT3456,3677.11,EUR,deposit
9818,07/02/2026,IT2345,-244.4,EUR,withdrawal
9819,05/03/2026,IT1234,-1702.41,EUR,withdrawal
9820,04/05/2026,IT1234,1338.4,EUR,transfer
9821,28/02/2026,IT8901,2070.58,EUR,deposit
9822,20/01/2026,IT2345,-358.74,EUR,transfer
9823,13/02/2026,IT6789,-75.96,EUR,withdrawal
9824,20/04/2026,IT6789,2245.89,EUR,deposit
9825,05/03/2026,IT7890,-1607.26,EUR,withdrawal
9826,17/01/2026,IT6789,96.5,EUR,deposit
9827,25/01/2026,IT8901,-240.23,EUR,withdrawal
9828,30/01/2026,IT6789,4072.28,EUR,deposit
9829,16/04/2026,IT4567,-351.95,EUR,withdrawal
9830,09/05/2026,IT2345,1279.75,EUR,transfer
9831,01/02/2026,IT4567,1068.97,EUR,deposit
9832,28/05/2026,IT3456,-183.66,EUR,withdrawal
9833,05/02/2026,IT2345,4010.04,EUR,deposit
9834,14/05/2026,IT6789,-504.88,EUR,transfer
9835,13/01/2026,IT3456,-1160.91,EUR,withdrawal
9836,04/03/2026,IT2345,-825.5,EUR,withdrawal
9837,27/02/2026,IT7890,-527.93,EUR,transfer
9838,15/05/2026,IT2345,-295.4,EUR,withdrawal
9839,07/04/2026,IT3456,-1898.07,EUR,withdrawal
9840,30/01/2026,IT1234,-1306.36,EUR,withdrawal
9841,14/03/2026,IT7890,565.27,EUR,transfer
9842,11/02/2026,IT1234,2306.86,EUR,deposit
9843,05/03/2026,IT2345,-1948.71,EUR,withdrawal
9844,01/05/2026,IT1234,665.89,EUR,deposit
9845,04/04/2026,IT2345,-632.48,EUR,transfer
9846,16/01/2026,IT8901,-424.16,EUR,withdrawal
9847,02/02/2026,IT2345,-990.67,EUR,transfer
9848,12/03/2026,IT1234,-143.23,EUR,transfer
9849,09/03/2026,IT4567,851.66,EUR,transfer
9850,06/01/2026,IT1234,1082.27,EUR,transfer
9851,01/02/2026,IT8901,1152.38,EUR,transfer
9852,08/01/2026,IT6789,2720.22,EUR,deposit
9853,04/03/2026,IT3456,572.64,EUR,deposit
9854,16/01/2026,IT4567,488.17,EUR,transfer
9855,08/05/2026,IT2345,-571.66,EUR,withdrawal
9856,15/01/2026,IT4567,-204.21,EUR,transfer
9857,28/02/2026,IT1234,-1474.97,EUR,withdrawal
9858,21/05/2026,IT1234,-235.84,EUR,transfer
9859,01/01/1750,IT3456,-969.02,EUR,withdrawal
9860,24/02/2026,IT5678,1160.71,EUR,transfer
9861,23/04/2026,IT6789,-261.71,EUR,transfer
9862,19/04/2026,IT2345,-1453.05,EUR,transfer
9863,28/05/2026,IT8901,1681.69,EUR,deposit
9864,01/03/2026,IT1234,744.74,EUR,transfer
9865,10/01/2026,IT8901,1434.97,EUR,transfer
9866,08/03/2026,IT5678,3590.02,EUR,deposit
9867,25/04/2026,IT1234,-552.7,EUR,transfer
9868,11/02/2026,IT5678,-1848.37,EUR,withdrawal
9869,17/05/2026,IT5678,4362.45,EUR,deposit
9870,10/05/2026,IT6789,-891.27,EUR,transfer
9871,11/01/2026,IT8901,-358.49,EUR,withdrawal
9872,22/05/2026,IT7890,-941.98,EUR,transfer
9873,20/03/2026,IT7890,991.57,EUR,deposit
9874,04/03/2026,IT2345,905.68,EUR,transfer
9875,02/04/2026,IT4567,2647.55,EUR,deposit
9876,06/05/2026,IT4567,866.81,EUR,deposit
9877,31/01/2026,IT1234,1409.69,EUR,transfer
9878,01/01/1750,IT1234,4915.17,EUR,deposit
9879,22/05/2026,IT8901,1090.87,EUR,transfer
9880,20/04/2026,IT2345,-1387.61,EUR,transfer
9881,25/04/2026,IT8901,2011.78,EUR,deposit
9882,05/03/2026,IT5678,-1170.05,EUR,withdrawal
9883,18/05/2026,IT7890,928.55,EUR,transfer
9884,20/03/2026,IT2345,-1993.95,EUR,withdrawal
9885,19/04/2026,IT1234,-375.0,EUR,withdrawal
9886,14/03/2026,IT3456,3228.44,EUR,deposit
9887,22/03/2026,IT3456,157.95,EUR,transfer
9888,07/04/2026,IT3456,1237.91,EUR,deposit
9889,24/04/2026,IT6789,673.57,EUR,transfer
9890,06/02/2026,IT3456,-1113.75,EUR,withdrawal
9891,23/02/2026,IT8901,1027.96,EUR,transfer
9892,20/02/2026,IT7890,23%02))12,EUR,deposit
9893,11/04/2026,IT4567,918.16,EUR,deposit
9894,27/04/2026,IT6789,-1442.53,EUR,withdrawal
9895,30/05/2026,IT4567,-1524.1,EUR,withdrawal
9896,03/05/2026,IT6789,1209.4,EUR,transfer
9897,07/02/2026,IT4567,-302.91,EUR,transfer
9898,03/04/2026,IT7890,477.01,EUR,transfer
9899,04/01/2026,IT5678,1097.95,EUR,transfer
9900,13/04/2026,IT8901,-494.01,EUR,transfer
9901,07/01/2026,IT3456,-1805.81,EUR,withdrawal
9902,14/05/2026,IT8901,-62.3,EUR,withdrawal
9903,07/01/2026,IT1234,-312.17,EUR,transfer
9904,23/03/2026,IT2345,1338.28,EUR,transfer
9905,15/01/2026,IT6789,814.47,EUR,transfer
9906,19/01/2026,IT2345,1255.18,EUR,transfer
9907,25/04/2026,IT6789,3424.71,EUR,deposit
9908,05/04/2026,IT1234,3727.24,EUR,deposit
9909,15/05/2026,IT3456,487.96,EUR,transfer
9910,07/04/2026,IT3456,-962.73,EUR,transfer
9911,19/03/2026,IT8901,-851.14,EUR,withdrawal
9912,16/04/2026,IT4567,1116.06,EUR,deposit
9913,14/01/2026,IT2345,4288.92,EUR,deposit
9914,20/03/2026,IT2345,-942.34,EUR,withdrawal
9915,28/03/2026,IT5678,-430.6,EUR,withdrawal
9916,24/05/2026,IT5678,-170.32,EUR,transfer
9917,20/03/2026,IT8901,-1478.22,EUR,withdrawal
9918,14/05/2026,IT2345,1011.63,EUR,deposit
9919,19/03/2026,IT1234,-1640.06,EUR,withdrawal
9920,03/02/2026,IT8901,2374.98,EUR,deposit
9921,03/05/2026,IT4567,1019.23,EUR,deposit
9922,02/05/2026,IT3456,-1819.31,EUR,withdrawal
9923,04/03/2026,IT8901,-1939.25,EUR,withdrawal
9924,28/02/2026,IT7890,1376.15,EUR,transfer
9925,20/04/2026,IT8901,4974.18,EUR,deposit
9926,08/02/2026,IT3456,4456.17,EUR,deposit
9927,10/05/2026,IT4567,4639.45,EUR,deposit
9928,22/04/2026,IT2345,-788.05,EUR,withdrawal
9929,04/04/2026,IT6789,743.77,EUR,deposit
9930,08/03/2026,IT8901,,EUR,deposit
9931,13/05/2026,IT3456,-359.94,EUR,withdrawal
9932,23/04/2026,IT8901,1160.35,EUR,transfer
9933,19/05/2026,IT6789,-316.99,EUR,transfer
9934,08/01/2026,IT7890,4005.71,EUR,deposit
9935,29/04/2026,IT8901,-489.94,EUR,transfer
9936,07/02/2026,IT8901,1322.52,EUR,deposit
9937,25/03/2026,IT4567,-1332.74,EUR,transfer
9938,29/04/2026,IT7890,1051.19,EUR,deposit
9939,11/02/2026,IT4567,23%02))12,EUR,transfer
9940,30/04/2026,IT4567,806.97,EUR,transfer
9941,26/03/2026,IT5678,-237.77,EUR,transfer
9942,12/04/2026,IT8901,-1377.19,EUR,withdrawal
9943,07/03/2026,IT4567,3448.34,EUR,deposit
9944,23/02/2026,IT5678,-1294.46,EUR,withdrawal
9945,11/03/2026,IT1234,-983.47,EUR,withdrawal
9946,17/02/2026,IT6789,-378.63,EUR,transfer
9947,01/01/1750,IT2345,3643.14,EUR,deposit
9948,02/01/2026,IT5678,-1571.12,EUR,withdrawal
9949,06/05/2026,IT4567,386.13,EUR,transfer
9950,18/03/2026,IT3456,435.76,EUR,transfer
9951,05/01/2026,IT3456,507.51,EUR,transfer
9952,01/04/2026,IT2345,431.69,EUR,transfer
9953,01/03/2026,IT6789,23%02))12,EUR,deposit
9954,31/03/2026,IT5678,95.38,EUR,deposit
9955,04/05/2026,IT5678,-1043.72,EUR,transfer
9956,,IT4567,2655.98,EUR,deposit
9957,19/04/2026,IT5678,2211.22,EUR,deposit
9958,10/04/2026,IT8901,4957.87,EUR,deposit
9959,02/02/2026,IT4567,-1058.96,EUR,transfer
9960,10/04/2026,IT6789,-309.7,EUR,withdrawal
9961,25/04/2026,IT1234,-1036.59,EUR,transfer
9962,24/02/2026,IT1234,257.05,EUR,transfer
9963,02/04/2026,IT1234,-1790.68,EUR,withdrawal
9964,29/03/2026,IT7890,4260.32,EUR,deposit
9965,23/02/2026,IT3456,4646.31,EUR,deposit
9966,07/02/2026,IT7890,4651.55,EUR,deposit
9967,16/01/2026,IT3456,1106.99,EUR,deposit
9968,26/03/2026,IT7890,-920.74,EUR,withdrawal
9969,22/01/2026,IT4567,864.37,EUR,deposit
9970,02/01/2026,IT7890,1264.52,EUR,transfer
9971,18/01/2026,IT4567,1386.72,EUR,transfer
9972,26/03/2026,IT2345,1424.36,EUR,deposit
9973,19/01/2026,IT8901,321.61,EUR,deposit
9974,09/03/2026,IT8901,4252.51,EUR,deposit
9975,26/03/2026,IT6789,1473.14,EUR,transfer
9976,14/05/2026,IT2345,1111.11,EUR,transfer
9977,30/04/2026,IT3456,-655.05,EUR,withdrawal
9978,25/04/2026,IT3456,49.27,EUR,transfer
9979,06/05/2026,IT6789,164.5,EUR,deposit
9980,09/02/2026,IT4567,1641.89,EUR,deposit
9981,06/05/2026,IT4567,1008.27,EUR,transfer
9982,01/05/2026,IT8901,2299.05,EUR,deposit
9983,16/02/2026,IT6789,1272.94,EUR,transfer
9984,17/04/2026,IT8901,2281.39,EUR,deposit
9985,16/02/2026,IT4567,3638.04,EUR,deposit
9986,30/05/2026,IT3456,674.49,EUR,transfer
9987,22/04/2026,IT2345,-1887.49,EUR,withdrawal
9988,17/03/2026,IT8901,-1124.34,EUR,transfer
9989,18/05/2026,IT7890,1257.62,EUR,deposit
9990,25/05/2026,IT3456,-367.43,EUR,transfer
9991,16/02/2026,IT7890,4833.24,EUR,deposit
9992,28/03/2026,IT2345,605.93,EUR,transfer
9993,31/05/2026,IT1234,-1647.85,EUR,withdrawal
9994,22/04/2026,IT5678,3316.15,EUR,deposit
9995,26/04/2026,IT2345,-540.06,EUR,withdrawal
9996,27/05/2026,IT1234,-1012.92,EUR,withdrawal
9997,27/05/2026,IT1234,-1996.09,EUR,withdrawal
9998,10/02/2026,IT2345,-71.3,EUR,withdrawal
9999,06/02/2026,IT5678,-1278.11,EUR,transfer
10000,25/04/2026,IT7890,1039.79,EUR,transfer
