transaction_id,date,account,amount,currency,type
1,02/04/2026,IT1234,-708.47,EUR,transfer
2,01/03/2026,IT6789,297.44,EUR,transfer
3,27/01/2026,IT8901,2173.45,EUR,deposit
4,24/05/2026,IT6789,-866.74,EUR,withdrawal
5,12/01/2026,IT7890,-438.77,EUR,transfer
6,17/04/2026,IT2345,1067.45,EUR,transfer
7,02/02/2026,IT1234,-1080.85,EUR,withdrawal
8,07/03/2026,IT4567,-1922.24,EUR,withdrawal
9,08/01/2026,IT5678,968.21,EUR,deposit
10,22/01/2026,IT4567,4423.63,EUR,deposit
11,11/05/2026,IT5678,701.87,EUR,deposit
12,05/02/2026,IT5678,1262.64,EUR,transfer
13,11/05/2026,IT1234,2108.86,EUR,deposit
14,12/03/2026,IT3456,-1475.91,EUR,withdrawal
15,22/01/2026,IT1234,64.39,EUR,transfer
16,23/04/2026,IT6789,371.85,EUR,deposit
17,19/01/2026,IT6789,2266.91,EUR,deposit
18,15/02/2026,IT8901,3268.06,EUR,deposit
19,14/01/2026,IT4567,23%02))12,EUR,deposit
20,03/05/2026,IT4567,-337.94,EUR,transfer
21,17/04/2026,IT6789,-551.5,EUR,withdrawal
22,29/04/2026,IT7890,-82.33,EUR,withdrawal
23,01/01/1750,IT3456,4707.06,EUR,deposit
24,27/05/2026,IT1234,-1971.65,EUR,withdrawal
25,20/05/2026,IT7890,-439.24,EUR,withdrawal
26,03/04/2026,IT6789,-949.24,EUR,withdrawal
27,10/02/2026,IT2345,-16.5,EUR,transfer
28,06/03/2026,IT2345,1652.01,EUR,deposit
29,05/04/2026,IT8901,-1249.47,EUR,transfer
30,26/04/2026,IT8901,-115.5,EUR,withdrawal
31,07/05/2026,IT7890,477.68,EUR,transfer
32,17/03/2026,IT5678,-189.22,EUR,withdrawal
33,16/05/2026,IT5678,-146.96,EUR,withdrawal
34,06/03/2026,IT4567,-65.77,EUR,withdrawal
35,23/04/2026,IT2345,26.67,EUR,transfer
36,14/02/2026,IT5678,1965.35,EUR,deposit
37,28/04/2026,IT6789,-514.43,EUR,withdrawal
38,02/04/2026,IT6789,978.26,EUR,deposit
39,06/01/2026,IT3456,-189.31,EUR,transfer
40,09/01/2026,IT7890,115.47,EUR,transfer
41,10/04/2026,IT3456,-675.46,EUR,withdrawal
42,24/02/2026,IT3456,-1613.63,EUR,withdrawal
43,27/03/2026,IT6789,259.65,EUR,transfer
44,14/02/2026,IT8901,4175.68,EUR,deposit
45,04/01/2026,IT5678,3231.84,EUR,deposit
46,06/01/2026,IT1234,-575.21,EUR,withdrawal
47,18/01/2026,IT5678,1030.32,EUR,transfer
48,19/01/2026,IT6789,-487.89,EUR,transfer
49,09/04/2026,IT5678,4110.93,EUR,deposit
50,12/04/2026,IT6789,1029.11,EUR,transfer
51,11/05/2026,IT1234,-337.96,EUR,transfer
52,23/02/2026,IT3456,3360.8,EUR,deposit
53,25/05/2026,IT7890,1277.12,EUR,transfer
54,26/05/2026,IT7890,-947.23,EUR,withdrawal
55,27/04/2026,IT3456,-1645.16,EUR,withdrawal
56,16/05/2026,IT4567,-256.81,EUR,withdrawal
57,02/01/2026,IT7890,-132.91,EUR,transfer
58,22/05/2026,IT6789,-1375.15,EUR,transfer
59,15/03/2026,IT8901,-1502.53,EUR,withdrawal
60,29/04/2026,IT8901,4325.01,EUR,deposit
61,09/05/2026,IT7890,1143.66,EUR,transfer
62,09/04/2026,IT8901,3748.15,EUR,deposit
63,29/04/2026,IT3456,-264.02,EUR,withdrawal
64,25/02/2026,IT4567,-390.83,EUR,withdrawal
65,17/05/2026,IT8901,1350.5,EUR,transfer
66,06/02/2026,IT7890,-1790.13,EUR,withdrawal
67,22/03/2026,IT8901,-1970.9,EUR,withdrawal
68,07/03/2026,IT1234,3614.54,EUR,deposit
69,21/03/2026,IT8901,-807.33,EUR,transfer
70,09/01/2026,IT3456,-1282.7,EUR,transfer
71,12/02/2026,IT1234,565.77,EUR,transfer
72,23/04/2026,IT3456,2045.41,EUR,deposit
73,21/04/2026,IT4567,-209.7,EUR,withdrawal
74,30/03/2026,IT6789,23%02))12,EUR,deposit
75,21/04/2026,IT8901,1332.52,EUR,deposit
76,11/01/2026,IT4567,193.66,EUR,deposit
77,,IT7890,-702.1,EUR,transfer
78,16/05/2026,IT5678,4261.85,EUR,deposit
79,14/04/2026,IT3456,700.2,EUR,transfer
80,24/02/2026,IT5678,-865.78,EUR,withdrawal
81,12/04/2026,IT1234,-517.45,EUR,transfer
82,03/05/2026,IT8901,-888.24,EUR,transfer
83,13/04/2026,IT4567,-61.73,EUR,transfer
84,18/05/2026,IT6789,-851.16,EUR,transfer
85,02/04/2026,IT3456,168.84,EUR,deposit
86,04/01/2026,IT7890,-1732.15,EUR,withdrawal
87,20/02/2026,IT8901,-574.23,EUR,transfer
88,15/02/2026,IT1234,-542.75,EUR,withdrawal
89,18/03/2026,IT3456,718.74,EUR,transfer
90,05/03/2026,IT3456,-1447.4,EUR,transfer
91,17/01/2026,IT4567,192.6,EUR,transfer
92,28/03/2026,IT3456,-1001.58,EUR,transfer
93,09/03/2026,IT6789,-1091.87,EUR,withdrawal
94,18/04/2026,IT4567,170.29,EUR,transfer
95,06/02/2026,IT4567,4033.21,EUR,deposit
96,07/05/2026,IT3456,-1243.32,EUR,transfer
97,18/03/2026,IT6789,-1734.97,EUR,withdrawal
98,24/02/2026,IT5678,4828.73,EUR,deposit
99,05/03/2026,IT6789,-837.24,EUR,withdrawal
100,11/04/2026,IT3456,1292.53,EUR,deposit
101,05/05/2026,IT6789,3593.56,EUR,deposit
102,,IT2345,-863.01,EUR,transfer
103,24/05/2026,IT2345,501.81,EUR,deposit
104,18/01/2026,IT3456,-1245.72,EUR,withdrawal
105,10/05/2026,IT7890,1255.14,EUR,deposit
106,10/03/2026,IT2345,4105.64,EUR,deposit
107,16/03/2026,IT6789,-1844.46,EUR,withdrawal
108,28/04/2026,IT5678,1247.09,EUR,transfer
109,29/01/2026,IT3456,-1051.06,EUR,withdrawal
110,27/04/2026,IT6789,479.01,EUR,deposit
111,03/02/2026,IT7890,-416.06,EUR,transfer
112,13/04/2026,IT6789,44.63,EUR,transfer
113,14/05/2026,IT2345,1689.48,EUR,deposit
114,19/01/2026,IT8901,4833.33,EUR,deposit
115,16/03/2026,IT4567,-1407.45,EUR,withdrawal
116,20/02/2026,IT7890,-1460.23,EUR,withdrawal
117,03/01/2026,IT2345,-1799.48,EUR,withdrawal
118,27/01/2026,IT2345,2886.55,EUR,deposit
119,18/03/2026,IT6789,-1533.66,EUR,withdrawal
120,03/03/2026,IT6789,3911.27,EUR,deposit
121,30/04/2026,IT4567,1354.25,EUR,deposit
122,04/02/2026,IT1234,-137.64,EUR,transfer
123,11/05/2026,IT5678,-1159.01,EUR,transfer
124,22/02/2026,IT4567,4030.61,EUR,deposit
125,09/05/2026,IT8901,1299.27,EUR,transfer
126,28/01/2026,IT7890,-1382.33,EUR,withdrawal
127,19/02/2026,IT7890,-1252.3,EUR,withdrawal
128,21/04/2026,IT5678,-1471.1,EUR,withdrawal
129,22/01/2026,IT5678,-1359.63,EUR,transfer
130,21/02/2026,IT7890,2731.94,EUR,deposit
131,01/03/2026,IT3456,858.92,EUR,deposit
132,26/03/2026,IT6789,-1174.11,EUR,withdrawal
133,08/01/2026,IT3456,-513.68,EUR,transfer
134,27/02/2026,IT3456,980.26,EUR,deposit
135,13/01/2026,IT4567,-873.52,EUR,withdrawal
136,25/04/2026,IT5678,1237.58,EUR,transfer
137,20/04/2026,IT1234,-925.44,EUR,transfer
138,09/05/2026,IT1234,291.59,EUR,deposit
139,11/02/2026,IT5678,-860.03,EUR,withdrawal
140,10/02/2026,IT2345,3235.59,EUR,deposit
141,13/05/2026,IT6789,1008.43,EUR,transfer
142,20/01/2026,IT4567,398.82,EUR,transfer
143,04/05/2026,IT2345,31.71,EUR,transfer
144,20/04/2026,IT2345,495.24,EUR,transfer
145,31/01/2026,IT3456,3694.22,EUR,deposit
146,08/05/2026,IT5678,-614.03,EUR,withdrawal
147,21/03/2026,IT4567,-717.11,EUR,transfer
148,14/02/2026,IT3456,573.29,EUR,transfer
149,14/03/2026,IT2345,746.07,EUR,transfer
150,28/02/2026,IT4567,4022.53,EUR,deposit
151,08/01/2026,IT6789,-1472.3,EUR,transfer
152,17/02/2026,IT3456,2395.21,EUR,deposit
153,28/04/2026,IT7890,3061.05,EUR,deposit
154,25/04/2026,IT6789,1371.73,EUR,transfer
155,01/01/1750,IT4567,572.75,EUR,transfer
156,02/03/2026,IT7890,-1502.82,EUR,withdrawal
157,03/02/2026,IT5678,-1147.79,EUR,transfer
158,05/05/2026,IT5678,96.21,EUR,deposit
159,10/05/2026,IT6789,23%02))12,EUR,deposit
160,30/03/2026,IT8901,-1671.89,EUR,withdrawal
161,09/04/2026,IT5678,4003.35,EUR,deposit
162,25/05/2026,IT5678,2964.45,EUR,deposit
163,12/01/2026,IT6789,4530.9,EUR,deposit
164,28/02/2026,IT8901,-259.33,EUR,withdrawal
165,16/03/2026,IT4567,-66.47,EUR,withdrawal
166,05/04/2026,IT6789,1056.84,EUR,deposit
167,17/04/2026,IT5678,-1661.61,EUR,withdrawal
168,04/05/2026,IT8901,-972.0,EUR,transfer
169,02/04/2026,IT1234,-534.83,EUR,withdrawal
170,10/05/2026,IT1234,-777.31,EUR,withdrawal
171,09/03/2026,IT4567,175.98,EUR,deposit
172,05/04/2026,IT5678,2928.39,EUR,deposit
173,15/05/2026,IT1234,23%02))12,EUR,withdrawal
174,05/02/2026,IT5678,694.07,EUR,deposit
175,01/01/1750,IT1234,-951.88,EUR,withdrawal
176,22/01/2026,IT1234,-238.95,EUR,withdrawal
177,22/03/2026,IT8901,-512.79,EUR,withdrawal
178,11/01/2026,IT1234,2991.87,EUR,deposit
179,26/04/2026,IT4567,1800.93,EUR,deposit
180,15/01/2026,IT8901,23%02))12,EUR,deposit
181,04/03/2026,IT8901,991.57,EUR,deposit
182,12/01/2026,IT5678,3838.69,EUR,deposit
183,11/03/2026,IT8901,-746.11,EUR,withdrawal
184,30/05/2026,IT6789,-206.35,EUR,transfer
185,20/03/2026,IT8901,4766.19,EUR,deposit
186,30/01/2026,IT3456,117.54,EUR,transfer
187,,IT8901,-1124.94,EUR,transfer
188,21/02/2026,IT4567,-276.1,EUR,transfer
189,12/05/2026,IT4567,-517.97,EUR,withdrawal
190,13/03/2026,IT6789,-555.18,EUR,transfer
191,20/02/2026,IT6789,-1290.43,EUR,withdrawal
192,24/02/2026,IT4567,-976.1,EUR,transfer
193,26/02/2026,IT6789,3188.54,EUR,deposit
194,25/02/2026,IT5678,-1859.53,EUR,withdrawal
195,19/04/2026,IT1234,-1229.03,EUR,withdrawal
196,01/03/2026,IT1234,4574.75,EUR,deposit
197,07/03/2026,IT3456,954.06,EUR,transfer
198,08/04/2026,IT3456,680.4,EUR,deposit
199,04/04/2026,IT1234,-282.41,EUR,transfer
200,24/03/2026,IT6789,-1934.49,EUR,withdrawal
201,30/05/2026,IT5678,-355.16,EUR,withdrawal
202,01/04/2026,IT2345,2733.23,EUR,deposit
203,15/05/2026,IT7890,-1785.68,EUR,withdrawal
204,13/05/2026,IT1234,692.33,EUR,transfer
205,09/04/2026,IT4567,-1446.25,EUR,transfer
206,25/05/2026,IT8901,-601.58,EUR,transfer
207,29/03/2026,IT1234,1249.11,EUR,transfer
208,03/05/2026,IT4567,1296.99,EUR,transfer
209,30/05/2026,IT2345,2253.42,EUR,deposit
210,06/04/2026,IT2345,170.48,EUR,transfer
211,06/02/2026,IT5678,1281.32,EUR,transfer
212,12/02/2026,IT7890,699.35,EUR,transfer
213,20/01/2026,IT8901,-1272.25,EUR,withdrawal
214,28/03/2026,IT4567,-713.53,EUR,transfer
215,17/02/2026,IT2345,-16.54,EUR,transfer
216,02/05/2026,IT1234,-636.86,EUR,transfer
217,17/04/2026,IT6789,-521.76,EUR,withdrawal
218,31/05/2026,IT6789,850.49,EUR,transfer
219,26/02/2026,IT4567,1703.57,EUR,deposit
220,03/01/2026,IT5678,2082.44,EUR,deposit
221,23/01/2026,IT7890,2160.96,EUR,deposit
222,20/03/2026,IT3456,-311.27,EUR,withdrawal
223,02/01/2026,IT6789,3232.33,EUR,deposit
224,02/01/2026,IT2345,-288.02,EUR,transfer
225,23/03/2026,IT7890,-1802.12,EUR,withdrawal
226,01/02/2026,IT7890,-1236.2,EUR,transfer
227,18/01/2026,IT8901,4555.51,EUR,deposit
228,03/01/2026,IT6789,3960.2,EUR,deposit
229,27/02/2026,IT2345,-210.24,EUR,transfer
230,23/03/2026,IT1234,-1285.56,EUR,transfer
231,09/04/2026,IT1234,1918.01,EUR,deposit
232,12/02/2026,IT2345,-102.04,EUR,transfer
233,03/04/2026,IT8901,4910.02,EUR,deposit
234,17/04/2026,IT6789,-1631.71,EUR,withdrawal
235,19/03/2026,IT7890,823.46,EUR,transfer
236,02/03/2026,IT5678,2921.34,EUR,deposit
237,11/04/2026,IT4567,-702.91,EUR,transfer
238,22/03/2026,IT2345,-982.76,EUR,withdrawal
239,15/02/2026,IT6789,-574.38,EUR,transfer
240,03/03/2026,IT7890,-618.44,EUR,withdrawal
241,08/04/2026,IT3456,-1977.52,EUR,withdrawal
242,08/02/2026,IT3456,-1734.13,EUR,withdrawal
243,19/01/2026,IT3456,-939.34,EUR,withdrawal
244,14/04/2026,IT5678,2137.68,EUR,deposit
245,01/01/1750,IT7890,-13.29,EUR,transfer
246,16/05/2026,IT6789,-1733.31,EUR,withdrawal
247,03/05/2026,IT2345,-43.78,EUR,transfer
248,,IT8901,4131.79,EUR,deposit
249,10/05/2026,IT1234,3909.67,EUR,deposit
250,11/01/2026,IT8901,-1393.23,EUR,withdrawal
251,02/04/2026,IT2345,2764.57,EUR,deposit
252,19/04/2026,IT6789,-1893.7,EUR,withdrawal
253,08/02/2026,IT8901,-779.6,EUR,withdrawal
254,19/02/2026,IT6789,-1829.07,EUR,withdrawal
255,07/03/2026,IT1234,-1690.87,EUR,withdrawal
256,17/03/2026,IT3456,720.88,EUR,transfer
257,19/04/2026,IT8901,-1304.23,EUR,withdrawal
258,05/02/2026,IT3456,993.87,EUR,deposit
259,26/01/2026,IT5678,192.97,EUR,deposit
260,19/01/2026,IT4567,3205.88,EUR,deposit
261,21/05/2026,IT1234,-1386.33,EUR,transfer
262,21/05/2026,IT5678,-1112.26,EUR,withdrawal
263,17/03/2026,IT7890,-102.07,EUR,transfer
264,28/03/2026,IT8901,2135.69,EUR,deposit
265,04/04/2026,IT7890,215.16,EUR,transfer
266,06/05/2026,IT1234,-326.08,EUR,transfer
267,18/02/2026,IT2345,-419.3,EUR,withdrawal
268,21/05/2026,IT5678,-983.7,EUR,withdrawal
269,28/01/2026,IT3456,2312.22,EUR,deposit
270,20/05/2026,IT6789,1432.46,EUR,transfer
271,30/03/2026,IT2345,4709.88,EUR,deposit
272,02/01/2026,IT6789,23%02))12,EUR,deposit
273,21/04/2026,IT6789,-501.99,EUR,withdrawal
274,08/01/2026,IT7890,369.6,EUR,transfer
275,07/03/2026,IT2345,-143.8,EUR,transfer
276,20/01/2026,IT5678,1705.28,EUR,deposit
277,04/02/2026,IT6789,4623.7,EUR,deposit
278,26/01/2026,IT1234,336.61,EUR,transfer
279,31/01/2026,IT7890,2243.09,EUR,deposit
280,12/05/2026,IT2345,4783.21,EUR,deposit
281,15/04/2026,IT6789,-436.91,EUR,withdrawal
282,26/01/2026,IT4567,-327.95,EUR,transfer
283,15/05/2026,IT6789,3261.04,EUR,deposit
284,12/03/2026,IT5678,-795.0,EUR,transfer
285,30/05/2026,IT4567,2966.47,EUR,deposit
286,11/04/2026,IT2345,1918.9,EUR,deposit
287,29/04/2026,IT4567,4074.38,EUR,deposit
288,09/03/2026,IT2345,3835.09,EUR,deposit
289,21/02/2026,IT8901,-124.92,EUR,withdrawal
290,29/05/2026,IT2345,3125.21,EUR,deposit
291,13/03/2026,IT1234,-830.38,EUR,withdrawal
292,21/03/2026,IT1234,-304.18,EUR,transfer
293,,IT7890,3366.45,EUR,deposit
294,20/02/2026,IT4567,23%02))12,EUR,deposit
295,18/01/2026,IT1234,4414.85,EUR,deposit
296,07/04/2026,IT7890,3266.2,EUR,deposit
297,24/05/2026,IT8901,-1383.41,EUR,transfer
298,12/01/2026,IT5678,-312.5,EUR,transfer
299,22/04/2026,IT5678,-1188.66,EUR,withdrawal
300,08/02/2026,IT4567,296.26,EUR,deposit
301,02/04/2026,IT2345,352.95,EUR,transfer
302,03/04/2026,IT3456,-1862.77,EUR,withdrawal
303,18/04/2026,IT3456,-931.24,EUR,withdrawal
304,15/01/2026,IT6789,958.81,EUR,transfer
305,29/04/2026,IT6789,-1280.07,EUR,transfer
306,02/03/2026,IT1234,3312.61,EUR,deposit
307,23/05/2026,IT2345,496.64,EUR,transfer
308,13/04/2026,IT3456,4016.82,EUR,deposit
309,06/02/2026,IT4567,-431.97,EUR,transfer
310,27/04/2026,IT3456,-1187.35,EUR,withdrawal
311,15/01/2026,IT8901,-1618.57,EUR,withdrawal
312,,IT6789,3802.79,EUR,deposit
313,09/05/2026,IT2345,674.39,EUR,transfer
314,26/05/2026,IT8901,-739.46,EUR,withdrawal
315,03/02/2026,IT2345,2897.51,EUR,deposit
316,21/03/2026,IT6789,2255.86,EUR,deposit
317,27/05/2026,IT7890,-1287.32,EUR,withdrawal
318,10/03/2026,IT2345,4508.77,EUR,deposit
319,18/05/2026,IT2345,-827.16,EUR,withdrawal
320,16/03/2026,IT6789,-1312.47,EUR,transfer
321,27/04/2026,IT5678,-837.9,EUR,transfer
322,02/04/2026,IT5678,1767.08,EUR,deposit
323,02/05/2026,IT1234,2479.82,EUR,deposit
324,25/01/2026,IT7890,-708.25,EUR,transfer
325,17/01/2026,IT8901,4723.85,EUR,deposit
326,02/03/2026,IT6789,-1049.65,EUR,withdrawal
327,03/01/2026,IT5678,355.94,EUR,transfer
328,27/03/2026,IT1234,3790.13,EUR,deposit
329,21/01/2026,IT4567,1507.86,EUR,deposit
330,03/04/2026,IT6789,-382.86,EUR,withdrawal
331,02/04/2026,IT4567,-485.98,EUR,transfer
332,25/03/2026,IT5678,-1464.18,EUR,transfer
333,26/01/2026,IT8901,209.47,EUR,deposit
334,23/03/2026,IT4567,343.39,EUR,transfer
335,05/03/2026,IT6789,150.34,EUR,deposit
336,23/04/2026,IT4567,2718.28,EUR,deposit
337,31/05/2026,IT5678,1043.54,EUR,deposit
338,28/01/2026,IT7890,-1855.02,EUR,withdrawal
339,29/04/2026,IT1234,3993.65,EUR,deposit
340,17/02/2026,IT4567,-1163.76,EUR,withdrawal
341,28/05/2026,IT6789,2222.4,EUR,deposit
342,29/01/2026,IT5678,-541.16,EUR,withdrawal
343,16/01/2026,IT1234,4990.17,EUR,deposit
344,05/05/2026,IT2345,3833.04,EUR,deposit
345,06/01/2026,IT4567,-1378.5,EUR,withdrawal
346,14/04/2026,IT7890,-848.24,EUR,withdrawal
347,14/01/2026,IT2345,3652.44,EUR,deposit
348,06/03/2026,IT6789,1098.49,EUR,deposit
349,21/03/2026,IT5678,1065.52,EUR,deposit
350,01/03/2026,IT3456,-1956.63,EUR,withdrawal
351,15/03/2026,IT4567,-268.85,EUR,withdrawal
352,18/01/2026,IT8901,4885.54,EUR,deposit
353,03/03/2026,IT7890,-1845.35,EUR,withdrawal
354,13/02/2026,IT5678,-712.72,EUR,transfer
355,02/01/2026,IT1234,2778.44,EUR,deposit
356,27/01/2026,IT6789,-330.05,EUR,withdrawal
357,26/05/2026,IT4567,-1695.16,EUR,withdrawal
358,22/02/2026,IT4567,-228.15,EUR,withdrawal
359,25/01/2026,IT8901,23%02))12,EUR,deposit
360,06/02/2026,IT3456,532.69,EUR,transfer
361,11/03/2026,IT5678,3838.85,EUR,deposit
362,02/03/2026,IT7890,1081.52,EUR,deposit
363,16/04/2026,IT5678,1076.56,EUR,transfer
364,01/04/2026,IT6789,421.99,EUR,transfer
365,27/04/2026,IT6789,-1513.03,EUR,withdrawal
366,02/05/2026,IT8901,673.73,EUR,deposit
367,02/01/2026,IT3456,951.89,EUR,deposit
368,18/05/2026,IT3456,-946.91,EUR,transfer
369,27/04/2026,IT2345,1418.85,EUR,deposit
370,09/02/2026,IT1234,-215.59,EUR,transfer
371,28/05/2026,IT1234,3713.88,EUR,deposit
372,13/05/2026,IT6789,964.46,EUR,transfer
373,22/02/2026,IT2345,351.44,EUR,deposit
374,06/03/2026,IT6789,4072.46,EUR,deposit
375,25/03/2026,IT1234,-1647.2,EUR,withdrawal
376,13/05/2026,IT6789,-1279.52,EUR,transfer
377,23/04/2026,IT4567,23%02))12,EUR,deposit
378,18/01/2026,IT1234,-59.67,EUR,transfer
379,31/03/2026,IT5678,1739.51,EUR,deposit
380,,IT5678,2680.57,EUR,deposit
381,24/01/2026,IT5678,-1729.49,EUR,withdrawal
382,12/02/2026,IT7890,3277.4,EUR,deposit
383,21/04/2026,IT1234,-709.72,EUR,transfer
384,16/02/2026,IT8901,-826.92,EUR,withdrawal
385,27/03/2026,IT6789,4124.42,EUR,deposit
386,04/02/2026,IT6789,-537.64,EUR,withdrawal
387,10/05/2026,IT5678,1892.04,EUR,deposit
388,20/04/2026,IT6789,-619.0,EUR,withdrawal
389,08/05/2026,IT6789,3616.47,EUR,deposit
390,23/01/2026,IT7890,2079.08,EUR,deposit
391,23/02/2026,IT6789,1690.57,EUR,deposit
392,20/02/2026,IT3456,4258.67,EUR,deposit
393,08/05/2026,IT6789,-1078.15,EUR,transfer
394,21/01/2026,IT4567,3369.67,EUR,deposit
395,30/03/2026,IT5678,1190.7,EUR,transfer
396,11/02/2026,IT1234,78.66,EUR,deposit
397,03/02/2026,IT5678,-1143.93,EUR,transfer
398,27/01/2026,IT4567,-702.77,EUR,withdrawal
399,23/04/2026,IT1234,3290.38,EUR,deposit
400,07/05/2026,IT6789,-1192.94,EUR,transfer
401,26/01/2026,IT6789,-1228.93,EUR,withdrawal
402,19/04/2026,IT6789,-1781.31,EUR,withdrawal
403,03/05/2026,IT5678,-1204.02,EUR,withdrawal
404,21/04/2026,IT4567,-1697.58,EUR,withdrawal
405,10/04/2026,IT7890,-159.29,EUR,withdrawal
406,26/05/2026,IT8901,-1409.82,EUR,withdrawal
407,18/04/2026,IT7890,-1979.91,EUR,withdrawal
408,04/05/2026,IT8901,-1735.02,EUR,withdrawal
409,08/02/2026,IT7890,-1959.79,EUR,withdrawal
410,26/04/2026,IT4567,-89.36,EUR,withdrawal
411,01/02/2026,IT1234,1306.97,EUR,transfer
412,12/01/2026,IT6789,-1836.46,EUR,withdrawal
413,24/03/2026,IT6789,1465.34,EUR,deposit
414,26/04/2026,IT3456,790.77,EUR,transfer
415,13/01/2026,IT2345,2415.82,EUR,deposit
416,08/04/2026,IT5678,774.7,EUR,deposit
417,06/01/2026,IT5678,1469.39,EUR,transfer
418,09/01/2026,IT5678,-65.65,EUR,transfer
419,14/02/2026,IT6789,1382.78,EUR,deposit
420,09/05/2026,IT2345,-1463.43,EUR,withdrawal
421,17/05/2026,IT3456,1377.49,EUR,transfer
422,01/05/2026,IT5678,-741.77,EUR,withdrawal
423,03/05/2026,IT8901,4929.61,EUR,deposit
424,09/03/2026,IT6789,22.69,EUR,transfer
425,29/04/2026,IT8901,-275.94,EUR,transfer
426,18/05/2026,IT2345,91.59,EUR,transfer
427,17/02/2026,IT5678,3322.02,EUR,deposit
428,18/02/2026,IT5678,1040.17,EUR,transfer
429,10/03/2026,IT7890,2404.16,EUR,deposit
430,23/04/2026,IT7890,-358.0,EUR,withdrawal
431,01/04/2026,IT4567,539.71,EUR,transfer
432,01/02/2026,IT3456,4111.03,EUR,deposit
433,18/04/2026,IT2345,-1919.92,EUR,withdrawal
434,29/01/2026,IT1234,795.24,EUR,transfer
435,25/03/2026,IT5678,889.73,EUR,deposit
436,22/04/2026,IT3456,2259.71,EUR,deposit
437,21/03/2026,IT4567,1865.65,EUR,deposit
438,10/01/2026,IT1234,-723.98,EUR,transfer
439,19/01/2026,IT5678,-1809.9,EUR,withdrawal
440,03/04/2026,IT6789,-183.01,EUR,transfer
441,27/05/2026,IT3456,545.95,EUR,transfer
442,16/01/2026,IT1234,-861.7,EUR,withdrawal
443,29/04/2026,IT7890,764.84,EUR,deposit
444,13/01/2026,IT8901,4536.9,EUR,deposit
445,08/01/2026,IT5678,-61.57,EUR,transfer
446,02/02/2026,IT4567,3940.72,EUR,deposit
447,08/03/2026,IT4567,-1903.92,EUR,withdrawal
448,27/05/2026,IT5678,-1315.07,EUR,withdrawal
449,27/04/2026,IT5678,51.38,EUR,transfer
450,04/05/2026,IT4567,-1741.72,EUR,withdrawal
451,27/01/2026,IT6789,-1774.96,EUR,withdrawal
452,12/03/2026,IT5678,2284.56,EUR,deposit
453,23/05/2026,IT2345,243.27,EUR,transfer
454,26/04/2026,IT7890,1069.87,EUR,deposit
455,29/03/2026,IT1234,91.22,EUR,deposit
456,20/05/2026,IT1234,1198.13,EUR,deposit
457,,IT7890,-1772.12,EUR,withdrawal
458,21/03/2026,IT7890,4724.47,EUR,deposit
459,16/01/2026,IT4567,700.92,EUR,deposit
460,24/03/2026,IT4567,23%02))12,EUR,transfer
461,21/05/2026,IT5678,4779.74,EUR,deposit
462,08/03/2026,IT4567,1379.39,EUR,deposit
463,08/05/2026,IT4567,-1201.63,EUR,withdrawal
464,07/05/2026,IT6789,-336.47,EUR,withdrawal
465,20/03/2026,IT4567,-1357.43,EUR,withdrawal
466,15/02/2026,IT3456,490.33,EUR,transfer
467,27/02/2026,IT3456,576.57,EUR,deposit
468,09/04/2026,IT5678,1281.03,EUR,transfer
469,28/01/2026,IT7890,-405.58,EUR,withdrawal
470,21/02/2026,IT1234,-1522.32,EUR,withdrawal
471,05/01/2026,IT4567,-425.93,EUR,transfer
472,27/01/2026,IT5678,-1715.32,EUR,withdrawal
473,03/04/2026,IT8901,-329.9,EUR,transfer
474,25/04/2026,IT1234,-1921.39,EUR,withdrawal
475,20/03/2026,IT2345,-1264.24,EUR,transfer
476,30/05/2026,IT3456,-89.98,EUR,withdrawal
477,03/02/2026,IT2345,306.0,EUR,deposit
478,05/04/2026,IT5678,-1722.76,EUR,withdrawal
479,10/02/2026,IT8901,870.06,EUR,deposit
480,19/02/2026,IT4567,207.86,EUR,transfer
481,18/02/2026,IT3456,-991.08,EUR,withdrawal
482,04/05/2026,IT8901,2852.11,EUR,deposit
483,03/01/2026,IT6789,-583.46,EUR,withdrawal
484,29/03/2026,IT4567,-9.1,EUR,transfer
485,11/02/2026,IT1234,316.67,EUR,deposit
486,23/03/2026,IT4567,-1820.32,EUR,withdrawal
487,17/03/2026,IT5678,901.34,EUR,deposit
488,07/04/2026,IT1234,4695.12,EUR,deposit
489,28/03/2026,IT3456,1101.42,EUR,transfer
490,16/04/2026,IT7890,-1603.44,EUR,withdrawal
491,03/02/2026,IT3456,1083.86,EUR,transfer
492,28/04/2026,IT8901,7.16,EUR,transfer
493,06/01/2026,IT6789,3135.13,EUR,deposit
494,20/02/2026,IT1234,23%02))12,EUR,deposit
495,22/02/2026,IT3456,-1791.89,EUR,withdrawal
496,19/03/2026,IT6789,4303.76,EUR,deposit
497,23/02/2026,IT3456,31.55,EUR,transfer
498,11/01/2026,IT6789,-937.58,EUR,transfer
499,07/02/2026,IT6789,-655.07,EUR,withdrawal
500,29/03/2026,IT2345,1188.96,EUR,transfer
501,29/03/2026,IT1234,1817.7,EUR,deposit
502,27/02/2026,IT7890,3680.8,EUR,deposit
503,20/05/2026,IT6789,-922.58,EUR,withdrawal
504,16/04/2026,IT8901,3638.42,EUR,deposit
505,21/04/2026,IT1234,-924.63,EUR,withdrawal
506,09/04/2026,IT6789,-1796.86,EUR,withdrawal
507,04/02/2026,IT6789,-85.66,EUR,transfer
508,12/05/2026,IT8901,1697.12,EUR,deposit
509,09/04/2026,IT7890,-1400.91,EUR,transfer
510,09/02/2026,IT5678,-1940.71,EUR,withdrawal
511,11/03/2026,IT5678,23%02))12,EUR,withdrawal
512,25/03/2026,IT4567,-1728.1,EUR,withdrawal
513,19/01/2026,IT5678,-1369.28,EUR,withdrawal
514,12/05/2026,IT1234,1669.53,EUR,deposit
515,16/03/2026,IT7890,285.5,EUR,transfer
516,25/03/2026,IT7890,382.78,EUR,transfer
517,06/03/2026,IT6789,-1435.12,EUR,withdrawal
518,21/04/2026,IT8901,345.13,EUR,transfer
519,08/04/2026,IT3456,-249.95,EUR,transfer
520,30/05/2026,IT3456,23%02))12,EUR,withdrawal
521,04/04/2026,IT7890,-81.82,EUR,transfer
522,03/05/2026,IT1234,3911.76,EUR,deposit
523,15/03/2026,IT4567,23%02))12,EUR,deposit
524,17/02/2026,IT3456,1208.25,EUR,transfer
525,21/03/2026,IT8901,496.49,EUR,transfer
526,03/04/2026,IT3456,1728.24,EUR,deposit
527,27/05/2026,IT1234,-1914.72,EUR,withdrawal
528,20/04/2026,IT5678,638.14,EUR,transfer
529,18/05/2026,IT3456,1674.5,EUR,deposit
530,15/05/2026,IT3456,4024.59,EUR,deposit
531,25/04/2026,IT4567,-1265.74,EUR,transfer
532,07/01/2026,IT6789,23%02))12,EUR,withdrawal
533,11/04/2026,IT7890,-1549.3,EUR,withdrawal
534,12/02/2026,IT2345,-1408.13,EUR,withdrawal
535,12/02/2026,IT1234,3654.0,EUR,deposit
536,09/04/2026,IT5678,-1810.97,EUR,withdrawal
537,22/04/2026,IT7890,-534.38,EUR,transfer
538,04/03/2026,IT1234,-606.09,EUR,transfer
539,02/03/2026,IT7890,-31.81,EUR,withdrawal
540,30/01/2026,IT4567,-1258.88,EUR,transfer
541,11/04/2026,IT7890,-1568.83,EUR,withdrawal
542,09/04/2026,IT8901,-1013.47,EUR,transfer
543,24/04/2026,IT3456,3644.48,EUR,deposit
544,10/02/2026,IT2345,19.76,EUR,transfer
545,27/05/2026,IT3456,-271.58,EUR,withdrawal
546,12/01/2026,IT1234,514.86,EUR,transfer
547,05/04/2026,IT6789,2692.19,EUR,deposit
548,08/02/2026,IT3456,-1432.41,EUR,withdrawal
549,26/05/2026,IT7890,827.5,EUR,transfer
550,02/03/2026,IT5678,-1903.94,EUR,withdrawal
551,20/01/2026,IT4567,3287.86,EUR,deposit
552,06/03/2026,IT6789,364.53,EUR,deposit
553,31/05/2026,IT6789,-596.7,EUR,withdrawal
554,13/05/2026,IT1234,1390.72,EUR,deposit
555,02/04/2026,IT8901,-753.31,EUR,withdrawal
556,01/01/2026,IT7890,-590.05,EUR,withdrawal
557,16/04/2026,IT6789,4732.91,EUR,deposit
558,04/01/2026,IT2345,-869.65,EUR,withdrawal
559,23/05/2026,IT6789,1961.98,EUR,deposit
560,05/03/2026,IT1234,-1281.88,EUR,transfer
561,04/04/2026,IT2345,2037.35,EUR,deposit
562,16/05/2026,IT6789,3825.17,EUR,deposit
563,10/04/2026,IT3456,215.58,EUR,transfer
564,18/04/2026,IT2345,-280.26,EUR,transfer
565,15/04/2026,IT6789,-721.92,EUR,withdrawal
566,16/01/2026,IT5678,-1164.34,EUR,withdrawal
567,08/03/2026,IT7890,4125.35,EUR,deposit
568,11/05/2026,IT4567,-56.19,EUR,withdrawal
569,05/04/2026,IT1234,528.29,EUR,deposit
570,15/01/2026,IT1234,654.07,EUR,deposit
571,17/03/2026,IT8901,-1410.4,EUR,withdrawal
572,05/04/2026,IT8901,-1819.88,EUR,withdrawal
573,08/02/2026,IT2345,-336.95,EUR,transfer
574,05/01/2026,IT8901,3848.28,EUR,deposit
575,21/05/2026,IT1234,-914.95,EUR,transfer
576,14/03/2026,IT6789,-72.17,EUR,transfer
577,13/03/2026,IT8901,-645.62,EUR,withdrawal
578,28/03/2026,IT8901,-952.64,EUR,transfer
579,28/02/2026,IT3456,-952.67,EUR,withdrawal
580,24/03/2026,IT3456,-1332.77,EUR,transfer
581,19/05/2026,IT3456,3447.53,EUR,deposit
582,12/02/2026,IT3456,-38.69,EUR,transfer
583,20/03/2026,IT3456,55.39,EUR,transfer
584,09/03/2026,IT4567,4264.17,EUR,deposit
585,26/03/2026,IT7890,-45.44,EUR,withdrawal
586,06/03/2026,IT2345,3399.81,EUR,deposit
587,02/04/2026,IT4567,3734.25,EUR,deposit
588,04/04/2026,IT8901,-1032.91,EUR,transfer
589,17/04/2026,IT8901,659.07,EUR,transfer
590,25/04/2026,IT7890,502.5,EUR,transfer
591,12/02/2026,IT4567,519.05,EUR,deposit
592,13/05/2026,IT4567,695.62,EUR,deposit
593,22/01/2026,IT6789,1029.63,EUR,transfer
594,24/04/2026,IT6789,706.39,EUR,transfer
595,21/04/2026,IT5678,881.09,EUR,deposit
596,19/02/2026,IT2345,-427.49,EUR,transfer
597,21/03/2026,IT7890,-529.89,EUR,withdrawal
598,24/02/2026,IT4567,-793.03,EUR,transfer
599,24/03/2026,IT7890,-659.41,EUR,withdrawal
600,24/02/2026,IT6789,-1148.19,EUR,transfer
601,19/04/2026,IT3456,-1614.33,EUR,withdrawal
602,12/01/2026,IT7890,204.87,EUR,deposit
603,10/02/2026,IT5678,2539.69,EUR,deposit
604,06/01/2026,IT8901,2851.77,EUR,deposit
605,14/02/2026,IT2345,4.65,EUR,transfer
606,08/04/2026,IT2345,1255.16,EUR,deposit
607,15/02/2026,IT3456,-746.36,EUR,withdrawal
608,01/03/2026,IT8901,-168.09,EUR,transfer
609,12/05/2026,IT7890,3806.18,EUR,deposit
610,08/01/2026,IT3456,-895.89,EUR,withdrawal
611,08/01/2026,IT8901,-1290.36,EUR,withdrawal
612,01/04/2026,IT3456,4692.1,EUR,deposit
613,03/04/2026,IT4567,-1920.7,EUR,withdrawal
614,02/02/2026,IT6789,-81.69,EUR,withdrawal
615,23/03/2026,IT4567,814.05,EUR,transfer
616,11/04/2026,IT5678,1972.32,EUR,deposit
617,27/04/2026,IT5678,-970.64,EUR,transfer
618,17/03/2026,IT3456,-424.22,EUR,transfer
619,26/01/2026,IT7890,-903.36,EUR,transfer
620,09/03/2026,IT5678,2038.41,EUR,deposit
621,16/05/2026,IT3456,931.06,EUR,deposit
622,24/03/2026,IT8901,-290.4,EUR,transfer
623,19/04/2026,IT2345,4112.83,EUR,deposit
624,22/05/2026,IT2345,3503.34,EUR,deposit
625,04/04/2026,IT2345,-915.58,EUR,transfer
626,06/03/2026,IT6789,-212.45,EUR,transfer
627,12/05/2026,IT8901,1946.67,EUR,deposit
628,31/01/2026,IT7890,-146.35,EUR,withdrawal
629,13/01/2026,IT1234,-327.2,EUR,withdrawal
630,16/04/2026,IT2345,2784.35,EUR,deposit
631,24/05/2026,IT2345,875.81,EUR,deposit
632,28/04/2026,IT1234,4057.05,EUR,deposit
633,08/04/2026,IT3456,-1205.67,EUR,withdrawal
634,26/01/2026,IT1234,-594.28,EUR,transfer
635,15/05/2026,IT7890,-1170.92,EUR,transfer
636,01/02/2026,IT1234,-493.99,EUR,transfer
637,29/05/2026,IT5678,-1069.78,EUR,withdrawal
638,31/05/2026,IT2345,-704.97,EUR,transfer
639,31/01/2026,IT6789,-337.87,EUR,transfer
640,13/03/2026,IT6789,2205.02,EUR,deposit
641,05/04/2026,IT4567,843.56,EUR,transfer
642,11/05/2026,IT6789,727.46,EUR,transfer
643,22/01/2026,IT7890,839.32,EUR,transfer
644,16/05/2026,IT3456,2349.43,EUR,deposit
645,01/01/1750,IT7890,23%02))12,EUR,transfer
646,05/05/2026,IT6789,154.51,EUR,transfer
647,17/03/2026,IT7890,224.31,EUR,transfer
648,08/05/2026,IT3456,-1635.7,EUR,withdrawal
649,02/03/2026,IT2345,-1495.56,EUR,withdrawal
650,04/01/2026,IT5678,290.15,EUR,transfer
651,26/02/2026,IT5678,549.75,EUR,transfer
652,24/02/2026,IT2345,3931.57,EUR,deposit
653,15/03/2026,IT4567,-756.01,EUR,transfer
654,17/02/2026,IT7890,-91.54,EUR,transfer
655,07/05/2026,IT7890,211.64,EUR,transfer
656,09/01/2026,IT1234,4620.46,EUR,deposit
657,06/05/2026,IT3456,2197.29,EUR,deposit
658,10/03/2026,IT5678,-1294.61,EUR,withdrawal
659,13/03/2026,IT5678,1632.93,EUR,deposit
660,14/02/2026,IT7890,2240.13,EUR,deposit
661,06/04/2026,IT4567,-830.03,EUR,transfer
662,21/05/2026,IT7890,863.71,EUR,transfer
663,14/04/2026,IT3456,3841.86,EUR,deposit
664,17/01/2026,IT2345,-1430.83,EUR,transfer
665,11/03/2026,IT4567,1163.19,EUR,transfer
666,07/04/2026,IT1234,-199.08,EUR,withdrawal
667,13/03/2026,IT7890,1817.68,EUR,deposit
668,12/02/2026,IT7890,-200.32,EUR,withdrawal
669,28/01/2026,IT6789,-267.84,EUR,withdrawal
670,18/04/2026,IT4567,4550.01,EUR,deposit
671,02/03/2026,IT5678,-1728.37,EUR,withdrawal
672,20/01/2026,IT6789,-48.34,EUR,withdrawal
673,08/02/2026,IT3456,383.19,EUR,deposit
674,19/01/2026,IT7890,-1134.65,EUR,withdrawal
675,08/05/2026,IT6789,4970.28,EUR,deposit
676,,IT1234,-631.21,EUR,withdrawal
677,15/02/2026,IT8901,1817.77,EUR,deposit
678,03/03/2026,IT3456,4793.71,EUR,deposit
679,23/02/2026,IT3456,1020.93,EUR,transfer
680,04/01/2026,IT7890,-764.41,EUR,withdrawal
681,06/05/2026,IT8901,2268.33,EUR,deposit
682,,IT6789,1654.87,EUR,deposit
683,14/01/2026,IT6789,-873.48,EUR,withdrawal
684,25/03/2026,IT8901,1175.08,EUR,transfer
685,22/04/2026,IT5678,3135.9,EUR,deposit
686,06/02/2026,IT8901,-539.95,EUR,withdrawal
687,03/04/2026,IT6789,817.82,EUR,deposit
688,27/03/2026,IT3456,3639.25,EUR,deposit
689,25/05/2026,IT2345,4841.92,EUR,deposit
690,15/04/2026,IT7890,-738.83,EUR,withdrawal
691,05/02/2026,IT6789,-224.92,EUR,transfer
692,11/03/2026,IT1234,-1502.86,EUR,withdrawal
693,02/03/2026,IT2345,-1246.66,EUR,transfer
694,06/01/2026,IT2345,-579.6,EUR,withdrawal
695,01/01/1750,IT3456,-303.28,EUR,withdrawal
696,24/02/2026,IT4567,1178.78,EUR,deposit
697,25/01/2026,IT2345,1180.1,EUR,deposit
698,17/03/2026,IT2345,-1601.73,EUR,withdrawal
699,06/03/2026,IT2345,3449.38,EUR,deposit
700,12/05/2026,IT4567,953.78,EUR,deposit
701,30/04/2026,IT2345,-623.37,EUR,withdrawal
702,15/05/2026,IT5678,-739.18,EUR,withdrawal
703,23/02/2026,IT1234,666.35,EUR,deposit
704,15/03/2026,IT8901,550.33,EUR,transfer
705,09/03/2026,IT1234,1681.82,EUR,deposit
706,15/05/2026,IT1234,-27.31,EUR,withdrawal
707,18/01/2026,IT5678,-1619.23,EUR,withdrawal
708,15/02/2026,IT2345,-759.64,EUR,transfer
709,12/03/2026,IT3456,-716.89,EUR,transfer
710,07/05/2026,IT8901,2805.39,EUR,deposit
711,16/05/2026,IT1234,1882.18,EUR,deposit
712,14/03/2026,IT2345,-326.57,EUR,transfer
713,24/03/2026,IT2345,-1146.86,EUR,transfer
714,22/04/2026,IT2345,607.06,EUR,transfer
715,27/02/2026,IT8901,-446.96,EUR,withdrawal
716,12/02/2026,IT2345,3958.55,EUR,deposit
717,13/05/2026,IT7890,1418.54,EUR,transfer
718,13/05/2026,IT4567,513.39,EUR,deposit
719,24/04/2026,IT8901,3920.1,EUR,deposit
720,26/02/2026,IT6789,1278.21,EUR,deposit
721,18/04/2026,IT4567,460.37,EUR,transfer
722,12/04/2026,IT4567,779.33,EUR,transfer
723,02/05/2026,IT8901,-1155.87,EUR,withdrawal
724,09/02/2026,IT4567,3390.44,EUR,deposit
725,15/03/2026,IT8901,668.82,EUR,transfer
726,20/05/2026,IT3456,-578.16,EUR,withdrawal
727,23/04/2026,IT2345,-1023.62,EUR,withdrawal
728,09/01/2026,IT5678,-1050.38,EUR,transfer
729,07/01/2026,IT2345,-1183.03,EUR,withdrawal
730,03/05/2026,IT2345,-1260.0,EUR,withdrawal
731,27/05/2026,IT1234,2851.58,EUR,deposit
732,30/03/2026,IT5678,1241.55,EUR,deposit
733,01/01/2026,IT5678,1318.97,EUR,transfer
734,04/04/2026,IT5678,777.85,EUR,transfer
735,02/04/2026,IT3456,-699.67,EUR,transfer
736,03/01/2026,IT6789,-1008.48,EUR,transfer
737,20/05/2026,IT6789,355.21,EUR,deposit
738,01/01/2026,IT3456,4349.28,EUR,deposit
739,23/03/2026,IT6789,-1889.68,EUR,withdrawal
740,31/01/2026,IT2345,-37.55,EUR,withdrawal
741,15/05/2026,IT8901,-1557.48,EUR,withdrawal
742,13/02/2026,IT2345,-1001.5,EUR,transfer
743,,IT1234,-144.78,EUR,withdrawal
744,16/02/2026,IT1234,3790.56,EUR,deposit
745,09/04/2026,IT5678,-920.06,EUR,withdrawal
746,29/01/2026,IT5678,3363.5,EUR,deposit
747,23/05/2026,IT8901,3095.01,EUR,deposit
748,19/02/2026,IT5678,2100.74,EUR,deposit
749,17/01/2026,IT5678,-951.23,EUR,withdrawal
750,21/03/2026,IT1234,-840.75,EUR,transfer
751,11/03/2026,IT3456,-197.23,EUR,withdrawal
752,03/04/2026,IT6789,99.0,EUR,deposit
753,27/02/2026,IT8901,-459.04,EUR,transfer
754,02/03/2026,IT3456,-1235.4,EUR,transfer
755,22/05/2026,IT4567,329.51,EUR,transfer
756,06/01/2026,IT4567,1051.86,EUR,transfer
757,03/03/2026,IT4567,909.43,EUR,deposit
758,28/03/2026,IT3456,-590.48,EUR,withdrawal
759,16/03/2026,IT3456,-1203.61,EUR,transfer
760,15/03/2026,IT1234,-1568.84,EUR,withdrawal
761,26/05/2026,IT8901,-483.7,EUR,withdrawal
762,05/03/2026,IT4567,-788.92,EUR,withdrawal
763,14/02/2026,IT4567,277.28,EUR,deposit
764,24/01/2026,IT3456,910.84,EUR,transfer
765,17/02/2026,IT2345,1368.86,EUR,transfer
766,06/02/2026,IT6789,-125.99,EUR,transfer
767,28/05/2026,IT6789,588.13,EUR,deposit
768,27/05/2026,IT8901,-814.02,EUR,transfer
769,07/04/2026,IT7890,-607.44,EUR,transfer
770,24/02/2026,IT5678,3343.84,EUR,deposit
771,13/04/2026,IT7890,1432.03,EUR,transfer
772,25/04/2026,IT1234,1193.94,EUR,transfer
773,17/04/2026,IT7890,616.41,EUR,deposit
774,02/01/2026,IT7890,3855.98,EUR,deposit
775,29/01/2026,IT8901,-167.29,EUR,transfer
776,31/05/2026,IT7890,-1317.8,EUR,transfer
777,12/02/2026,IT1234,1347.03,EUR,transfer
778,22/05/2026,IT4567,-1672.89,EUR,withdrawal
779,16/03/2026,IT1234,220.86,EUR,deposit
780,31/05/2026,IT2345,957.37,EUR,transfer
781,05/03/2026,IT8901,-1495.01,EUR,withdrawal
782,03/05/2026,IT1234,4845.15,EUR,deposit
783,11/03/2026,IT8901,1927.46,EUR,deposit
784,18/03/2026,IT2345,4272.82,EUR,deposit
785,16/02/2026,IT5678,-1550.97,EUR,withdrawal
786,16/03/2026,IT2345,-1441.45,EUR,withdrawal
787,13/05/2026,IT6789,672.35,EUR,transfer
788,15/05/2026,IT1234,-1251.54,EUR,withdrawal
789,14/02/2026,IT6789,-397.59,EUR,withdrawal
790,12/05/2026,IT5678,-1785.01,EUR,withdrawal
791,26/02/2026,IT7890,-479.84,EUR,transfer
792,09/03/2026,IT2345,4918.13,EUR,deposit
793,08/02/2026,IT3456,1775.89,EUR,deposit
794,07/05/2026,IT7890,1735.25,EUR,deposit
795,24/03/2026,IT3456,-187.66,EUR,transfer
796,22/03/2026,IT4567,-1183.15,EUR,withdrawal
797,29/04/2026,IT3456,3410.49,EUR,deposit
798,23/03/2026,IT2345,-548.9,EUR,withdrawal
799,19/03/2026,IT7890,-1776.26,EUR,withdrawal
800,15/02/2026,IT7890,846.55,EUR,transfer
801,16/01/2026,IT5678,2201.13,EUR,deposit
802,06/01/2026,IT7890,2947.31,EUR,deposit
803,11/01/2026,IT4567,2732.67,EUR,deposit
804,04/01/2026,IT5678,-1247.21,EUR,transfer
805,06/01/2026,IT4567,-1014.73,EUR,withdrawal
806,23/01/2026,IT4567,4543.53,EUR,deposit
807,17/03/2026,IT5678,1224.9,EUR,transfer
808,08/04/2026,IT3456,-1587.39,EUR,withdrawal
809,02/03/2026,IT2345,2618.85,EUR,deposit
810,09/04/2026,IT7890,-1308.26,EUR,transfer
811,,IT7890,525.01,EUR,deposit
812,05/01/2026,IT1234,1133.23,EUR,deposit
813,04/02/2026,IT4567,-1763.6,EUR,withdrawal
814,14/02/2026,IT3456,2056.47,EUR,deposit
815,25/04/2026,IT6789,-1802.33,EUR,withdrawal
816,27/03/2026,IT4567,2100.35,EUR,deposit
817,05/02/2026,IT2345,130.24,EUR,deposit
818,23/02/2026,IT5678,815.19,EUR,deposit
819,24/05/2026,IT4567,-1045.66,EUR,transfer
820,29/04/2026,IT3456,934.73,EUR,transfer
821,02/04/2026,IT3456,44.8,EUR,transfer
822,23/03/2026,IT3456,113.84,EUR,deposit
823,06/04/2026,IT2345,-1439.2,EUR,transfer
824,17/04/2026,IT1234,319.45,EUR,transfer
825,04/05/2026,IT8901,-912.34,EUR,withdrawal
826,28/04/2026,IT1234,214.1,EUR,transfer
827,22/04/2026,IT4567,2936.2,EUR,deposit
828,19/01/2026,IT4567,307.82,EUR,transfer
829,05/01/2026,IT1234,1298.88,EUR,transfer
830,19/05/2026,IT4567,2787.28,EUR,deposit
831,21/04/2026,IT3456,1760.14,EUR,deposit
832,07/04/2026,IT4567,-534.38,EUR,withdrawal
833,23/04/2026,IT1234,-95.68,EUR,withdrawal
834,15/04/2026,IT1234,-155.4,EUR,withdrawal
835,14/01/2026,IT4567,-1948.49,EUR,withdrawal
836,22/03/2026,IT1234,476.94,EUR,transfer
837,16/01/2026,IT2345,480.63,EUR,transfer
838,20/05/2026,IT5678,-1314.6,EUR,withdrawal
839,17/02/2026,IT5678,2211.66,EUR,deposit
840,31/05/2026,IT4567,-502.71,EUR,transfer
841,10/03/2026,IT5678,4505.22,EUR,deposit
842,28/01/2026,IT3456,704.9,EUR,transfer
843,05/02/2026,IT1234,1009.01,EUR,transfer
844,23/02/2026,IT2345,-1592.32,EUR,withdrawal
845,04/04/2026,IT5678,1096.42,EUR,transfer
846,12/04/2026,IT2345,-1748.15,EUR,withdrawal
847,20/02/2026,IT4567,-1884.87,EUR,withdrawal
848,08/03/2026,IT6789,-816.99,EUR,withdrawal
849,11/02/2026,IT6789,-1291.98,EUR,withdrawal
850,22/02/2026,IT8901,-745.53,EUR,withdrawal
851,26/03/2026,IT5678,203.01,EUR,transfer
852,07/04/2026,IT7890,-1534.37,EUR,withdrawal
853,12/01/2026,IT8901,-1386.86,EUR,transfer
854,16/03/2026,IT5678,-1873.0,EUR,withdrawal
855,08/03/2026,IT2345,-50.16,EUR,transfer
856,01/03/2026,IT6789,2810.15,EUR,deposit
857,23/01/2026,IT5678,1250.68,EUR,transfer
858,,IT6789,1463.91,EUR,deposit
859,24/02/2026,IT3456,-246.07,EUR,transfer
860,21/02/2026,IT5678,-1795.71,EUR,withdrawal
861,17/02/2026,IT5678,3757.98,EUR,deposit
862,01/05/2026,IT2345,-811.48,EUR,transfer
863,12/02/2026,IT5678,-1455.21,EUR,transfer
864,02/05/2026,IT1234,-263.57,EUR,withdrawal
865,02/04/2026,IT5678,-109.51,EUR,transfer
866,01/01/1750,IT2345,735.18,EUR,transfer
867,03/01/2026,IT7890,-1466.86,EUR,transfer
868,21/02/2026,IT5678,-96.69,EUR,withdrawal
869,24/02/2026,IT2345,2517.55,EUR,deposit
870,13/03/2026,IT7890,3343.99,EUR,deposit
871,10/04/2026,IT3456,851.98,EUR,deposit
872,04/01/2026,IT2345,-1006.31,EUR,withdrawal
873,17/03/2026,IT3456,1086.56,EUR,deposit
874,20/01/2026,IT8901,232.65,EUR,deposit
875,08/04/2026,IT2345,641.18,EUR,transfer
876,28/04/2026,IT5678,314.29,EUR,deposit
877,16/05/2026,IT2345,-242.38,EUR,withdrawal
878,19/04/2026,IT6789,-1191.67,EUR,withdrawal
879,19/01/2026,IT5678,-114.3,EUR,withdrawal
880,12/03/2026,IT2345,23%02))12,EUR,withdrawal
881,21/04/2026,IT3456,352.39,EUR,transfer
882,,IT6789,-584.69,EUR,withdrawal
883,06/04/2026,IT8901,-1777.73,EUR,withdrawal
884,20/03/2026,IT2345,-1161.02,EUR,withdrawal
885,23/02/2026,IT5678,-1651.72,EUR,withdrawal
886,31/01/2026,IT4567,-303.9,EUR,withdrawal
887,09/04/2026,IT7890,2946.8,EUR,deposit
888,01/01/1750,IT3456,-1745.34,EUR,withdrawal
889,03/05/2026,IT5678,4841.15,EUR,deposit
890,18/05/2026,IT2345,3376.36,EUR,deposit
891,29/05/2026,IT7890,-547.93,EUR,transfer
892,20/03/2026,IT4567,-51.96,EUR,transfer
893,26/04/2026,IT1234,-1556.05,EUR,withdrawal
894,04/04/2026,IT2345,471.53,EUR,transfer
895,05/02/2026,IT7890,-1020.51,EUR,withdrawal
896,20/02/2026,IT7890,-580.17,EUR,withdrawal
897,14/03/2026,IT5678,-1389.77,EUR,transfer
898,20/02/2026,IT8901,-495.51,EUR,transfer
899,24/05/2026,IT8901,3072.1,EUR,deposit
900,24/05/2026,IT1234,559.07,EUR,transfer
901,22/05/2026,IT3456,-42.52,EUR,withdrawal
902,09/03/2026,IT3456,-498.37,EUR,withdrawal
903,08/02/2026,IT2345,3298.33,EUR,deposit
904,07/02/2026,IT8901,865.48,EUR,transfer
905,06/04/2026,IT4567,-1592.71,EUR,withdrawal
906,26/05/2026,IT3456,-1065.49,EUR,transfer
907,08/05/2026,IT4567,2500.38,EUR,deposit
908,17/05/2026,IT4567,4811.08,EUR,deposit
909,03/03/2026,IT1234,-1288.53,EUR,transfer
910,21/04/2026,IT1234,4432.43,EUR,deposit
911,15/03/2026,IT1234,-552.27,EUR,withdrawal
912,31/01/2026,IT5678,-1238.27,EUR,withdrawal
913,17/05/2026,IT2345,-930.29,EUR,withdrawal
914,25/04/2026,IT5678,2511.27,EUR,deposit
915,05/01/2026,IT4567,837.76,EUR,transfer
916,18/03/2026,IT1234,-260.47,EUR,withdrawal
917,24/01/2026,IT5678,-388.48,EUR,transfer
918,30/01/2026,IT5678,147.76,EUR,transfer
919,14/03/2026,IT7890,-1654.52,EUR,withdrawal
920,08/02/2026,IT5678,-552.56,EUR,withdrawal
921,07/04/2026,IT3456,-476.22,EUR,withdrawal
922,05/03/2026,IT5678,-1244.86,EUR,withdrawal
923,11/02/2026,IT2345,3796.59,EUR,deposit
924,18/04/2026,IT3456,-712.03,EUR,transfer
925,18/03/2026,IT2345,1077.11,EUR,deposit
926,26/01/2026,IT4567,369.98,EUR,transfer
927,24/04/2026,IT3456,-1711.02,EUR,withdrawal
928,05/02/2026,IT5678,-1454.89,EUR,withdrawal
929,10/02/2026,IT5678,-293.79,EUR,withdrawal
930,14/05/2026,IT3456,4380.42,EUR,deposit
931,15/01/2026,IT4567,1134.0,EUR,transfer
932,02/05/2026,IT4567,2268.58,EUR,deposit
933,11/03/2026,IT7890,-826.26,EUR,withdrawal
934,25/05/2026,IT3456,-735.92,EUR,withdrawal
935,01/01/1750,IT3456,1022.69,EUR,transfer
936,03/01/2026,IT2345,-196.07,EUR,withdrawal
937,13/04/2026,IT2345,-1670.39,EUR,withdrawal
938,13/02/2026,IT1234,922.65,EUR,transfer
939,02/05/2026,IT4567,347.59,EUR,transfer
940,23/02/2026,IT2345,-669.39,EUR,withdrawal
941,26/05/2026,IT1234,-895.62,EUR,transfer
942,14/01/2026,IT4567,1296.79,EUR,deposit
943,04/05/2026,IT2345,-1637.1,EUR,withdrawal
944,28/04/2026,IT1234,-855.7,EUR,transfer
945,07/02/2026,IT8901,23%02))12,EUR,withdrawal
946,05/05/2026,IT7890,-305.61,EUR,transfer
947,18/01/2026,IT4567,4499.48,EUR,deposit
948,07/02/2026,IT5678,494.35,EUR,deposit
949,25/03/2026,IT5678,610.13,EUR,transfer
950,14/04/2026,IT6789,-562.04,EUR,withdrawal
951,27/04/2026,IT6789,-1085.93,EUR,withdrawal
952,23/04/2026,IT8901,2998.41,EUR,deposit
953,07/05/2026,IT2345,-547.97,EUR,withdrawal
954,26/05/2026,IT4567,-97.14,EUR,transfer
955,31/01/2026,IT4567,-1027.53,EUR,withdrawal
956,10/04/2026,IT6789,1131.4,EUR,deposit
957,25/04/2026,IT4567,2199.96,EUR,deposit
958,10/05/2026,IT4567,-1889.6,EUR,withdrawal
959,05/04/2026,IT8901,-1152.89,EUR,transfer
960,11/05/2026,IT2345,-531.7,EUR,withdrawal
961,13/01/2026,IT2345,-194.56,EUR,transfer
962,03/02/2026,IT1234,684.69,EUR,deposit
963,16/03/2026,IT4567,345.65,EUR,deposit
964,23/03/2026,IT7890,361.55,EUR,transfer
965,17/01/2026,IT1234,-471.19,EUR,withdrawal
966,07/04/2026,IT8901,-540.56,EUR,transfer
967,24/04/2026,IT7890,-78.01,EUR,transfer
968,08/02/2026,IT7890,330.17,EUR,deposit
969,15/02/2026,IT5678,1455.53,EUR,deposit
970,26/02/2026,IT6789,-1290.61,EUR,withdrawal
971,18/02/2026,IT8901,1197.96,EUR,transfer
972,28/02/2026,IT8901,992.88,EUR,deposit
973,28/03/2026,IT7890,2022.72,EUR,deposit
974,14/02/2026,IT7890,4956.89,EUR,deposit
975,16/02/2026,IT8901,1255.2,EUR,deposit
976,09/02/2026,IT2345,-177.59,EUR,transfer
977,13/05/2026,IT7890,380.61,EUR,transfer
978,17/04/2026,IT6789,-908.21,EUR,withdrawal
979,27/01/2026,IT8901,3834.5,EUR,deposit
980,12/03/2026,IT7890,-988.49,EUR,withdrawal
981,09/04/2026,IT5678,-54.36,EUR,withdrawal
982,12/05/2026,IT8901,1821.73,EUR,deposit
983,18/03/2026,IT6789,71.8,EUR,deposit
984,26/02/2026,IT5678,-410.74,EUR,withdrawal
985,07/04/2026,IT4567,3098.4,EUR,deposit
986,01/03/2026,IT6789,2894.98,EUR,deposit
987,23/01/2026,IT4567,1050.2,EUR,transfer
988,14/02/2026,IT6789,-839.41,EUR,transfer
989,21/01/2026,IT7890,1004.14,EUR,deposit
990,12/01/2026,IT1234,-706.48,EUR,transfer
991,17/02/2026,IT1234,4266.17,EUR,deposit
992,17/04/2026,IT2345,4143.37,EUR,deposit
993,29/01/2026,IT4567,-1115.57,EUR,transfer
994,29/05/2026,IT2345,4197.55,EUR,deposit
995,29/03/2026,IT7890,-1628.89,EUR,withdrawal
996,23/04/2026,IT8901,-1416.4,EUR,withdrawal
997,18/02/2026,IT3456,-894.68,EUR,withdrawal
998,01/01/1750,IT4567,-1640.94,EUR,withdrawal
999,22/02/2026,IT6789,1180.99,EUR,transfer
1000,08/02/2026,IT5678,-319.19,EUR,withdrawal
1001,28/01/2026,IT2345,854.08,EUR,deposit
1002,18/01/2026,IT8901,-35.1,EUR,transfer
1003,10/05/2026,IT1234,664.36,EUR,deposit
1004,03/03/2026,IT3456,-1040.22,EUR,withdrawal
1005,25/04/2026,IT1234,1243.69,EUR,transfer
1006,19/04/2026,IT8901,1447.72,EUR,transfer
1007,15/02/2026,IT8901,-880.62,EUR,transfer
1008,28/04/2026,IT6789,-898.88,EUR,transfer
1009,10/01/2026,IT3456,2728.98,EUR,deposit
1010,20/02/2026,IT5678,-1337.74,EUR,transfer
1011,18/03/2026,IT8901,2688.49,EUR,deposit
1012,01/05/2026,IT6789,23%02))12,EUR,transfer
1013,30/03/2026,IT3456,1347.09,EUR,transfer
1014,01/02/2026,IT3456,1009.71,EUR,transfer
1015,,IT3456,2993.46,EUR,deposit
1016,19/01/2026,IT3456,-83.82,EUR,withdrawal
1017,10/01/2026,IT4567,1587.97,EUR,deposit
1018,25/01/2026,IT7890,-1597.27,EUR,withdrawal
1019,01/03/2026,IT6789,2113.07,EUR,deposit
1020,14/03/2026,IT6789,3333.44,EUR,deposit
1021,27/04/2026,IT3456,-1720.9,EUR,withdrawal
1022,09/04/2026,IT1234,-849.41,EUR,withdrawal
1023,22/01/2026,IT7890,1044.72,EUR,transfer
1024,15/04/2026,IT3456,1340.82,EUR,deposit
1025,19/03/2026,IT1234,-874.75,EUR,transfer
1026,13/03/2026,IT8901,-1378.51,EUR,transfer
1027,07/03/2026,IT7890,-1665.22,EUR,withdrawal
1028,15/03/2026,IT2345,-718.16,EUR,withdrawal
1029,22/01/2026,IT8901,-1554.78,EUR,withdrawal
1030,18/01/2026,IT2345,-186.81,EUR,transfer
1031,10/05/2026,IT3456,784.91,EUR,transfer
1032,13/03/2026,IT5678,-90.55,EUR,withdrawal
1033,27/02/2026,IT4567,-879.26,EUR,transfer
1034,07/03/2026,IT1234,1169.56,EUR,transfer
1035,14/03/2026,IT1234,23%02))12,EUR,transfer
1036,18/04/2026,IT2345,-1143.6,EUR,transfer
1037,14/03/2026,IT2345,2187.71,EUR,deposit
1038,04/03/2026,IT5678,641.36,EUR,deposit
1039,09/05/2026,IT4567,-1717.34,EUR,withdrawal
1040,02/02/2026,IT5678,-1719.49,EUR,withdrawal
1041,08/03/2026,IT8901,1396.33,EUR,transfer
1042,12/04/2026,IT1234,2549.52,EUR,deposit
1043,01/03/2026,IT2345,-894.82,EUR,transfer
1044,11/03/2026,IT5678,-1831.34,EUR,withdrawal
1045,25/01/2026,IT7890,613.78,EUR,transfer
1046,22/04/2026,IT3456,-142.5,EUR,transfer
1047,29/01/2026,IT4567,-1957.86,EUR,withdrawal
1048,10/01/2026,IT3456,909.38,EUR,deposit
1049,10/03/2026,IT6789,2911.15,EUR,deposit
1050,27/01/2026,IT7890,-1320.63,EUR,withdrawal
1051,15/04/2026,IT8901,1342.68,EUR,deposit
1052,,IT3456,-810.5,EUR,transfer
1053,02/02/2026,IT7890,-83.97,EUR,withdrawal
1054,15/04/2026,IT2345,690.72,EUR,transfer
1055,27/05/2026,IT7890,3806.99,EUR,deposit
1056,12/02/2026,IT7890,-677.89,EUR,withdrawal
1057,15/01/2026,IT6789,-20.82,EUR,withdrawal
1058,24/05/2026,IT1234,403.06,EUR,deposit
1059,,IT3456,916.44,EUR,transfer
1060,05/04/2026,IT1234,440.21,EUR,deposit
1061,08/03/2026,IT5678,-1374.91,EUR,withdrawal
1062,04/04/2026,IT1234,2083.3,EUR,deposit
1063,15/02/2026,IT8901,1132.41,EUR,deposit
1064,30/04/2026,IT4567,4424.91,EUR,deposit
1065,13/02/2026,IT3456,-260.52,EUR,withdrawal
1066,22/05/2026,IT3456,-883.93,EUR,transfer
1067,05/02/2026,IT2345,-229.57,EUR,transfer
1068,18/01/2026,IT7890,1747.58,EUR,deposit
1069,04/02/2026,IT7890,52.14,EUR,deposit
1070,06/05/2026,IT1234,-1177.14,EUR,withdrawal
1071,01/03/2026,IT4567,579.89,EUR,deposit
1072,07/02/2026,IT7890,-585.81,EUR,transfer
1073,28/04/2026,IT2345,409.51,EUR,transfer
1074,01/01/2026,IT8901,1306.83,EUR,transfer
1075,12/03/2026,IT3456,2470.69,EUR,deposit
1076,26/05/2026,IT7890,-264.12,EUR,withdrawal
1077,02/01/2026,IT1234,2093.55,EUR,deposit
1078,21/02/2026,IT7890,-1162.65,EUR,transfer
1079,26/04/2026,IT8901,3592.07,EUR,deposit
1080,03/05/2026,IT7890,917.54,EUR,deposit
1081,15/05/2026,IT2345,910.5,EUR,deposit
1082,13/02/2026,IT1234,-392.25,EUR,withdrawal
1083,14/04/2026,IT8901,395.06,EUR,transfer
1084,31/03/2026,IT2345,-949.96,EUR,transfer
1085,12/05/2026,IT7890,820.7,EUR,deposit
1086,18/05/2026,IT6789,2778.88,EUR,deposit
1087,08/05/2026,IT7890,-549.47,EUR,withdrawal
1088,28/04/2026,IT3456,-226.76,EUR,withdrawal
1089,15/03/2026,IT2345,4326.39,EUR,deposit
1090,09/04/2026,IT6789,1445.38,EUR,transfer
1091,24/05/2026,IT8901,1087.1,EUR,transfer
1092,06/01/2026,IT7890,4498.1,EUR,deposit
1093,04/02/2026,IT8901,-498.21,EUR,withdrawal
1094,24/05/2026,IT1234,-190.95,EUR,withdrawal
1095,17/01/2026,IT1234,2780.57,EUR,deposit
1096,22/03/2026,IT7890,23%02))12,EUR,withdrawal
1097,21/05/2026,IT4567,2022.92,EUR,deposit
1098,12/02/2026,IT7890,-1303.39,EUR,transfer
1099,27/03/2026,IT2345,-14.47,EUR,transfer
1100,31/05/2026,IT2345,-1862.05,EUR,withdrawal
1101,21/04/2026,IT5678,-497.14,EUR,withdrawal
1102,19/05/2026,IT8901,3451.67,EUR,deposit
1103,19/05/2026,IT8901,-757.1,EUR,transfer
1104,04/04/2026,IT1234,2274.73,EUR,deposit
1105,11/05/2026,IT6789,364.1,EUR,transfer
1106,12/04/2026,IT3456,-622.4,EUR,transfer
1107,15/04/2026,IT3456,-1844.86,EUR,withdrawal
1108,15/05/2026,IT6789,627.19,EUR,transfer
1109,06/02/2026,IT3456,-412.4,EUR,withdrawal
1110,08/04/2026,IT4567,493.35,EUR,deposit
1111,04/05/2026,IT2345,-610.3,EUR,withdrawal
1112,29/04/2026,IT3456,-370.21,EUR,transfer
1113,28/01/2026,IT7890,2627.94,EUR,deposit
1114,03/03/2026,IT6789,256.67,EUR,deposit
1115,25/01/2026,IT5678,-1337.15,EUR,withdrawal
1116,06/05/2026,IT8901,356.89,EUR,transfer
1117,23/02/2026,IT3456,-930.33,EUR,withdrawal
1118,13/02/2026,IT2345,2431.5,EUR,deposit
1119,06/05/2026,IT3456,-704.27,EUR,withdrawal
1120,14/04/2026,IT8901,-1345.61,EUR,transfer
1121,08/02/2026,IT5678,1421.42,EUR,deposit
1122,09/04/2026,IT8901,1166.56,EUR,deposit
1123,10/05/2026,IT8901,281.72,EUR,deposit
1124,03/03/2026,IT3456,-1764.94,EUR,withdrawal
1125,02/01/2026,IT2345,-323.65,EUR,withdrawal
1126,16/05/2026,IT2345,3900.59,EUR,deposit
1127,13/03/2026,IT2345,-201.29,EUR,transfer
1128,22/01/2026,IT4567,-188.71,EUR,transfer
1129,30/03/2026,IT6789,745.02,EUR,deposit
1130,27/05/2026,IT2345,4409.2,EUR,deposit
1131,18/05/2026,IT1234,893.75,EUR,deposit
1132,14/04/2026,IT2345,-246.78,EUR,transfer
1133,24/03/2026,IT8901,-398.41,EUR,transfer
1134,10/05/2026,IT5678,3433.74,EUR,deposit
1135,10/02/2026,IT3456,605.2,EUR,transfer
1136,07/03/2026,IT1234,-340.38,EUR,withdrawal
1137,17/04/2026,IT3456,3014.17,EUR,deposit
1138,14/02/2026,IT4567,-1926.96,EUR,withdrawal
1139,05/02/2026,IT6789,4151.74,EUR,deposit
1140,15/02/2026,IT7890,-1424.48,EUR,transfer
1141,05/05/2026,IT6789,2500.73,EUR,deposit
1142,10/05/2026,IT7890,563.46,EUR,transfer
1143,14/04/2026,IT3456,-673.66,EUR,withdrawal
1144,29/05/2026,IT3456,-1792.87,EUR,withdrawal
1145,13/05/2026,IT2345,-86.36,EUR,withdrawal
1146,03/03/2026,IT5678,3294.35,EUR,deposit
1147,15/02/2026,IT1234,52.73,EUR,deposit
1148,06/02/2026,IT1234,-109.75,EUR,withdrawal
1149,08/01/2026,IT8901,-1021.83,EUR,withdrawal
1150,21/03/2026,IT1234,1482.21,EUR,deposit
1151,01/02/2026,IT3456,308.01,EUR,transfer
1152,21/03/2026,IT5678,4174.62,EUR,deposit
1153,14/05/2026,IT5678,925.35,EUR,deposit
1154,14/03/2026,IT1234,23%02))12,EUR,withdrawal
1155,17/02/2026,IT4567,-412.38,EUR,withdrawal
1156,21/05/2026,IT4567,-216.22,EUR,withdrawal
1157,05/03/2026,IT6789,-981.89,EUR,transfer
1158,23/04/2026,IT3456,-522.71,EUR,withdrawal
1159,02/05/2026,IT8901,2584.93,EUR,deposit
1160,12/03/2026,IT3456,-319.16,EUR,transfer
1161,12/02/2026,IT6789,2316.13,EUR,deposit
1162,15/03/2026,IT1234,4644.28,EUR,deposit
1163,30/01/2026,IT7890,1359.83,EUR,deposit
1164,20/03/2026,IT8901,-1015.0,EUR,withdrawal
1165,23/03/2026,IT5678,-1462.79,EUR,transfer
1166,08/03/2026,IT6789,-304.62,EUR,transfer
1167,23/01/2026,IT5678,-780.07,EUR,transfer
1168,20/04/2026,IT2345,-723.88,EUR,withdrawal
1169,26/04/2026,IT3456,807.79,EUR,transfer
1170,19/01/2026,IT4567,763.93,EUR,transfer
1171,05/03/2026,IT5678,1057.16,EUR,transfer
1172,20/04/2026,IT3456,3814.07,EUR,deposit
1173,09/03/2026,IT6789,2973.62,EUR,deposit
1174,09/05/2026,IT1234,44.35,EUR,transfer
1175,04/03/2026,IT6789,-1667.81,EUR,withdrawal
1176,14/01/2026,IT3456,1058.8,EUR,transfer
1177,,IT1234,23%02))12,EUR,withdrawal
1178,13/03/2026,IT4567,1236.94,EUR,transfer
1179,27/04/2026,IT8901,3064.66,EUR,deposit
1180,02/02/2026,IT7890,-814.29,EUR,transfer
1181,26/02/2026,IT4567,908.77,EUR,deposit
1182,26/05/2026,IT4567,2037.06,EUR,deposit
1183,29/03/2026,IT3456,1037.36,EUR,transfer
1184,19/04/2026,IT2345,-1660.39,EUR,withdrawal
1185,10/05/2026,IT1234,-1344.57,EUR,transfer
1186,15/01/2026,IT5678,2971.98,EUR,deposit
1187,30/03/2026,IT3456,176.93,EUR,deposit
1188,04/04/2026,IT8901,-484.55,EUR,withdrawal
1189,22/04/2026,IT7890,-281.95,EUR,withdrawal
1190,06/05/2026,IT6789,1116.57,EUR,transfer
1191,03/03/2026,IT2345,-1659.61,EUR,withdrawal
1192,01/01/1750,IT5678,-372.33,EUR,withdrawal
1193,19/05/2026,IT5678,-278.7,EUR,transfer
1194,02/01/2026,IT7890,1903.9,EUR,deposit
1195,31/03/2026,IT3456,-1405.18,EUR,withdrawal
1196,21/03/2026,IT5678,182.44,EUR,transfer
1197,08/01/2026,IT1234,1301.9,EUR,deposit
1198,10/05/2026,IT1234,4700.76,EUR,deposit
1199,22/05/2026,IT3456,977.36,EUR,deposit
1200,28/03/2026,IT6789,-448.4,EUR,transfer
1201,13/01/2026,IT8901,-906.46,EUR,transfer
1202,07/02/2026,IT5678,-351.36,EUR,withdrawal
1203,02/05/2026,IT8901,-95.95,EUR,withdrawal
1204,31/03/2026,IT3456,-1882.8,EUR,withdrawal
1205,09/03/2026,IT6789,1506.16,EUR,deposit
1206,10/05/2026,IT6789,3819.72,EUR,deposit
1207,07/05/2026,IT3456,334.28,EUR,deposit
1208,14/04/2026,IT2345,4884.21,EUR,deposit
1209,13/03/2026,IT4567,-741.37,EUR,withdrawal
1210,27/05/2026,IT8901,23%02))12,EUR,transfer
1211,26/05/2026,IT4567,-496.97,EUR,transfer
1212,14/05/2026,IT7890,2823.37,EUR,deposit
1213,20/05/2026,IT5678,2804.79,EUR,deposit
1214,27/03/2026,IT8901,-1405.44,EUR,withdrawal
1215,13/05/2026,IT3456,-74.27,EUR,withdrawal
1216,09/02/2026,IT2345,-444.99,EUR,withdrawal
1217,15/04/2026,IT4567,-1381.84,EUR,transfer
1218,05/05/2026,IT4567,-1273.1,EUR,withdrawal
1219,01/01/1750,IT8901,-1177.59,EUR,withdrawal
1220,24/05/2026,IT3456,1726.47,EUR,deposit
1221,13/02/2026,IT5678,4014.31,EUR,deposit
1222,07/01/2026,IT3456,-137.86,EUR,withdrawal
1223,02/04/2026,IT1234,1145.58,EUR,transfer
1224,03/01/2026,IT8901,4876.6,EUR,deposit
1225,14/02/2026,IT3456,2374.25,EUR,deposit
1226,25/03/2026,IT6789,-689.41,EUR,withdrawal
1227,20/05/2026,IT4567,4460.79,EUR,deposit
1228,09/02/2026,IT5678,78.18,EUR,transfer
1229,20/05/2026,IT2345,-723.22,EUR,withdrawal
1230,16/03/2026,IT7890,1005.2,EUR,transfer
1231,26/02/2026,IT7890,-1509.62,EUR,withdrawal
1232,08/01/2026,IT7890,-794.57,EUR,transfer
1233,10/05/2026,IT8901,-946.91,EUR,transfer
1234,01/05/2026,IT5678,-844.94,EUR,transfer
1235,26/02/2026,IT4567,325.0,EUR,transfer
1236,03/01/2026,IT8901,-182.96,EUR,transfer
1237,,IT3456,-1044.98,EUR,transfer
1238,13/02/2026,IT5678,4163.4,EUR,deposit
1239,17/02/2026,IT8901,-664.14,EUR,withdrawal
1240,08/03/2026,IT4567,-1173.97,EUR,transfer
1241,04/04/2026,IT3456,3056.79,EUR,deposit
1242,02/04/2026,IT7890,406.13,EUR,transfer
1243,02/01/2026,IT2345,4927.46,EUR,deposit
1244,04/05/2026,IT5678,2504.77,EUR,deposit
1245,09/05/2026,IT4567,267.35,EUR,transfer
1246,09/02/2026,IT7890,-1877.61,EUR,withdrawal
1247,25/01/2026,IT4567,557.24,EUR,transfer
1248,05/04/2026,IT7890,1237.47,EUR,transfer
1249,20/02/2026,IT3456,4141.23,EUR,deposit
1250,10/05/2026,IT4567,-1088.0,EUR,withdrawal
1251,19/02/2026,IT7890,-121.57,EUR,transfer
1252,19/05/2026,IT3456,-1195.37,EUR,withdrawal
1253,04/03/2026,IT5678,-512.72,EUR,withdrawal
1254,30/01/2026,IT4567,-546.18,EUR,withdrawal
1255,30/03/2026,IT4567,-900.29,EUR,withdrawal
1256,12/01/2026,IT3456,1074.4,EUR,transfer
1257,01/03/2026,IT3456,-650.85,EUR,transfer
1258,25/05/2026,IT7890,4668.44,EUR,deposit
1259,18/04/2026,IT7890,84.21,EUR,transfer
1260,26/01/2026,IT7890,842.48,EUR,deposit
1261,05/02/2026,IT2345,-984.2,EUR,transfer
1262,21/05/2026,IT4567,-457.47,EUR,withdrawal
1263,25/04/2026,IT7890,607.31,EUR,deposit
1264,03/01/2026,IT5678,23%02))12,EUR,transfer
1265,08/02/2026,IT8901,-214.21,EUR,withdrawal
1266,22/02/2026,IT7890,76.52,EUR,transfer
1267,23/04/2026,IT3456,2040.8,EUR,deposit
1268,24/04/2026,IT1234,-1728.52,EUR,withdrawal
1269,02/05/2026,IT7890,-637.05,EUR,withdrawal
1270,21/04/2026,IT7890,-588.64,EUR,transfer
1271,15/05/2026,IT8901,1519.44,EUR,deposit
1272,04/04/2026,IT2345,1117.06,EUR,deposit
1273,31/03/2026,IT4567,-1301.38,EUR,transfer
1274,17/02/2026,IT4567,-1234.89,EUR,withdrawal
1275,31/03/2026,IT6789,-206.57,EUR,withdrawal
1276,10/01/2026,IT7890,-679.46,EUR,withdrawal
1277,12/05/2026,IT6789,-1546.17,EUR,withdrawal
1278,16/02/2026,IT5678,-1931.64,EUR,withdrawal
1279,20/03/2026,IT6789,-892.57,EUR,transfer
1280,22/05/2026,IT4567,56.63,EUR,transfer
1281,22/01/2026,IT3456,216.83,EUR,deposit
1282,05/03/2026,IT7890,-437.07,EUR,withdrawal
1283,26/05/2026,IT3456,-1449.12,EUR,transfer
1284,20/01/2026,IT6789,-1293.73,EUR,withdrawal
1285,31/03/2026,IT3456,3680.46,EUR,deposit
1286,03/04/2026,IT3456,-586.0,EUR,transfer
1287,27/04/2026,IT2345,-171.11,EUR,transfer
1288,04/04/2026,IT3456,4489.42,EUR,deposit
1289,16/02/2026,IT3456,1267.99,EUR,transfer
1290,20/05/2026,IT6789,-1256.04,EUR,withdrawal
1291,02/04/2026,IT2345,299.71,EUR,transfer
1292,13/04/2026,IT6789,-1432.11,EUR,withdrawal
1293,28/02/2026,IT6789,-1803.69,EUR,withdrawal
1294,12/03/2026,IT5678,-884.65,EUR,withdrawal
1295,24/05/2026,IT4567,-340.04,EUR,withdrawal
1296,24/01/2026,IT1234,2908.07,EUR,deposit
1297,26/03/2026,IT6789,-898.28,EUR,transfer
1298,18/02/2026,IT5678,-169.04,EUR,withdrawal
1299,02/04/2026,IT4567,3686.97,EUR,deposit
1300,20/04/2026,IT5678,498.94,EUR,deposit
1301,24/02/2026,IT5678,1807.17,EUR,deposit
1302,30/04/2026,IT7890,1325.16,EUR,deposit
1303,23/01/2026,IT4567,-259.49,EUR,transfer
1304,28/02/2026,IT2345,-233.74,EUR,withdrawal
1305,06/05/2026,IT1234,1885.7,EUR,deposit
1306,18/02/2026,IT6789,-1001.63,EUR,withdrawal
1307,10/02/2026,IT2345,1141.9,EUR,deposit
1308,08/01/2026,IT1234,-302.94,EUR,withdrawal
1309,07/05/2026,IT6789,-612.64,EUR,transfer
1310,01/01/1750,IT5678,69.82,EUR,deposit
1311,22/04/2026,IT8901,596.49,EUR,transfer
1312,09/02/2026,IT6789,3654.26,EUR,deposit
1313,22/05/2026,IT3456,-716.07,EUR,transfer
1314,25/01/2026,IT5678,-1654.38,EUR,withdrawal
1315,18/04/2026,IT3456,-646.43,EUR,withdrawal
1316,16/04/2026,IT8901,1227.44,EUR,transfer
1317,14/03/2026,IT6789,-1904.97,EUR,withdrawal
1318,15/05/2026,IT5678,1276.59,EUR,deposit
1319,18/01/2026,IT8901,-1405.07,EUR,withdrawal
1320,03/05/2026,IT6789,-718.93,EUR,transfer
1321,24/01/2026,IT4567,-1325.52,EUR,withdrawal
1322,01/02/2026,IT5678,447.79,EUR,transfer
1323,15/02/2026,IT4567,-1015.68,EUR,withdrawal
1324,31/05/2026,IT2345,-315.92,EUR,transfer
1325,03/01/2026,IT3456,804.67,EUR,deposit
1326,05/01/2026,IT3456,4570.37,EUR,deposit
1327,01/04/2026,IT7890,3417.85,EUR,deposit
1328,15/01/2026,IT1234,-178.42,EUR,withdrawal
1329,23/02/2026,IT3456,1348.45,EUR,transfer
1330,16/04/2026,IT5678,-1543.11,EUR,withdrawal
1331,27/04/2026,IT7890,23%02))12,EUR,deposit
1332,20/04/2026,IT5678,-1230.8,EUR,withdrawal
1333,25/02/2026,IT7890,2885.82,EUR,deposit
1334,02/03/2026,IT4567,-696.7,EUR,withdrawal
1335,03/04/2026,IT2345,-1490.99,EUR,withdrawal
1336,05/04/2026,IT8901,3751.41,EUR,deposit
1337,13/02/2026,IT3456,1336.2,EUR,deposit
1338,25/01/2026,IT6789,724.89,EUR,transfer
1339,07/01/2026,IT5678,-1688.74,EUR,withdrawal
1340,23/05/2026,IT7890,-894.21,EUR,transfer
1341,10/02/2026,IT3456,-753.97,EUR,withdrawal
1342,07/04/2026,IT5678,-920.73,EUR,withdrawal
1343,05/04/2026,IT8901,-531.76,EUR,transfer
1344,,IT7890,-814.9,EUR,transfer
1345,13/05/2026,IT7890,-576.24,EUR,transfer
1346,06/05/2026,IT3456,1444.28,EUR,deposit
1347,11/02/2026,IT1234,746.48,EUR,deposit
1348,29/05/2026,IT1234,4255.23,EUR,deposit
1349,10/04/2026,IT7890,3100.01,EUR,deposit
1350,09/04/2026,IT1234,-856.31,EUR,withdrawal
1351,12/03/2026,IT2345,1735.58,EUR,deposit
1352,28/04/2026,IT2345,3426.17,EUR,deposit
1353,13/03/2026,IT5678,-1226.04,EUR,withdrawal
1354,14/03/2026,IT3456,-394.82,EUR,withdrawal
1355,31/03/2026,IT6789,2250.96,EUR,deposit
1356,01/01/2026,IT6789,416.9,EUR,transfer
1357,29/04/2026,IT6789,1563.63,EUR,deposit
1358,19/02/2026,IT6789,-56.46,EUR,withdrawal
1359,27/02/2026,IT8901,960.82,EUR,deposit
1360,22/05/2026,IT5678,532.2,EUR,transfer
1361,19/03/2026,IT2345,-765.95,EUR,withdrawal
1362,22/01/2026,IT3456,1240.61,EUR,deposit
1363,21/02/2026,IT8901,1750.99,EUR,deposit
1364,20/04/2026,IT8901,329.24,EUR,transfer
1365,05/04/2026,IT3456,71.91,EUR,deposit
1366,26/01/2026,IT4567,513.86,EUR,deposit
1367,09/03/2026,IT5678,-1949.2,EUR,withdrawal
1368,25/05/2026,IT5678,81.56,EUR,transfer
1369,20/03/2026,IT1234,407.93,EUR,transfer
1370,23/01/2026,IT4567,-571.99,EUR,withdrawal
1371,25/02/2026,IT6789,-404.24,EUR,withdrawal
1372,25/02/2026,IT5678,1965.98,EUR,deposit
1373,21/05/2026,IT5678,-1139.78,EUR,transfer
1374,22/03/2026,IT7890,-163.04,EUR,transfer
1375,06/05/2026,IT6789,1360.51,EUR,deposit
1376,24/05/2026,IT7890,-847.94,EUR,transfer
1377,04/01/2026,IT8901,2162.69,EUR,deposit
1378,10/01/2026,IT7890,-812.15,EUR,transfer
1379,28/04/2026,IT4567,-1119.78,EUR,withdrawal
1380,08/04/2026,IT3456,-337.74,EUR,transfer
1381,20/03/2026,IT7890,1239.13,EUR,deposit
1382,04/03/2026,IT4567,-584.31,EUR,transfer
1383,22/04/2026,IT1234,23%02))12,EUR,deposit
1384,25/01/2026,IT5678,588.65,EUR,transfer
1385,28/01/2026,IT8901,-1671.48,EUR,withdrawal
1386,02/03/2026,IT1234,3284.05,EUR,deposit
1387,01/04/2026,IT2345,-917.53,EUR,withdrawal
1388,24/05/2026,IT1234,-364.06,EUR,transfer
1389,08/04/2026,IT4567,-1293.96,EUR,withdrawal
1390,02/04/2026,IT6789,-239.31,EUR,withdrawal
1391,15/02/2026,IT1234,-798.94,EUR,transfer
1392,01/01/1750,IT6789,2339.78,EUR,deposit
1393,17/02/2026,IT4567,-61.6,EUR,withdrawal
1394,04/03/2026,IT6789,-477.14,EUR,transfer
1395,20/04/2026,IT4567,318.87,EUR,transfer
1396,08/04/2026,IT4567,-275.06,EUR,withdrawal
1397,10/02/2026,IT4567,4931.34,EUR,deposit
1398,08/04/2026,IT5678,-1616.72,EUR,withdrawal
1399,10/03/2026,IT7890,-388.55,EUR,withdrawal
1400,01/02/2026,IT7890,-987.28,EUR,transfer
1401,09/04/2026,IT8901,3464.22,EUR,deposit
1402,20/05/2026,IT1234,1708.92,EUR,deposit
1403,27/05/2026,IT8901,3920.98,EUR,deposit
1404,05/02/2026,IT3456,2581.28,EUR,deposit
1405,22/03/2026,IT2345,387.4,EUR,deposit
1406,12/03/2026,IT4567,-156.09,EUR,withdrawal
1407,15/01/2026,IT8901,-619.62,EUR,withdrawal
1408,01/03/2026,IT3456,1207.8,EUR,transfer
1409,22/02/2026,IT5678,-1173.52,EUR,withdrawal
1410,03/04/2026,IT2345,1020.83,EUR,deposit
1411,04/02/2026,IT4567,3111.62,EUR,deposit
1412,29/04/2026,IT3456,-190.83,EUR,transfer
1413,12/01/2026,IT8901,4918.33,EUR,deposit
1414,18/04/2026,IT4567,1030.65,EUR,transfer
1415,03/02/2026,IT4567,898.06,EUR,transfer
1416,29/03/2026,IT7890,3928.62,EUR,deposit
1417,21/02/2026,IT3456,1632.6,EUR,deposit
1418,01/02/2026,IT3456,4658.94,EUR,deposit
1419,03/05/2026,IT6789,1492.24,EUR,transfer
1420,07/01/2026,IT7890,825.8,EUR,transfer
1421,14/01/2026,IT1234,-1430.37,EUR,transfer
1422,14/04/2026,IT5678,-308.1,EUR,withdrawal
1423,15/02/2026,IT3456,-930.32,EUR,withdrawal
1424,26/01/2026,IT5678,1359.03,EUR,deposit
1425,,IT5678,-1500.85,EUR,withdrawal
1426,23/01/2026,IT3456,576.72,EUR,transfer
1427,04/02/2026,IT5678,-1268.33,EUR,withdrawal
1428,22/01/2026,IT3456,1967.43,EUR,deposit
1429,21/03/2026,IT1234,550.69,EUR,deposit
1430,11/02/2026,IT3456,-749.73,EUR,withdrawal
1431,24/03/2026,IT2345,1434.7,EUR,deposit
1432,27/03/2026,IT6789,2665.2,EUR,deposit
1433,29/01/2026,IT1234,-1450.92,EUR,transfer
1434,23/01/2026,IT1234,3649.63,EUR,deposit
1435,21/04/2026,IT1234,328.13,EUR,transfer
1436,05/05/2026,IT4567,753.54,EUR,deposit
1437,09/04/2026,IT2345,-1382.69,EUR,transfer
1438,12/05/2026,IT1234,-559.31,EUR,transfer
1439,22/04/2026,IT6789,899.45,EUR,deposit
1440,13/03/2026,IT4567,-876.06,EUR,transfer
1441,27/03/2026,IT8901,23%02))12,EUR,transfer
1442,12/04/2026,IT4567,-1187.31,EUR,withdrawal
1443,28/05/2026,IT3456,4387.73,EUR,deposit
1444,09/01/2026,IT1234,4596.98,EUR,deposit
1445,25/05/2026,IT1234,-909.17,EUR,transfer
1446,29/04/2026,IT4567,-547.9,EUR,withdrawal
1447,31/03/2026,IT3456,1466.6,EUR,deposit
1448,09/05/2026,IT7890,923.89,EUR,transfer
1449,06/03/2026,IT6789,1002.36,EUR,transfer
1450,11/01/2026,IT1234,-1334.72,EUR,withdrawal
1451,26/03/2026,IT3456,-137.94,EUR,withdrawal
1452,01/03/2026,IT5678,2629.73,EUR,deposit
1453,25/05/2026,IT3456,591.83,EUR,transfer
1454,23/01/2026,IT2345,-595.11,EUR,withdrawal
1455,21/03/2026,IT2345,-1850.91,EUR,withdrawal
1456,24/01/2026,IT1234,104.17,EUR,transfer
1457,09/02/2026,IT5678,133.88,EUR,transfer
1458,03/04/2026,IT1234,-808.55,EUR,withdrawal
1459,12/03/2026,IT8901,-1130.74,EUR,withdrawal
1460,13/03/2026,IT7890,3678.34,EUR,deposit
1461,18/05/2026,IT3456,-1098.95,EUR,withdrawal
1462,01/05/2026,IT2345,4873.57,EUR,deposit
1463,18/05/2026,IT7890,-705.77,EUR,transfer
1464,08/02/2026,IT3456,-522.52,EUR,withdrawal
1465,28/05/2026,IT5678,4315.3,EUR,deposit
1466,21/05/2026,IT8901,2552.79,EUR,deposit
1467,24/01/2026,IT4567,-592.97,EUR,withdrawal
1468,13/01/2026,IT1234,-1727.25,EUR,withdrawal
1469,22/04/2026,IT8901,1107.84,EUR,deposit
1470,,IT6789,1411.82,EUR,deposit
1471,17/04/2026,IT1234,2896.73,EUR,deposit
1472,25/03/2026,IT7890,-731.74,EUR,transfer
1473,,IT3456,2174.25,EUR,deposit
1474,05/03/2026,IT4567,1386.41,EUR,deposit
1475,20/03/2026,IT6789,2089.08,EUR,deposit
1476,12/05/2026,IT5678,-327.66,EUR,withdrawal
1477,01/01/1750,IT6789,-245.96,EUR,withdrawal
1478,13/04/2026,IT5678,-621.73,EUR,withdrawal
1479,16/02/2026,IT4567,-24.92,EUR,withdrawal
1480,19/01/2026,IT1234,-608.14,EUR,withdrawal
1481,11/01/2026,IT3456,273.31,EUR,transfer
1482,26/02/2026,IT7890,23%02))12,EUR,deposit
1483,01/01/1750,IT5678,3375.99,EUR,deposit
1484,19/05/2026,IT1234,-940.12,EUR,withdrawal
1485,,IT1234,-960.43,EUR,transfer
1486,18/02/2026,IT5678,-33.38,EUR,withdrawal
1487,30/05/2026,IT3456,2198.67,EUR,deposit
1488,09/05/2026,IT4567,-284.3,EUR,withdrawal
1489,09/04/2026,IT2345,3696.65,EUR,deposit
1490,28/05/2026,IT6789,239.51,EUR,transfer
1491,10/04/2026,IT4567,-793.61,EUR,withdrawal
1492,28/04/2026,IT2345,-1155.43,EUR,withdrawal
1493,28/02/2026,IT5678,147.53,EUR,deposit
1494,24/04/2026,IT7890,-1877.95,EUR,withdrawal
1495,25/02/2026,IT8901,-1323.2,EUR,withdrawal
1496,10/03/2026,IT5678,23%02))12,EUR,deposit
1497,18/02/2026,IT1234,-209.98,EUR,transfer
1498,27/03/2026,IT6789,1080.12,EUR,transfer
1499,28/01/2026,IT1234,834.53,EUR,transfer
1500,23/03/2026,IT5678,4385.51,EUR,deposit
1501,03/01/2026,IT2345,-691.19,EUR,withdrawal
1502,15/03/2026,IT5678,3196.56,EUR,deposit
1503,25/02/2026,IT4567,844.14,EUR,deposit
1504,30/01/2026,IT6789,2104.55,EUR,deposit
1505,12/04/2026,IT1234,-1448.87,EUR,transfer
1506,05/02/2026,IT1234,3456.32,EUR,deposit
1507,29/03/2026,IT2345,1101.51,EUR,transfer
1508,28/01/2026,IT4567,2254.8,EUR,deposit
1509,15/03/2026,IT1234,-682.8,EUR,transfer
1510,08/03/2026,IT4567,-578.2,EUR,transfer
1511,29/03/2026,IT7890,3071.17,EUR,deposit
1512,22/02/2026,IT7890,124.84,EUR,deposit
1513,25/04/2026,IT3456,188.06,EUR,transfer
1514,07/02/2026,IT4567,-1368.47,EUR,transfer
1515,25/03/2026,IT7890,1026.88,EUR,transfer
1516,27/02/2026,IT6789,4136.82,EUR,deposit
1517,08/05/2026,IT7890,-49.62,EUR,transfer
1518,28/04/2026,IT7890,3902.94,EUR,deposit
1519,04/01/2026,IT5678,-1333.98,EUR,withdrawal
1520,24/02/2026,IT3456,1374.97,EUR,deposit
1521,02/03/2026,IT8901,-151.16,EUR,withdrawal
1522,01/04/2026,IT8901,-683.84,EUR,withdrawal
1523,30/01/2026,IT3456,2115.69,EUR,deposit
1524,08/01/2026,IT5678,-321.4,EUR,withdrawal
1525,26/04/2026,IT4567,-78.43,EUR,withdrawal
1526,06/01/2026,IT4567,-664.48,EUR,withdrawal
1527,24/01/2026,IT2345,-207.02,EUR,transfer
1528,09/02/2026,IT2345,498.78,EUR,deposit
1529,18/04/2026,IT7890,1441.9,EUR,transfer
1530,14/02/2026,IT8901,4032.63,EUR,deposit
1531,02/03/2026,IT5678,-1117.69,EUR,withdrawal
1532,20/04/2026,IT1234,-1441.46,EUR,withdrawal
1533,10/05/2026,IT8901,-947.43,EUR,withdrawal
1534,12/02/2026,IT7890,-401.97,EUR,withdrawal
1535,07/05/2026,IT2345,-993.58,EUR,withdrawal
1536,11/01/2026,IT2345,-1226.77,EUR,transfer
1537,03/01/2026,IT2345,-694.5,EUR,transfer
1538,28/01/2026,IT4567,-1745.88,EUR,withdrawal
1539,04/05/2026,IT5678,777.1,EUR,transfer
1540,13/04/2026,IT8901,350.01,EUR,transfer
1541,31/01/2026,IT8901,-767.47,EUR,withdrawal
1542,28/04/2026,IT3456,-1951.82,EUR,withdrawal
1543,27/01/2026,IT5678,-1560.0,EUR,withdrawal
1544,13/04/2026,IT4567,-73.35,EUR,transfer
1545,31/01/2026,IT3456,95.1,EUR,transfer
1546,15/05/2026,IT2345,168.1,EUR,deposit
1547,11/01/2026,IT1234,1015.33,EUR,deposit
1548,03/02/2026,IT6789,2882.18,EUR,deposit
1549,19/03/2026,IT3456,-868.45,EUR,withdrawal
1550,27/01/2026,IT2345,-784.76,EUR,withdrawal
1551,26/01/2026,IT3456,-1001.81,EUR,transfer
1552,17/05/2026,IT8901,-754.99,EUR,withdrawal
1553,15/02/2026,IT2345,-182.93,EUR,transfer
1554,13/03/2026,IT2345,1824.75,EUR,deposit
1555,07/05/2026,IT1234,4316.83,EUR,deposit
1556,06/04/2026,IT3456,4832.59,EUR,deposit
1557,01/01/1750,IT3456,824.16,EUR,deposit
1558,08/01/2026,IT4567,2781.62,EUR,deposit
1559,26/02/2026,IT8901,1094.58,EUR,transfer
1560,02/01/2026,IT6789,-1545.78,EUR,withdrawal
1561,21/05/2026,IT2345,2935.4,EUR,deposit
1562,10/05/2026,IT1234,396.03,EUR,deposit
1563,03/05/2026,IT2345,568.11,EUR,transfer
1564,17/02/2026,IT5678,730.02,EUR,transfer
1565,25/01/2026,IT3456,203.06,EUR,transfer
1566,05/05/2026,IT6789,-1146.48,EUR,transfer
1567,15/02/2026,IT3456,-381.06,EUR,withdrawal
1568,03/04/2026,IT2345,-1082.39,EUR,withdrawal
1569,10/03/2026,IT7890,4043.18,EUR,deposit
1570,19/02/2026,IT1234,3318.84,EUR,deposit
1571,05/05/2026,IT2345,-1612.69,EUR,withdrawal
1572,06/04/2026,IT7890,-636.78,EUR,transfer
1573,07/01/2026,IT6789,-302.3,EUR,withdrawal
1574,10/05/2026,IT5678,-654.35,EUR,transfer
1575,20/03/2026,IT3456,1180.66,EUR,transfer
1576,02/03/2026,IT8901,-1208.52,EUR,withdrawal
1577,06/04/2026,IT3456,-228.78,EUR,transfer
1578,29/01/2026,IT3456,934.7,EUR,deposit
1579,06/01/2026,IT8901,2601.26,EUR,deposit
1580,15/03/2026,IT5678,2966.41,EUR,deposit
1581,18/04/2026,IT2345,-193.06,EUR,withdrawal
1582,20/05/2026,IT4567,955.64,EUR,deposit
1583,27/02/2026,IT7890,606.02,EUR,transfer
1584,30/04/2026,IT6789,-415.49,EUR,withdrawal
1585,21/05/2026,IT7890,4308.82,EUR,deposit
1586,13/05/2026,IT2345,-1165.57,EUR,transfer
1587,02/01/2026,IT1234,4874.25,EUR,deposit
1588,21/02/2026,IT3456,-1017.18,EUR,withdrawal
1589,28/04/2026,IT5678,3663.55,EUR,deposit
1590,28/04/2026,IT5678,-815.58,EUR,transfer
1591,31/03/2026,IT1234,270.97,EUR,transfer
1592,19/03/2026,IT7890,1326.34,EUR,transfer
1593,09/03/2026,IT8901,3095.09,EUR,deposit
1594,12/03/2026,IT8901,930.06,EUR,transfer
1595,17/05/2026,IT8901,2966.88,EUR,deposit
1596,04/04/2026,IT2345,470.37,EUR,deposit
1597,16/01/2026,IT2345,-1603.89,EUR,withdrawal
1598,26/05/2026,IT4567,1559.78,EUR,deposit
1599,23/02/2026,IT1234,1056.96,EUR,transfer
1600,18/05/2026,IT4567,-702.63,EUR,withdrawal
1601,12/03/2026,IT3456,-908.29,EUR,withdrawal
1602,24/02/2026,IT8901,-1479.57,EUR,withdrawal
1603,13/02/2026,IT6789,-831.64,EUR,withdrawal
1604,09/02/2026,IT8901,1089.12,EUR,transfer
1605,01/02/2026,IT6789,3123.03,EUR,deposit
1606,06/04/2026,IT8901,169.84,EUR,transfer
1607,09/03/2026,IT1234,4313.16,EUR,deposit
1608,25/05/2026,IT3456,-168.35,EUR,withdrawal
1609,17/04/2026,IT5678,-110.05,EUR,withdrawal
1610,17/03/2026,IT1234,-32.42,EUR,transfer
1611,22/03/2026,IT8901,-929.06,EUR,withdrawal
1612,28/04/2026,IT6789,-363.65,EUR,withdrawal
1613,06/01/2026,IT5678,-1577.13,EUR,withdrawal
1614,12/02/2026,IT6789,-1157.62,EUR,transfer
1615,08/04/2026,IT5678,-857.75,EUR,withdrawal
1616,03/01/2026,IT2345,287.89,EUR,transfer
1617,17/03/2026,IT8901,4147.2,EUR,deposit
1618,19/03/2026,IT8901,-1110.43,EUR,transfer
1619,25/02/2026,IT1234,2714.71,EUR,deposit
1620,19/02/2026,IT8901,-242.04,EUR,withdrawal
1621,06/03/2026,IT1234,485.09,EUR,transfer
1622,02/05/2026,IT1234,-1020.9,EUR,transfer
1623,03/01/2026,IT3456,952.78,EUR,transfer
1624,10/02/2026,IT3456,-928.7,EUR,withdrawal
1625,03/03/2026,IT3456,-599.12,EUR,withdrawal
1626,07/02/2026,IT2345,1164.94,EUR,transfer
1627,20/02/2026,IT2345,2627.71,EUR,deposit
1628,29/01/2026,IT3456,1342.71,EUR,transfer
1629,26/05/2026,IT8901,-561.76,EUR,withdrawal
1630,11/02/2026,IT7890,-1629.82,EUR,withdrawal
1631,02/02/2026,IT3456,1182.17,EUR,transfer
1632,02/01/2026,IT4567,500.88,EUR,transfer
1633,22/04/2026,IT2345,1760.16,EUR,deposit
1634,26/04/2026,IT6789,-947.58,EUR,transfer
1635,12/05/2026,IT4567,-1031.66,EUR,transfer
1636,21/04/2026,IT5678,4362.02,EUR,deposit
1637,04/03/2026,IT4567,437.73,EUR,transfer
1638,29/01/2026,IT7890,-693.61,EUR,withdrawal
1639,03/02/2026,IT2345,-662.4,EUR,withdrawal
1640,09/05/2026,IT8901,-1189.66,EUR,withdrawal
1641,02/02/2026,IT1234,3719.91,EUR,deposit
1642,03/03/2026,IT3456,3371.27,EUR,deposit
1643,27/02/2026,IT2345,-467.03,EUR,withdrawal
1644,10/04/2026,IT8901,-1689.63,EUR,withdrawal
1645,04/03/2026,IT3456,-408.56,EUR,transfer
1646,14/02/2026,IT2345,-87.65,EUR,withdrawal
1647,19/05/2026,IT3456,4248.41,EUR,deposit
1648,22/01/2026,IT7890,3726.87,EUR,deposit
1649,23/05/2026,IT3456,-1807.28,EUR,withdrawal
1650,23/04/2026,IT6789,3345.63,EUR,deposit
1651,10/03/2026,IT3456,1121.7,EUR,transfer
1652,24/05/2026,IT4567,-1086.86,EUR,withdrawal
1653,14/05/2026,IT3456,-337.23,EUR,transfer
1654,13/02/2026,IT6789,-1201.1,EUR,withdrawal
1655,09/03/2026,IT1234,-1165.11,EUR,transfer
1656,16/03/2026,IT4567,-243.26,EUR,transfer
1657,01/01/1750,IT3456,-306.16,EUR,withdrawal
1658,03/04/2026,IT5678,4328.37,EUR,deposit
1659,09/03/2026,IT3456,90.94,EUR,deposit
1660,03/02/2026,IT1234,3171.42,EUR,deposit
1661,07/04/2026,IT5678,-424.28,EUR,withdrawal
1662,21/03/2026,IT8901,-1391.22,EUR,withdrawal
1663,15/04/2026,IT8901,-1845.31,EUR,withdrawal
1664,23/01/2026,IT7890,1028.55,EUR,transfer
1665,20/02/2026,IT8901,-316.97,EUR,transfer
1666,27/01/2026,IT7890,-125.71,EUR,transfer
1667,07/02/2026,IT2345,-1100.38,EUR,transfer
1668,29/05/2026,IT4567,1265.44,EUR,deposit
1669,14/03/2026,IT4567,4473.8,EUR,deposit
1670,22/04/2026,IT2345,1554.7,EUR,deposit
1671,19/03/2026,IT1234,144.74,EUR,deposit
1672,04/01/2026,IT3456,-679.87,EUR,transfer
1673,30/04/2026,IT4567,-83.21,EUR,withdrawal
1674,10/04/2026,IT2345,2078.83,EUR,deposit
1675,02/02/2026,IT7890,-1846.04,EUR,withdrawal
1676,29/01/2026,IT4567,-297.03,EUR,withdrawal
1677,02/04/2026,IT2345,-110.87,EUR,withdrawal
1678,16/04/2026,IT7890,23%02))12,EUR,withdrawal
1679,,IT6789,500.83,EUR,deposit
1680,17/05/2026,IT6789,-914.31,EUR,withdrawal
1681,06/03/2026,IT4567,-941.6,EUR,withdrawal
1682,25/04/2026,IT4567,3223.69,EUR,deposit
1683,14/01/2026,IT4567,223.4,EUR,transfer
1684,01/05/2026,IT6789,-584.12,EUR,withdrawal
1685,11/05/2026,IT4567,258.27,EUR,deposit
1686,09/05/2026,IT3456,1072.21,EUR,deposit
1687,29/04/2026,IT4567,3729.12,EUR,deposit
1688,12/05/2026,IT6789,-981.41,EUR,withdrawal
1689,19/04/2026,IT2345,970.33,EUR,transfer
1690,02/01/2026,IT4567,1862.19,EUR,deposit
1691,25/03/2026,IT4567,-305.75,EUR,transfer
1692,21/01/2026,IT8901,4561.19,EUR,deposit
1693,05/05/2026,IT4567,-1092.16,EUR,withdrawal
1694,22/04/2026,IT4567,-402.43,EUR,withdrawal
1695,15/05/2026,IT2345,3169.22,EUR,deposit
1696,01/01/1750,IT3456,-1474.44,EUR,transfer
1697,15/03/2026,IT8901,600.29,EUR,transfer
1698,04/02/2026,IT5678,2688.45,EUR,deposit
1699,11/03/2026,IT8901,4439.58,EUR,deposit
1700,07/01/2026,IT3456,-972.23,EUR,withdrawal
1701,15/02/2026,IT6789,-1857.68,EUR,withdrawal
1702,16/05/2026,IT5678,3394.76,EUR,deposit
1703,15/02/2026,IT5678,-54.64,EUR,withdrawal
1704,20/02/2026,IT5678,114.0,EUR,transfer
1705,25/01/2026,IT8901,-1475.28,EUR,transfer
1706,24/05/2026,IT7890,355.09,EUR,transfer
1707,25/03/2026,IT6789,-1717.74,EUR,withdrawal
1708,04/03/2026,IT8901,-484.38,EUR,withdrawal
1709,11/02/2026,IT5678,-24.35,EUR,withdrawal
1710,01/05/2026,IT6789,-1311.86,EUR,withdrawal
1711,31/05/2026,IT4567,1221.07,EUR,transfer
1712,01/01/1750,IT6789,188.49,EUR,deposit
1713,23/01/2026,IT2345,-1493.38,EUR,transfer
1714,04/01/2026,IT5678,4370.83,EUR,deposit
1715,04/02/2026,IT6789,1763.28,EUR,deposit
1716,09/02/2026,IT4567,1145.81,EUR,transfer
1717,23/01/2026,IT7890,-1526.21,EUR,withdrawal
1718,,IT6789,581.19,EUR,deposit
1719,14/02/2026,IT1234,4191.66,EUR,deposit
1720,06/02/2026,IT3456,-1213.71,EUR,transfer
1721,20/01/2026,IT7890,-620.55,EUR,transfer
1722,12/03/2026,IT1234,4192.12,EUR,deposit
1723,12/01/2026,IT5678,1737.89,EUR,deposit
1724,03/04/2026,IT5678,-926.04,EUR,transfer
1725,05/02/2026,IT8901,-215.05,EUR,transfer
1726,01/01/1750,IT6789,-86.99,EUR,withdrawal
1727,31/01/2026,IT7890,-1482.37,EUR,withdrawal
1728,06/03/2026,IT4567,2060.1,EUR,deposit
1729,03/03/2026,IT3456,-325.69,EUR,withdrawal
1730,25/05/2026,IT8901,-200.05,EUR,withdrawal
1731,12/03/2026,IT2345,3321.73,EUR,deposit
1732,09/03/2026,IT8901,2901.42,EUR,deposit
1733,26/01/2026,IT4567,-950.83,EUR,withdrawal
1734,24/02/2026,IT7890,-487.93,EUR,withdrawal
1735,02/02/2026,IT4567,-955.28,EUR,withdrawal
1736,21/04/2026,IT5678,2918.62,EUR,deposit
1737,19/03/2026,IT1234,-1779.8,EUR,withdrawal
1738,15/02/2026,IT7890,-46.31,EUR,withdrawal
1739,24/01/2026,IT7890,-1037.43,EUR,transfer
1740,20/05/2026,IT8901,-1440.88,EUR,withdrawal
1741,04/05/2026,IT6789,1243.29,EUR,deposit
1742,19/05/2026,IT2345,-1551.1,EUR,withdrawal
1743,26/01/2026,IT4567,-96.58,EUR,withdrawal
1744,07/03/2026,IT8901,-781.06,EUR,transfer
1745,12/04/2026,IT1234,4117.85,EUR,deposit
1746,24/03/2026,IT3456,-1898.18,EUR,withdrawal
1747,26/05/2026,IT8901,1245.69,EUR,transfer
1748,13/05/2026,IT5678,-1242.66,EUR,withdrawal
1749,16/05/2026,IT4567,117.79,EUR,transfer
1750,26/05/2026,IT3456,3550.84,EUR,deposit
1751,26/03/2026,IT4567,-755.3,EUR,withdrawal
1752,03/01/2026,IT8901,-608.5,EUR,transfer
1753,12/05/2026,IT3456,-909.09,EUR,withdrawal
1754,30/04/2026,IT6789,3821.53,EUR,deposit
1755,30/03/2026,IT1234,1145.39,EUR,transfer
1756,01/01/1750,IT2345,-1271.81,EUR,withdrawal
1757,02/04/2026,IT3456,-1630.38,EUR,withdrawal
1758,15/02/2026,IT3456,-834.67,EUR,transfer
1759,14/01/2026,IT5678,-1006.05,EUR,withdrawal
1760,12/01/2026,IT6789,1650.76,EUR,deposit
1761,21/05/2026,IT2345,-485.54,EUR,withdrawal
1762,06/05/2026,IT3456,-522.27,EUR,withdrawal
1763,03/04/2026,IT8901,841.06,EUR,transfer
1764,28/01/2026,IT6789,2046.45,EUR,deposit
1765,31/03/2026,IT5678,-1834.13,EUR,withdrawal
1766,06/01/2026,IT4567,-985.29,EUR,transfer
1767,27/03/2026,IT1234,-471.42,EUR,transfer
1768,24/04/2026,IT4567,4759.46,EUR,deposit
1769,02/03/2026,IT7890,1970.56,EUR,deposit
1770,14/02/2026,IT5678,4236.32,EUR,deposit
1771,02/03/2026,IT3456,3394.66,EUR,deposit
1772,30/01/2026,IT2345,-1389.4,EUR,withdrawal
1773,16/01/2026,IT1234,3402.81,EUR,deposit
1774,30/03/2026,IT4567,2498.27,EUR,deposit
1775,04/05/2026,IT5678,-178.14,EUR,withdrawal
1776,09/02/2026,IT6789,-1703.88,EUR,withdrawal
1777,04/02/2026,IT5678,4742.74,EUR,deposit
1778,08/01/2026,IT8901,2393.12,EUR,deposit
1779,18/03/2026,IT4567,392.47,EUR,deposit
1780,,IT2345,2856.13,EUR,deposit
1781,13/02/2026,IT8901,2293.8,EUR,deposit
1782,08/02/2026,IT5678,434.43,EUR,transfer
1783,18/04/2026,IT3456,-164.19,EUR,transfer
1784,22/01/2026,IT7890,-1403.68,EUR,withdrawal
1785,04/04/2026,IT2345,-1611.96,EUR,withdrawal
1786,19/05/2026,IT6789,-839.22,EUR,withdrawal
1787,19/02/2026,IT2345,-35.17,EUR,withdrawal
1788,05/03/2026,IT8901,-1493.52,EUR,withdrawal
1789,21/02/2026,IT3456,1476.12,EUR,transfer
1790,11/02/2026,IT2345,1694.15,EUR,deposit
1791,18/05/2026,IT2345,755.64,EUR,transfer
1792,23/01/2026,IT1234,1898.85,EUR,deposit
1793,10/02/2026,IT6789,-1070.25,EUR,transfer
1794,26/05/2026,IT1234,-649.93,EUR,transfer
1795,10/02/2026,IT3456,4534.44,EUR,deposit
1796,06/02/2026,IT6789,1268.75,EUR,deposit
1797,02/03/2026,IT1234,4368.75,EUR,deposit
1798,01/01/1750,IT7890,-964.95,EUR,withdrawal
1799,09/03/2026,IT2345,650.24,EUR,deposit
1800,22/01/2026,IT4567,3659.29,EUR,deposit
1801,23/05/2026,IT1234,855.43,EUR,transfer
1802,20/05/2026,IT2345,175.12,EUR,transfer
1803,10/04/2026,IT5678,-762.97,EUR,transfer
1804,18/05/2026,IT6789,2069.07,EUR,deposit
1805,11/01/2026,IT2345,1033.73,EUR,deposit
1806,04/04/2026,IT2345,1109.63,EUR,transfer
1807,21/02/2026,IT8901,-1922.85,EUR,withdrawal
1808,06/04/2026,IT3456,-1712.39,EUR,withdrawal
1809,09/02/2026,IT3456,-890.22,EUR,withdrawal
1810,05/03/2026,IT2345,2003.65,EUR,deposit
1811,16/02/2026,IT3456,2754.07,EUR,deposit
1812,05/03/2026,IT1234,2525.43,EUR,deposit
1813,01/01/1750,IT7890,-708.09,EUR,transfer
1814,20/01/2026,IT7890,-552.57,EUR,withdrawal
1815,10/01/2026,IT7890,1189.49,EUR,transfer
1816,19/04/2026,IT2345,4524.13,EUR,deposit
1817,04/04/2026,IT8901,-1927.15,EUR,withdrawal
1818,02/05/2026,IT8901,-489.83,EUR,transfer
1819,11/05/2026,IT8901,-861.32,EUR,withdrawal
1820,16/04/2026,IT7890,641.93,EUR,deposit
1821,09/01/2026,IT8901,249.8,EUR,transfer
1822,22/05/2026,IT6789,757.5,EUR,transfer
1823,27/03/2026,IT5678,-392.76,EUR,withdrawal
1824,18/01/2026,IT3456,553.23,EUR,deposit
1825,01/01/1750,IT6789,-665.26,EUR,withdrawal
1826,10/05/2026,IT1234,4101.57,EUR,deposit
1827,08/04/2026,IT6789,-327.87,EUR,withdrawal
1828,22/04/2026,IT7890,431.85,EUR,deposit
1829,16/01/2026,IT7890,-1388.16,EUR,withdrawal
1830,06/05/2026,IT2345,1468.26,EUR,transfer
1831,14/03/2026,IT8901,2818.77,EUR,deposit
1832,12/02/2026,IT7890,-991.0,EUR,withdrawal
1833,28/01/2026,IT4567,3656.42,EUR,deposit
1834,07/05/2026,IT6789,1473.87,EUR,deposit
1835,01/01/1750,IT2345,-771.25,EUR,transfer
1836,05/03/2026,IT6789,11.39,EUR,transfer
1837,29/01/2026,IT2345,-1070.05,EUR,withdrawal
1838,04/02/2026,IT8901,2004.47,EUR,deposit
1839,17/05/2026,IT2345,-1021.13,EUR,withdrawal
1840,25/03/2026,IT6789,1102.57,EUR,transfer
1841,23/04/2026,IT8901,-126.34,EUR,withdrawal
1842,17/01/2026,IT4567,-703.04,EUR,withdrawal
1843,06/01/2026,IT5678,4728.49,EUR,deposit
1844,11/04/2026,IT5678,23%02))12,EUR,withdrawal
1845,20/01/2026,IT5678,244.74,EUR,deposit
1846,02/04/2026,IT4567,1083.27,EUR,deposit
1847,16/03/2026,IT5678,1247.7,EUR,deposit
1848,07/03/2026,IT2345,-1959.76,EUR,withdrawal
1849,17/03/2026,IT5678,3963.29,EUR,deposit
1850,02/01/2026,IT2345,241.17,EUR,deposit
1851,17/02/2026,IT4567,-1204.43,EUR,withdrawal
1852,19/01/2026,IT8901,1246.41,EUR,transfer
1853,13/02/2026,IT7890,3635.36,EUR,deposit
1854,16/03/2026,IT4567,131.05,EUR,deposit
1855,28/02/2026,IT7890,274.56,EUR,deposit
1856,11/04/2026,IT2345,-724.36,EUR,withdrawal
1857,19/03/2026,IT6789,-502.77,EUR,transfer
1858,13/05/2026,IT1234,-751.6,EUR,withdrawal
1859,09/02/2026,IT2345,-1447.24,EUR,transfer
1860,01/05/2026,IT3456,596.64,EUR,transfer
1861,13/03/2026,IT8901,1058.17,EUR,deposit
1862,09/02/2026,IT8901,1325.64,EUR,deposit
1863,27/01/2026,IT7890,-132.99,EUR,transfer
1864,24/02/2026,IT5678,-1816.95,EUR,withdrawal
1865,18/05/2026,IT1234,1159.17,EUR,deposit
1866,06/02/2026,IT8901,-207.54,EUR,transfer
1867,29/03/2026,IT3456,-635.86,EUR,transfer
1868,16/04/2026,IT1234,-1479.77,EUR,withdrawal
1869,06/05/2026,IT3456,-1493.65,EUR,transfer
1870,12/05/2026,IT2345,2185.54,EUR,deposit
1871,06/02/2026,IT6789,1547.64,EUR,deposit
1872,22/02/2026,IT2345,-819.46,EUR,transfer
1873,17/02/2026,IT8901,-1627.17,EUR,withdrawal
1874,27/03/2026,IT3456,2831.54,EUR,deposit
1875,16/05/2026,IT5678,-595.53,EUR,withdrawal
1876,17/03/2026,IT7890,1061.4,EUR,transfer
1877,31/03/2026,IT3456,-1765.38,EUR,withdrawal
1878,26/05/2026,IT4567,-1198.29,EUR,withdrawal
1879,09/01/2026,IT8901,-1321.56,EUR,transfer
1880,09/05/2026,IT2345,-1295.34,EUR,withdrawal
1881,16/05/2026,IT6789,-836.79,EUR,transfer
1882,08/01/2026,IT6789,-1265.35,EUR,withdrawal
1883,10/01/2026,IT6789,-1042.43,EUR,withdrawal
1884,19/02/2026,IT5678,-813.93,EUR,transfer
1885,06/02/2026,IT3456,4612.43,EUR,deposit
1886,19/02/2026,IT2345,567.81,EUR,deposit
1887,23/01/2026,IT3456,1982.69,EUR,deposit
1888,23/05/2026,IT3456,4102.66,EUR,deposit
1889,01/03/2026,IT6789,-151.73,EUR,transfer
1890,17/03/2026,IT4567,3688.13,EUR,deposit
1891,09/02/2026,IT6789,-1552.49,EUR,withdrawal
1892,18/02/2026,IT4567,2850.18,EUR,deposit
1893,15/01/2026,IT3456,152.23,EUR,transfer
1894,25/03/2026,IT3456,-1132.26,EUR,withdrawal
1895,10/02/2026,IT1234,-1104.3,EUR,withdrawal
1896,12/01/2026,IT3456,3836.72,EUR,deposit
1897,13/04/2026,IT2345,2639.34,EUR,deposit
1898,24/01/2026,IT4567,229.45,EUR,transfer
1899,14/03/2026,IT7890,-1318.95,EUR,withdrawal
1900,15/02/2026,IT5678,667.84,EUR,transfer
1901,22/05/2026,IT3456,1963.81,EUR,deposit
1902,01/01/1750,IT2345,2941.51,EUR,deposit
1903,03/04/2026,IT1234,992.44,EUR,transfer
1904,17/01/2026,IT6789,1100.7,EUR,transfer
1905,18/04/2026,IT6789,-124.39,EUR,withdrawal
1906,17/04/2026,IT2345,-1011.04,EUR,withdrawal
1907,01/05/2026,IT6789,1695.75,EUR,deposit
1908,13/04/2026,IT1234,1037.09,EUR,transfer
1909,09/03/2026,IT5678,-1179.04,EUR,withdrawal
1910,16/03/2026,IT2345,4338.5,EUR,deposit
1911,25/03/2026,IT6789,-1488.28,EUR,withdrawal
1912,08/01/2026,IT5678,-100.24,EUR,withdrawal
1913,29/04/2026,IT5678,23%02))12,EUR,withdrawal
1914,30/03/2026,IT3456,-1637.08,EUR,withdrawal
1915,31/05/2026,IT2345,1201.1,EUR,deposit
1916,11/04/2026,IT3456,-430.37,EUR,transfer
1917,02/02/2026,IT4567,1457.73,EUR,transfer
1918,24/02/2026,IT6789,1638.22,EUR,deposit
1919,19/04/2026,IT5678,-396.73,EUR,withdrawal
1920,01/02/2026,IT1234,226.37,EUR,transfer
1921,06/02/2026,IT5678,3440.8,EUR,deposit
1922,15/05/2026,IT4567,86.56,EUR,transfer
1923,21/04/2026,IT2345,3218.7,EUR,deposit
1924,01/02/2026,IT3456,1758.86,EUR,deposit
1925,17/05/2026,IT7890,23%02))12,EUR,transfer
1926,08/04/2026,IT6789,1145.35,EUR,transfer
1927,14/01/2026,IT4567,368.53,EUR,deposit
1928,15/02/2026,IT4567,966.91,EUR,deposit
1929,26/04/2026,IT3456,4588.3,EUR,deposit
1930,10/05/2026,IT1234,3974.32,EUR,deposit
1931,16/05/2026,IT1234,2593.27,EUR,deposit
1932,07/05/2026,IT8901,2624.75,EUR,deposit
1933,24/05/2026,IT4567,-244.12,EUR,withdrawal
1934,03/04/2026,IT5678,578.98,EUR,transfer
1935,07/01/2026,IT3456,437.21,EUR,transfer
1936,20/05/2026,IT8901,2371.32,EUR,deposit
1937,18/04/2026,IT2345,-237.87,EUR,withdrawal
1938,13/03/2026,IT2345,-219.81,EUR,transfer
1939,11/01/2026,IT6789,-166.32,EUR,transfer
1940,30/01/2026,IT3456,-719.33,EUR,transfer
1941,02/02/2026,IT3456,2409.04,EUR,deposit
1942,15/04/2026,IT5678,468.59,EUR,transfer
1943,19/01/2026,IT1234,-609.89,EUR,withdrawal
1944,23/04/2026,IT6789,-1089.21,EUR,withdrawal
1945,21/05/2026,IT7890,190.59,EUR,transfer
1946,29/01/2026,IT5678,-1635.18,EUR,withdrawal
1947,26/03/2026,IT5678,343.78,EUR,deposit
1948,05/01/2026,IT6789,902.12,EUR,transfer
1949,23/05/2026,IT1234,-799.54,EUR,transfer
1950,22/01/2026,IT6789,370.26,EUR,transfer
1951,31/01/2026,IT1234,48.9,EUR,transfer
1952,20/02/2026,IT5678,1371.51,EUR,transfer
1953,31/03/2026,IT4567,-771.77,EUR,withdrawal
1954,28/05/2026,IT6789,-116.94,EUR,withdrawal
1955,01/01/2026,IT5678,-133.74,EUR,withdrawal
1956,28/03/2026,IT6789,-1919.57,EUR,withdrawal
1957,24/01/2026,IT4567,604.49,EUR,transfer
1958,31/03/2026,IT5678,2489.65,EUR,deposit
1959,25/03/2026,IT1234,690.61,EUR,transfer
1960,18/01/2026,IT1234,3860.24,EUR,deposit
1961,25/04/2026,IT3456,-277.68,EUR,withdrawal
1962,14/01/2026,IT2345,191.47,EUR,transfer
1963,02/01/2026,IT1234,-554.42,EUR,transfer
1964,01/01/1750,IT7890,2977.75,EUR,deposit
1965,21/02/2026,IT3456,4977.33,EUR,deposit
1966,07/02/2026,IT3456,-1344.88,EUR,withdrawal
1967,08/04/2026,IT2345,-1611.63,EUR,withdrawal
1968,14/02/2026,IT5678,-864.69,EUR,withdrawal
1969,27/03/2026,IT8901,3225.38,EUR,deposit
1970,31/01/2026,IT1234,-1404.84,EUR,withdrawal
1971,25/03/2026,IT7890,-833.8,EUR,withdrawal
1972,21/02/2026,IT5678,-367.43,EUR,withdrawal
1973,10/05/2026,IT6789,256.54,EUR,deposit
1974,03/03/2026,IT5678,-177.45,EUR,transfer
1975,03/01/2026,IT3456,-1605.25,EUR,withdrawal
1976,02/05/2026,IT2345,3083.52,EUR,deposit
1977,22/05/2026,IT6789,631.55,EUR,transfer
1978,18/03/2026,IT2345,-1714.09,EUR,withdrawal
1979,28/01/2026,IT1234,-1979.18,EUR,withdrawal
1980,05/03/2026,IT3456,491.81,EUR,transfer
1981,30/03/2026,IT3456,532.71,EUR,transfer
1982,31/03/2026,IT3456,-1351.67,EUR,withdrawal
1983,12/04/2026,IT1234,2389.12,EUR,deposit
1984,17/05/2026,IT8901,-1621.3,EUR,withdrawal
1985,28/03/2026,IT2345,2636.55,EUR,deposit
1986,16/05/2026,IT3456,-1896.13,EUR,withdrawal
1987,17/04/2026,IT7890,873.47,EUR,deposit
1988,29/04/2026,IT6789,-824.68,EUR,transfer
1989,16/05/2026,IT1234,-1341.12,EUR,withdrawal
1990,18/05/2026,IT7890,570.34,EUR,deposit
1991,16/04/2026,IT7890,-573.88,EUR,transfer
1992,10/04/2026,IT1234,23%02))12,EUR,transfer
1993,25/03/2026,IT7890,4962.8,EUR,deposit
1994,29/01/2026,IT1234,-1377.11,EUR,withdrawal
1995,18/02/2026,IT8901,23%02))12,EUR,transfer
1996,17/03/2026,IT6789,3128.98,EUR,deposit
1997,07/03/2026,IT7890,1381.49,EUR,deposit
1998,16/02/2026,IT3456,-1370.57,EUR,transfer
1999,15/05/2026,IT5678,-829.13,EUR,withdrawal
2000,19/02/2026,IT2345,88.07,EUR,deposit
2001,17/03/2026,IT5678,3126.16,EUR,deposit
2002,13/04/2026,IT4567,380.88,EUR,transfer
2003,17/05/2026,IT4567,-295.5,EUR,transfer
2004,22/05/2026,IT2345,417.94,EUR,transfer
2005,02/03/2026,IT6789,-692.69,EUR,withdrawal
2006,05/03/2026,IT8901,12.4,EUR,transfer
2007,09/05/2026,IT3456,638.3,EUR,transfer
2008,20/04/2026,IT1234,1121.82,EUR,transfer
2009,27/04/2026,IT5678,453.67,EUR,transfer
2010,09/04/2026,IT5678,1075.56,EUR,transfer
2011,30/05/2026,IT6789,-753.76,EUR,withdrawal
2012,30/03/2026,IT7890,-579.37,EUR,withdrawal
2013,19/04/2026,IT1234,-1043.85,EUR,withdrawal
2014,07/05/2026,IT5678,2512.64,EUR,deposit
2015,15/05/2026,IT5678,-850.91,EUR,transfer
2016,12/04/2026,IT2345,-309.9,EUR,transfer
2017,16/05/2026,IT4567,-1759.89,EUR,withdrawal
2018,24/04/2026,IT8901,2770.38,EUR,deposit
2019,08/05/2026,IT7890,-907.99,EUR,withdrawal
2020,26/04/2026,IT7890,-545.81,EUR,withdrawal
2021,13/02/2026,IT2345,1430.51,EUR,transfer
2022,03/01/2026,IT1234,-862.75,EUR,transfer
2023,10/01/2026,IT3456,4926.91,EUR,deposit
2024,24/05/2026,IT5678,4982.48,EUR,deposit
2025,05/05/2026,IT5678,269.58,EUR,transfer
2026,29/01/2026,IT4567,-615.51,EUR,withdrawal
2027,08/05/2026,IT1234,23%02))12,EUR,transfer
2028,28/05/2026,IT6789,-1810.99,EUR,withdrawal
2029,04/02/2026,IT7890,-198.01,EUR,transfer
2030,02/02/2026,IT7890,-1277.74,EUR,withdrawal
2031,01/03/2026,IT4567,3979.33,EUR,deposit
2032,28/02/2026,IT6789,2253.78,EUR,deposit
2033,24/02/2026,IT3456,-158.03,EUR,withdrawal
2034,27/05/2026,IT8901,635.77,EUR,transfer
2035,21/04/2026,IT8901,-872.47,EUR,transfer
2036,21/05/2026,IT6789,23%02))12,EUR,withdrawal
2037,28/04/2026,IT1234,-557.94,EUR,transfer
2038,03/03/2026,IT5678,552.0,EUR,deposit
2039,17/03/2026,IT3456,3999.28,EUR,deposit
2040,03/01/2026,IT6789,-1027.12,EUR,transfer
2041,04/01/2026,IT5678,1190.57,EUR,deposit
2042,11/04/2026,IT4567,3515.78,EUR,deposit
2043,28/03/2026,IT7890,711.77,EUR,deposit
2044,15/05/2026,IT2345,2242.11,EUR,deposit
2045,16/04/2026,IT4567,-1825.68,EUR,withdrawal
2046,30/01/2026,IT5678,1227.97,EUR,transfer
2047,02/01/2026,IT3456,941.24,EUR,transfer
2048,28/03/2026,IT2345,3708.7,EUR,deposit
2049,18/01/2026,IT2345,1064.19,EUR,transfer
2050,06/01/2026,IT6789,1448.62,EUR,transfer
2051,07/03/2026,IT2345,-730.9,EUR,transfer
2052,12/02/2026,IT1234,939.57,EUR,deposit
2053,,IT7890,-1339.21,EUR,withdrawal
2054,11/01/2026,IT7890,23%02))12,EUR,deposit
2055,16/04/2026,IT5678,-1811.13,EUR,withdrawal
2056,05/02/2026,IT4567,-153.91,EUR,withdrawal
2057,03/05/2026,IT7890,-174.98,EUR,withdrawal
2058,03/02/2026,IT4567,100.47,EUR,transfer
2059,09/01/2026,IT1234,105.76,EUR,deposit
2060,20/05/2026,IT6789,-386.59,EUR,transfer
2061,26/05/2026,IT4567,-1042.03,EUR,withdrawal
2062,01/02/2026,IT1234,452.18,EUR,transfer
2063,12/02/2026,IT8901,1161.27,EUR,transfer
2064,17/01/2026,IT8901,-1349.96,EUR,withdrawal
2065,05/01/2026,IT4567,1218.7,EUR,deposit
2066,08/03/2026,IT7890,333.68,EUR,deposit
2067,31/03/2026,IT5678,-480.54,EUR,withdrawal
2068,14/01/2026,IT5678,-764.58,EUR,transfer
2069,19/03/2026,IT6789,23%02))12,EUR,deposit
2070,20/05/2026,IT4567,-5.76,EUR,transfer
2071,06/02/2026,IT4567,411.48,EUR,transfer
2072,22/03/2026,IT3456,2130.11,EUR,deposit
2073,14/03/2026,IT4567,-947.0,EUR,transfer
2074,04/03/2026,IT3456,-1260.7,EUR,transfer
2075,16/05/2026,IT1234,1013.08,EUR,transfer
2076,29/01/2026,IT4567,2375.92,EUR,deposit
2077,14/05/2026,IT8901,3855.8,EUR,deposit
2078,24/04/2026,IT6789,4153.72,EUR,deposit
2079,20/03/2026,IT4567,-1053.04,EUR,withdrawal
2080,17/01/2026,IT8901,2397.51,EUR,deposit
2081,28/02/2026,IT2345,27.53,EUR,transfer
2082,27/03/2026,IT2345,377.87,EUR,deposit
2083,11/03/2026,IT4567,-336.27,EUR,transfer
2084,01/05/2026,IT7890,-636.31,EUR,withdrawal
2085,14/03/2026,IT7890,-414.3,EUR,withdrawal
2086,01/01/2026,IT4567,-1903.26,EUR,withdrawal
2087,21/04/2026,IT2345,-951.04,EUR,transfer
2088,25/04/2026,IT1234,-985.57,EUR,withdrawal
2089,27/03/2026,IT8901,2631.36,EUR,deposit
2090,16/04/2026,IT5678,3787.04,EUR,deposit
2091,26/03/2026,IT7890,3422.83,EUR,deposit
2092,18/01/2026,IT7890,2914.52,EUR,deposit
2093,30/05/2026,IT5678,-1263.77,EUR,withdrawal
2094,17/04/2026,IT4567,23%02))12,EUR,withdrawal
2095,16/03/2026,IT7890,-1248.6,EUR,withdrawal
2096,14/04/2026,IT7890,-522.42,EUR,transfer
2097,30/01/2026,IT6789,-1528.27,EUR,withdrawal
2098,25/04/2026,IT1234,-758.22,EUR,transfer
2099,24/02/2026,IT2345,808.33,EUR,transfer
2100,14/02/2026,IT6789,1117.34,EUR,deposit
2101,06/02/2026,IT7890,-1520.63,EUR,withdrawal
2102,15/01/2026,IT5678,-1271.29,EUR,transfer
2103,27/03/2026,IT2345,-1002.58,EUR,withdrawal
2104,05/03/2026,IT5678,3898.21,EUR,deposit
2105,05/04/2026,IT3456,245.16,EUR,transfer
2106,19/05/2026,IT3456,-1741.4,EUR,withdrawal
2107,11/05/2026,IT1234,446.08,EUR,transfer
2108,13/01/2026,IT3456,3522.47,EUR,deposit
2109,09/05/2026,IT1234,1143.51,EUR,transfer
2110,04/05/2026,IT1234,480.21,EUR,transfer
2111,03/01/2026,IT7890,-1618.01,EUR,withdrawal
2112,23/01/2026,IT7890,4125.51,EUR,deposit
2113,02/04/2026,IT5678,4604.14,EUR,deposit
2114,28/01/2026,IT5678,-1488.08,EUR,transfer
2115,,IT6789,557.42,EUR,transfer
2116,01/01/1750,IT2345,-665.69,EUR,transfer
2117,21/04/2026,IT7890,-127.87,EUR,transfer
2118,09/04/2026,IT4567,3804.68,EUR,deposit
2119,13/05/2026,IT6789,-743.8,EUR,transfer
2120,11/04/2026,IT3456,-1725.18,EUR,withdrawal
2121,16/05/2026,IT7890,1861.3,EUR,deposit
2122,05/03/2026,IT7890,-1963.21,EUR,withdrawal
2123,29/04/2026,IT6789,-151.49,EUR,transfer
2124,12/02/2026,IT3456,-1874.95,EUR,withdrawal
2125,26/05/2026,IT3456,3013.92,EUR,deposit
2126,09/02/2026,IT1234,1786.09,EUR,deposit
2127,14/03/2026,IT1234,850.48,EUR,deposit
2128,25/02/2026,IT8901,1675.18,EUR,deposit
2129,25/04/2026,IT1234,4824.99,EUR,deposit
2130,08/05/2026,IT3456,-1594.0,EUR,withdrawal
2131,11/04/2026,IT5678,537.83,EUR,transfer
2132,26/04/2026,IT8901,-182.27,EUR,transfer
2133,21/04/2026,IT7890,2000.45,EUR,deposit
2134,31/05/2026,IT2345,4972.61,EUR,deposit
2135,27/04/2026,IT2345,-1378.36,EUR,transfer
2136,03/01/2026,IT7890,1257.95,EUR,transfer
2137,11/03/2026,IT8901,-1735.43,EUR,withdrawal
2138,18/03/2026,IT5678,4285.64,EUR,deposit
2139,08/05/2026,IT1234,170.07,EUR,deposit
2140,14/02/2026,IT4567,676.2,EUR,transfer
2141,18/05/2026,IT5678,243.56,EUR,deposit
2142,08/04/2026,IT5678,23%02))12,EUR,withdrawal
2143,16/02/2026,IT3456,23%02))12,EUR,withdrawal
2144,10/01/2026,IT1234,-864.9,EUR,withdrawal
2145,11/03/2026,IT1234,-26.36,EUR,transfer
2146,10/01/2026,IT3456,2398.75,EUR,deposit
2147,27/02/2026,IT7890,3515.37,EUR,deposit
2148,30/04/2026,IT1234,4880.55,EUR,deposit
2149,09/03/2026,IT6789,-449.65,EUR,withdrawal
2150,05/02/2026,IT5678,1779.55,EUR,deposit
2151,22/03/2026,IT8901,-1536.21,EUR,withdrawal
2152,28/04/2026,IT3456,4727.09,EUR,deposit
2153,08/02/2026,IT3456,-507.78,EUR,withdrawal
2154,19/05/2026,IT7890,405.91,EUR,transfer
2155,14/01/2026,IT6789,-623.94,EUR,withdrawal
2156,26/04/2026,IT3456,3307.21,EUR,deposit
2157,09/02/2026,IT2345,-1400.33,EUR,transfer
2158,26/03/2026,IT4567,326.2,EUR,deposit
2159,01/02/2026,IT6789,1146.15,EUR,deposit
2160,17/05/2026,IT3456,631.44,EUR,transfer
2161,11/04/2026,IT6789,-1580.27,EUR,withdrawal
2162,17/01/2026,IT8901,-340.27,EUR,withdrawal
2163,15/03/2026,IT1234,-431.4,EUR,withdrawal
2164,14/04/2026,IT3456,133.26,EUR,transfer
2165,09/02/2026,IT3456,1751.7,EUR,deposit
2166,06/05/2026,IT1234,4206.46,EUR,deposit
2167,06/03/2026,IT3456,2509.54,EUR,deposit
2168,27/03/2026,IT3456,-1105.53,EUR,transfer
2169,10/05/2026,IT6789,1897.06,EUR,deposit
2170,20/04/2026,IT8901,1025.36,EUR,deposit
2171,01/01/2026,IT6789,-1542.72,EUR,withdrawal
2172,10/02/2026,IT3456,1843.32,EUR,deposit
2173,27/03/2026,IT1234,-384.44,EUR,withdrawal
2174,09/05/2026,IT3456,-1214.58,EUR,withdrawal
2175,19/03/2026,IT6789,4138.44,EUR,deposit
2176,28/02/2026,IT1234,-1095.67,EUR,transfer
2177,07/01/2026,IT2345,1344.73,EUR,transfer
2178,03/04/2026,IT5678,906.04,EUR,deposit
2179,02/05/2026,IT5678,2896.07,EUR,deposit
2180,10/03/2026,IT3456,-83.06,EUR,withdrawal
2181,18/02/2026,IT1234,-1592.67,EUR,withdrawal
2182,21/05/2026,IT6789,993.22,EUR,deposit
2183,24/04/2026,IT4567,-1698.24,EUR,withdrawal
2184,15/04/2026,IT6789,-1800.1,EUR,withdrawal
2185,04/01/2026,IT6789,-1387.33,EUR,transfer
2186,11/03/2026,IT5678,23%02))12,EUR,deposit
2187,18/02/2026,IT5678,2554.83,EUR,deposit
2188,19/04/2026,IT2345,1513.22,EUR,deposit
2189,14/03/2026,IT6789,4596.1,EUR,deposit
2190,06/04/2026,IT8901,-481.61,EUR,withdrawal
2191,01/02/2026,IT5678,-1175.84,EUR,withdrawal
2192,03/05/2026,IT7890,-423.58,EUR,transfer
2193,18/03/2026,IT1234,-1464.84,EUR,transfer
2194,28/02/2026,IT3456,-434.29,EUR,withdrawal
2195,01/01/2026,IT1234,526.94,EUR,deposit
2196,28/04/2026,IT5678,-319.48,EUR,transfer
2197,24/02/2026,IT6789,3131.24,EUR,deposit
2198,,IT3456,-561.46,EUR,withdrawal
2199,11/05/2026,IT4567,342.2,EUR,deposit
2200,20/01/2026,IT3456,373.43,EUR,transfer
2201,19/03/2026,IT7890,3702.09,EUR,deposit
2202,12/04/2026,IT7890,-531.75,EUR,transfer
2203,02/03/2026,IT3456,-1464.41,EUR,withdrawal
2204,09/05/2026,IT4567,54.42,EUR,transfer
2205,29/03/2026,IT4567,-358.8,EUR,withdrawal
2206,10/01/2026,IT5678,349.04,EUR,transfer
2207,01/05/2026,IT1234,3221.67,EUR,deposit
2208,30/01/2026,IT8901,549.72,EUR,deposit
2209,01/02/2026,IT8901,1498.0,EUR,transfer
2210,22/04/2026,IT2345,921.38,EUR,deposit
2211,24/02/2026,IT1234,-541.99,EUR,transfer
2212,27/01/2026,IT1234,1240.05,EUR,deposit
2213,31/01/2026,IT2345,955.65,EUR,transfer
2214,02/04/2026,IT3456,-786.84,EUR,withdrawal
2215,19/03/2026,IT4567,-1303.01,EUR,transfer
2216,29/01/2026,IT5678,2645.89,EUR,deposit
2217,20/02/2026,IT8901,2005.55,EUR,deposit
2218,25/04/2026,IT4567,-75.85,EUR,withdrawal
2219,30/04/2026,IT4567,1289.23,EUR,transfer
2220,20/01/2026,IT8901,23%02))12,EUR,withdrawal
2221,27/04/2026,IT2345,-501.06,EUR,withdrawal
2222,07/03/2026,IT7890,-450.96,EUR,withdrawal
2223,10/05/2026,IT7890,1228.62,EUR,deposit
2224,17/04/2026,IT7890,-785.37,EUR,withdrawal
2225,17/03/2026,IT8901,-457.89,EUR,transfer
2226,10/03/2026,IT1234,1135.37,EUR,transfer
2227,15/01/2026,IT5678,-617.5,EUR,transfer
2228,08/05/2026,IT5678,-1865.69,EUR,withdrawal
2229,19/02/2026,IT2345,10.52,EUR,transfer
2230,25/05/2026,IT2345,-185.45,EUR,withdrawal
2231,12/05/2026,IT8901,4951.01,EUR,deposit
2232,24/05/2026,IT2345,-1121.58,EUR,transfer
2233,10/01/2026,IT1234,957.04,EUR,transfer
2234,14/02/2026,IT8901,-973.52,EUR,withdrawal
2235,09/03/2026,IT6789,4913.33,EUR,deposit
2236,20/02/2026,IT6789,1166.46,EUR,deposit
2237,26/03/2026,IT3456,1389.08,EUR,transfer
2238,30/03/2026,IT6789,2615.02,EUR,deposit
2239,31/01/2026,IT7890,617.38,EUR,transfer
2240,09/02/2026,IT1234,23%02))12,EUR,deposit
2241,19/02/2026,IT8901,4046.85,EUR,deposit
2242,28/01/2026,IT3456,-156.17,EUR,withdrawal
2243,06/05/2026,IT3456,-1538.73,EUR,withdrawal
2244,03/01/2026,IT2345,999.78,EUR,transfer
2245,17/01/2026,IT6789,2181.88,EUR,deposit
2246,28/03/2026,IT3456,481.54,EUR,transfer
2247,17/05/2026,IT1234,-802.77,EUR,transfer
2248,24/05/2026,IT5678,860.76,EUR,transfer
2249,01/04/2026,IT5678,428.27,EUR,deposit
2250,03/05/2026,IT8901,-289.94,EUR,transfer
2251,04/04/2026,IT8901,-1582.04,EUR,withdrawal
2252,06/02/2026,IT2345,2350.98,EUR,deposit
2253,06/02/2026,IT2345,-133.15,EUR,transfer
2254,23/05/2026,IT3456,693.91,EUR,transfer
2255,22/01/2026,IT3456,1376.97,EUR,deposit
2256,02/04/2026,IT7890,1598.6,EUR,deposit
2257,29/04/2026,IT3456,-1225.28,EUR,transfer
2258,25/01/2026,IT1234,-90.35,EUR,transfer
2259,28/03/2026,IT3456,-894.01,EUR,transfer
2260,11/04/2026,IT2345,-1389.45,EUR,transfer
2261,06/05/2026,IT6789,897.78,EUR,deposit
2262,11/01/2026,IT1234,-50.57,EUR,transfer
2263,01/02/2026,IT6789,-1991.46,EUR,withdrawal
2264,11/03/2026,IT6789,-723.92,EUR,withdrawal
2265,14/01/2026,IT3456,-393.51,EUR,transfer
2266,15/01/2026,IT6789,1723.52,EUR,deposit
2267,18/05/2026,IT3456,794.06,EUR,transfer
2268,15/05/2026,IT5678,23%02))12,EUR,withdrawal
2269,11/04/2026,IT4567,-423.02,EUR,transfer
2270,25/04/2026,IT1234,-1058.39,EUR,withdrawal
2271,30/01/2026,IT8901,105.44,EUR,transfer
2272,18/01/2026,IT8901,-1487.54,EUR,transfer
2273,26/01/2026,IT4567,-1926.58,EUR,withdrawal
2274,13/03/2026,IT4567,801.37,EUR,deposit
2275,15/03/2026,IT2345,3924.73,EUR,deposit
2276,06/05/2026,IT1234,-740.28,EUR,withdrawal
2277,03/04/2026,IT6789,-1972.04,EUR,withdrawal
2278,27/04/2026,IT7890,1317.49,EUR,transfer
2279,22/01/2026,IT3456,-615.44,EUR,withdrawal
2280,23/01/2026,IT4567,2900.14,EUR,deposit
2281,14/03/2026,IT1234,-988.86,EUR,transfer
2282,13/02/2026,IT8901,-1479.5,EUR,transfer
2283,13/04/2026,IT1234,1393.36,EUR,deposit
2284,23/03/2026,IT4567,-1305.09,EUR,transfer
2285,04/02/2026,IT6789,3206.6,EUR,deposit
2286,11/02/2026,IT2345,1307.27,EUR,deposit
2287,08/02/2026,IT4567,-1803.72,EUR,withdrawal
2288,29/04/2026,IT8901,161.31,EUR,transfer
2289,22/05/2026,IT3456,2829.45,EUR,deposit
2290,29/05/2026,IT2345,-390.81,EUR,withdrawal
2291,28/01/2026,IT7890,2809.06,EUR,deposit
2292,30/05/2026,IT1234,2648.07,EUR,deposit
2293,15/03/2026,IT1234,3026.45,EUR,deposit
2294,14/01/2026,IT8901,3290.24,EUR,deposit
2295,15/03/2026,IT5678,1069.93,EUR,transfer
2296,02/03/2026,IT7890,925.49,EUR,deposit
2297,08/01/2026,IT8901,265.8,EUR,deposit
2298,28/03/2026,IT1234,-1186.34,EUR,transfer
2299,05/01/2026,IT2345,-1267.71,EUR,withdrawal
2300,11/05/2026,IT8901,2133.2,EUR,deposit
2301,05/05/2026,IT7890,-1484.74,EUR,transfer
2302,02/04/2026,IT4567,69.35,EUR,transfer
2303,06/04/2026,IT6789,1437.9,EUR,deposit
2304,01/02/2026,IT2345,-1904.04,EUR,withdrawal
2305,01/03/2026,IT6789,4711.69,EUR,deposit
2306,20/04/2026,IT7890,1404.78,EUR,transfer
2307,01/02/2026,IT2345,4545.8,EUR,deposit
2308,16/01/2026,IT5678,74.35,EUR,transfer
2309,30/04/2026,IT2345,-426.83,EUR,withdrawal
2310,04/04/2026,IT3456,-1914.38,EUR,withdrawal
2311,10/03/2026,IT7890,-771.44,EUR,withdrawal
2312,24/03/2026,IT7890,-1316.0,EUR,withdrawal
2313,28/05/2026,IT5678,384.47,EUR,deposit
2314,18/04/2026,IT1234,3999.41,EUR,deposit
2315,28/02/2026,IT2345,3711.83,EUR,deposit
2316,14/03/2026,IT4567,-1481.85,EUR,transfer
2317,12/04/2026,IT1234,23%02))12,EUR,transfer
2318,23/02/2026,IT2345,-1204.53,EUR,transfer
2319,07/02/2026,IT4567,4856.38,EUR,deposit
2320,26/03/2026,IT5678,771.68,EUR,deposit
2321,04/02/2026,IT3456,494.23,EUR,transfer
2322,03/01/2026,IT6789,-1030.16,EUR,withdrawal
2323,15/03/2026,IT8901,-955.03,EUR,transfer
2324,11/01/2026,IT4567,-1695.16,EUR,withdrawal
2325,27/04/2026,IT4567,1326.37,EUR,transfer
2326,16/03/2026,IT4567,-812.68,EUR,transfer
2327,05/03/2026,IT2345,209.52,EUR,deposit
2328,26/04/2026,IT3456,2268.34,EUR,deposit
2329,14/03/2026,IT4567,-1166.02,EUR,transfer
2330,12/04/2026,IT5678,3400.41,EUR,deposit
2331,21/05/2026,IT8901,670.15,EUR,transfer
2332,11/03/2026,IT3456,-283.51,EUR,withdrawal
2333,03/03/2026,IT2345,-4.08,EUR,transfer
2334,01/01/2026,IT6789,-1757.76,EUR,withdrawal
2335,10/01/2026,IT7890,-31.32,EUR,withdrawal
2336,24/02/2026,IT6789,-1292.32,EUR,transfer
2337,24/03/2026,IT7890,-1332.68,EUR,withdrawal
2338,21/05/2026,IT3456,-1120.31,EUR,withdrawal
2339,16/02/2026,IT7890,-38.31,EUR,transfer
2340,15/02/2026,IT1234,-1858.82,EUR,withdrawal
2341,27/02/2026,IT8901,-1669.32,EUR,withdrawal
2342,13/03/2026,IT2345,480.92,EUR,transfer
2343,28/04/2026,IT2345,-1396.69,EUR,withdrawal
2344,01/01/1750,IT8901,489.35,EUR,transfer
2345,17/04/2026,IT4567,-397.62,EUR,transfer
2346,22/02/2026,IT7890,868.15,EUR,transfer
2347,03/05/2026,IT4567,-677.95,EUR,transfer
2348,20/04/2026,IT4567,1290.2,EUR,transfer
2349,27/05/2026,IT2345,2286.52,EUR,deposit
2350,13/05/2026,IT2345,-905.09,EUR,withdrawal
2351,21/03/2026,IT3456,-1027.96,EUR,withdrawal
2352,21/01/2026,IT3456,4981.41,EUR,deposit
2353,02/05/2026,IT4567,1337.67,EUR,transfer
2354,18/03/2026,IT4567,492.29,EUR,deposit
2355,04/05/2026,IT1234,4565.73,EUR,deposit
2356,05/04/2026,IT3456,4716.19,EUR,deposit
2357,19/05/2026,IT4567,-36.41,EUR,withdrawal
2358,24/01/2026,IT1234,-917.82,EUR,transfer
2359,14/04/2026,IT8901,-1384.44,EUR,withdrawal
2360,18/02/2026,IT8901,-1183.97,EUR,withdrawal
2361,06/05/2026,IT6789,1390.06,EUR,deposit
2362,27/04/2026,IT4567,1077.91,EUR,deposit
2363,28/01/2026,IT3456,-1395.18,EUR,transfer
2364,22/04/2026,IT3456,4858.94,EUR,deposit
2365,03/02/2026,IT1234,856.73,EUR,deposit
2366,21/01/2026,IT8901,-1118.69,EUR,transfer
2367,26/05/2026,IT1234,2883.11,EUR,deposit
2368,20/01/2026,IT2345,4012.47,EUR,deposit
2369,11/01/2026,IT7890,-78.56,EUR,transfer
2370,22/05/2026,IT6789,-75.46,EUR,transfer
2371,30/04/2026,IT3456,-1366.57,EUR,withdrawal
2372,12/05/2026,IT4567,1624.93,EUR,deposit
2373,13/05/2026,IT4567,1753.09,EUR,deposit
2374,12/03/2026,IT1234,4151.55,EUR,deposit
2375,21/02/2026,IT5678,-1180.65,EUR,transfer
2376,10/04/2026,IT6789,-393.0,EUR,transfer
2377,09/01/2026,IT3456,785.26,EUR,deposit
2378,16/01/2026,IT4567,4402.73,EUR,deposit
2379,02/02/2026,IT4567,513.81,EUR,transfer
2380,26/03/2026,IT3456,12.07,EUR,transfer
2381,05/02/2026,IT7890,-340.97,EUR,withdrawal
2382,03/05/2026,IT7890,-1039.94,EUR,transfer
2383,25/02/2026,IT3456,-1389.69,EUR,withdrawal
2384,30/01/2026,IT3456,-366.54,EUR,transfer
2385,14/01/2026,IT7890,-288.16,EUR,withdrawal
2386,13/02/2026,IT5678,85.14,EUR,transfer
2387,09/05/2026,IT2345,-396.6,EUR,withdrawal
2388,18/03/2026,IT8901,-824.59,EUR,transfer
2389,29/03/2026,IT4567,913.68,EUR,deposit
2390,22/04/2026,IT8901,-1591.62,EUR,withdrawal
2391,02/03/2026,IT2345,1752.04,EUR,deposit
2392,26/02/2026,IT2345,-1295.21,EUR,transfer
2393,29/03/2026,IT4567,-452.94,EUR,transfer
2394,20/04/2026,IT3456,1813.18,EUR,deposit
2395,01/01/1750,IT3456,-131.79,EUR,withdrawal
2396,25/03/2026,IT7890,-649.83,EUR,withdrawal
2397,04/05/2026,IT1234,4840.34,EUR,deposit
2398,16/01/2026,IT3456,-1129.63,EUR,withdrawal
2399,04/05/2026,IT8901,576.99,EUR,transfer
2400,02/02/2026,IT6789,-1108.34,EUR,transfer
2401,25/01/2026,IT3456,23%02))12,EUR,transfer
2402,15/01/2026,IT8901,2892.26,EUR,deposit
2403,11/04/2026,IT5678,1261.92,EUR,deposit
2404,21/03/2026,IT1234,-1192.26,EUR,withdrawal
2405,18/03/2026,IT3456,782.33,EUR,transfer
2406,13/02/2026,IT1234,3828.57,EUR,deposit
2407,08/05/2026,IT4567,802.57,EUR,transfer
2408,22/03/2026,IT6789,1789.23,EUR,deposit
2409,03/01/2026,IT3456,-1828.94,EUR,withdrawal
2410,25/05/2026,IT8901,1783.28,EUR,deposit
2411,11/03/2026,IT5678,-1702.46,EUR,withdrawal
2412,28/02/2026,IT2345,-254.73,EUR,withdrawal
2413,29/05/2026,IT1234,-687.7,EUR,withdrawal
2414,26/02/2026,IT3456,456.07,EUR,transfer
2415,03/05/2026,IT7890,218.32,EUR,transfer
2416,21/05/2026,IT6789,-1489.73,EUR,withdrawal
2417,30/05/2026,IT3456,-427.65,EUR,transfer
2418,14/02/2026,IT1234,333.8,EUR,deposit
2419,11/04/2026,IT2345,-303.0,EUR,transfer
2420,12/02/2026,IT2345,1071.48,EUR,transfer
2421,07/03/2026,IT2345,665.88,EUR,transfer
2422,17/01/2026,IT6789,-341.86,EUR,withdrawal
2423,24/02/2026,IT2345,592.56,EUR,transfer
2424,28/01/2026,IT8901,4743.74,EUR,deposit
2425,07/01/2026,IT5678,2346.83,EUR,deposit
2426,27/03/2026,IT3456,-1202.53,EUR,withdrawal
2427,14/04/2026,IT4567,-1593.11,EUR,withdrawal
2428,18/05/2026,IT1234,1140.32,EUR,transfer
2429,25/02/2026,IT5678,-1402.77,EUR,withdrawal
2430,23/02/2026,IT4567,1304.99,EUR,transfer
2431,24/05/2026,IT3456,-729.19,EUR,transfer
2432,17/03/2026,IT3456,979.21,EUR,transfer
2433,28/04/2026,IT4567,1959.51,EUR,deposit
2434,25/01/2026,IT5678,-131.78,EUR,withdrawal
2435,28/03/2026,IT5678,-1391.84,EUR,withdrawal
2436,26/01/2026,IT5678,4834.26,EUR,deposit
2437,05/02/2026,IT2345,417.46,EUR,transfer
2438,09/02/2026,IT4567,4505.62,EUR,deposit
2439,27/01/2026,IT5678,4713.51,EUR,deposit
2440,02/04/2026,IT8901,1306.16,EUR,transfer
2441,17/03/2026,IT7890,-1463.16,EUR,withdrawal
2442,24/04/2026,IT2345,4711.5,EUR,deposit
2443,16/04/2026,IT4567,-1750.93,EUR,withdrawal
2444,05/04/2026,IT3456,-437.13,EUR,withdrawal
2445,28/03/2026,IT7890,623.69,EUR,transfer
2446,01/04/2026,IT1234,-835.94,EUR,withdrawal
2447,04/04/2026,IT3456,1361.74,EUR,transfer
2448,14/01/2026,IT7890,1379.54,EUR,transfer
2449,13/05/2026,IT3456,4157.13,EUR,deposit
2450,25/04/2026,IT3456,1213.73,EUR,transfer
2451,08/04/2026,IT4567,-459.67,EUR,withdrawal
2452,15/03/2026,IT7890,1222.28,EUR,transfer
2453,21/02/2026,IT5678,1228.66,EUR,transfer
2454,04/05/2026,IT8901,4140.78,EUR,deposit
2455,03/03/2026,IT5678,-1450.71,EUR,transfer
2456,10/02/2026,IT1234,-1412.06,EUR,transfer
2457,10/04/2026,IT8901,-234.68,EUR,withdrawal
2458,11/02/2026,IT8901,1031.73,EUR,transfer
2459,01/01/1750,IT2345,-1220.05,EUR,withdrawal
2460,27/01/2026,IT3456,3704.89,EUR,deposit
2461,21/03/2026,IT6789,3209.68,EUR,deposit
2462,24/04/2026,IT2345,2530.79,EUR,deposit
2463,11/01/2026,IT2345,3259.01,EUR,deposit
2464,02/01/2026,IT5678,-555.14,EUR,transfer
2465,20/05/2026,IT5678,1445.39,EUR,deposit
2466,15/02/2026,IT1234,-8.06,EUR,transfer
2467,29/03/2026,IT5678,890.89,EUR,deposit
2468,01/01/2026,IT6789,61.9,EUR,transfer
2469,01/03/2026,IT2345,4267.61,EUR,deposit
2470,10/05/2026,IT7890,2492.02,EUR,deposit
2471,21/03/2026,IT3456,-818.66,EUR,transfer
2472,05/04/2026,IT1234,48.08,EUR,transfer
2473,16/03/2026,IT1234,-648.58,EUR,transfer
2474,16/04/2026,IT3456,23%02))12,EUR,deposit
2475,07/05/2026,IT4567,-1162.08,EUR,transfer
2476,04/01/2026,IT7890,-913.63,EUR,transfer
2477,20/05/2026,IT2345,-562.79,EUR,withdrawal
2478,24/03/2026,IT4567,3543.04,EUR,deposit
2479,03/03/2026,IT8901,-904.45,EUR,transfer
2480,30/03/2026,IT6789,-1281.58,EUR,withdrawal
2481,08/03/2026,IT8901,979.23,EUR,deposit
2482,28/02/2026,IT6789,124.2,EUR,transfer
2483,06/02/2026,IT5678,23%02))12,EUR,transfer
2484,16/02/2026,IT6789,2000.39,EUR,deposit
2485,09/01/2026,IT7890,23%02))12,EUR,deposit
2486,30/01/2026,IT4567,1788.32,EUR,deposit
2487,31/01/2026,IT7890,-123.23,EUR,withdrawal
2488,17/02/2026,IT8901,4521.2,EUR,deposit
2489,01/03/2026,IT7890,869.36,EUR,deposit
2490,21/01/2026,IT4567,2440.46,EUR,deposit
2491,01/05/2026,IT1234,303.34,EUR,transfer
2492,07/02/2026,IT3456,202.39,EUR,deposit
2493,06/03/2026,IT8901,2983.67,EUR,deposit
2494,20/05/2026,IT1234,-1717.86,EUR,withdrawal
2495,07/03/2026,IT2345,-1542.9,EUR,withdrawal
2496,15/05/2026,IT5678,-420.78,EUR,transfer
2497,21/02/2026,IT2345,-893.79,EUR,withdrawal
2498,02/03/2026,IT3456,-494.06,EUR,withdrawal
2499,09/02/2026,IT6789,-751.73,EUR,withdrawal
2500,29/03/2026,IT6789,-1466.75,EUR,withdrawal
2501,30/04/2026,IT8901,-983.27,EUR,transfer
2502,25/05/2026,IT4567,-684.77,EUR,withdrawal
2503,20/02/2026,IT8901,1133.71,EUR,transfer
2504,11/03/2026,IT5678,-794.75,EUR,transfer
2505,08/01/2026,IT6789,-499.69,EUR,withdrawal
2506,04/01/2026,IT1234,-136.46,EUR,transfer
2507,30/04/2026,IT8901,-9.89,EUR,transfer
2508,14/03/2026,IT8901,-1160.26,EUR,withdrawal
2509,11/02/2026,IT2345,-741.25,EUR,transfer
2510,24/02/2026,IT6789,1050.9,EUR,transfer
2511,08/02/2026,IT8901,1150.04,EUR,deposit
2512,11/02/2026,IT1234,4307.17,EUR,deposit
2513,19/01/2026,IT1234,1290.63,EUR,transfer
2514,14/04/2026,IT7890,289.46,EUR,transfer
2515,16/03/2026,IT6789,-381.88,EUR,transfer
2516,28/04/2026,IT8901,-161.76,EUR,withdrawal
2517,19/01/2026,IT4567,2730.86,EUR,deposit
2518,26/01/2026,IT2345,184.6,EUR,transfer
2519,09/03/2026,IT8901,-1807.64,EUR,withdrawal
2520,07/02/2026,IT7890,3623.53,EUR,deposit
2521,12/03/2026,IT6789,-1387.78,EUR,transfer
2522,07/03/2026,IT5678,-555.3,EUR,transfer
2523,23/03/2026,IT4567,750.4,EUR,transfer
2524,24/05/2026,IT5678,-1047.78,EUR,transfer
2525,15/04/2026,IT5678,-654.34,EUR,withdrawal
2526,,IT2345,412.61,EUR,transfer
2527,08/02/2026,IT8901,2259.57,EUR,deposit
2528,19/03/2026,IT1234,-1804.37,EUR,withdrawal
2529,16/02/2026,IT4567,4624.91,EUR,deposit
2530,24/02/2026,IT8901,-61.61,EUR,withdrawal
2531,08/05/2026,IT6789,2792.19,EUR,deposit
2532,16/02/2026,IT8901,-1051.9,EUR,withdrawal
2533,14/05/2026,IT6789,65.94,EUR,deposit
2534,06/05/2026,IT8901,3464.82,EUR,deposit
2535,22/04/2026,IT6789,3095.41,EUR,deposit
2536,16/02/2026,IT4567,-1097.8,EUR,transfer
2537,13/01/2026,IT7890,-1132.17,EUR,withdrawal
2538,08/04/2026,IT1234,804.68,EUR,transfer
2539,26/05/2026,IT7890,-975.2,EUR,withdrawal
2540,12/02/2026,IT6789,169.95,EUR,transfer
2541,23/05/2026,IT4567,2555.4,EUR,deposit
2542,17/01/2026,IT5678,270.71,EUR,transfer
2543,18/03/2026,IT1234,-1519.9,EUR,withdrawal
2544,28/02/2026,IT4567,1483.9,EUR,deposit
2545,01/01/1750,IT7890,-1312.27,EUR,transfer
2546,08/04/2026,IT4567,4681.46,EUR,deposit
2547,23/02/2026,IT4567,1078.44,EUR,transfer
2548,27/03/2026,IT4567,-469.77,EUR,transfer
2549,21/01/2026,IT6789,445.44,EUR,transfer
2550,02/01/2026,IT4567,3811.01,EUR,deposit
2551,21/05/2026,IT4567,944.19,EUR,deposit
2552,01/01/2026,IT4567,-247.2,EUR,withdrawal
2553,03/02/2026,IT4567,-429.65,EUR,transfer
2554,22/02/2026,IT1234,23%02))12,EUR,withdrawal
2555,23/01/2026,IT6789,-35.08,EUR,withdrawal
2556,20/03/2026,IT6789,1306.55,EUR,transfer
2557,01/02/2026,IT3456,-622.39,EUR,withdrawal
2558,24/01/2026,IT7890,4172.51,EUR,deposit
2559,01/04/2026,IT3456,3203.24,EUR,deposit
2560,09/04/2026,IT1234,-1222.14,EUR,withdrawal
2561,16/04/2026,IT4567,-594.67,EUR,withdrawal
2562,02/04/2026,IT3456,-1027.46,EUR,transfer
2563,01/01/1750,IT8901,-35.86,EUR,withdrawal
2564,12/05/2026,IT4567,-879.34,EUR,withdrawal
2565,13/03/2026,IT1234,4238.83,EUR,deposit
2566,12/05/2026,IT5678,-1609.77,EUR,withdrawal
2567,12/05/2026,IT4567,-69.88,EUR,transfer
2568,13/05/2026,IT3456,-392.63,EUR,transfer
2569,16/05/2026,IT8901,-1166.84,EUR,withdrawal
2570,21/03/2026,IT7890,-25.46,EUR,withdrawal
2571,25/03/2026,IT8901,-1478.69,EUR,withdrawal
2572,20/03/2026,IT2345,23%02))12,EUR,deposit
2573,03/02/2026,IT1234,2630.36,EUR,deposit
2574,24/05/2026,IT6789,-537.95,EUR,withdrawal
2575,18/04/2026,IT6789,4198.72,EUR,deposit
2576,05/03/2026,IT3456,-1012.77,EUR,transfer
2577,19/02/2026,IT3456,1861.21,EUR,deposit
2578,04/03/2026,IT8901,-796.32,EUR,withdrawal
2579,,IT6789,3878.29,EUR,deposit
2580,12/01/2026,IT4567,-456.46,EUR,withdrawal
2581,26/02/2026,IT2345,1105.84,EUR,transfer
2582,18/01/2026,IT6789,701.5,EUR,deposit
2583,25/04/2026,IT3456,-778.92,EUR,transfer
2584,04/05/2026,IT8901,1649.05,EUR,deposit
2585,18/02/2026,IT6789,3748.44,EUR,deposit
2586,03/02/2026,IT3456,-73.95,EUR,withdrawal
2587,08/01/2026,IT8901,3797.93,EUR,deposit
2588,12/01/2026,IT7890,-1147.55,EUR,transfer
2589,01/03/2026,IT3456,1410.57,EUR,transfer
2590,18/04/2026,IT5678,430.89,EUR,transfer
2591,31/05/2026,IT3456,-1476.31,EUR,withdrawal
2592,03/01/2026,IT4567,3643.75,EUR,deposit
2593,21/02/2026,IT6789,626.15,EUR,deposit
2594,28/02/2026,IT3456,-391.3,EUR,withdrawal
2595,19/03/2026,IT3456,4956.69,EUR,deposit
2596,25/04/2026,IT2345,1236.78,EUR,deposit
2597,23/05/2026,IT2345,131.53,EUR,transfer
2598,23/02/2026,IT1234,-709.98,EUR,withdrawal
2599,14/04/2026,IT1234,179.42,EUR,transfer
2600,18/01/2026,IT7890,-855.64,EUR,withdrawal
2601,01/05/2026,IT4567,-63.51,EUR,withdrawal
2602,19/01/2026,IT8901,4939.67,EUR,deposit
2603,16/05/2026,IT1234,-310.16,EUR,withdrawal
2604,09/02/2026,IT2345,4845.57,EUR,deposit
2605,07/03/2026,IT8901,-690.02,EUR,withdrawal
2606,20/03/2026,IT8901,266.91,EUR,transfer
2607,21/03/2026,IT3456,-1036.05,EUR,withdrawal
2608,08/05/2026,IT1234,1239.17,EUR,transfer
2609,01/03/2026,IT1234,4106.56,EUR,deposit
2610,06/03/2026,IT1234,1703.67,EUR,deposit
2611,29/01/2026,IT5678,-583.97,EUR,withdrawal
2612,06/05/2026,IT3456,2031.53,EUR,deposit
2613,28/05/2026,IT1234,1464.48,EUR,deposit
2614,15/04/2026,IT6789,-1608.83,EUR,withdrawal
2615,13/01/2026,IT4567,-187.23,EUR,transfer
2616,17/05/2026,IT3456,-231.47,EUR,transfer
2617,01/05/2026,IT4567,3466.72,EUR,deposit
2618,17/02/2026,IT5678,840.38,EUR,deposit
2619,28/04/2026,IT8901,-405.52,EUR,withdrawal
2620,19/03/2026,IT6789,2350.49,EUR,deposit
2621,19/01/2026,IT1234,-735.41,EUR,withdrawal
2622,01/01/1750,IT5678,20.16,EUR,transfer
2623,19/04/2026,IT8901,3591.49,EUR,deposit
2624,04/04/2026,IT3456,4430.86,EUR,deposit
2625,13/02/2026,IT8901,-1686.91,EUR,withdrawal
2626,04/02/2026,IT4567,2452.97,EUR,deposit
2627,13/01/2026,IT3456,3946.33,EUR,deposit
2628,26/03/2026,IT5678,-1046.26,EUR,transfer
2629,05/02/2026,IT8901,-1377.8,EUR,withdrawal
2630,17/02/2026,IT6789,888.71,EUR,deposit
2631,13/03/2026,IT3456,260.34,EUR,transfer
2632,29/04/2026,IT1234,-218.96,EUR,withdrawal
2633,28/01/2026,IT5678,469.21,EUR,transfer
2634,03/05/2026,IT6789,75.55,EUR,deposit
2635,26/03/2026,IT7890,-1051.5,EUR,transfer
2636,19/05/2026,IT6789,-1637.67,EUR,withdrawal
2637,07/03/2026,IT7890,4510.07,EUR,deposit
2638,12/02/2026,IT3456,1455.19,EUR,deposit
2639,05/04/2026,IT8901,-1050.75,EUR,withdrawal
2640,29/03/2026,IT6789,-1937.51,EUR,withdrawal
2641,02/03/2026,IT4567,-400.71,EUR,withdrawal
2642,26/02/2026,IT8901,-1760.73,EUR,withdrawal
2643,13/03/2026,IT6789,-929.94,EUR,withdrawal
2644,28/04/2026,IT3456,531.66,EUR,deposit
2645,20/02/2026,IT7890,2293.97,EUR,deposit
2646,07/05/2026,IT4567,-1661.24,EUR,withdrawal
2647,26/05/2026,IT8901,387.13,EUR,deposit
2648,22/02/2026,IT6789,-1182.79,EUR,transfer
2649,14/04/2026,IT7890,-38.06,EUR,withdrawal
2650,10/04/2026,IT3456,-1116.57,EUR,withdrawal
2651,02/01/2026,IT2345,-422.44,EUR,transfer
2652,18/05/2026,IT2345,-1891.52,EUR,withdrawal
2653,13/04/2026,IT2345,262.77,EUR,transfer
2654,22/01/2026,IT5678,3157.03,EUR,deposit
2655,24/05/2026,IT2345,726.16,EUR,deposit
2656,27/02/2026,IT3456,-1994.63,EUR,withdrawal
2657,16/01/2026,IT6789,342.28,EUR,deposit
2658,08/02/2026,IT2345,-1488.79,EUR,withdrawal
2659,13/05/2026,IT2345,-882.44,EUR,transfer
2660,22/05/2026,IT7890,-1849.46,EUR,withdrawal
2661,15/01/2026,IT4567,-60.48,EUR,withdrawal
2662,20/01/2026,IT8901,-1679.07,EUR,withdrawal
2663,01/04/2026,IT5678,830.0,EUR,transfer
2664,02/03/2026,IT1234,-1215.83,EUR,withdrawal
2665,14/05/2026,IT3456,3588.26,EUR,deposit
2666,15/03/2026,IT6789,779.9,EUR,deposit
2667,25/03/2026,IT7890,-1098.97,EUR,transfer
2668,06/01/2026,IT8901,-558.93,EUR,withdrawal
2669,27/02/2026,IT7890,-1925.29,EUR,withdrawal
2670,17/02/2026,IT7890,-1279.56,EUR,transfer
2671,02/02/2026,IT2345,-1300.09,EUR,withdrawal
2672,17/04/2026,IT6789,-323.39,EUR,withdrawal
2673,28/04/2026,IT8901,4608.48,EUR,deposit
2674,03/05/2026,IT3456,-1053.75,EUR,withdrawal
2675,12/03/2026,IT4567,-115.41,EUR,withdrawal
2676,31/03/2026,IT8901,2309.39,EUR,deposit
2677,17/05/2026,IT7890,-1442.46,EUR,withdrawal
2678,07/01/2026,IT8901,-1403.19,EUR,transfer
2679,01/01/1750,IT2345,741.16,EUR,transfer
2680,01/04/2026,IT2345,4032.02,EUR,deposit
2681,05/01/2026,IT5678,-240.91,EUR,withdrawal
2682,21/02/2026,IT6789,1310.1,EUR,deposit
2683,19/02/2026,IT2345,3373.16,EUR,deposit
2684,18/02/2026,IT6789,1248.19,EUR,transfer
2685,,IT7890,2967.77,EUR,deposit
2686,27/02/2026,IT6789,-1522.75,EUR,withdrawal
2687,15/01/2026,IT4567,-993.59,EUR,withdrawal
2688,11/01/2026,IT5678,1242.38,EUR,transfer
2689,16/01/2026,IT1234,-1134.16,EUR,transfer
2690,12/01/2026,IT7890,-1460.0,EUR,withdrawal
2691,17/04/2026,IT8901,1702.81,EUR,deposit
2692,09/04/2026,IT5678,1691.55,EUR,deposit
2693,24/05/2026,IT5678,-791.21,EUR,withdrawal
2694,09/03/2026,IT3456,-307.63,EUR,transfer
2695,27/03/2026,IT2345,4424.9,EUR,deposit
2696,18/03/2026,IT2345,23%02))12,EUR,deposit
2697,01/01/2026,IT8901,2664.62,EUR,deposit
2698,24/04/2026,IT4567,577.75,EUR,transfer
2699,27/01/2026,IT2345,-942.65,EUR,transfer
2700,08/04/2026,IT2345,23%02))12,EUR,transfer
2701,24/03/2026,IT3456,-1565.09,EUR,withdrawal
2702,20/03/2026,IT8901,-1019.87,EUR,transfer
2703,29/04/2026,IT6789,823.88,EUR,transfer
2704,17/01/2026,IT2345,-1230.08,EUR,withdrawal
2705,21/01/2026,IT6789,1084.2,EUR,transfer
2706,17/03/2026,IT4567,-1294.29,EUR,transfer
2707,23/05/2026,IT2345,-50.01,EUR,withdrawal
2708,07/03/2026,IT5678,1360.68,EUR,deposit
2709,20/04/2026,IT6789,219.14,EUR,deposit
2710,03/04/2026,IT7890,-1203.3,EUR,transfer
2711,09/01/2026,IT4567,-554.75,EUR,transfer
2712,,IT6789,-1071.16,EUR,transfer
2713,22/01/2026,IT8901,-1215.39,EUR,withdrawal
2714,30/01/2026,IT1234,-84.52,EUR,transfer
2715,01/03/2026,IT4567,1019.0,EUR,transfer
2716,20/05/2026,IT4567,201.47,EUR,deposit
2717,30/05/2026,IT4567,3462.2,EUR,deposit
2718,22/03/2026,IT3456,3961.15,EUR,deposit
2719,12/02/2026,IT7890,-1553.87,EUR,withdrawal
2720,09/02/2026,IT7890,4894.97,EUR,deposit
2721,05/04/2026,IT5678,-1166.86,EUR,transfer
2722,29/04/2026,IT6789,-1157.15,EUR,withdrawal
2723,25/01/2026,IT1234,-434.89,EUR,withdrawal
2724,16/02/2026,IT4567,3471.06,EUR,deposit
2725,10/04/2026,IT3456,-888.82,EUR,withdrawal
2726,11/05/2026,IT8901,-1195.71,EUR,withdrawal
2727,25/01/2026,IT8901,-600.26,EUR,transfer
2728,07/05/2026,IT3456,663.67,EUR,transfer
2729,03/02/2026,IT5678,-1188.77,EUR,withdrawal
2730,21/01/2026,IT7890,1641.61,EUR,deposit
2731,12/04/2026,IT8901,-620.66,EUR,transfer
2732,01/05/2026,IT8901,-1700.87,EUR,withdrawal
2733,25/03/2026,IT2345,382.07,EUR,transfer
2734,02/04/2026,IT8901,-288.85,EUR,withdrawal
2735,20/03/2026,IT8901,1142.28,EUR,transfer
2736,07/04/2026,IT7890,-1750.45,EUR,withdrawal
2737,12/02/2026,IT8901,-417.96,EUR,withdrawal
2738,18/02/2026,IT1234,1214.22,EUR,transfer
2739,25/04/2026,IT8901,1091.89,EUR,deposit
2740,21/01/2026,IT3456,2661.88,EUR,deposit
2741,30/04/2026,IT2345,2713.83,EUR,deposit
2742,01/01/2026,IT2345,1069.05,EUR,deposit
2743,26/05/2026,IT8901,4033.66,EUR,deposit
2744,15/05/2026,IT2345,-178.47,EUR,transfer
2745,26/04/2026,IT2345,3545.46,EUR,deposit
2746,16/05/2026,IT1234,2561.56,EUR,deposit
2747,12/01/2026,IT1234,-1070.93,EUR,withdrawal
2748,20/04/2026,IT3456,-1377.63,EUR,withdrawal
2749,23/05/2026,IT6789,-1150.41,EUR,withdrawal
2750,13/05/2026,IT7890,23%02))12,EUR,deposit
2751,06/05/2026,IT2345,2434.81,EUR,deposit
2752,15/03/2026,IT1234,2116.7,EUR,deposit
2753,30/01/2026,IT5678,4386.2,EUR,deposit
2754,07/02/2026,IT1234,-1254.36,EUR,transfer
2755,03/03/2026,IT1234,-779.88,EUR,withdrawal
2756,26/05/2026,IT4567,2722.04,EUR,deposit
2757,29/05/2026,IT5678,-133.05,EUR,transfer
2758,27/05/2026,IT7890,593.87,EUR,transfer
2759,02/01/2026,IT6789,-1465.73,EUR,transfer
2760,06/01/2026,IT6789,-1020.4,EUR,transfer
2761,01/01/1750,IT2345,-340.26,EUR,transfer
2762,18/05/2026,IT1234,-1855.72,EUR,withdrawal
2763,23/01/2026,IT3456,1068.1,EUR,transfer
2764,23/03/2026,IT8901,2970.49,EUR,deposit
2765,13/02/2026,IT2345,-264.92,EUR,withdrawal
2766,03/03/2026,IT8901,4557.91,EUR,deposit
2767,11/04/2026,IT8901,-1306.04,EUR,withdrawal
2768,18/02/2026,IT1234,3284.41,EUR,deposit
2769,27/03/2026,IT6789,-487.21,EUR,withdrawal
2770,14/03/2026,IT1234,1567.79,EUR,deposit
2771,15/05/2026,IT5678,-731.86,EUR,withdrawal
2772,27/02/2026,IT4567,-593.28,EUR,withdrawal
2773,13/01/2026,IT8901,600.21,EUR,transfer
2774,06/02/2026,IT8901,1458.0,EUR,transfer
2775,30/01/2026,IT2345,118.85,EUR,deposit
2776,30/01/2026,IT6789,539.44,EUR,transfer
2777,06/03/2026,IT5678,2408.2,EUR,deposit
2778,24/01/2026,IT1234,2266.02,EUR,deposit
2779,31/03/2026,IT7890,-898.58,EUR,withdrawal
2780,11/01/2026,IT1234,23%02))12,EUR,transfer
2781,17/04/2026,IT3456,-1011.59,EUR,transfer
2782,05/02/2026,IT5678,-1173.39,EUR,transfer
2783,12/02/2026,IT1234,-492.26,EUR,transfer
2784,30/01/2026,IT5678,-1400.56,EUR,withdrawal
2785,10/02/2026,IT3456,-1461.08,EUR,withdrawal
2786,06/03/2026,IT7890,-1460.42,EUR,transfer
2787,13/03/2026,IT3456,-120.21,EUR,withdrawal
2788,08/03/2026,IT7890,-1555.12,EUR,withdrawal
2789,13/05/2026,IT6789,-706.14,EUR,withdrawal
2790,18/01/2026,IT7890,-1466.5,EUR,withdrawal
2791,10/01/2026,IT5678,-208.68,EUR,transfer
2792,07/05/2026,IT8901,1956.23,EUR,deposit
2793,02/05/2026,IT2345,-569.53,EUR,transfer
2794,05/02/2026,IT6789,4904.69,EUR,deposit
2795,25/04/2026,IT1234,-529.39,EUR,withdrawal
2796,11/01/2026,IT7890,2365.45,EUR,deposit
2797,28/03/2026,IT3456,4217.51,EUR,deposit
2798,15/01/2026,IT7890,-63.0,EUR,transfer
2799,20/03/2026,IT8901,559.12,EUR,deposit
2800,07/02/2026,IT4567,-1473.84,EUR,transfer
2801,18/03/2026,IT4567,2759.4,EUR,deposit
2802,23/02/2026,IT1234,-196.98,EUR,withdrawal
2803,08/02/2026,IT6789,3009.57,EUR,deposit
2804,11/03/2026,IT2345,-1480.88,EUR,transfer
2805,18/03/2026,IT7890,-695.5,EUR,transfer
2806,24/01/2026,IT5678,-290.48,EUR,transfer
2807,02/01/2026,IT8901,-1005.16,EUR,withdrawal
2808,12/03/2026,IT2345,2741.04,EUR,deposit
2809,30/03/2026,IT7890,1534.82,EUR,deposit
2810,,IT4567,-929.9,EUR,withdrawal
2811,23/03/2026,IT1234,584.27,EUR,deposit
2812,27/05/2026,IT7890,1154.36,EUR,deposit
2813,19/04/2026,IT7890,-215.68,EUR,transfer
2814,27/01/2026,IT2345,783.66,EUR,transfer
2815,23/04/2026,IT7890,284.47,EUR,transfer
2816,11/02/2026,IT7890,174.8,EUR,deposit
2817,08/02/2026,IT2345,-1105.32,EUR,withdrawal
2818,09/02/2026,IT7890,-1938.47,EUR,withdrawal
2819,21/01/2026,IT8901,-20.45,EUR,transfer
2820,22/02/2026,IT5678,1334.24,EUR,transfer
2821,19/05/2026,IT1234,-277.92,EUR,transfer
2822,05/05/2026,IT6789,760.06,EUR,transfer
2823,26/03/2026,IT5678,-959.06,EUR,transfer
2824,08/02/2026,IT8901,-294.05,EUR,withdrawal
2825,19/05/2026,IT7890,66.48,EUR,transfer
2826,21/01/2026,IT3456,2616.47,EUR,deposit
2827,13/05/2026,IT3456,1239.95,EUR,transfer
2828,19/01/2026,IT6789,-1038.18,EUR,withdrawal
2829,20/02/2026,IT2345,-859.2,EUR,withdrawal
2830,03/04/2026,IT1234,1842.69,EUR,deposit
2831,13/05/2026,IT5678,-728.75,EUR,transfer
2832,27/03/2026,IT5678,-426.03,EUR,withdrawal
2833,09/03/2026,IT8901,-670.46,EUR,transfer
2834,21/04/2026,IT3456,4238.5,EUR,deposit
2835,02/02/2026,IT1234,-771.68,EUR,transfer
2836,05/04/2026,IT5678,348.67,EUR,transfer
2837,19/01/2026,IT5678,-1203.24,EUR,transfer
2838,01/01/2026,IT1234,-1992.25,EUR,withdrawal
2839,21/04/2026,IT1234,23%02))12,EUR,withdrawal
2840,13/04/2026,IT7890,4693.28,EUR,deposit
2841,26/03/2026,IT2345,1107.28,EUR,deposit
2842,28/03/2026,IT1234,-431.45,EUR,transfer
2843,04/03/2026,IT4567,1373.18,EUR,deposit
2844,30/04/2026,IT8901,-709.45,EUR,withdrawal
2845,11/04/2026,IT1234,-156.5,EUR,transfer
2846,14/01/2026,IT6789,2152.57,EUR,deposit
2847,25/03/2026,IT7890,2879.33,EUR,deposit
2848,20/03/2026,IT5678,1046.42,EUR,transfer
2849,25/05/2026,IT2345,-77.17,EUR,withdrawal
2850,18/05/2026,IT3456,-48.09,EUR,withdrawal
2851,25/02/2026,IT1234,1036.37,EUR,transfer
2852,14/03/2026,IT1234,-161.98,EUR,transfer
2853,04/04/2026,IT7890,1304.69,EUR,transfer
2854,27/04/2026,IT7890,-1641.56,EUR,withdrawal
2855,26/04/2026,IT1234,-778.12,EUR,withdrawal
2856,03/04/2026,IT4567,3674.17,EUR,deposit
2857,24/03/2026,IT1234,-200.35,EUR,transfer
2858,01/03/2026,IT1234,1437.69,EUR,transfer
2859,23/03/2026,IT4567,-274.74,EUR,withdrawal
2860,30/04/2026,IT1234,1297.32,EUR,deposit
2861,19/03/2026,IT3456,2233.04,EUR,deposit
2862,09/04/2026,IT1234,-98.51,EUR,withdrawal
2863,30/05/2026,IT2345,-854.41,EUR,transfer
2864,03/03/2026,IT1234,-475.84,EUR,transfer
2865,27/02/2026,IT2345,921.78,EUR,transfer
2866,22/05/2026,IT2345,3614.07,EUR,deposit
2867,28/02/2026,IT6789,2007.38,EUR,deposit
2868,23/05/2026,IT3456,1117.21,EUR,transfer
2869,28/05/2026,IT1234,-1395.17,EUR,withdrawal
2870,15/01/2026,IT5678,4395.64,EUR,deposit
2871,19/02/2026,IT4567,-1011.56,EUR,withdrawal
2872,02/05/2026,IT1234,-814.01,EUR,withdrawal
2873,26/02/2026,IT7890,-1334.33,EUR,transfer
2874,23/03/2026,IT3456,4653.87,EUR,deposit
2875,03/03/2026,IT2345,-62.83,EUR,withdrawal
2876,23/02/2026,IT5678,1640.19,EUR,deposit
2877,13/02/2026,IT6789,941.69,EUR,transfer
2878,19/03/2026,IT1234,-1888.2,EUR,withdrawal
2879,02/02/2026,IT2345,1121.95,EUR,deposit
2880,08/03/2026,IT7890,1235.42,EUR,deposit
2881,08/01/2026,IT3456,-264.0,EUR,withdrawal
2882,02/03/2026,IT2345,-1344.34,EUR,transfer
2883,08/05/2026,IT1234,4255.6,EUR,deposit
2884,04/05/2026,IT2345,2491.55,EUR,deposit
2885,10/02/2026,IT3456,2847.23,EUR,deposit
2886,11/04/2026,IT6789,3210.96,EUR,deposit
2887,01/01/2026,IT2345,-915.4,EUR,transfer
2888,,IT8901,-1179.64,EUR,withdrawal
2889,30/05/2026,IT5678,747.4,EUR,transfer
2890,07/04/2026,IT7890,-83.55,EUR,withdrawal
2891,22/02/2026,IT5678,3195.08,EUR,deposit
2892,25/01/2026,IT3456,4968.86,EUR,deposit
2893,15/05/2026,IT8901,-1653.58,EUR,withdrawal
2894,21/03/2026,IT7890,-592.36,EUR,transfer
2895,27/03/2026,IT8901,-1847.88,EUR,withdrawal
2896,24/05/2026,IT6789,-121.02,EUR,transfer
2897,21/03/2026,IT6789,23%02))12,EUR,withdrawal
2898,13/04/2026,IT2345,-1711.09,EUR,withdrawal
2899,14/05/2026,IT7890,461.66,EUR,deposit
2900,15/01/2026,IT3456,232.25,EUR,transfer
2901,21/05/2026,IT8901,609.95,EUR,transfer
2902,06/01/2026,IT4567,1697.99,EUR,deposit
2903,01/05/2026,IT8901,4374.59,EUR,deposit
2904,24/05/2026,IT2345,913.03,EUR,deposit
2905,29/01/2026,IT6789,-562.15,EUR,withdrawal
2906,07/02/2026,IT3456,-939.02,EUR,withdrawal
2907,18/01/2026,IT1234,-905.74,EUR,transfer
2908,15/02/2026,IT7890,-969.02,EUR,withdrawal
2909,13/03/2026,IT1234,35.52,EUR,transfer
2910,30/01/2026,IT6789,4299.02,EUR,deposit
2911,16/02/2026,IT3456,-832.03,EUR,transfer
2912,11/01/2026,IT4567,3044.45,EUR,deposit
2913,,IT3456,3928.86,EUR,deposit
2914,01/05/2026,IT1234,203.25,EUR,transfer
2915,23/05/2026,IT4567,3177.93,EUR,deposit
2916,31/05/2026,IT2345,750.13,EUR,transfer
2917,20/03/2026,IT5678,3401.94,EUR,deposit
2918,17/04/2026,IT3456,688.23,EUR,transfer
2919,02/02/2026,IT4567,3210.89,EUR,deposit
2920,31/03/2026,IT4567,-1972.36,EUR,withdrawal
2921,03/01/2026,IT4567,1215.82,EUR,transfer
2922,15/03/2026,IT2345,1020.43,EUR,transfer
2923,09/01/2026,IT4567,-313.99,EUR,withdrawal
2924,27/04/2026,IT2345,-67.53,EUR,withdrawal
2925,04/01/2026,IT2345,1448.88,EUR,deposit
2926,04/01/2026,IT2345,-774.61,EUR,withdrawal
2927,13/05/2026,IT5678,4668.14,EUR,deposit
2928,05/04/2026,IT2345,4896.81,EUR,deposit
2929,01/01/2026,IT1234,4807.5,EUR,deposit
2930,04/04/2026,IT7890,1752.24,EUR,deposit
2931,14/04/2026,IT3456,-457.0,EUR,transfer
2932,21/04/2026,IT8901,1242.94,EUR,deposit
2933,05/03/2026,IT1234,2174.94,EUR,deposit
2934,23/02/2026,IT8901,200.02,EUR,transfer
2935,06/03/2026,IT4567,-225.45,EUR,transfer
2936,21/05/2026,IT7890,-1273.88,EUR,withdrawal
2937,12/02/2026,IT3456,1079.86,EUR,transfer
2938,27/05/2026,IT2345,1192.66,EUR,transfer
2939,14/03/2026,IT1234,-1357.51,EUR,withdrawal
2940,24/02/2026,IT6789,-1267.06,EUR,transfer
2941,09/04/2026,IT3456,-269.07,EUR,withdrawal
2942,13/02/2026,IT5678,969.59,EUR,transfer
2943,25/01/2026,IT8901,-636.61,EUR,withdrawal
2944,14/05/2026,IT7890,-1285.03,EUR,transfer
2945,06/03/2026,IT7890,-1344.13,EUR,withdrawal
2946,02/01/2026,IT3456,-1698.74,EUR,withdrawal
2947,13/04/2026,IT4567,23%02))12,EUR,transfer
2948,30/05/2026,IT8901,496.63,EUR,deposit
2949,26/02/2026,IT4567,3063.22,EUR,deposit
2950,26/02/2026,IT7890,-998.09,EUR,withdrawal
2951,26/05/2026,IT2345,1368.58,EUR,transfer
2952,02/01/2026,IT3456,3402.32,EUR,deposit
2953,17/01/2026,IT2345,-454.04,EUR,withdrawal
2954,26/01/2026,IT6789,-840.19,EUR,transfer
2955,20/05/2026,IT7890,1293.13,EUR,deposit
2956,19/05/2026,IT2345,-587.25,EUR,transfer
2957,03/02/2026,IT1234,2222.77,EUR,deposit
2958,29/03/2026,IT1234,-1793.32,EUR,withdrawal
2959,25/01/2026,IT4567,568.97,EUR,transfer
2960,22/02/2026,IT2345,3420.61,EUR,deposit
2961,22/05/2026,IT1234,2024.5,EUR,deposit
2962,08/05/2026,IT5678,-900.91,EUR,withdrawal
2963,30/05/2026,IT2345,-1980.69,EUR,withdrawal
2964,27/02/2026,IT5678,-882.33,EUR,withdrawal
2965,24/03/2026,IT5678,2509.07,EUR,deposit
2966,26/01/2026,IT8901,-590.89,EUR,transfer
2967,05/03/2026,IT4567,1726.87,EUR,deposit
2968,17/04/2026,IT3456,4361.07,EUR,deposit
2969,10/03/2026,IT5678,2543.96,EUR,deposit
2970,24/01/2026,IT6789,306.0,EUR,transfer
2971,05/05/2026,IT5678,1334.11,EUR,deposit
2972,10/03/2026,IT4567,-86.38,EUR,withdrawal
2973,20/02/2026,IT4567,4390.25,EUR,deposit
2974,23/02/2026,IT1234,597.45,EUR,deposit
2975,08/03/2026,IT6789,417.1,EUR,deposit
2976,14/02/2026,IT2345,645.42,EUR,deposit
2977,10/05/2026,IT8901,2828.49,EUR,deposit
2978,22/02/2026,IT7890,23%02))12,EUR,withdrawal
2979,19/01/2026,IT4567,105.78,EUR,transfer
2980,07/05/2026,IT8901,-1487.01,EUR,withdrawal
2981,15/02/2026,IT5678,2637.96,EUR,deposit
2982,06/03/2026,IT4567,4449.9,EUR,deposit
2983,06/04/2026,IT2345,1439.73,EUR,transfer
2984,15/01/2026,IT1234,4434.36,EUR,deposit
2985,13/02/2026,IT1234,-1070.15,EUR,withdrawal
2986,28/03/2026,IT2345,219.96,EUR,transfer
2987,24/02/2026,IT6789,1324.4,EUR,transfer
2988,14/03/2026,IT3456,-993.04,EUR,withdrawal
2989,29/03/2026,IT7890,-368.49,EUR,transfer
2990,06/03/2026,IT5678,2477.53,EUR,deposit
2991,13/05/2026,IT3456,-778.48,EUR,withdrawal
2992,13/03/2026,IT8901,-488.14,EUR,transfer
2993,24/04/2026,IT4567,-917.11,EUR,transfer
2994,13/01/2026,IT2345,1479.59,EUR,deposit
2995,09/05/2026,IT6789,-100.33,EUR,withdrawal
2996,19/01/2026,IT4567,1099.72,EUR,transfer
2997,19/03/2026,IT2345,2850.37,EUR,deposit
2998,14/01/2026,IT3456,1438.59,EUR,transfer
2999,08/01/2026,IT7890,-958.54,EUR,withdrawal
3000,20/01/2026,IT8901,-1245.34,EUR,withdrawal
3001,07/01/2026,IT6789,1069.69,EUR,transfer
3002,22/02/2026,IT4567,991.45,EUR,transfer
3003,26/05/2026,IT5678,553.58,EUR,deposit
3004,31/03/2026,IT8901,4507.73,EUR,deposit
3005,12/05/2026,IT7890,1813.28,EUR,deposit
3006,08/04/2026,IT5678,-604.52,EUR,transfer
3007,09/03/2026,IT3456,2374.59,EUR,deposit
3008,20/02/2026,IT1234,2751.14,EUR,deposit
3009,16/01/2026,IT3456,-558.32,EUR,transfer
3010,12/03/2026,IT4567,-1383.9,EUR,withdrawal
3011,13/01/2026,IT4567,-1199.02,EUR,transfer
3012,12/03/2026,IT7890,-1167.65,EUR,withdrawal
3013,06/03/2026,IT5678,-1777.99,EUR,withdrawal
3014,25/04/2026,IT1234,-1591.52,EUR,withdrawal
3015,02/03/2026,IT6789,362.02,EUR,transfer
3016,24/03/2026,IT8901,623.09,EUR,transfer
3017,20/04/2026,IT1234,-733.45,EUR,transfer
3018,04/01/2026,IT3456,2191.65,EUR,deposit
3019,17/03/2026,IT7890,-707.09,EUR,withdrawal
3020,06/01/2026,IT8901,-970.47,EUR,transfer
3021,22/02/2026,IT7890,1014.02,EUR,transfer
3022,20/05/2026,IT5678,-1467.08,EUR,withdrawal
3023,13/04/2026,IT3456,-603.56,EUR,transfer
3024,11/03/2026,IT6789,3536.13,EUR,deposit
3025,27/05/2026,IT8901,3345.89,EUR,deposit
3026,15/05/2026,IT5678,974.05,EUR,transfer
3027,06/04/2026,IT6789,3003.01,EUR,deposit
3028,22/01/2026,IT8901,-916.47,EUR,withdrawal
3029,22/02/2026,IT1234,3449.13,EUR,deposit
3030,19/02/2026,IT7890,4225.39,EUR,deposit
3031,26/04/2026,IT1234,1543.62,EUR,deposit
3032,26/05/2026,IT8901,1408.25,EUR,transfer
3033,22/03/2026,IT7890,-494.27,EUR,transfer
3034,14/05/2026,IT8901,3260.8,EUR,deposit
3035,02/03/2026,IT2345,4604.18,EUR,deposit
3036,27/02/2026,IT1234,-1952.57,EUR,withdrawal
3037,27/05/2026,IT5678,-1421.72,EUR,withdrawal
3038,02/04/2026,IT3456,4157.22,EUR,deposit
3039,12/03/2026,IT1234,484.25,EUR,transfer
3040,01/02/2026,IT7890,-438.83,EUR,withdrawal
3041,18/02/2026,IT2345,-799.67,EUR,withdrawal
3042,03/02/2026,IT8901,741.62,EUR,deposit
3043,22/02/2026,IT5678,1254.16,EUR,transfer
3044,01/04/2026,IT4567,-366.89,EUR,transfer
3045,29/03/2026,IT6789,2455.85,EUR,deposit
3046,04/05/2026,IT3456,-238.01,EUR,withdrawal
3047,14/02/2026,IT2345,-245.38,EUR,withdrawal
3048,18/01/2026,IT7890,-1285.48,EUR,transfer
3049,18/05/2026,IT8901,-719.86,EUR,transfer
3050,29/03/2026,IT3456,-1345.47,EUR,withdrawal
3051,27/01/2026,IT1234,-201.41,EUR,withdrawal
3052,17/03/2026,IT7890,2525.67,EUR,deposit
3053,10/03/2026,IT5678,3936.36,EUR,deposit
3054,10/03/2026,IT8901,3894.12,EUR,deposit
3055,,IT1234,-1665.07,EUR,withdrawal
3056,02/03/2026,IT7890,-163.46,EUR,transfer
3057,20/05/2026,IT2345,1867.65,EUR,deposit
3058,25/05/2026,IT4567,4326.79,EUR,deposit
3059,21/01/2026,IT6789,3498.77,EUR,deposit
3060,10/05/2026,IT5678,-543.36,EUR,transfer
3061,30/03/2026,IT3456,3622.55,EUR,deposit
3062,26/01/2026,IT2345,893.95,EUR,deposit
3063,06/03/2026,IT4567,-575.53,EUR,withdrawal
3064,27/05/2026,IT4567,553.37,EUR,deposit
3065,23/02/2026,IT8901,4525.78,EUR,deposit
3066,13/01/2026,IT4567,23%02))12,EUR,deposit
3067,20/03/2026,IT7890,-521.07,EUR,withdrawal
3068,07/05/2026,IT4567,2255.07,EUR,deposit
3069,05/04/2026,IT6789,3699.95,EUR,deposit
3070,17/01/2026,IT1234,165.31,EUR,deposit
3071,14/04/2026,IT7890,1030.45,EUR,deposit
3072,17/01/2026,IT1234,-231.15,EUR,transfer
3073,09/04/2026,IT4567,1834.49,EUR,deposit
3074,20/01/2026,IT3456,-1921.92,EUR,withdrawal
3075,28/04/2026,IT8901,-979.47,EUR,withdrawal
3076,06/03/2026,IT4567,4922.77,EUR,deposit
3077,21/01/2026,IT5678,4647.61,EUR,deposit
3078,26/03/2026,IT6789,-467.48,EUR,transfer
3079,28/03/2026,IT1234,-824.84,EUR,withdrawal
3080,01/04/2026,IT8901,-299.42,EUR,transfer
3081,06/02/2026,IT3456,-239.07,EUR,withdrawal
3082,13/02/2026,IT2345,4334.34,EUR,deposit
3083,23/02/2026,IT2345,-1850.07,EUR,withdrawal
3084,11/01/2026,IT5678,222.6,EUR,deposit
3085,01/04/2026,IT7890,3481.1,EUR,deposit
3086,05/01/2026,IT6789,4242.34,EUR,deposit
3087,08/03/2026,IT1234,4583.56,EUR,deposit
3088,28/01/2026,IT6789,-953.7,EUR,transfer
3089,06/02/2026,IT3456,790.8,EUR,deposit
3090,07/03/2026,IT7890,1374.17,EUR,transfer
3091,01/01/1750,IT4567,-533.05,EUR,transfer
3092,22/03/2026,IT4567,-879.39,EUR,withdrawal
3093,26/05/2026,IT7890,1926.42,EUR,deposit
3094,15/02/2026,IT2345,3626.71,EUR,deposit
3095,14/04/2026,IT6789,-1394.76,EUR,transfer
3096,26/02/2026,IT3456,3097.98,EUR,deposit
3097,12/04/2026,IT8901,110.3,EUR,transfer
3098,17/02/2026,IT3456,802.8,EUR,deposit
3099,21/03/2026,IT7890,456.9,EUR,deposit
3100,01/01/1750,IT1234,-1696.84,EUR,withdrawal
3101,28/02/2026,IT3456,1512.09,EUR,deposit
3102,04/04/2026,IT5678,197.43,EUR,transfer
3103,22/05/2026,IT4567,2645.68,EUR,deposit
3104,10/01/2026,IT3456,940.42,EUR,transfer
3105,12/02/2026,IT5678,905.22,EUR,transfer
3106,29/04/2026,IT5678,876.39,EUR,transfer
3107,18/01/2026,IT2345,-882.35,EUR,transfer
3108,11/04/2026,IT8901,-1694.03,EUR,withdrawal
3109,03/02/2026,IT8901,-909.79,EUR,withdrawal
3110,28/02/2026,IT8901,4336.29,EUR,deposit
3111,23/03/2026,IT5678,1185.16,EUR,deposit
3112,28/04/2026,IT6789,3532.42,EUR,deposit
3113,12/04/2026,IT7890,511.36,EUR,transfer
3114,08/03/2026,IT5678,1470.02,EUR,transfer
3115,20/05/2026,IT4567,872.39,EUR,transfer
3116,27/03/2026,IT1234,-304.87,EUR,withdrawal
3117,22/01/2026,IT8901,527.18,EUR,deposit
3118,04/04/2026,IT3456,-1365.69,EUR,transfer
3119,18/02/2026,IT8901,1096.09,EUR,transfer
3120,02/02/2026,IT7890,-1063.99,EUR,withdrawal
3121,01/01/1750,IT6789,2232.43,EUR,deposit
3122,26/04/2026,IT6789,-13.46,EUR,transfer
3123,29/05/2026,IT2345,-1336.52,EUR,transfer
3124,,IT7890,-941.3,EUR,withdrawal
3125,05/03/2026,IT1234,1754.56,EUR,deposit
3126,18/03/2026,IT6789,-1255.1,EUR,withdrawal
3127,10/03/2026,IT7890,237.55,EUR,deposit
3128,14/04/2026,IT4567,1163.07,EUR,deposit
3129,28/04/2026,IT6789,3026.59,EUR,deposit
3130,22/05/2026,IT3456,-1498.62,EUR,transfer
3131,28/01/2026,IT2345,-770.24,EUR,withdrawal
3132,13/05/2026,IT4567,1394.26,EUR,deposit
3133,30/03/2026,IT3456,-1021.61,EUR,transfer
3134,17/01/2026,IT2345,-1600.08,EUR,withdrawal
3135,05/03/2026,IT4567,3861.24,EUR,deposit
3136,26/05/2026,IT4567,822.26,EUR,deposit
3137,26/01/2026,IT5678,-314.66,EUR,transfer
3138,21/02/2026,IT4567,-376.07,EUR,transfer
3139,,IT1234,371.78,EUR,transfer
3140,02/05/2026,IT8901,-331.73,EUR,transfer
3141,10/04/2026,IT1234,-908.07,EUR,withdrawal
3142,30/04/2026,IT8901,869.02,EUR,deposit
3143,07/01/2026,IT1234,1103.02,EUR,transfer
3144,28/04/2026,IT4567,4096.13,EUR,deposit
3145,01/04/2026,IT8901,-308.72,EUR,withdrawal
3146,21/05/2026,IT3456,-1898.31,EUR,withdrawal
3147,02/01/2026,IT7890,3302.32,EUR,deposit
3148,19/05/2026,IT2345,-201.64,EUR,transfer
3149,29/03/2026,IT6789,-824.92,EUR,withdrawal
3150,16/05/2026,IT7890,87.12,EUR,deposit
3151,04/01/2026,IT5678,2729.38,EUR,deposit
3152,25/03/2026,IT5678,-637.83,EUR,withdrawal
3153,30/03/2026,IT1234,-1951.32,EUR,withdrawal
3154,25/04/2026,IT2345,-1837.17,EUR,withdrawal
3155,07/02/2026,IT5678,-1299.97,EUR,transfer
3156,28/03/2026,IT2345,1351.43,EUR,transfer
3157,02/02/2026,IT3456,2912.42,EUR,deposit
3158,26/03/2026,IT6789,-1948.81,EUR,withdrawal
3159,,IT2345,-400.12,EUR,transfer
3160,18/04/2026,IT4567,-955.1,EUR,withdrawal
3161,03/02/2026,IT1234,-1437.26,EUR,withdrawal
3162,07/01/2026,IT5678,-350.87,EUR,withdrawal
3163,12/04/2026,IT5678,-952.91,EUR,withdrawal
3164,28/03/2026,IT2345,-1106.17,EUR,withdrawal
3165,07/01/2026,IT6789,614.41,EUR,deposit
3166,21/05/2026,IT3456,1612.11,EUR,deposit
3167,05/05/2026,IT6789,3343.55,EUR,deposit
3168,20/03/2026,IT2345,247.97,EUR,deposit
3169,02/03/2026,IT6789,64.15,EUR,transfer
3170,25/01/2026,IT1234,880.68,EUR,transfer
3171,27/04/2026,IT6789,-51.2,EUR,transfer
3172,09/01/2026,IT8901,1349.3,EUR,deposit
3173,02/01/2026,IT5678,-62.58,EUR,withdrawal
3174,12/04/2026,IT8901,-701.07,EUR,transfer
3175,19/01/2026,IT2345,-1009.69,EUR,transfer
3176,06/03/2026,IT4567,875.63,EUR,transfer
3177,10/04/2026,IT3456,-1942.06,EUR,withdrawal
3178,07/04/2026,IT2345,-256.63,EUR,transfer
3179,25/05/2026,IT2345,1063.05,EUR,transfer
3180,12/02/2026,IT1234,-153.24,EUR,withdrawal
3181,22/03/2026,IT3456,-542.42,EUR,transfer
3182,04/04/2026,IT5678,-1532.21,EUR,withdrawal
3183,25/01/2026,IT8901,1369.19,EUR,transfer
3184,07/01/2026,IT3456,-1562.94,EUR,withdrawal
3185,08/02/2026,IT1234,3569.04,EUR,deposit
3186,,IT6789,1203.36,EUR,transfer
3187,31/01/2026,IT7890,1480.01,EUR,transfer
3188,09/04/2026,IT8901,-1638.24,EUR,withdrawal
3189,26/04/2026,IT5678,1525.16,EUR,deposit
3190,17/01/2026,IT1234,-1734.77,EUR,withdrawal
3191,20/04/2026,IT1234,116.38,EUR,transfer
3192,12/01/2026,IT8901,347.93,EUR,transfer
3193,28/02/2026,IT4567,498.4,EUR,transfer
3194,24/04/2026,IT7890,551.37,EUR,transfer
3195,29/03/2026,IT4567,1636.1,EUR,deposit
3196,09/05/2026,IT1234,-601.68,EUR,withdrawal
3197,19/02/2026,IT6789,2155.52,EUR,deposit
3198,21/02/2026,IT8901,-1174.57,EUR,transfer
3199,02/01/2026,IT5678,4311.22,EUR,deposit
3200,10/04/2026,IT3456,1130.27,EUR,transfer
3201,10/04/2026,IT5678,-937.46,EUR,withdrawal
3202,30/04/2026,IT3456,-1488.42,EUR,withdrawal
3203,19/02/2026,IT7890,1312.19,EUR,transfer
3204,08/05/2026,IT8901,1051.91,EUR,deposit
3205,26/03/2026,IT7890,-405.27,EUR,transfer
3206,27/04/2026,IT5678,23%02))12,EUR,deposit
3207,01/01/2026,IT1234,-64.39,EUR,withdrawal
3208,21/02/2026,IT6789,4410.23,EUR,deposit
3209,16/05/2026,IT3456,-1590.28,EUR,withdrawal
3210,20/04/2026,IT5678,4887.28,EUR,deposit
3211,25/03/2026,IT4567,-708.66,EUR,transfer
3212,26/01/2026,IT1234,771.65,EUR,deposit
3213,08/01/2026,IT2345,2189.95,EUR,deposit
3214,28/01/2026,IT3456,-1772.28,EUR,withdrawal
3215,25/05/2026,IT3456,-907.17,EUR,transfer
3216,21/03/2026,IT6789,-626.5,EUR,withdrawal
3217,28/04/2026,IT1234,3125.86,EUR,deposit
3218,11/02/2026,IT5678,3293.1,EUR,deposit
3219,24/03/2026,IT7890,921.45,EUR,deposit
3220,15/02/2026,IT2345,2408.83,EUR,deposit
3221,08/05/2026,IT3456,-350.45,EUR,transfer
3222,05/05/2026,IT8901,1244.08,EUR,transfer
3223,15/03/2026,IT5678,-1147.59,EUR,withdrawal
3224,15/01/2026,IT2345,-1133.23,EUR,transfer
3225,12/01/2026,IT6789,-834.09,EUR,withdrawal
3226,27/03/2026,IT4567,763.69,EUR,transfer
3227,18/02/2026,IT7890,-1019.98,EUR,transfer
3228,27/05/2026,IT1234,-107.11,EUR,withdrawal
3229,13/05/2026,IT3456,2084.52,EUR,deposit
3230,26/01/2026,IT7890,-553.76,EUR,withdrawal
3231,12/01/2026,IT7890,4973.83,EUR,deposit
3232,11/05/2026,IT3456,80.11,EUR,transfer
3233,01/01/2026,IT2345,3117.04,EUR,deposit
3234,01/02/2026,IT1234,292.22,EUR,transfer
3235,11/01/2026,IT4567,1134.89,EUR,deposit
3236,31/03/2026,IT5678,-1343.29,EUR,withdrawal
3237,28/04/2026,IT1234,637.54,EUR,deposit
3238,10/01/2026,IT5678,59.31,EUR,deposit
3239,03/02/2026,IT6789,-443.48,EUR,withdrawal
3240,11/03/2026,IT6789,-781.29,EUR,withdrawal
3241,25/03/2026,IT4567,177.83,EUR,deposit
3242,06/01/2026,IT3456,4974.18,EUR,deposit
3243,10/01/2026,IT3456,565.0,EUR,transfer
3244,08/01/2026,IT2345,39.06,EUR,transfer
3245,05/01/2026,IT5678,11.91,EUR,transfer
3246,17/05/2026,IT7890,1921.03,EUR,deposit
3247,29/01/2026,IT7890,814.54,EUR,deposit
3248,28/05/2026,IT6789,4115.54,EUR,deposit
3249,19/02/2026,IT3456,1087.24,EUR,deposit
3250,07/01/2026,IT8901,-914.81,EUR,withdrawal
3251,01/04/2026,IT4567,-363.79,EUR,transfer
3252,07/04/2026,IT1234,-67.94,EUR,transfer
3253,05/05/2026,IT7890,-693.04,EUR,withdrawal
3254,30/01/2026,IT5678,-1299.41,EUR,withdrawal
3255,18/05/2026,IT8901,-1254.41,EUR,transfer
3256,01/04/2026,IT6789,-1733.92,EUR,withdrawal
3257,15/05/2026,IT1234,899.14,EUR,deposit
3258,27/02/2026,IT2345,2322.6,EUR,deposit
3259,08/01/2026,IT8901,4567.22,EUR,deposit
3260,08/05/2026,IT6789,2972.5,EUR,deposit
3261,28/01/2026,IT6789,-1100.25,EUR,withdrawal
3262,27/01/2026,IT6789,-981.73,EUR,withdrawal
3263,01/01/1750,IT1234,3670.67,EUR,deposit
3264,14/04/2026,IT3456,-64.07,EUR,withdrawal
3265,10/03/2026,IT3456,601.34,EUR,transfer
3266,24/04/2026,IT2345,-1579.02,EUR,withdrawal
3267,21/04/2026,IT3456,-1608.41,EUR,withdrawal
3268,28/05/2026,IT1234,-1486.72,EUR,transfer
3269,06/02/2026,IT7890,2878.36,EUR,deposit
3270,25/03/2026,IT6789,-1564.23,EUR,withdrawal
3271,08/01/2026,IT4567,-920.25,EUR,withdrawal
3272,23/02/2026,IT7890,-985.38,EUR,transfer
3273,18/04/2026,IT3456,4291.2,EUR,deposit
3274,06/03/2026,IT2345,-1786.65,EUR,withdrawal
3275,08/02/2026,IT6789,-191.43,EUR,transfer
3276,12/04/2026,IT8901,963.47,EUR,transfer
3277,28/04/2026,IT3456,-1083.05,EUR,transfer
3278,06/01/2026,IT5678,-982.06,EUR,withdrawal
3279,15/03/2026,IT2345,-1960.39,EUR,withdrawal
3280,13/02/2026,IT7890,-949.71,EUR,transfer
3281,23/01/2026,IT8901,773.57,EUR,deposit
3282,03/01/2026,IT2345,576.6,EUR,transfer
3283,26/03/2026,IT8901,-1314.39,EUR,withdrawal
3284,24/02/2026,IT6789,-1118.85,EUR,withdrawal
3285,13/05/2026,IT8901,-509.3,EUR,withdrawal
3286,15/05/2026,IT5678,841.68,EUR,transfer
3287,30/04/2026,IT7890,-1347.77,EUR,withdrawal
3288,29/05/2026,IT6789,1933.2,EUR,deposit
3289,25/05/2026,IT4567,-798.63,EUR,transfer
3290,01/02/2026,IT2345,2814.98,EUR,deposit
3291,22/04/2026,IT4567,1492.61,EUR,deposit
3292,10/04/2026,IT4567,2886.98,EUR,deposit
3293,22/01/2026,IT7890,1237.38,EUR,deposit
3294,11/01/2026,IT2345,-1314.44,EUR,withdrawal
3295,25/01/2026,IT1234,-753.53,EUR,transfer
3296,06/02/2026,IT6789,-1806.79,EUR,withdrawal
3297,16/04/2026,IT3456,-326.1,EUR,transfer
3298,09/03/2026,IT6789,1854.26,EUR,deposit
3299,24/02/2026,IT4567,-489.52,EUR,withdrawal
3300,27/04/2026,IT4567,-1710.53,EUR,withdrawal
3301,14/05/2026,IT8901,-1407.0,EUR,transfer
3302,23/05/2026,IT7890,-579.87,EUR,withdrawal
3303,25/02/2026,IT3456,677.52,EUR,transfer
3304,31/01/2026,IT7890,1387.38,EUR,deposit
3305,12/05/2026,IT1234,-172.14,EUR,withdrawal
3306,07/03/2026,IT2345,-1856.95,EUR,withdrawal
3307,01/02/2026,IT8901,-663.26,EUR,withdrawal
3308,07/03/2026,IT4567,4439.09,EUR,deposit
3309,,IT4567,-501.33,EUR,transfer
3310,14/01/2026,IT4567,-1395.95,EUR,transfer
3311,05/04/2026,IT8901,1944.42,EUR,deposit
3312,12/02/2026,IT6789,-1738.24,EUR,withdrawal
3313,16/04/2026,IT4567,1420.58,EUR,deposit
3314,02/05/2026,IT1234,-1230.81,EUR,withdrawal
3315,12/01/2026,IT2345,-1190.6,EUR,transfer
3316,04/05/2026,IT6789,2058.19,EUR,deposit
3317,16/04/2026,IT1234,3647.67,EUR,deposit
3318,11/05/2026,IT1234,-321.94,EUR,transfer
3319,25/02/2026,IT3456,-845.45,EUR,withdrawal
3320,01/03/2026,IT2345,3762.95,EUR,deposit
3321,20/03/2026,IT6789,-1421.59,EUR,withdrawal
3322,22/01/2026,IT3456,1202.37,EUR,deposit
3323,05/01/2026,IT8901,1486.89,EUR,transfer
3324,22/03/2026,IT6789,-105.1,EUR,withdrawal
3325,29/04/2026,IT7890,838.94,EUR,deposit
3326,27/04/2026,IT1234,-716.21,EUR,transfer
3327,09/01/2026,IT7890,79.04,EUR,transfer
3328,04/05/2026,IT2345,-77.04,EUR,withdrawal
3329,13/01/2026,IT8901,-560.77,EUR,withdrawal
3330,30/03/2026,IT6789,2318.0,EUR,deposit
3331,21/04/2026,IT3456,-939.99,EUR,transfer
3332,04/05/2026,IT2345,-576.4,EUR,transfer
3333,07/01/2026,IT2345,1321.59,EUR,transfer
3334,05/01/2026,IT5678,883.6,EUR,deposit
3335,15/04/2026,IT5678,-124.3,EUR,withdrawal
3336,16/05/2026,IT5678,4074.69,EUR,deposit
3337,01/02/2026,IT1234,-409.54,EUR,withdrawal
3338,13/04/2026,IT3456,2387.98,EUR,deposit
3339,31/05/2026,IT7890,-791.06,EUR,withdrawal
3340,06/05/2026,IT1234,-1382.02,EUR,transfer
3341,25/04/2026,IT4567,-880.54,EUR,transfer
3342,10/02/2026,IT5678,-1241.99,EUR,withdrawal
3343,04/05/2026,IT3456,-1423.31,EUR,withdrawal
3344,13/03/2026,IT5678,-1199.58,EUR,withdrawal
3345,17/03/2026,IT5678,-1381.57,EUR,withdrawal
3346,06/04/2026,IT6789,1169.35,EUR,transfer
3347,20/02/2026,IT1234,-1758.66,EUR,withdrawal
3348,16/01/2026,IT8901,-1806.77,EUR,withdrawal
3349,02/04/2026,IT2345,-170.58,EUR,withdrawal
3350,29/04/2026,IT5678,-1945.96,EUR,withdrawal
3351,27/01/2026,IT2345,23%02))12,EUR,transfer
3352,30/04/2026,IT7890,3454.68,EUR,deposit
3353,30/01/2026,IT2345,215.37,EUR,deposit
3354,09/03/2026,IT2345,310.4,EUR,transfer
3355,18/04/2026,IT8901,2536.48,EUR,deposit
3356,09/03/2026,IT8901,1424.84,EUR,deposit
3357,03/02/2026,IT2345,3808.79,EUR,deposit
3358,12/01/2026,IT1234,-167.76,EUR,transfer
3359,22/03/2026,IT3456,-1990.59,EUR,withdrawal
3360,24/03/2026,IT1234,-972.77,EUR,withdrawal
3361,17/03/2026,IT3456,-1944.52,EUR,withdrawal
3362,22/05/2026,IT4567,23%02))12,EUR,withdrawal
3363,06/04/2026,IT7890,-148.94,EUR,withdrawal
3364,28/02/2026,IT5678,1561.85,EUR,deposit
3365,26/04/2026,IT1234,703.91,EUR,deposit
3366,02/05/2026,IT5678,2860.94,EUR,deposit
3367,19/03/2026,IT3456,-1409.64,EUR,withdrawal
3368,07/05/2026,IT2345,1299.39,EUR,deposit
3369,27/03/2026,IT4567,-1312.03,EUR,withdrawal
3370,24/05/2026,IT4567,-1466.74,EUR,withdrawal
3371,21/01/2026,IT2345,-1273.98,EUR,transfer
3372,15/01/2026,IT2345,-1800.27,EUR,withdrawal
3373,01/02/2026,IT8901,4837.96,EUR,deposit
3374,23/04/2026,IT7890,-996.41,EUR,withdrawal
3375,04/03/2026,IT3456,4842.93,EUR,deposit
3376,28/02/2026,IT1234,-1059.19,EUR,withdrawal
3377,15/05/2026,IT4567,-1047.66,EUR,withdrawal
3378,06/04/2026,IT8901,-1361.82,EUR,transfer
3379,07/03/2026,IT4567,4129.53,EUR,deposit
3380,05/05/2026,IT5678,2204.3,EUR,deposit
3381,24/02/2026,IT5678,4278.95,EUR,deposit
3382,05/05/2026,IT5678,-654.63,EUR,transfer
3383,10/05/2026,IT7890,-856.39,EUR,withdrawal
3384,01/02/2026,IT7890,-218.36,EUR,withdrawal
3385,28/01/2026,IT2345,818.69,EUR,deposit
3386,29/05/2026,IT1234,-1399.28,EUR,transfer
3387,27/03/2026,IT1234,2262.32,EUR,deposit
3388,31/05/2026,IT3456,-1489.5,EUR,withdrawal
3389,15/05/2026,IT4567,-1308.62,EUR,transfer
3390,29/05/2026,IT1234,-1423.68,EUR,transfer
3391,25/03/2026,IT5678,-433.96,EUR,transfer
3392,17/01/2026,IT6789,365.37,EUR,transfer
3393,21/01/2026,IT5678,-1292.65,EUR,withdrawal
3394,24/02/2026,IT2345,-1094.26,EUR,transfer
3395,06/05/2026,IT8901,-688.01,EUR,withdrawal
3396,05/03/2026,IT5678,-1858.56,EUR,withdrawal
3397,30/01/2026,IT6789,1176.56,EUR,transfer
3398,22/04/2026,IT6789,-349.18,EUR,withdrawal
3399,28/04/2026,IT8901,-450.48,EUR,withdrawal
3400,11/01/2026,IT2345,264.4,EUR,deposit
3401,13/01/2026,IT2345,495.04,EUR,transfer
3402,14/04/2026,IT8901,-1377.77,EUR,withdrawal
3403,17/05/2026,IT5678,-1210.7,EUR,withdrawal
3404,25/05/2026,IT5678,3130.76,EUR,deposit
3405,25/04/2026,IT3456,-311.75,EUR,withdrawal
3406,01/01/2026,IT4567,4979.56,EUR,deposit
3407,10/03/2026,IT1234,1438.49,EUR,transfer
3408,21/02/2026,IT5678,-1865.31,EUR,withdrawal
3409,17/01/2026,IT3456,3003.47,EUR,deposit
3410,15/01/2026,IT4567,-389.73,EUR,withdrawal
3411,29/01/2026,IT5678,-1443.45,EUR,transfer
3412,16/03/2026,IT3456,4401.69,EUR,deposit
3413,21/04/2026,IT8901,1163.55,EUR,transfer
3414,19/04/2026,IT6789,1973.16,EUR,deposit
3415,26/01/2026,IT8901,-1748.53,EUR,withdrawal
3416,27/05/2026,IT4567,4282.04,EUR,deposit
3417,09/05/2026,IT1234,4305.17,EUR,deposit
3418,20/02/2026,IT1234,-1832.24,EUR,withdrawal
3419,22/05/2026,IT7890,1455.92,EUR,transfer
3420,16/01/2026,IT6789,-1675.77,EUR,withdrawal
3421,30/03/2026,IT1234,-965.69,EUR,withdrawal
3422,30/01/2026,IT3456,-1488.53,EUR,transfer
3423,27/05/2026,IT2345,-950.02,EUR,withdrawal
3424,08/02/2026,IT7890,4241.1,EUR,deposit
3425,11/01/2026,IT4567,-516.48,EUR,withdrawal
3426,04/01/2026,IT5678,1140.68,EUR,transfer
3427,29/05/2026,IT4567,1274.59,EUR,transfer
3428,08/04/2026,IT6789,4876.66,EUR,deposit
3429,22/02/2026,IT4567,-1414.38,EUR,withdrawal
3430,24/05/2026,IT1234,931.21,EUR,transfer
3431,04/04/2026,IT1234,677.63,EUR,deposit
3432,26/04/2026,IT2345,183.34,EUR,transfer
3433,01/01/1750,IT4567,809.87,EUR,deposit
3434,14/05/2026,IT5678,23%02))12,EUR,transfer
3435,16/01/2026,IT2345,-94.95,EUR,withdrawal
3436,01/05/2026,IT4567,-271.41,EUR,transfer
3437,18/02/2026,IT5678,-66.58,EUR,withdrawal
3438,06/03/2026,IT6789,952.61,EUR,transfer
3439,06/01/2026,IT2345,1770.56,EUR,deposit
3440,06/05/2026,IT5678,3391.96,EUR,deposit
3441,15/05/2026,IT8901,1074.18,EUR,transfer
3442,24/03/2026,IT3456,2726.19,EUR,deposit
3443,01/01/1750,IT8901,391.46,EUR,transfer
3444,04/01/2026,IT7890,308.81,EUR,deposit
3445,03/04/2026,IT7890,-770.77,EUR,transfer
3446,04/05/2026,IT3456,1010.79,EUR,transfer
3447,11/05/2026,IT5678,-1061.89,EUR,withdrawal
3448,05/01/2026,IT8901,2716.49,EUR,deposit
3449,14/02/2026,IT3456,-1914.65,EUR,withdrawal
3450,16/02/2026,IT6789,-1067.78,EUR,withdrawal
3451,20/04/2026,IT3456,23%02))12,EUR,withdrawal
3452,21/02/2026,IT4567,-718.33,EUR,withdrawal
3453,15/05/2026,IT7890,4022.07,EUR,deposit
3454,01/02/2026,IT1234,1180.68,EUR,transfer
3455,20/03/2026,IT2345,282.52,EUR,deposit
3456,30/03/2026,IT8901,3584.16,EUR,deposit
3457,30/01/2026,IT7890,4052.35,EUR,deposit
3458,25/04/2026,IT3456,-206.79,EUR,withdrawal
3459,05/03/2026,IT5678,3389.79,EUR,deposit
3460,26/02/2026,IT4567,-1942.08,EUR,withdrawal
3461,11/04/2026,IT1234,-308.21,EUR,withdrawal
3462,24/01/2026,IT3456,-1561.79,EUR,withdrawal
3463,05/04/2026,IT6789,872.23,EUR,transfer
3464,,IT6789,2984.46,EUR,deposit
3465,25/03/2026,IT5678,-377.81,EUR,withdrawal
3466,15/04/2026,IT8901,1244.94,EUR,transfer
3467,28/01/2026,IT8901,-1300.05,EUR,transfer
3468,07/04/2026,IT7890,-444.59,EUR,withdrawal
3469,29/01/2026,IT6789,-49.77,EUR,withdrawal
3470,27/02/2026,IT5678,23%02))12,EUR,transfer
3471,20/03/2026,IT7890,-517.03,EUR,withdrawal
3472,01/04/2026,IT8901,1748.47,EUR,deposit
3473,26/05/2026,IT1234,3952.74,EUR,deposit
3474,15/04/2026,IT8901,1617.95,EUR,deposit
3475,04/02/2026,IT8901,3939.15,EUR,deposit
3476,24/03/2026,IT5678,-103.43,EUR,transfer
3477,05/02/2026,IT8901,-1220.44,EUR,transfer
3478,22/03/2026,IT5678,256.94,EUR,deposit
3479,12/03/2026,IT4567,629.85,EUR,deposit
3480,16/03/2026,IT6789,678.63,EUR,deposit
3481,24/01/2026,IT1234,-1270.73,EUR,transfer
3482,19/04/2026,IT7890,3316.67,EUR,deposit
3483,16/01/2026,IT1234,4862.36,EUR,deposit
3484,04/02/2026,IT1234,89.45,EUR,transfer
3485,03/04/2026,IT7890,-1215.34,EUR,withdrawal
3486,04/04/2026,IT1234,-1318.58,EUR,withdrawal
3487,23/04/2026,IT7890,2098.78,EUR,deposit
3488,22/02/2026,IT5678,-1125.65,EUR,withdrawal
3489,08/05/2026,IT6789,-1142.23,EUR,withdrawal
3490,25/02/2026,IT6789,-1444.64,EUR,transfer
3491,01/01/2026,IT8901,-441.71,EUR,withdrawal
3492,21/05/2026,IT6789,-839.47,EUR,transfer
3493,10/05/2026,IT4567,-1105.61,EUR,transfer
3494,17/01/2026,IT8901,2519.32,EUR,deposit
3495,29/01/2026,IT6789,-131.7,EUR,withdrawal
3496,27/02/2026,IT5678,-1076.92,EUR,withdrawal
3497,08/02/2026,IT5678,967.66,EUR,deposit
3498,06/04/2026,IT7890,-1378.3,EUR,withdrawal
3499,14/03/2026,IT6789,59.7,EUR,transfer
3500,01/04/2026,IT8901,511.47,EUR,deposit
3501,03/02/2026,IT7890,-1223.74,EUR,withdrawal
3502,07/03/2026,IT1234,-1365.18,EUR,withdrawal
3503,17/04/2026,IT2345,-1204.28,EUR,withdrawal
3504,05/02/2026,IT5678,-1237.18,EUR,withdrawal
3505,04/02/2026,IT5678,1394.83,EUR,deposit
3506,13/01/2026,IT6789,3257.16,EUR,deposit
3507,10/03/2026,IT8901,3307.02,EUR,deposit
3508,03/02/2026,IT4567,-66.58,EUR,withdrawal
3509,22/04/2026,IT5678,-1183.82,EUR,withdrawal
3510,16/01/2026,IT6789,1353.24,EUR,transfer
3511,14/02/2026,IT7890,-210.39,EUR,transfer
3512,03/03/2026,IT5678,-1606.94,EUR,withdrawal
3513,04/03/2026,IT8901,827.56,EUR,transfer
3514,11/02/2026,IT1234,-135.28,EUR,withdrawal
3515,19/01/2026,IT3456,1151.41,EUR,transfer
3516,26/05/2026,IT7890,1165.78,EUR,transfer
3517,07/01/2026,IT1234,-1040.22,EUR,withdrawal
3518,18/01/2026,IT8901,123.9,EUR,deposit
3519,03/02/2026,IT8901,1110.63,EUR,deposit
3520,10/02/2026,IT3456,793.61,EUR,deposit
3521,24/05/2026,IT2345,4059.19,EUR,deposit
3522,14/03/2026,IT6789,8.43,EUR,transfer
3523,25/02/2026,IT2345,-464.63,EUR,withdrawal
3524,24/02/2026,IT4567,1051.45,EUR,transfer
3525,16/02/2026,IT8901,-97.94,EUR,transfer
3526,25/02/2026,IT2345,23%02))12,EUR,withdrawal
3527,16/05/2026,IT8901,2710.77,EUR,deposit
3528,10/03/2026,IT6789,839.44,EUR,transfer
3529,01/01/2026,IT2345,-1113.52,EUR,transfer
3530,19/02/2026,IT8901,23%02))12,EUR,deposit
3531,08/01/2026,IT2345,2729.57,EUR,deposit
3532,,IT1234,-186.38,EUR,withdrawal
3533,06/02/2026,IT6789,-759.0,EUR,withdrawal
3534,03/04/2026,IT8901,4313.29,EUR,deposit
3535,08/04/2026,IT3456,-520.9,EUR,withdrawal
3536,25/03/2026,IT4567,-366.78,EUR,withdrawal
3537,05/05/2026,IT3456,4760.62,EUR,deposit
3538,15/05/2026,IT5678,-441.47,EUR,transfer
3539,18/05/2026,IT1234,-194.74,EUR,transfer
3540,27/01/2026,IT3456,-792.7,EUR,withdrawal
3541,28/01/2026,IT6789,-84.71,EUR,withdrawal
3542,03/02/2026,IT7890,767.32,EUR,transfer
3543,07/02/2026,IT4567,-73.88,EUR,withdrawal
3544,04/05/2026,IT2345,778.52,EUR,deposit
3545,29/03/2026,IT7890,994.45,EUR,transfer
3546,06/01/2026,IT8901,4574.07,EUR,deposit
3547,01/01/2026,IT8901,1168.65,EUR,deposit
3548,05/04/2026,IT3456,324.2,EUR,transfer
3549,05/02/2026,IT7890,419.45,EUR,transfer
3550,01/01/2026,IT2345,-1363.34,EUR,transfer
3551,12/04/2026,IT5678,-653.76,EUR,withdrawal
3552,23/01/2026,IT4567,2098.78,EUR,deposit
3553,18/04/2026,IT7890,-1302.8,EUR,transfer
3554,18/03/2026,IT1234,-780.65,EUR,withdrawal
3555,04/04/2026,IT6789,1660.77,EUR,deposit
3556,30/04/2026,IT4567,1255.09,EUR,transfer
3557,18/02/2026,IT2345,-671.38,EUR,transfer
3558,28/01/2026,IT7890,-242.66,EUR,withdrawal
3559,18/05/2026,IT6789,-1040.15,EUR,transfer
3560,17/01/2026,IT2345,3838.23,EUR,deposit
3561,24/01/2026,IT3456,1497.1,EUR,transfer
3562,23/03/2026,IT1234,4129.34,EUR,deposit
3563,26/04/2026,IT5678,2451.82,EUR,deposit
3564,21/01/2026,IT8901,-115.03,EUR,withdrawal
3565,27/02/2026,IT4567,4406.29,EUR,deposit
3566,12/04/2026,IT4567,-670.88,EUR,transfer
3567,03/02/2026,IT7890,-1529.04,EUR,withdrawal
3568,16/03/2026,IT6789,-1185.5,EUR,withdrawal
3569,16/01/2026,IT3456,2214.72,EUR,deposit
3570,23/05/2026,IT2345,1300.87,EUR,transfer
3571,26/04/2026,IT8901,1148.21,EUR,transfer
3572,23/04/2026,IT7890,3660.21,EUR,deposit
3573,,IT3456,-1279.92,EUR,withdrawal
3574,27/03/2026,IT4567,2239.25,EUR,deposit
3575,05/05/2026,IT8901,1560.14,EUR,deposit
3576,12/05/2026,IT2345,-1731.61,EUR,withdrawal
3577,23/04/2026,IT3456,-656.44,EUR,transfer
3578,12/03/2026,IT2345,1239.64,EUR,transfer
3579,19/01/2026,IT5678,4184.85,EUR,deposit
3580,15/03/2026,IT2345,1091.85,EUR,transfer
3581,25/05/2026,IT7890,-92.93,EUR,transfer
3582,06/03/2026,IT6789,-1226.62,EUR,withdrawal
3583,20/03/2026,IT4567,238.95,EUR,transfer
3584,30/05/2026,IT7890,3593.23,EUR,deposit
3585,08/04/2026,IT5678,-846.06,EUR,transfer
3586,13/04/2026,IT6789,2708.36,EUR,deposit
3587,07/02/2026,IT5678,611.84,EUR,deposit
3588,28/02/2026,IT2345,4579.95,EUR,deposit
3589,21/02/2026,IT1234,-3.23,EUR,transfer
3590,16/02/2026,IT8901,-1303.4,EUR,withdrawal
3591,09/04/2026,IT8901,-1300.26,EUR,transfer
3592,15/03/2026,IT5678,-524.95,EUR,withdrawal
3593,14/03/2026,IT8901,4233.93,EUR,deposit
3594,30/04/2026,IT3456,1216.95,EUR,transfer
3595,19/05/2026,IT2345,-1684.18,EUR,withdrawal
3596,23/03/2026,IT1234,1458.46,EUR,transfer
3597,,IT5678,-511.46,EUR,withdrawal
3598,27/02/2026,IT8901,-656.04,EUR,withdrawal
3599,13/02/2026,IT8901,23%02))12,EUR,transfer
3600,27/02/2026,IT6789,856.36,EUR,deposit
3601,21/05/2026,IT7890,-1833.19,EUR,withdrawal
3602,24/02/2026,IT7890,-601.95,EUR,withdrawal
3603,03/01/2026,IT6789,3355.98,EUR,deposit
3604,06/03/2026,IT7890,-4.35,EUR,transfer
3605,24/05/2026,IT4567,135.44,EUR,transfer
3606,06/05/2026,IT2345,-1436.73,EUR,withdrawal
3607,24/04/2026,IT2345,3910.32,EUR,deposit
3608,17/05/2026,IT8901,-697.25,EUR,transfer
3609,28/01/2026,IT8901,2327.97,EUR,deposit
3610,20/04/2026,IT7890,-1097.06,EUR,transfer
3611,19/04/2026,IT5678,-1102.84,EUR,withdrawal
3612,27/02/2026,IT7890,3475.97,EUR,deposit
3613,07/05/2026,IT7890,-814.66,EUR,withdrawal
3614,02/05/2026,IT5678,-728.32,EUR,withdrawal
3615,10/04/2026,IT6789,-1843.13,EUR,withdrawal
3616,23/05/2026,IT1234,215.35,EUR,deposit
3617,06/02/2026,IT7890,-1192.45,EUR,transfer
3618,20/01/2026,IT3456,-1633.82,EUR,withdrawal
3619,03/03/2026,IT5678,1242.78,EUR,transfer
3620,01/05/2026,IT1234,3362.49,EUR,deposit
3621,28/04/2026,IT6789,1876.84,EUR,deposit
3622,22/05/2026,IT3456,-579.03,EUR,withdrawal
3623,26/04/2026,IT6789,470.11,EUR,deposit
3624,19/04/2026,IT2345,-809.85,EUR,transfer
3625,05/03/2026,IT3456,-557.76,EUR,withdrawal
3626,29/04/2026,IT6789,520.12,EUR,transfer
3627,15/01/2026,IT2345,441.1,EUR,transfer
3628,08/01/2026,IT4567,-926.71,EUR,withdrawal
3629,20/03/2026,IT4567,668.09,EUR,transfer
3630,17/01/2026,IT8901,1101.76,EUR,deposit
3631,02/04/2026,IT2345,-4.93,EUR,transfer
3632,,IT5678,-219.68,EUR,withdrawal
3633,11/03/2026,IT5678,4981.45,EUR,deposit
3634,04/04/2026,IT8901,-839.56,EUR,transfer
3635,23/01/2026,IT3456,-486.76,EUR,withdrawal
3636,22/01/2026,IT2345,-793.76,EUR,withdrawal
3637,20/04/2026,IT3456,618.56,EUR,transfer
3638,23/05/2026,IT5678,611.26,EUR,transfer
3639,04/04/2026,IT5678,-809.1,EUR,transfer
3640,11/05/2026,IT1234,-410.96,EUR,withdrawal
3641,22/01/2026,IT2345,-359.68,EUR,withdrawal
3642,06/03/2026,IT6789,-680.22,EUR,withdrawal
3643,04/01/2026,IT6789,4288.73,EUR,deposit
3644,11/03/2026,IT4567,-307.13,EUR,withdrawal
3645,20/03/2026,IT6789,768.65,EUR,transfer
3646,03/05/2026,IT6789,-1960.18,EUR,withdrawal
3647,28/01/2026,IT4567,2171.05,EUR,deposit
3648,29/04/2026,IT6789,3237.12,EUR,deposit
3649,25/04/2026,IT7890,452.75,EUR,transfer
3650,25/05/2026,IT6789,1472.41,EUR,deposit
3651,18/01/2026,IT5678,861.6,EUR,transfer
3652,03/05/2026,IT6789,-1617.64,EUR,withdrawal
3653,02/04/2026,IT5678,-489.94,EUR,transfer
3654,06/03/2026,IT3456,4388.26,EUR,deposit
3655,31/03/2026,IT3456,-976.39,EUR,withdrawal
3656,25/05/2026,IT4567,-1408.32,EUR,transfer
3657,19/04/2026,IT1234,-904.04,EUR,withdrawal
3658,03/05/2026,IT5678,-792.32,EUR,withdrawal
3659,15/03/2026,IT4567,1356.31,EUR,transfer
3660,11/03/2026,IT8901,-1407.09,EUR,withdrawal
3661,30/05/2026,IT1234,-308.18,EUR,withdrawal
3662,,IT7890,-1303.16,EUR,withdrawal
3663,19/03/2026,IT2345,986.02,EUR,transfer
3664,03/04/2026,IT7890,-1194.21,EUR,withdrawal
3665,17/02/2026,IT4567,4059.39,EUR,deposit
3666,14/02/2026,IT4567,-992.37,EUR,withdrawal
3667,26/01/2026,IT6789,566.88,EUR,transfer
3668,10/02/2026,IT3456,-1382.6,EUR,withdrawal
3669,14/01/2026,IT7890,4393.1,EUR,deposit
3670,30/01/2026,IT5678,23%02))12,EUR,withdrawal
3671,30/05/2026,IT4567,4130.9,EUR,deposit
3672,23/01/2026,IT8901,3934.4,EUR,deposit
3673,07/01/2026,IT3456,775.01,EUR,deposit
3674,16/03/2026,IT1234,1497.0,EUR,transfer
3675,25/03/2026,IT1234,394.69,EUR,deposit
3676,21/05/2026,IT5678,-427.99,EUR,transfer
3677,11/03/2026,IT4567,-488.55,EUR,withdrawal
3678,31/03/2026,IT8901,-583.62,EUR,withdrawal
3679,04/03/2026,IT1234,-1460.92,EUR,transfer
3680,31/05/2026,IT1234,1215.19,EUR,transfer
3681,30/05/2026,IT2345,-1403.67,EUR,withdrawal
3682,14/05/2026,IT8901,1006.67,EUR,transfer
3683,30/05/2026,IT1234,1777.64,EUR,deposit
3684,22/04/2026,IT2345,-537.43,EUR,withdrawal
3685,21/01/2026,IT2345,3381.15,EUR,deposit
3686,14/05/2026,IT1234,-610.0,EUR,transfer
3687,03/02/2026,IT6789,-1853.28,EUR,withdrawal
3688,19/05/2026,IT7890,-772.84,EUR,withdrawal
3689,14/03/2026,IT7890,4193.44,EUR,deposit
3690,08/03/2026,IT6789,68.66,EUR,transfer
3691,11/03/2026,IT8901,-1438.96,EUR,withdrawal
3692,24/05/2026,IT2345,3989.28,EUR,deposit
3693,16/02/2026,IT5678,707.64,EUR,transfer
3694,23/03/2026,IT6789,-454.76,EUR,withdrawal
3695,19/02/2026,IT2345,359.76,EUR,deposit
3696,15/05/2026,IT1234,-1284.16,EUR,withdrawal
3697,08/05/2026,IT6789,-742.82,EUR,withdrawal
3698,26/02/2026,IT5678,-1432.37,EUR,transfer
3699,13/04/2026,IT5678,4525.12,EUR,deposit
3700,24/02/2026,IT4567,-1932.45,EUR,withdrawal
3701,01/01/2026,IT3456,1065.51,EUR,transfer
3702,10/01/2026,IT5678,-689.7,EUR,transfer
3703,07/04/2026,IT1234,319.93,EUR,deposit
3704,22/04/2026,IT8901,3953.14,EUR,deposit
3705,15/04/2026,IT8901,-1297.12,EUR,transfer
3706,22/03/2026,IT2345,310.3,EUR,transfer
3707,09/03/2026,IT7890,4050.74,EUR,deposit
3708,30/03/2026,IT6789,263.91,EUR,deposit
3709,11/05/2026,IT8901,-575.09,EUR,withdrawal
3710,07/05/2026,IT4567,645.85,EUR,transfer
3711,01/04/2026,IT6789,-372.87,EUR,transfer
3712,27/05/2026,IT8901,4565.33,EUR,deposit
3713,17/04/2026,IT4567,189.14,EUR,deposit
3714,14/05/2026,IT5678,-1627.03,EUR,withdrawal
3715,04/03/2026,IT6789,-983.5,EUR,transfer
3716,19/01/2026,IT4567,-96.29,EUR,withdrawal
3717,12/03/2026,IT1234,-1455.87,EUR,transfer
3718,06/05/2026,IT5678,4463.22,EUR,deposit
3719,01/02/2026,IT7890,-666.73,EUR,withdrawal
3720,18/03/2026,IT4567,-1875.64,EUR,withdrawal
3721,12/05/2026,IT1234,1111.78,EUR,transfer
3722,30/04/2026,IT5678,-291.65,EUR,withdrawal
3723,13/05/2026,IT5678,-1324.99,EUR,transfer
3724,16/02/2026,IT2345,-773.21,EUR,transfer
3725,10/05/2026,IT5678,755.22,EUR,deposit
3726,31/05/2026,IT4567,-205.75,EUR,transfer
3727,21/01/2026,IT8901,4722.76,EUR,deposit
3728,24/02/2026,IT3456,-439.1,EUR,withdrawal
3729,05/03/2026,IT3456,-598.45,EUR,withdrawal
3730,17/01/2026,IT7890,-358.23,EUR,withdrawal
3731,07/03/2026,IT7890,779.44,EUR,transfer
3732,24/03/2026,IT3456,23%02))12,EUR,withdrawal
3733,,IT3456,1088.47,EUR,transfer
3734,17/05/2026,IT7890,-1308.16,EUR,transfer
3735,24/04/2026,IT1234,-441.57,EUR,transfer
3736,11/05/2026,IT5678,-1865.0,EUR,withdrawal
3737,16/04/2026,IT2345,650.03,EUR,deposit
3738,29/01/2026,IT8901,-1307.76,EUR,transfer
3739,18/02/2026,IT8901,-800.46,EUR,transfer
3740,18/03/2026,IT7890,-1793.18,EUR,withdrawal
3741,27/01/2026,IT3456,-1098.17,EUR,transfer
3742,13/05/2026,IT5678,1903.62,EUR,deposit
3743,27/01/2026,IT3456,-962.53,EUR,transfer
3744,30/03/2026,IT4567,4057.25,EUR,deposit
3745,18/02/2026,IT2345,1837.76,EUR,deposit
3746,16/02/2026,IT3456,403.03,EUR,deposit
3747,06/04/2026,IT7890,-1064.85,EUR,withdrawal
3748,19/05/2026,IT6789,-1556.09,EUR,withdrawal
3749,20/02/2026,IT5678,466.18,EUR,transfer
3750,06/01/2026,IT3456,3915.53,EUR,deposit
3751,21/04/2026,IT7890,1193.92,EUR,deposit
3752,23/02/2026,IT5678,-1638.52,EUR,withdrawal
3753,25/01/2026,IT8901,-665.59,EUR,withdrawal
3754,26/02/2026,IT1234,232.93,EUR,transfer
3755,16/04/2026,IT3456,2938.5,EUR,deposit
3756,08/03/2026,IT8901,-1116.06,EUR,transfer
3757,01/01/1750,IT1234,4357.29,EUR,deposit
3758,19/04/2026,IT4567,-877.15,EUR,withdrawal
3759,14/01/2026,IT4567,-1337.21,EUR,transfer
3760,01/03/2026,IT3456,646.4,EUR,deposit
3761,21/04/2026,IT3456,-1660.19,EUR,withdrawal
3762,25/01/2026,IT1234,-873.65,EUR,transfer
3763,01/05/2026,IT3456,1706.28,EUR,deposit
3764,07/03/2026,IT3456,-794.08,EUR,withdrawal
3765,19/01/2026,IT4567,175.92,EUR,transfer
3766,28/01/2026,IT3456,23%02))12,EUR,transfer
3767,18/02/2026,IT8901,1371.2,EUR,transfer
3768,13/05/2026,IT3456,-1667.7,EUR,withdrawal
3769,15/01/2026,IT3456,-301.43,EUR,withdrawal
3770,12/04/2026,IT3456,-430.96,EUR,withdrawal
3771,20/05/2026,IT1234,2013.57,EUR,deposit
3772,01/05/2026,IT7890,3538.39,EUR,deposit
3773,10/01/2026,IT5678,1349.01,EUR,transfer
3774,10/03/2026,IT7890,-350.48,EUR,transfer
3775,15/02/2026,IT4567,334.05,EUR,transfer
3776,30/03/2026,IT7890,410.71,EUR,deposit
3777,11/05/2026,IT5678,-1095.95,EUR,withdrawal
3778,28/03/2026,IT4567,-495.8,EUR,transfer
3779,27/01/2026,IT4567,-1895.59,EUR,withdrawal
3780,13/05/2026,IT4567,-1483.02,EUR,transfer
3781,24/03/2026,IT4567,511.38,EUR,deposit
3782,12/02/2026,IT5678,-515.13,EUR,withdrawal
3783,17/01/2026,IT6789,1274.43,EUR,deposit
3784,21/05/2026,IT6789,170.3,EUR,transfer
3785,06/02/2026,IT5678,-677.37,EUR,transfer
3786,12/02/2026,IT3456,567.62,EUR,transfer
3787,29/03/2026,IT4567,-255.96,EUR,transfer
3788,12/04/2026,IT8901,-1400.73,EUR,transfer
3789,31/03/2026,IT8901,-945.29,EUR,withdrawal
3790,12/04/2026,IT3456,-234.33,EUR,withdrawal
3791,08/01/2026,IT7890,-107.63,EUR,transfer
3792,13/01/2026,IT2345,1523.86,EUR,deposit
3793,23/04/2026,IT8901,-789.6,EUR,withdrawal
3794,08/04/2026,IT6789,-1045.53,EUR,withdrawal
3795,11/04/2026,IT6789,3612.76,EUR,deposit
3796,27/01/2026,IT2345,-1183.09,EUR,transfer
3797,13/02/2026,IT2345,-1298.56,EUR,transfer
3798,31/03/2026,IT7890,4809.64,EUR,deposit
3799,21/04/2026,IT5678,-548.38,EUR,withdrawal
3800,12/05/2026,IT7890,-543.98,EUR,transfer
3801,28/03/2026,IT3456,-849.42,EUR,withdrawal
3802,20/01/2026,IT3456,4700.09,EUR,deposit
3803,27/02/2026,IT5678,-1414.02,EUR,transfer
3804,10/05/2026,IT8901,-670.72,EUR,withdrawal
3805,11/03/2026,IT7890,3445.71,EUR,deposit
3806,14/01/2026,IT3456,1117.74,EUR,transfer
3807,04/05/2026,IT6789,122.9,EUR,transfer
3808,06/04/2026,IT3456,-665.93,EUR,transfer
3809,21/05/2026,IT5678,836.68,EUR,transfer
3810,28/04/2026,IT5678,-269.9,EUR,withdrawal
3811,14/03/2026,IT7890,-1492.27,EUR,transfer
3812,02/05/2026,IT7890,-526.18,EUR,transfer
3813,08/04/2026,IT5678,-676.94,EUR,withdrawal
3814,19/01/2026,IT2345,4075.17,EUR,deposit
3815,28/05/2026,IT2345,3185.33,EUR,deposit
3816,18/03/2026,IT4567,-41.54,EUR,transfer
3817,20/02/2026,IT4567,1024.78,EUR,deposit
3818,23/04/2026,IT4567,-1658.02,EUR,withdrawal
3819,28/04/2026,IT8901,1010.79,EUR,deposit
3820,15/05/2026,IT2345,-1236.68,EUR,transfer
3821,15/03/2026,IT2345,4404.47,EUR,deposit
3822,28/02/2026,IT7890,-1423.78,EUR,transfer
3823,03/04/2026,IT7890,1200.18,EUR,transfer
3824,28/03/2026,IT6789,-1803.19,EUR,withdrawal
3825,20/04/2026,IT4567,-1734.93,EUR,withdrawal
3826,25/01/2026,IT6789,23%02))12,EUR,withdrawal
3827,27/05/2026,IT7890,2036.33,EUR,deposit
3828,23/04/2026,IT3456,-435.24,EUR,withdrawal
3829,29/05/2026,IT7890,2223.49,EUR,deposit
3830,12/01/2026,IT4567,1513.82,EUR,deposit
3831,10/04/2026,IT2345,944.22,EUR,transfer
3832,24/03/2026,IT7890,1387.96,EUR,deposit
3833,17/03/2026,IT3456,1300.37,EUR,deposit
3834,06/03/2026,IT2345,-341.1,EUR,transfer
3835,16/05/2026,IT2345,643.8,EUR,transfer
3836,24/02/2026,IT6789,-799.64,EUR,transfer
3837,21/02/2026,IT3456,-1692.6,EUR,withdrawal
3838,02/01/2026,IT1234,-1484.6,EUR,withdrawal
3839,02/04/2026,IT5678,1510.24,EUR,deposit
3840,09/01/2026,IT7890,303.85,EUR,transfer
3841,10/02/2026,IT7890,-925.24,EUR,transfer
3842,24/03/2026,IT7890,-1671.94,EUR,withdrawal
3843,08/05/2026,IT1234,1331.31,EUR,deposit
3844,22/05/2026,IT1234,-993.02,EUR,withdrawal
3845,05/01/2026,IT3456,-23.36,EUR,transfer
3846,12/01/2026,IT7890,912.85,EUR,deposit
3847,12/05/2026,IT5678,4049.09,EUR,deposit
3848,03/03/2026,IT4567,-334.94,EUR,transfer
3849,28/02/2026,IT4567,-278.41,EUR,withdrawal
3850,23/05/2026,IT1234,-521.09,EUR,withdrawal
3851,13/04/2026,IT2345,460.53,EUR,transfer
3852,09/02/2026,IT8901,-493.64,EUR,withdrawal
3853,03/03/2026,IT1234,2497.25,EUR,deposit
3854,24/03/2026,IT7890,-409.99,EUR,transfer
3855,30/05/2026,IT3456,1140.94,EUR,deposit
3856,22/05/2026,IT1234,2704.95,EUR,deposit
3857,11/04/2026,IT3456,-836.8,EUR,transfer
3858,19/03/2026,IT5678,129.67,EUR,deposit
3859,09/05/2026,IT8901,-1320.26,EUR,withdrawal
3860,22/02/2026,IT4567,1110.85,EUR,deposit
3861,17/02/2026,IT1234,761.4,EUR,transfer
3862,05/03/2026,IT8901,-1312.15,EUR,withdrawal
3863,05/01/2026,IT3456,1154.99,EUR,deposit
3864,28/03/2026,IT6789,2286.41,EUR,deposit
3865,22/03/2026,IT6789,-465.4,EUR,withdrawal
3866,02/04/2026,IT7890,-298.91,EUR,withdrawal
3867,31/03/2026,IT7890,627.75,EUR,deposit
3868,15/03/2026,IT5678,-1815.44,EUR,withdrawal
3869,19/03/2026,IT4567,-613.87,EUR,withdrawal
3870,22/01/2026,IT4567,-564.26,EUR,transfer
3871,04/03/2026,IT7890,2905.54,EUR,deposit
3872,29/01/2026,IT1234,-1086.02,EUR,withdrawal
3873,06/01/2026,IT8901,-1629.55,EUR,withdrawal
3874,14/03/2026,IT5678,-622.44,EUR,transfer
3875,19/02/2026,IT4567,-1299.51,EUR,withdrawal
3876,13/04/2026,IT3456,801.3,EUR,transfer
3877,08/03/2026,IT3456,4192.22,EUR,deposit
3878,,IT8901,-1824.24,EUR,withdrawal
3879,27/01/2026,IT5678,845.12,EUR,deposit
3880,25/01/2026,IT3456,1421.72,EUR,transfer
3881,02/02/2026,IT4567,-1472.4,EUR,withdrawal
3882,12/04/2026,IT6789,97.68,EUR,transfer
3883,21/05/2026,IT7890,598.27,EUR,deposit
3884,29/01/2026,IT1234,-321.49,EUR,withdrawal
3885,08/02/2026,IT5678,-443.06,EUR,withdrawal
3886,06/04/2026,IT4567,2465.22,EUR,deposit
3887,14/05/2026,IT5678,4471.53,EUR,deposit
3888,18/05/2026,IT6789,2507.85,EUR,deposit
3889,21/03/2026,IT1234,-1338.17,EUR,withdrawal
3890,09/03/2026,IT2345,-739.49,EUR,withdrawal
3891,30/05/2026,IT1234,-427.15,EUR,withdrawal
3892,27/03/2026,IT7890,-123.82,EUR,transfer
3893,20/01/2026,IT7890,359.1,EUR,deposit
3894,27/05/2026,IT5678,-320.5,EUR,withdrawal
3895,01/04/2026,IT1234,2110.17,EUR,deposit
3896,20/02/2026,IT1234,1333.29,EUR,transfer
3897,20/05/2026,IT5678,324.36,EUR,transfer
3898,13/03/2026,IT7890,413.27,EUR,transfer
3899,19/04/2026,IT3456,-48.31,EUR,transfer
3900,12/02/2026,IT7890,1391.99,EUR,deposit
3901,12/04/2026,IT4567,-611.06,EUR,withdrawal
3902,14/02/2026,IT7890,3079.4,EUR,deposit
3903,26/05/2026,IT8901,244.81,EUR,transfer
3904,22/04/2026,IT2345,-254.59,EUR,withdrawal
3905,25/02/2026,IT8901,1001.29,EUR,transfer
3906,05/01/2026,IT6789,276.61,EUR,transfer
3907,26/04/2026,IT6789,4326.0,EUR,deposit
3908,14/03/2026,IT4567,-261.01,EUR,withdrawal
3909,10/02/2026,IT1234,718.33,EUR,transfer
3910,09/04/2026,IT4567,-31.55,EUR,transfer
3911,10/01/2026,IT1234,1124.7,EUR,transfer
3912,07/01/2026,IT7890,1387.72,EUR,transfer
3913,23/05/2026,IT4567,-728.84,EUR,withdrawal
3914,,IT5678,-247.89,EUR,transfer
3915,04/05/2026,IT1234,7.07,EUR,transfer
3916,02/01/2026,IT7890,1800.28,EUR,deposit
3917,,IT8901,1154.04,EUR,deposit
3918,26/02/2026,IT8901,4236.01,EUR,deposit
3919,03/02/2026,IT5678,531.63,EUR,deposit
3920,02/02/2026,IT5678,-1504.9,EUR,withdrawal
3921,08/05/2026,IT3456,3859.45,EUR,deposit
3922,07/01/2026,IT4567,-1606.26,EUR,withdrawal
3923,10/03/2026,IT5678,796.46,EUR,deposit
3924,20/04/2026,IT8901,95.91,EUR,transfer
3925,11/05/2026,IT7890,-1759.44,EUR,withdrawal
3926,01/01/2026,IT7890,1017.64,EUR,transfer
3927,17/04/2026,IT2345,-885.24,EUR,transfer
3928,07/03/2026,IT3456,120.55,EUR,deposit
3929,21/04/2026,IT6789,4273.93,EUR,deposit
3930,26/02/2026,IT5678,701.79,EUR,deposit
3931,30/01/2026,IT4567,174.74,EUR,deposit
3932,03/01/2026,IT5678,-447.79,EUR,withdrawal
3933,09/05/2026,IT8901,-389.1,EUR,withdrawal
3934,14/02/2026,IT4567,2979.3,EUR,deposit
3935,21/05/2026,IT8901,3643.57,EUR,deposit
3936,25/01/2026,IT8901,-391.89,EUR,transfer
3937,18/05/2026,IT8901,-1787.75,EUR,withdrawal
3938,25/02/2026,IT1234,-893.27,EUR,transfer
3939,20/03/2026,IT2345,-1393.68,EUR,transfer
3940,10/03/2026,IT2345,-820.59,EUR,transfer
3941,07/01/2026,IT8901,-866.63,EUR,transfer
3942,17/03/2026,IT6789,-927.48,EUR,transfer
3943,30/05/2026,IT3456,-1169.95,EUR,withdrawal
3944,19/04/2026,IT6789,826.31,EUR,transfer
3945,19/05/2026,IT5678,-1057.13,EUR,withdrawal
3946,05/05/2026,IT4567,1151.69,EUR,transfer
3947,31/05/2026,IT1234,1801.11,EUR,deposit
3948,08/03/2026,IT8901,2433.65,EUR,deposit
3949,18/01/2026,IT4567,3658.25,EUR,deposit
3950,24/04/2026,IT4567,3876.72,EUR,deposit
3951,04/04/2026,IT7890,-1244.3,EUR,withdrawal
3952,23/04/2026,IT8901,1514.75,EUR,deposit
3953,29/05/2026,IT4567,-1146.28,EUR,transfer
3954,19/05/2026,IT6789,-1866.82,EUR,withdrawal
3955,31/03/2026,IT8901,919.65,EUR,transfer
3956,28/01/2026,IT7890,956.7,EUR,transfer
3957,07/03/2026,IT7890,1886.19,EUR,deposit
3958,20/02/2026,IT7890,-1608.96,EUR,withdrawal
3959,24/02/2026,IT1234,3926.24,EUR,deposit
3960,22/05/2026,IT5678,1047.79,EUR,deposit
3961,25/04/2026,IT5678,2072.72,EUR,deposit
3962,13/04/2026,IT6789,-1235.12,EUR,transfer
3963,14/05/2026,IT1234,-867.32,EUR,withdrawal
3964,12/03/2026,IT6789,-1151.46,EUR,withdrawal
3965,04/01/2026,IT1234,-89.68,EUR,withdrawal
3966,03/02/2026,IT4567,3983.19,EUR,deposit
3967,04/01/2026,IT1234,4265.06,EUR,deposit
3968,13/02/2026,IT1234,388.6,EUR,transfer
3969,18/01/2026,IT2345,4600.64,EUR,deposit
3970,03/01/2026,IT3456,-1631.79,EUR,withdrawal
3971,03/04/2026,IT1234,3046.26,EUR,deposit
3972,22/03/2026,IT8901,-160.76,EUR,withdrawal
3973,29/04/2026,IT6789,-828.77,EUR,withdrawal
3974,21/04/2026,IT6789,2939.34,EUR,deposit
3975,14/05/2026,IT6789,2709.91,EUR,deposit
3976,15/04/2026,IT7890,1182.15,EUR,transfer
3977,03/01/2026,IT8901,-680.36,EUR,transfer
3978,28/01/2026,IT4567,3556.55,EUR,deposit
3979,05/04/2026,IT2345,2676.89,EUR,deposit
3980,05/02/2026,IT3456,-1598.46,EUR,withdrawal
3981,04/01/2026,IT4567,3055.04,EUR,deposit
3982,26/01/2026,IT7890,388.28,EUR,transfer
3983,19/01/2026,IT5678,3481.86,EUR,deposit
3984,28/04/2026,IT2345,1585.28,EUR,deposit
3985,12/02/2026,IT7890,-173.23,EUR,withdrawal
3986,29/01/2026,IT7890,904.25,EUR,transfer
3987,24/03/2026,IT7890,757.03,EUR,deposit
3988,01/01/1750,IT6789,-169.26,EUR,transfer
3989,27/05/2026,IT7890,-460.8,EUR,transfer
3990,29/05/2026,IT2345,-984.96,EUR,withdrawal
3991,19/01/2026,IT5678,3092.88,EUR,deposit
3992,23/04/2026,IT3456,1180.69,EUR,transfer
3993,14/01/2026,IT8901,2934.24,EUR,deposit
3994,24/04/2026,IT5678,-399.18,EUR,withdrawal
3995,14/03/2026,IT1234,-165.54,EUR,withdrawal
3996,16/01/2026,IT1234,-1476.55,EUR,transfer
3997,04/03/2026,IT7890,2119.64,EUR,deposit
3998,29/05/2026,IT1234,426.41,EUR,deposit
3999,17/03/2026,IT3456,-148.63,EUR,withdrawal
4000,12/04/2026,IT2345,-822.18,EUR,withdrawal
4001,10/01/2026,IT8901,1108.46,EUR,transfer
4002,30/01/2026,IT8901,-1838.22,EUR,withdrawal
4003,18/01/2026,IT4567,-218.1,EUR,withdrawal
4004,30/03/2026,IT1234,-314.72,EUR,withdrawal
4005,24/03/2026,IT8901,-660.27,EUR,transfer
4006,23/02/2026,IT3456,-328.46,EUR,withdrawal
4007,13/01/2026,IT5678,1270.38,EUR,deposit
4008,09/02/2026,IT6789,-1001.83,EUR,withdrawal
4009,20/03/2026,IT6789,2055.45,EUR,deposit
4010,21/04/2026,IT8901,-1381.71,EUR,withdrawal
4011,28/02/2026,IT8901,-791.15,EUR,withdrawal
4012,18/02/2026,IT7890,997.89,EUR,transfer
4013,04/01/2026,IT7890,4226.57,EUR,deposit
4014,09/04/2026,IT5678,-1731.61,EUR,withdrawal
4015,,IT6789,4058.15,EUR,deposit
4016,02/04/2026,IT6789,924.16,EUR,transfer
4017,15/03/2026,IT2345,-1353.34,EUR,withdrawal
4018,01/01/1750,IT5678,3084.87,EUR,deposit
4019,07/02/2026,IT1234,-689.53,EUR,withdrawal
4020,17/04/2026,IT2345,-1614.79,EUR,withdrawal
4021,29/05/2026,IT6789,1045.09,EUR,transfer
4022,21/02/2026,IT7890,4071.48,EUR,deposit
4023,05/03/2026,IT6789,-280.74,EUR,transfer
4024,21/04/2026,IT7890,-685.8,EUR,withdrawal
4025,06/03/2026,IT6789,603.19,EUR,transfer
4026,15/01/2026,IT1234,248.45,EUR,transfer
4027,03/05/2026,IT5678,486.97,EUR,deposit
4028,22/04/2026,IT7890,454.67,EUR,deposit
4029,08/02/2026,IT3456,4081.33,EUR,deposit
4030,29/03/2026,IT5678,822.79,EUR,deposit
4031,23/03/2026,IT4567,1069.23,EUR,transfer
4032,25/01/2026,IT6789,2916.89,EUR,deposit
4033,21/01/2026,IT2345,23%02))12,EUR,transfer
4034,27/01/2026,IT3456,3873.32,EUR,deposit
4035,03/02/2026,IT1234,-1586.8,EUR,withdrawal
4036,05/04/2026,IT3456,570.76,EUR,transfer
4037,16/01/2026,IT2345,-193.96,EUR,transfer
4038,07/04/2026,IT1234,-1954.06,EUR,withdrawal
4039,28/02/2026,IT3456,-496.83,EUR,withdrawal
4040,01/01/2026,IT8901,-1732.18,EUR,withdrawal
4041,07/01/2026,IT4567,1024.85,EUR,transfer
4042,28/03/2026,IT4567,-1285.22,EUR,withdrawal
4043,13/05/2026,IT6789,-771.65,EUR,withdrawal
4044,21/01/2026,IT8901,-109.09,EUR,withdrawal
4045,10/03/2026,IT4567,419.48,EUR,transfer
4046,19/03/2026,IT3456,-987.99,EUR,withdrawal
4047,10/02/2026,IT1234,-1022.87,EUR,transfer
4048,13/02/2026,IT4567,2072.27,EUR,deposit
4049,13/03/2026,IT7890,2106.83,EUR,deposit
4050,11/05/2026,IT5678,1359.59,EUR,deposit
4051,10/01/2026,IT4567,-194.69,EUR,transfer
4052,26/04/2026,IT4567,-727.52,EUR,withdrawal
4053,15/03/2026,IT1234,-769.06,EUR,withdrawal
4054,17/01/2026,IT5678,2791.22,EUR,deposit
4055,05/05/2026,IT8901,-1836.0,EUR,withdrawal
4056,15/04/2026,IT6789,23%02))12,EUR,deposit
4057,06/02/2026,IT4567,1330.67,EUR,transfer
4058,07/01/2026,IT1234,3432.26,EUR,deposit
4059,11/05/2026,IT1234,-1586.62,EUR,withdrawal
4060,31/05/2026,IT8901,-842.3,EUR,withdrawal
4061,05/03/2026,IT4567,2957.52,EUR,deposit
4062,30/04/2026,IT1234,-1871.19,EUR,withdrawal
4063,16/01/2026,IT2345,2468.55,EUR,deposit
4064,28/05/2026,IT8901,1017.34,EUR,transfer
4065,18/05/2026,IT8901,-1278.62,EUR,withdrawal
4066,03/04/2026,IT2345,-87.39,EUR,withdrawal
4067,28/01/2026,IT1234,3924.64,EUR,deposit
4068,17/03/2026,IT3456,-508.31,EUR,withdrawal
4069,18/04/2026,IT5678,3227.64,EUR,deposit
4070,16/01/2026,IT8901,2861.31,EUR,deposit
4071,02/04/2026,IT8901,-1372.17,EUR,withdrawal
4072,20/03/2026,IT2345,2803.4,EUR,deposit
4073,14/03/2026,IT3456,845.16,EUR,deposit
4074,03/04/2026,IT3456,3169.53,EUR,deposit
4075,28/01/2026,IT4567,-539.99,EUR,transfer
4076,14/05/2026,IT1234,-310.05,EUR,transfer
4077,18/01/2026,IT8901,690.86,EUR,transfer
4078,20/02/2026,IT1234,-99.59,EUR,withdrawal
4079,25/02/2026,IT1234,2536.37,EUR,deposit
4080,14/03/2026,IT8901,3553.35,EUR,deposit
4081,03/02/2026,IT8901,1652.95,EUR,deposit
4082,01/05/2026,IT7890,1337.95,EUR,transfer
4083,30/04/2026,IT1234,36.91,EUR,transfer
4084,22/02/2026,IT4567,-530.59,EUR,withdrawal
4085,21/02/2026,IT4567,23%02))12,EUR,withdrawal
4086,30/05/2026,IT7890,317.33,EUR,transfer
4087,08/02/2026,IT8901,1681.81,EUR,deposit
4088,05/03/2026,IT6789,3107.03,EUR,deposit
4089,15/01/2026,IT1234,112.03,EUR,transfer
4090,20/03/2026,IT8901,4510.45,EUR,deposit
4091,15/03/2026,IT2345,-819.25,EUR,withdrawal
4092,03/01/2026,IT7890,-733.74,EUR,withdrawal
4093,14/05/2026,IT8901,1912.25,EUR,deposit
4094,02/05/2026,IT1234,1118.95,EUR,transfer
4095,25/02/2026,IT7890,-639.35,EUR,withdrawal
4096,30/04/2026,IT2345,484.86,EUR,deposit
4097,18/02/2026,IT2345,2700.59,EUR,deposit
4098,19/03/2026,IT7890,2451.36,EUR,deposit
4099,22/05/2026,IT4567,984.38,EUR,transfer
4100,30/04/2026,IT8901,3142.24,EUR,deposit
4101,14/04/2026,IT8901,-876.77,EUR,withdrawal
4102,06/03/2026,IT2345,-347.92,EUR,withdrawal
4103,06/03/2026,IT8901,-1883.8,EUR,withdrawal
4104,27/05/2026,IT8901,191.26,EUR,deposit
4105,07/04/2026,IT7890,2582.45,EUR,deposit
4106,13/03/2026,IT1234,-254.23,EUR,withdrawal
4107,22/05/2026,IT7890,729.48,EUR,transfer
4108,19/05/2026,IT2345,-523.36,EUR,transfer
4109,01/01/1750,IT5678,-1946.1,EUR,withdrawal
4110,02/01/2026,IT3456,30.48,EUR,transfer
4111,21/03/2026,IT1234,1096.12,EUR,transfer
4112,27/04/2026,IT2345,-1903.08,EUR,withdrawal
4113,07/04/2026,IT3456,1912.44,EUR,deposit
4114,05/01/2026,IT7890,-1093.53,EUR,withdrawal
4115,04/02/2026,IT3456,1260.44,EUR,transfer
4116,09/04/2026,IT5678,4281.43,EUR,deposit
4117,24/03/2026,IT6789,-100.75,EUR,withdrawal
4118,24/03/2026,IT1234,-1490.06,EUR,transfer
4119,15/05/2026,IT4567,3901.05,EUR,deposit
4120,06/02/2026,IT3456,1572.23,EUR,deposit
4121,27/01/2026,IT7890,-570.74,EUR,withdrawal
4122,17/01/2026,IT1234,-622.17,EUR,withdrawal
4123,09/04/2026,IT6789,493.2,EUR,transfer
4124,18/04/2026,IT1234,-1015.37,EUR,withdrawal
4125,28/03/2026,IT7890,-567.72,EUR,transfer
4126,05/01/2026,IT2345,-979.67,EUR,transfer
4127,10/05/2026,IT3456,-114.79,EUR,withdrawal
4128,31/05/2026,IT8901,-564.34,EUR,transfer
4129,31/05/2026,IT7890,947.26,EUR,transfer
4130,13/03/2026,IT7890,-276.74,EUR,transfer
4131,12/02/2026,IT6789,4382.17,EUR,deposit
4132,04/01/2026,IT6789,-1432.32,EUR,transfer
4133,30/03/2026,IT1234,-1271.26,EUR,withdrawal
4134,23/04/2026,IT6789,-758.02,EUR,transfer
4135,30/03/2026,IT6789,23%02))12,EUR,withdrawal
4136,16/03/2026,IT6789,370.08,EUR,deposit
4137,11/04/2026,IT5678,-1979.42,EUR,withdrawal
4138,21/01/2026,IT4567,-785.77,EUR,withdrawal
4139,21/02/2026,IT2345,4447.54,EUR,deposit
4140,01/04/2026,IT8901,462.06,EUR,deposit
4141,09/02/2026,IT4567,-190.82,EUR,withdrawal
4142,28/03/2026,IT5678,2648.49,EUR,deposit
4143,12/03/2026,IT4567,3577.13,EUR,deposit
4144,23/04/2026,IT3456,-506.38,EUR,transfer
4145,31/03/2026,IT4567,-318.71,EUR,transfer
4146,07/01/2026,IT7890,-1292.67,EUR,withdrawal
4147,14/01/2026,IT8901,1225.27,EUR,transfer
4148,14/02/2026,IT5678,428.09,EUR,deposit
4149,18/02/2026,IT3456,805.58,EUR,transfer
4150,,IT6789,404.05,EUR,transfer
4151,06/01/2026,IT5678,4229.83,EUR,deposit
4152,14/01/2026,IT4567,-889.39,EUR,transfer
4153,17/03/2026,IT1234,-51.79,EUR,transfer
4154,07/05/2026,IT8901,-355.52,EUR,transfer
4155,,IT4567,-1825.16,EUR,withdrawal
4156,08/02/2026,IT3456,-998.51,EUR,withdrawal
4157,22/01/2026,IT2345,-531.92,EUR,transfer
4158,20/02/2026,IT5678,1673.38,EUR,deposit
4159,19/01/2026,IT3456,-964.16,EUR,withdrawal
4160,02/03/2026,IT6789,4123.21,EUR,deposit
4161,21/05/2026,IT7890,-1752.76,EUR,withdrawal
4162,21/02/2026,IT8901,-1090.94,EUR,withdrawal
4163,07/03/2026,IT6789,1490.19,EUR,transfer
4164,02/02/2026,IT2345,-769.54,EUR,withdrawal
4165,26/05/2026,IT7890,-1191.1,EUR,withdrawal
4166,25/05/2026,IT2345,-1647.14,EUR,withdrawal
4167,16/05/2026,IT2345,-72.12,EUR,transfer
4168,18/03/2026,IT7890,-238.04,EUR,transfer
4169,18/02/2026,IT6789,3959.67,EUR,deposit
4170,19/05/2026,IT2345,3668.07,EUR,deposit
4171,08/05/2026,IT7890,-142.58,EUR,transfer
4172,17/03/2026,IT4567,2218.46,EUR,deposit
4173,30/03/2026,IT7890,-377.48,EUR,withdrawal
4174,22/04/2026,IT6789,-1176.27,EUR,withdrawal
4175,18/03/2026,IT2345,2744.03,EUR,deposit
4176,26/01/2026,IT8901,-1307.6,EUR,withdrawal
4177,02/05/2026,IT6789,2250.52,EUR,deposit
4178,30/03/2026,IT5678,-280.6,EUR,transfer
4179,06/05/2026,IT6789,4174.96,EUR,deposit
4180,21/02/2026,IT2345,-1779.84,EUR,withdrawal
4181,29/01/2026,IT7890,4406.85,EUR,deposit
4182,20/02/2026,IT8901,4925.53,EUR,deposit
4183,12/03/2026,IT6789,-1204.64,EUR,withdrawal
4184,15/01/2026,IT6789,-817.55,EUR,withdrawal
4185,25/02/2026,IT8901,3271.65,EUR,deposit
4186,06/01/2026,IT8901,111.53,EUR,deposit
4187,12/04/2026,IT2345,-1899.32,EUR,withdrawal
4188,11/04/2026,IT5678,-751.6,EUR,withdrawal
4189,27/05/2026,IT1234,807.65,EUR,transfer
4190,,IT3456,-1683.56,EUR,withdrawal
4191,22/02/2026,IT1234,1289.6,EUR,transfer
4192,13/03/2026,IT6789,-612.82,EUR,transfer
4193,25/04/2026,IT7890,1149.25,EUR,transfer
4194,14/05/2026,IT2345,251.52,EUR,transfer
4195,06/05/2026,IT3456,-282.81,EUR,transfer
4196,17/05/2026,IT4567,946.07,EUR,transfer
4197,03/05/2026,IT2345,927.77,EUR,transfer
4198,19/02/2026,IT4567,-901.3,EUR,withdrawal
4199,02/04/2026,IT2345,4678.22,EUR,deposit
4200,25/04/2026,IT6789,4960.25,EUR,deposit
4201,14/02/2026,IT4567,1194.6,EUR,transfer
4202,08/04/2026,IT5678,2946.0,EUR,deposit
4203,04/01/2026,IT5678,1192.84,EUR,transfer
4204,22/03/2026,IT1234,1361.74,EUR,transfer
4205,22/05/2026,IT2345,1197.41,EUR,transfer
4206,11/01/2026,IT8901,453.17,EUR,transfer
4207,12/05/2026,IT1234,574.67,EUR,transfer
4208,03/05/2026,IT1234,-1035.23,EUR,transfer
4209,18/01/2026,IT4567,2054.4,EUR,deposit
4210,26/03/2026,IT8901,1481.67,EUR,transfer
4211,08/02/2026,IT2345,2881.3,EUR,deposit
4212,12/02/2026,IT6789,-856.17,EUR,transfer
4213,21/02/2026,IT8901,-1855.65,EUR,withdrawal
4214,02/01/2026,IT4567,-1374.01,EUR,withdrawal
4215,13/01/2026,IT7890,4088.37,EUR,deposit
4216,19/03/2026,IT2345,-121.14,EUR,withdrawal
4217,03/05/2026,IT3456,-569.62,EUR,withdrawal
4218,16/05/2026,IT7890,-199.03,EUR,transfer
4219,07/01/2026,IT6789,-1403.09,EUR,withdrawal
4220,31/03/2026,IT8901,-25.79,EUR,withdrawal
4221,,IT7890,2891.63,EUR,deposit
4222,24/02/2026,IT5678,3934.0,EUR,deposit
4223,16/02/2026,IT5678,-1825.4,EUR,withdrawal
4224,26/04/2026,IT6789,26.54,EUR,transfer
4225,06/03/2026,IT6789,-779.15,EUR,transfer
4226,03/03/2026,IT2345,1043.76,EUR,deposit
4227,11/03/2026,IT7890,1087.28,EUR,transfer
4228,20/04/2026,IT8901,-1553.01,EUR,withdrawal
4229,23/05/2026,IT6789,-1377.66,EUR,withdrawal
4230,17/01/2026,IT6789,-739.13,EUR,withdrawal
4231,28/02/2026,IT5678,1215.32,EUR,deposit
4232,10/01/2026,IT2345,-925.75,EUR,withdrawal
4233,20/04/2026,IT6789,4720.64,EUR,deposit
4234,31/05/2026,IT5678,-1234.54,EUR,transfer
4235,08/05/2026,IT2345,-1188.07,EUR,transfer
4236,16/02/2026,IT5678,978.49,EUR,transfer
4237,28/04/2026,IT6789,-909.45,EUR,withdrawal
4238,22/01/2026,IT1234,3680.71,EUR,deposit
4239,10/04/2026,IT3456,1842.82,EUR,deposit
4240,23/03/2026,IT8901,-1309.32,EUR,transfer
4241,05/03/2026,IT7890,4099.7,EUR,deposit
4242,15/05/2026,IT4567,4239.18,EUR,deposit
4243,19/05/2026,IT6789,-51.23,EUR,transfer
4244,30/01/2026,IT4567,4319.28,EUR,deposit
4245,28/03/2026,IT8901,1704.06,EUR,deposit
4246,08/04/2026,IT8901,532.14,EUR,deposit
4247,13/01/2026,IT1234,3096.83,EUR,deposit
4248,15/04/2026,IT4567,493.94,EUR,transfer
4249,09/04/2026,IT8901,1439.78,EUR,transfer
4250,16/05/2026,IT5678,-1737.47,EUR,withdrawal
4251,26/03/2026,IT1234,-856.06,EUR,withdrawal
4252,16/04/2026,IT1234,1317.14,EUR,transfer
4253,04/02/2026,IT4567,-1177.59,EUR,transfer
4254,20/03/2026,IT1234,23%02))12,EUR,withdrawal
4255,16/04/2026,IT1234,-38.41,EUR,withdrawal
4256,15/04/2026,IT7890,-1107.12,EUR,withdrawal
4257,16/04/2026,IT8901,-882.19,EUR,transfer
4258,06/05/2026,IT1234,4837.94,EUR,deposit
4259,09/02/2026,IT7890,564.3,EUR,transfer
4260,20/03/2026,IT1234,-1305.45,EUR,withdrawal
4261,02/05/2026,IT3456,-1732.67,EUR,withdrawal
4262,06/03/2026,IT8901,-389.17,EUR,withdrawal
4263,25/02/2026,IT8901,-778.44,EUR,transfer
4264,22/03/2026,IT1234,3985.61,EUR,deposit
4265,17/04/2026,IT2345,307.64,EUR,transfer
4266,22/04/2026,IT5678,705.01,EUR,transfer
4267,27/03/2026,IT5678,-963.16,EUR,transfer
4268,21/04/2026,IT5678,-143.56,EUR,withdrawal
4269,25/02/2026,IT3456,-636.17,EUR,withdrawal
4270,21/05/2026,IT1234,4057.66,EUR,deposit
4271,01/03/2026,IT7890,700.39,EUR,transfer
4272,15/03/2026,IT8901,-643.92,EUR,transfer
4273,15/04/2026,IT5678,1638.49,EUR,deposit
4274,16/01/2026,IT3456,2706.84,EUR,deposit
4275,14/04/2026,IT1234,4319.14,EUR,deposit
4276,18/03/2026,IT5678,709.99,EUR,deposit
4277,02/03/2026,IT5678,-1436.36,EUR,withdrawal
4278,27/05/2026,IT3456,3813.08,EUR,deposit
4279,27/04/2026,IT1234,615.65,EUR,transfer
4280,01/05/2026,IT1234,-507.92,EUR,withdrawal
4281,15/05/2026,IT3456,668.01,EUR,transfer
4282,02/03/2026,IT7890,-1528.19,EUR,withdrawal
4283,28/05/2026,IT6789,-1299.63,EUR,withdrawal
4284,25/05/2026,IT3456,-20.12,EUR,transfer
4285,19/04/2026,IT3456,2192.93,EUR,deposit
4286,13/02/2026,IT1234,1021.4,EUR,transfer
4287,07/03/2026,IT8901,501.21,EUR,transfer
4288,28/02/2026,IT1234,-1429.82,EUR,withdrawal
4289,12/05/2026,IT1234,818.76,EUR,deposit
4290,30/03/2026,IT7890,-1974.96,EUR,withdrawal
4291,09/04/2026,IT3456,4236.49,EUR,deposit
4292,30/04/2026,IT3456,1555.41,EUR,deposit
4293,12/05/2026,IT8901,-1048.85,EUR,withdrawal
4294,23/04/2026,IT1234,-238.03,EUR,transfer
4295,21/02/2026,IT5678,-1415.73,EUR,transfer
4296,05/02/2026,IT5678,3059.24,EUR,deposit
4297,03/02/2026,IT8901,4832.34,EUR,deposit
4298,03/03/2026,IT4567,2468.15,EUR,deposit
4299,03/04/2026,IT6789,-961.17,EUR,withdrawal
4300,20/01/2026,IT2345,1647.53,EUR,deposit
4301,03/04/2026,IT5678,3700.34,EUR,deposit
4302,21/04/2026,IT7890,-537.34,EUR,transfer
4303,23/01/2026,IT3456,2950.9,EUR,deposit
4304,03/03/2026,IT4567,-1772.54,EUR,withdrawal
4305,07/03/2026,IT8901,1167.88,EUR,transfer
4306,02/04/2026,IT5678,2477.97,EUR,deposit
4307,10/02/2026,IT2345,-840.49,EUR,withdrawal
4308,17/03/2026,IT4567,-574.64,EUR,transfer
4309,27/02/2026,IT6789,-1418.25,EUR,transfer
4310,04/03/2026,IT7890,-1614.81,EUR,withdrawal
4311,26/05/2026,IT2345,-535.68,EUR,withdrawal
4312,28/03/2026,IT7890,-216.04,EUR,transfer
4313,25/05/2026,IT6789,-1012.63,EUR,withdrawal
4314,27/04/2026,IT7890,-454.3,EUR,withdrawal
4315,06/05/2026,IT6789,-903.63,EUR,withdrawal
4316,14/05/2026,IT3456,-1048.06,EUR,withdrawal
4317,14/05/2026,IT8901,-1320.55,EUR,transfer
4318,07/04/2026,IT1234,-994.44,EUR,withdrawal
4319,27/03/2026,IT2345,-33.59,EUR,withdrawal
4320,26/04/2026,IT7890,465.14,EUR,deposit
4321,12/02/2026,IT4567,-1582.16,EUR,withdrawal
4322,01/02/2026,IT8901,726.24,EUR,transfer
4323,18/01/2026,IT7890,2594.42,EUR,deposit
4324,19/02/2026,IT2345,-1136.54,EUR,withdrawal
4325,16/02/2026,IT7890,-682.56,EUR,withdrawal
4326,26/01/2026,IT4567,-789.96,EUR,withdrawal
4327,16/01/2026,IT1234,4366.43,EUR,deposit
4328,28/03/2026,IT2345,3463.76,EUR,deposit
4329,06/01/2026,IT2345,822.45,EUR,transfer
4330,28/03/2026,IT1234,2570.22,EUR,deposit
4331,12/03/2026,IT2345,621.91,EUR,deposit
4332,17/02/2026,IT2345,2887.51,EUR,deposit
4333,13/02/2026,IT4567,4677.2,EUR,deposit
4334,25/03/2026,IT2345,-355.26,EUR,withdrawal
4335,27/02/2026,IT7890,-1091.12,EUR,transfer
4336,01/01/1750,IT8901,-576.14,EUR,transfer
4337,08/04/2026,IT3456,-317.41,EUR,withdrawal
4338,16/01/2026,IT7890,-1462.47,EUR,transfer
4339,07/01/2026,IT5678,1114.06,EUR,transfer
4340,22/05/2026,IT2345,1072.3,EUR,transfer
4341,17/03/2026,IT1234,-1688.7,EUR,withdrawal
4342,07/04/2026,IT4567,-1120.85,EUR,transfer
4343,25/04/2026,IT8901,-1572.2,EUR,withdrawal
4344,24/04/2026,IT5678,-1382.01,EUR,withdrawal
4345,04/03/2026,IT1234,1002.78,EUR,transfer
4346,25/01/2026,IT8901,-1223.74,EUR,withdrawal
4347,27/05/2026,IT4567,-278.59,EUR,transfer
4348,14/02/2026,IT6789,145.74,EUR,deposit
4349,19/04/2026,IT7890,-1301.52,EUR,transfer
4350,10/02/2026,IT6789,1132.22,EUR,transfer
4351,28/04/2026,IT6789,-1445.29,EUR,withdrawal
4352,09/05/2026,IT3456,996.36,EUR,transfer
4353,06/05/2026,IT8901,-1123.17,EUR,transfer
4354,17/02/2026,IT6789,399.65,EUR,deposit
4355,17/01/2026,IT8901,-1214.73,EUR,withdrawal
4356,16/03/2026,IT4567,60.72,EUR,deposit
4357,21/03/2026,IT2345,-976.11,EUR,transfer
4358,05/05/2026,IT3456,-1629.27,EUR,withdrawal
4359,06/05/2026,IT4567,3635.25,EUR,deposit
4360,10/01/2026,IT2345,647.34,EUR,transfer
4361,23/04/2026,IT1234,-1773.34,EUR,withdrawal
4362,01/01/2026,IT2345,2754.6,EUR,deposit
4363,18/02/2026,IT3456,2373.43,EUR,deposit
4364,22/04/2026,IT6789,2266.9,EUR,deposit
4365,09/01/2026,IT6789,-632.33,EUR,withdrawal
4366,,IT2345,-858.33,EUR,withdrawal
4367,07/03/2026,IT7890,216.13,EUR,deposit
4368,04/05/2026,IT5678,-617.79,EUR,withdrawal
4369,02/02/2026,IT2345,2752.46,EUR,deposit
4370,03/01/2026,IT6789,2744.56,EUR,deposit
4371,27/04/2026,IT4567,-901.49,EUR,transfer
4372,29/01/2026,IT5678,-1606.02,EUR,withdrawal
4373,07/02/2026,IT6789,-292.19,EUR,withdrawal
4374,22/02/2026,IT6789,4158.45,EUR,deposit
4375,01/04/2026,IT6789,-266.19,EUR,transfer
4376,18/04/2026,IT6789,3392.51,EUR,deposit
4377,06/02/2026,IT6789,-1416.29,EUR,withdrawal
4378,19/04/2026,IT2345,166.68,EUR,deposit
4379,19/05/2026,IT1234,-724.81,EUR,withdrawal
4380,03/03/2026,IT2345,-1647.16,EUR,withdrawal
4381,01/04/2026,IT7890,-1464.91,EUR,transfer
4382,09/05/2026,IT3456,678.53,EUR,deposit
4383,20/04/2026,IT7890,3099.8,EUR,deposit
4384,02/03/2026,IT3456,2027.21,EUR,deposit
4385,25/02/2026,IT3456,411.4,EUR,deposit
4386,05/02/2026,IT2345,1472.01,EUR,deposit
4387,27/03/2026,IT2345,1076.61,EUR,transfer
4388,20/02/2026,IT7890,-1323.74,EUR,withdrawal
4389,17/03/2026,IT1234,-69.89,EUR,withdrawal
4390,20/05/2026,IT6789,-787.72,EUR,withdrawal
4391,30/03/2026,IT3456,2500.73,EUR,deposit
4392,28/02/2026,IT3456,2959.67,EUR,deposit
4393,29/01/2026,IT8901,-1011.41,EUR,withdrawal
4394,25/02/2026,IT3456,-1497.78,EUR,withdrawal
4395,20/02/2026,IT4567,-505.97,EUR,withdrawal
4396,25/04/2026,IT7890,-688.24,EUR,withdrawal
4397,18/02/2026,IT8901,3041.06,EUR,deposit
4398,13/01/2026,IT1234,2708.32,EUR,deposit
4399,01/01/1750,IT2345,124.75,EUR,transfer
4400,21/04/2026,IT1234,102.75,EUR,transfer
4401,01/04/2026,IT4567,-1188.17,EUR,withdrawal
4402,27/01/2026,IT1234,-707.08,EUR,transfer
4403,29/04/2026,IT2345,3704.29,EUR,deposit
4404,12/03/2026,IT5678,337.56,EUR,transfer
4405,14/02/2026,IT1234,2472.88,EUR,deposit
4406,14/05/2026,IT8901,-1087.58,EUR,withdrawal
4407,29/05/2026,IT6789,1259.41,EUR,transfer
4408,01/01/1750,IT4567,266.23,EUR,transfer
4409,14/04/2026,IT2345,4268.74,EUR,deposit
4410,25/05/2026,IT2345,-1545.4,EUR,withdrawal
4411,21/05/2026,IT7890,651.56,EUR,deposit
4412,08/01/2026,IT6789,1313.99,EUR,deposit
4413,25/02/2026,IT7890,-1357.26,EUR,transfer
4414,18/04/2026,IT7890,3183.27,EUR,deposit
4415,19/04/2026,IT8901,4437.19,EUR,deposit
4416,01/01/1750,IT1234,-456.54,EUR,withdrawal
4417,02/04/2026,IT4567,-253.63,EUR,transfer
4418,20/04/2026,IT3456,-1890.33,EUR,withdrawal
4419,07/03/2026,IT5678,-1103.6,EUR,withdrawal
4420,17/04/2026,IT4567,-1311.36,EUR,transfer
4421,16/04/2026,IT5678,4385.54,EUR,deposit
4422,07/05/2026,IT1234,975.63,EUR,deposit
4423,27/03/2026,IT5678,-1164.01,EUR,withdrawal
4424,07/03/2026,IT6789,-73.75,EUR,withdrawal
4425,07/04/2026,IT1234,-193.0,EUR,transfer
4426,29/01/2026,IT4567,-225.1,EUR,withdrawal
4427,06/01/2026,IT3456,23%02))12,EUR,deposit
4428,17/02/2026,IT4567,-663.85,EUR,withdrawal
4429,09/02/2026,IT8901,-1088.9,EUR,transfer
4430,01/05/2026,IT2345,594.94,EUR,transfer
4431,14/02/2026,IT1234,2360.49,EUR,deposit
4432,21/03/2026,IT4567,2594.39,EUR,deposit
4433,13/03/2026,IT2345,-241.78,EUR,transfer
4434,27/04/2026,IT6789,-1114.96,EUR,withdrawal
4435,12/04/2026,IT4567,2775.63,EUR,deposit
4436,15/01/2026,IT4567,-219.53,EUR,withdrawal
4437,19/03/2026,IT6789,1745.95,EUR,deposit
4438,,IT4567,-941.82,EUR,withdrawal
4439,18/04/2026,IT6789,-993.65,EUR,withdrawal
4440,11/02/2026,IT2345,-1068.06,EUR,transfer
4441,26/05/2026,IT3456,-788.92,EUR,transfer
4442,25/01/2026,IT8901,3324.54,EUR,deposit
4443,01/05/2026,IT4567,-1687.38,EUR,withdrawal
4444,21/05/2026,IT8901,-1643.31,EUR,withdrawal
4445,28/01/2026,IT4567,194.21,EUR,transfer
4446,18/02/2026,IT2345,435.72,EUR,deposit
4447,01/05/2026,IT1234,-267.61,EUR,transfer
4448,06/05/2026,IT3456,1019.55,EUR,transfer
4449,01/05/2026,IT8901,559.3,EUR,transfer
4450,06/04/2026,IT2345,-1723.95,EUR,withdrawal
4451,07/05/2026,IT3456,-1387.38,EUR,transfer
4452,05/02/2026,IT4567,-1919.18,EUR,withdrawal
4453,18/04/2026,IT2345,-1622.15,EUR,withdrawal
4454,20/03/2026,IT1234,1897.94,EUR,deposit
4455,28/05/2026,IT1234,-12.66,EUR,transfer
4456,10/04/2026,IT2345,-1595.17,EUR,withdrawal
4457,19/03/2026,IT1234,1422.04,EUR,deposit
4458,22/01/2026,IT5678,-1411.92,EUR,withdrawal
4459,24/05/2026,IT5678,1645.7,EUR,deposit
4460,18/05/2026,IT1234,1415.84,EUR,transfer
4461,08/04/2026,IT1234,-1852.96,EUR,withdrawal
4462,02/04/2026,IT8901,-1210.7,EUR,withdrawal
4463,19/02/2026,IT3456,3119.62,EUR,deposit
4464,27/05/2026,IT8901,-255.4,EUR,transfer
4465,05/03/2026,IT3456,1018.55,EUR,deposit
4466,15/03/2026,IT1234,-1239.5,EUR,withdrawal
4467,02/02/2026,IT1234,55.8,EUR,transfer
4468,04/04/2026,IT4567,-226.96,EUR,withdrawal
4469,31/05/2026,IT3456,3019.83,EUR,deposit
4470,05/04/2026,IT7890,77.25,EUR,deposit
4471,20/02/2026,IT8901,656.81,EUR,transfer
4472,02/05/2026,IT5678,1858.01,EUR,deposit
4473,23/04/2026,IT3456,2381.37,EUR,deposit
4474,18/01/2026,IT7890,914.17,EUR,transfer
4475,24/01/2026,IT1234,3031.77,EUR,deposit
4476,02/01/2026,IT5678,2811.17,EUR,deposit
4477,10/03/2026,IT3456,2595.04,EUR,deposit
4478,13/03/2026,IT7890,3335.55,EUR,deposit
4479,31/05/2026,IT1234,-1692.58,EUR,withdrawal
4480,23/05/2026,IT6789,-1999.84,EUR,withdrawal
4481,09/04/2026,IT7890,1347.97,EUR,transfer
4482,27/04/2026,IT6789,-1565.0,EUR,withdrawal
4483,16/02/2026,IT7890,2847.56,EUR,deposit
4484,21/03/2026,IT3456,145.54,EUR,transfer
4485,10/05/2026,IT3456,2184.88,EUR,deposit
4486,16/01/2026,IT8901,327.34,EUR,deposit
4487,03/01/2026,IT8901,1368.2,EUR,transfer
4488,05/03/2026,IT4567,21.11,EUR,transfer
4489,04/05/2026,IT3456,744.15,EUR,transfer
4490,31/05/2026,IT5678,-763.12,EUR,transfer
4491,18/01/2026,IT8901,-316.8,EUR,withdrawal
4492,20/01/2026,IT2345,-915.83,EUR,transfer
4493,04/01/2026,IT5678,-931.72,EUR,transfer
4494,10/03/2026,IT6789,-1564.82,EUR,withdrawal
4495,22/05/2026,IT8901,137.78,EUR,transfer
4496,14/02/2026,IT3456,2897.34,EUR,deposit
4497,17/01/2026,IT3456,-662.14,EUR,withdrawal
4498,22/04/2026,IT7890,2483.91,EUR,deposit
4499,29/03/2026,IT8901,-1391.2,EUR,withdrawal
4500,01/03/2026,IT3456,-587.55,EUR,transfer
4501,17/03/2026,IT7890,-584.38,EUR,withdrawal
4502,02/05/2026,IT4567,-1417.49,EUR,transfer
4503,06/03/2026,IT2345,-739.64,EUR,transfer
4504,27/02/2026,IT1234,575.32,EUR,deposit
4505,10/01/2026,IT7890,4028.34,EUR,deposit
4506,04/04/2026,IT5678,-1861.28,EUR,withdrawal
4507,05/04/2026,IT1234,-690.72,EUR,transfer
4508,19/03/2026,IT1234,3724.17,EUR,deposit
4509,22/02/2026,IT8901,-1254.98,EUR,withdrawal
4510,19/05/2026,IT5678,4268.62,EUR,deposit
4511,04/02/2026,IT1234,23%02))12,EUR,withdrawal
4512,,IT8901,-1740.15,EUR,withdrawal
4513,26/03/2026,IT8901,1235.13,EUR,transfer
4514,21/02/2026,IT3456,3918.45,EUR,deposit
4515,09/02/2026,IT8901,292.65,EUR,deposit
4516,05/02/2026,IT8901,-615.18,EUR,transfer
4517,28/03/2026,IT7890,674.48,EUR,transfer
4518,03/02/2026,IT1234,-575.86,EUR,transfer
4519,15/03/2026,IT1234,764.18,EUR,deposit
4520,28/03/2026,IT8901,-663.01,EUR,withdrawal
4521,23/01/2026,IT2345,4912.61,EUR,deposit
4522,07/01/2026,IT2345,2339.13,EUR,deposit
4523,13/02/2026,IT5678,-1445.91,EUR,transfer
4524,04/03/2026,IT2345,1246.31,EUR,transfer
4525,23/05/2026,IT2345,500.72,EUR,transfer
4526,23/05/2026,IT4567,823.07,EUR,transfer
4527,21/02/2026,IT7890,-1627.08,EUR,withdrawal
4528,01/01/1750,IT4567,-1262.82,EUR,withdrawal
4529,05/03/2026,IT2345,-1247.95,EUR,withdrawal
4530,14/03/2026,IT2345,-1827.33,EUR,withdrawal
4531,23/02/2026,IT7890,-614.35,EUR,withdrawal
4532,10/05/2026,IT6789,-917.8,EUR,transfer
4533,05/05/2026,IT6789,3151.51,EUR,deposit
4534,01/05/2026,IT3456,-385.24,EUR,transfer
4535,29/03/2026,IT2345,2736.4,EUR,deposit
4536,24/04/2026,IT5678,-96.54,EUR,transfer
4537,08/01/2026,IT1234,4621.26,EUR,deposit
4538,22/05/2026,IT3456,2851.25,EUR,deposit
4539,29/05/2026,IT4567,-1403.07,EUR,withdrawal
4540,24/04/2026,IT7890,588.58,EUR,transfer
4541,07/04/2026,IT3456,-1072.77,EUR,withdrawal
4542,13/02/2026,IT4567,-1839.17,EUR,withdrawal
4543,26/05/2026,IT2345,-1766.81,EUR,withdrawal
4544,10/04/2026,IT4567,3698.6,EUR,deposit
4545,11/05/2026,IT8901,-1242.69,EUR,withdrawal
4546,12/01/2026,IT3456,-1811.43,EUR,withdrawal
4547,25/02/2026,IT4567,3233.88,EUR,deposit
4548,09/03/2026,IT3456,99.83,EUR,deposit
4549,22/03/2026,IT7890,3530.94,EUR,deposit
4550,20/02/2026,IT8901,-143.43,EUR,withdrawal
4551,01/01/1750,IT6789,23%02))12,EUR,deposit
4552,24/02/2026,IT6789,-1150.86,EUR,transfer
4553,,IT8901,-1629.68,EUR,withdrawal
4554,09/03/2026,IT6789,2288.21,EUR,deposit
4555,16/05/2026,IT1234,443.1,EUR,deposit
4556,13/04/2026,IT1234,779.4,EUR,transfer
4557,12/04/2026,IT7890,-1757.75,EUR,withdrawal
4558,08/02/2026,IT1234,3432.74,EUR,deposit
4559,,IT2345,2295.35,EUR,deposit
4560,28/04/2026,IT7890,-788.89,EUR,transfer
4561,24/05/2026,IT6789,302.32,EUR,transfer
4562,09/03/2026,IT8901,-1366.27,EUR,withdrawal
4563,12/01/2026,IT5678,-398.06,EUR,withdrawal
4564,21/04/2026,IT7890,-1962.07,EUR,withdrawal
4565,15/03/2026,IT8901,-597.35,EUR,withdrawal
4566,18/05/2026,IT1234,-26.9,EUR,transfer
4567,08/01/2026,IT1234,-1344.36,EUR,withdrawal
4568,29/04/2026,IT8901,4126.71,EUR,deposit
4569,07/04/2026,IT6789,-513.29,EUR,withdrawal
4570,27/02/2026,IT1234,767.59,EUR,transfer
4571,29/05/2026,IT3456,-915.52,EUR,transfer
4572,16/05/2026,IT3456,-542.54,EUR,transfer
4573,13/04/2026,IT1234,-975.09,EUR,withdrawal
4574,01/05/2026,IT5678,-461.69,EUR,withdrawal
4575,08/01/2026,IT3456,-65.19,EUR,transfer
4576,10/04/2026,IT1234,1183.36,EUR,transfer
4577,18/03/2026,IT8901,435.01,EUR,transfer
4578,21/01/2026,IT4567,3292.79,EUR,deposit
4579,16/05/2026,IT5678,-94.95,EUR,withdrawal
4580,20/02/2026,IT3456,1460.0,EUR,transfer
4581,21/03/2026,IT5678,-1702.13,EUR,withdrawal
4582,10/05/2026,IT3456,-632.32,EUR,transfer
4583,02/02/2026,IT6789,23%02))12,EUR,deposit
4584,20/02/2026,IT8901,-1266.77,EUR,withdrawal
4585,18/05/2026,IT5678,-1029.49,EUR,withdrawal
4586,09/04/2026,IT3456,881.04,EUR,transfer
4587,17/05/2026,IT6789,-970.93,EUR,withdrawal
4588,26/02/2026,IT4567,4843.96,EUR,deposit
4589,17/03/2026,IT4567,23%02))12,EUR,withdrawal
4590,09/05/2026,IT8901,702.83,EUR,transfer
4591,02/04/2026,IT6789,-1299.95,EUR,withdrawal
4592,16/03/2026,IT4567,4162.34,EUR,deposit
4593,03/05/2026,IT4567,706.71,EUR,transfer
4594,16/04/2026,IT1234,-1402.41,EUR,transfer
4595,04/04/2026,IT7890,-210.96,EUR,withdrawal
4596,01/02/2026,IT2345,-1053.65,EUR,withdrawal
4597,,IT2345,-90.28,EUR,withdrawal
4598,10/03/2026,IT5678,1002.27,EUR,deposit
4599,26/02/2026,IT5678,150.93,EUR,transfer
4600,12/04/2026,IT4567,-303.1,EUR,withdrawal
4601,03/03/2026,IT6789,-510.05,EUR,withdrawal
4602,17/05/2026,IT2345,1500.06,EUR,deposit
4603,24/05/2026,IT8901,-1388.34,EUR,withdrawal
4604,14/01/2026,IT4567,-1590.34,EUR,withdrawal
4605,13/04/2026,IT1234,897.16,EUR,transfer
4606,06/01/2026,IT6789,-1157.53,EUR,withdrawal
4607,15/04/2026,IT6789,-1022.63,EUR,withdrawal
4608,18/03/2026,IT7890,4932.95,EUR,deposit
4609,04/03/2026,IT4567,277.05,EUR,deposit
4610,22/01/2026,IT6789,-727.01,EUR,withdrawal
4611,02/02/2026,IT4567,1031.02,EUR,deposit
4612,31/01/2026,IT8901,214.1,EUR,transfer
4613,05/02/2026,IT7890,-754.38,EUR,withdrawal
4614,16/05/2026,IT7890,-1201.85,EUR,withdrawal
4615,27/03/2026,IT1234,-316.0,EUR,withdrawal
4616,08/02/2026,IT2345,-435.74,EUR,withdrawal
4617,23/02/2026,IT4567,742.83,EUR,transfer
4618,09/01/2026,IT7890,-989.78,EUR,withdrawal
4619,03/04/2026,IT5678,-1389.95,EUR,withdrawal
4620,30/04/2026,IT1234,2261.98,EUR,deposit
4621,02/02/2026,IT8901,-901.55,EUR,transfer
4622,22/02/2026,IT6789,1069.11,EUR,deposit
4623,04/03/2026,IT1234,-1250.57,EUR,withdrawal
4624,30/04/2026,IT4567,60.8,EUR,transfer
4625,20/03/2026,IT5678,-1794.36,EUR,withdrawal
4626,23/01/2026,IT2345,2539.51,EUR,deposit
4627,08/04/2026,IT2345,604.35,EUR,transfer
4628,07/03/2026,IT7890,-884.83,EUR,withdrawal
4629,13/04/2026,IT1234,1318.82,EUR,deposit
4630,12/02/2026,IT5678,-1298.02,EUR,withdrawal
4631,25/01/2026,IT3456,1084.03,EUR,transfer
4632,08/02/2026,IT2345,3233.59,EUR,deposit
4633,09/02/2026,IT7890,-1017.88,EUR,transfer
4634,11/04/2026,IT4567,4991.83,EUR,deposit
4635,04/04/2026,IT2345,3333.37,EUR,deposit
4636,06/05/2026,IT7890,-814.83,EUR,transfer
4637,13/05/2026,IT3456,-1401.26,EUR,transfer
4638,17/02/2026,IT6789,-1974.01,EUR,withdrawal
4639,24/04/2026,IT8901,836.08,EUR,transfer
4640,09/05/2026,IT1234,3517.7,EUR,deposit
4641,22/05/2026,IT1234,-1108.09,EUR,withdrawal
4642,29/04/2026,IT4567,-1119.78,EUR,withdrawal
4643,29/03/2026,IT7890,1151.98,EUR,transfer
4644,14/05/2026,IT8901,-1012.38,EUR,withdrawal
4645,20/02/2026,IT2345,4909.1,EUR,deposit
4646,09/01/2026,IT3456,673.54,EUR,transfer
4647,25/02/2026,IT2345,865.47,EUR,deposit
4648,22/01/2026,IT8901,-434.27,EUR,transfer
4649,28/03/2026,IT6789,-809.91,EUR,transfer
4650,13/05/2026,IT5678,-1512.92,EUR,withdrawal
4651,24/01/2026,IT1234,3324.49,EUR,deposit
4652,23/04/2026,IT2345,-1771.16,EUR,withdrawal
4653,05/03/2026,IT6789,1718.85,EUR,deposit
4654,10/05/2026,IT4567,-704.23,EUR,withdrawal
4655,14/03/2026,IT8901,200.79,EUR,deposit
4656,27/05/2026,IT1234,2359.54,EUR,deposit
4657,14/05/2026,IT1234,4875.54,EUR,deposit
4658,21/03/2026,IT1234,1940.05,EUR,deposit
4659,07/02/2026,IT7890,2452.52,EUR,deposit
4660,05/01/2026,IT5678,4857.01,EUR,deposit
4661,20/02/2026,IT2345,-27.27,EUR,transfer
4662,31/01/2026,IT2345,4321.41,EUR,deposit
4663,20/03/2026,IT8901,-1198.44,EUR,withdrawal
4664,08/02/2026,IT7890,1316.02,EUR,transfer
4665,26/04/2026,IT2345,-1004.67,EUR,withdrawal
4666,21/02/2026,IT6789,-519.99,EUR,withdrawal
4667,05/03/2026,IT5678,-566.81,EUR,withdrawal
4668,12/01/2026,IT4567,4466.24,EUR,deposit
4669,02/03/2026,IT6789,23%02))12,EUR,transfer
4670,28/03/2026,IT1234,1365.55,EUR,transfer
4671,12/01/2026,IT1234,1421.14,EUR,transfer
4672,02/01/2026,IT5678,-1296.79,EUR,withdrawal
4673,06/05/2026,IT2345,1072.7,EUR,transfer
4674,06/01/2026,IT3456,-1417.73,EUR,withdrawal
4675,01/05/2026,IT2345,622.06,EUR,transfer
4676,21/01/2026,IT7890,-870.73,EUR,withdrawal
4677,28/03/2026,IT6789,-427.27,EUR,transfer
4678,11/03/2026,IT2345,-1545.31,EUR,withdrawal
4679,24/05/2026,IT3456,1885.28,EUR,deposit
4680,11/02/2026,IT5678,877.94,EUR,transfer
4681,01/04/2026,IT8901,1407.23,EUR,transfer
4682,23/01/2026,IT3456,-167.8,EUR,withdrawal
4683,27/04/2026,IT2345,1075.79,EUR,transfer
4684,28/02/2026,IT5678,23%02))12,EUR,deposit
4685,20/05/2026,IT5678,994.6,EUR,transfer
4686,09/01/2026,IT2345,3573.54,EUR,deposit
4687,10/03/2026,IT6789,308.52,EUR,transfer
4688,13/04/2026,IT5678,341.21,EUR,transfer
4689,11/01/2026,IT3456,4048.1,EUR,deposit
4690,11/05/2026,IT2345,-1225.24,EUR,withdrawal
4691,13/04/2026,IT8901,-642.29,EUR,transfer
4692,07/05/2026,IT7890,595.95,EUR,deposit
4693,26/04/2026,IT2345,-821.0,EUR,withdrawal
4694,05/04/2026,IT4567,4417.79,EUR,deposit
4695,05/02/2026,IT7890,692.11,EUR,transfer
4696,07/05/2026,IT8901,-1303.87,EUR,transfer
4697,08/02/2026,IT5678,4348.02,EUR,deposit
4698,16/01/2026,IT8901,1721.25,EUR,deposit
4699,30/04/2026,IT5678,-1318.83,EUR,withdrawal
4700,19/02/2026,IT8901,1077.31,EUR,transfer
4701,05/04/2026,IT8901,500.99,EUR,deposit
4702,07/05/2026,IT8901,-972.45,EUR,withdrawal
4703,11/04/2026,IT3456,4942.74,EUR,deposit
4704,22/02/2026,IT1234,3080.83,EUR,deposit
4705,16/03/2026,IT5678,-255.79,EUR,withdrawal
4706,16/04/2026,IT2345,2141.03,EUR,deposit
4707,18/04/2026,IT2345,1111.26,EUR,transfer
4708,04/01/2026,IT3456,-181.96,EUR,withdrawal
4709,19/02/2026,IT7890,375.24,EUR,deposit
4710,24/05/2026,IT7890,-1787.27,EUR,withdrawal
4711,22/04/2026,IT6789,-1662.46,EUR,withdrawal
4712,29/03/2026,IT8901,-177.43,EUR,withdrawal
4713,26/05/2026,IT6789,1757.13,EUR,deposit
4714,10/03/2026,IT7890,373.18,EUR,deposit
4715,10/03/2026,IT1234,2889.61,EUR,deposit
4716,05/02/2026,IT4567,1617.74,EUR,deposit
4717,26/02/2026,IT1234,23%02))12,EUR,transfer
4718,03/04/2026,IT7890,-442.75,EUR,withdrawal
4719,08/03/2026,IT8901,1746.26,EUR,deposit
4720,31/05/2026,IT2345,4673.44,EUR,deposit
4721,26/03/2026,IT7890,4940.2,EUR,deposit
4722,13/03/2026,IT3456,1236.28,EUR,transfer
4723,10/01/2026,IT2345,4208.2,EUR,deposit
4724,08/02/2026,IT3456,4217.9,EUR,deposit
4725,02/02/2026,IT2345,-629.14,EUR,transfer
4726,19/02/2026,IT4567,2064.94,EUR,deposit
4727,20/04/2026,IT4567,-1119.4,EUR,transfer
4728,18/02/2026,IT1234,-597.41,EUR,withdrawal
4729,28/03/2026,IT4567,956.82,EUR,transfer
4730,01/01/2026,IT4567,3268.38,EUR,deposit
4731,14/02/2026,IT8901,4445.6,EUR,deposit
4732,08/04/2026,IT2345,-236.99,EUR,withdrawal
4733,22/05/2026,IT2345,1340.64,EUR,transfer
4734,04/04/2026,IT6789,-1260.97,EUR,withdrawal
4735,09/01/2026,IT8901,-598.77,EUR,withdrawal
4736,26/01/2026,IT8901,4197.68,EUR,deposit
4737,03/02/2026,IT4567,4786.01,EUR,deposit
4738,21/01/2026,IT7890,2951.23,EUR,deposit
4739,13/02/2026,IT3456,-933.39,EUR,withdrawal
4740,20/05/2026,IT8901,419.96,EUR,deposit
4741,19/03/2026,IT6789,2112.27,EUR,deposit
4742,21/04/2026,IT5678,-1174.02,EUR,withdrawal
4743,15/03/2026,IT5678,435.05,EUR,deposit
4744,02/04/2026,IT6789,224.16,EUR,transfer
4745,23/01/2026,IT2345,-932.99,EUR,withdrawal
4746,19/02/2026,IT7890,-1639.3,EUR,withdrawal
4747,29/04/2026,IT8901,327.27,EUR,deposit
4748,05/03/2026,IT5678,-1375.65,EUR,withdrawal
4749,29/03/2026,IT8901,4726.71,EUR,deposit
4750,22/04/2026,IT4567,1302.15,EUR,transfer
4751,05/04/2026,IT8901,-160.85,EUR,transfer
4752,31/01/2026,IT1234,-1260.44,EUR,withdrawal
4753,15/05/2026,IT3456,76.72,EUR,transfer
4754,31/05/2026,IT5678,-1226.85,EUR,withdrawal
4755,05/01/2026,IT8901,894.19,EUR,transfer
4756,22/05/2026,IT3456,1299.98,EUR,transfer
4757,07/02/2026,IT5678,-668.46,EUR,transfer
4758,28/01/2026,IT6789,-1594.89,EUR,withdrawal
4759,13/03/2026,IT7890,1191.29,EUR,transfer
4760,24/03/2026,IT2345,1179.55,EUR,transfer
4761,09/04/2026,IT7890,254.25,EUR,deposit
4762,14/02/2026,IT2345,-1108.37,EUR,withdrawal
4763,03/04/2026,IT8901,4125.23,EUR,deposit
4764,15/03/2026,IT1234,2229.01,EUR,deposit
4765,15/02/2026,IT6789,1038.61,EUR,deposit
4766,09/05/2026,IT3456,-1082.13,EUR,transfer
4767,11/01/2026,IT3456,3009.72,EUR,deposit
4768,26/04/2026,IT6789,369.17,EUR,transfer
4769,12/02/2026,IT1234,877.02,EUR,transfer
4770,08/04/2026,IT5678,-88.98,EUR,transfer
4771,09/04/2026,IT2345,-487.38,EUR,transfer
4772,07/03/2026,IT4567,1826.75,EUR,deposit
4773,08/03/2026,IT3456,-954.99,EUR,withdrawal
4774,10/01/2026,IT7890,1392.46,EUR,transfer
4775,13/01/2026,IT7890,3882.97,EUR,deposit
4776,11/04/2026,IT5678,2814.38,EUR,deposit
4777,06/02/2026,IT6789,-1402.5,EUR,withdrawal
4778,13/02/2026,IT2345,-1278.82,EUR,transfer
4779,31/05/2026,IT1234,942.15,EUR,transfer
4780,23/03/2026,IT8901,4371.77,EUR,deposit
4781,05/05/2026,IT7890,-1154.68,EUR,withdrawal
4782,08/01/2026,IT8901,-595.88,EUR,transfer
4783,22/05/2026,IT2345,2556.19,EUR,deposit
4784,03/01/2026,IT2345,1261.55,EUR,transfer
4785,07/03/2026,IT3456,-425.89,EUR,transfer
4786,04/05/2026,IT4567,-804.24,EUR,withdrawal
4787,16/04/2026,IT2345,3316.87,EUR,deposit
4788,11/05/2026,IT2345,308.21,EUR,deposit
4789,04/01/2026,IT7890,-1080.99,EUR,withdrawal
4790,25/04/2026,IT5678,-77.97,EUR,withdrawal
4791,15/04/2026,IT3456,3557.31,EUR,deposit
4792,18/01/2026,IT4567,291.75,EUR,transfer
4793,15/04/2026,IT3456,-228.42,EUR,withdrawal
4794,22/05/2026,IT1234,858.54,EUR,transfer
4795,27/01/2026,IT2345,-388.4,EUR,transfer
4796,27/01/2026,IT2345,1159.22,EUR,deposit
4797,30/01/2026,IT6789,874.02,EUR,deposit
4798,21/01/2026,IT3456,-314.63,EUR,transfer
4799,12/03/2026,IT6789,838.85,EUR,transfer
4800,15/05/2026,IT3456,852.34,EUR,transfer
4801,12/05/2026,IT4567,924.15,EUR,transfer
4802,11/01/2026,IT4567,393.42,EUR,deposit
4803,19/04/2026,IT4567,23%02))12,EUR,transfer
4804,06/01/2026,IT1234,2635.43,EUR,deposit
4805,02/04/2026,IT8901,-81.07,EUR,withdrawal
4806,29/01/2026,IT7890,-725.82,EUR,withdrawal
4807,21/03/2026,IT2345,-4.13,EUR,transfer
4808,20/03/2026,IT7890,-102.16,EUR,withdrawal
4809,19/04/2026,IT4567,4877.52,EUR,deposit
4810,06/02/2026,IT7890,-652.63,EUR,transfer
4811,31/01/2026,IT1234,-381.05,EUR,withdrawal
4812,18/01/2026,IT1234,-1233.69,EUR,withdrawal
4813,22/04/2026,IT5678,3455.51,EUR,deposit
4814,01/01/2026,IT5678,56.55,EUR,deposit
4815,25/02/2026,IT2345,418.84,EUR,transfer
4816,22/02/2026,IT5678,-699.6,EUR,withdrawal
4817,08/05/2026,IT6789,752.41,EUR,transfer
4818,27/01/2026,IT7890,-385.67,EUR,withdrawal
4819,19/05/2026,IT3456,-439.66,EUR,withdrawal
4820,06/02/2026,IT5678,3870.25,EUR,deposit
4821,10/04/2026,IT3456,-439.64,EUR,withdrawal
4822,09/03/2026,IT7890,119.91,EUR,transfer
4823,21/03/2026,IT5678,-60.84,EUR,transfer
4824,23/01/2026,IT4567,2696.64,EUR,deposit
4825,31/03/2026,IT7890,619.2,EUR,deposit
4826,19/05/2026,IT8901,-291.11,EUR,transfer
4827,24/03/2026,IT7890,4180.85,EUR,deposit
4828,07/04/2026,IT3456,-1264.92,EUR,withdrawal
4829,10/05/2026,IT2345,-1089.53,EUR,withdrawal
4830,04/05/2026,IT5678,-55.92,EUR,transfer
4831,02/02/2026,IT1234,-296.34,EUR,transfer
4832,20/03/2026,IT2345,822.53,EUR,deposit
4833,26/03/2026,IT7890,3410.96,EUR,deposit
4834,13/01/2026,IT1234,-1251.58,EUR,transfer
4835,24/04/2026,IT4567,1332.68,EUR,transfer
4836,10/02/2026,IT4567,721.92,EUR,transfer
4837,07/01/2026,IT8901,2334.35,EUR,deposit
4838,02/01/2026,IT5678,1015.58,EUR,transfer
4839,16/01/2026,IT5678,1339.18,EUR,deposit
4840,02/03/2026,IT1234,1790.53,EUR,deposit
4841,16/01/2026,IT8901,-1420.96,EUR,transfer
4842,23/03/2026,IT6789,4236.98,EUR,deposit
4843,03/02/2026,IT1234,-1024.46,EUR,withdrawal
4844,12/05/2026,IT7890,-1912.76,EUR,withdrawal
4845,11/02/2026,IT7890,-1635.37,EUR,withdrawal
4846,22/01/2026,IT8901,-1105.29,EUR,withdrawal
4847,24/05/2026,IT1234,4007.38,EUR,deposit
4848,07/01/2026,IT3456,1496.66,EUR,deposit
4849,18/02/2026,IT6789,-246.12,EUR,transfer
4850,27/02/2026,IT1234,2949.25,EUR,deposit
4851,19/05/2026,IT7890,3600.45,EUR,deposit
4852,10/02/2026,IT8901,-480.31,EUR,transfer
4853,14/05/2026,IT7890,819.66,EUR,transfer
4854,02/03/2026,IT8901,-1409.35,EUR,withdrawal
4855,13/02/2026,IT1234,-527.26,EUR,transfer
4856,23/04/2026,IT7890,-1199.15,EUR,transfer
4857,15/03/2026,IT7890,305.84,EUR,transfer
4858,03/05/2026,IT6789,-772.64,EUR,transfer
4859,06/04/2026,IT1234,-547.31,EUR,withdrawal
4860,13/02/2026,IT1234,1411.97,EUR,deposit
4861,24/05/2026,IT2345,1434.15,EUR,transfer
4862,23/01/2026,IT3456,-410.28,EUR,transfer
4863,03/05/2026,IT5678,4055.97,EUR,deposit
4864,04/04/2026,IT3456,-1836.41,EUR,withdrawal
4865,28/03/2026,IT8901,-1943.38,EUR,withdrawal
4866,02/05/2026,IT7890,-623.78,EUR,withdrawal
4867,22/01/2026,IT7890,-1826.56,EUR,withdrawal
4868,13/04/2026,IT8901,894.97,EUR,deposit
4869,08/05/2026,IT2345,77.49,EUR,transfer
4870,23/04/2026,IT8901,-67.91,EUR,transfer
4871,29/05/2026,IT4567,-461.36,EUR,transfer
4872,04/03/2026,IT6789,3186.7,EUR,deposit
4873,13/03/2026,IT1234,733.29,EUR,transfer
4874,03/05/2026,IT5678,627.67,EUR,transfer
4875,07/03/2026,IT4567,201.24,EUR,transfer
4876,02/05/2026,IT2345,528.37,EUR,deposit
4877,15/02/2026,IT6789,610.68,EUR,transfer
4878,06/02/2026,IT3456,-319.8,EUR,withdrawal
4879,30/03/2026,IT4567,-425.65,EUR,transfer
4880,30/05/2026,IT1234,4849.9,EUR,deposit
4881,16/04/2026,IT2345,23%02))12,EUR,deposit
4882,05/04/2026,IT2345,-1145.9,EUR,withdrawal
4883,27/05/2026,IT5678,-295.62,EUR,transfer
4884,29/03/2026,IT5678,-229.55,EUR,transfer
4885,13/01/2026,IT8901,-1891.95,EUR,withdrawal
4886,01/03/2026,IT7890,194.82,EUR,deposit
4887,08/01/2026,IT4567,3573.73,EUR,deposit
4888,18/04/2026,IT8901,292.07,EUR,deposit
4889,10/03/2026,IT5678,3486.78,EUR,deposit
4890,22/02/2026,IT1234,3500.14,EUR,deposit
4891,,IT1234,837.99,EUR,deposit
4892,21/05/2026,IT8901,3563.17,EUR,deposit
4893,03/02/2026,IT5678,-1372.35,EUR,withdrawal
4894,13/02/2026,IT5678,555.81,EUR,transfer
4895,05/03/2026,IT8901,-171.48,EUR,withdrawal
4896,17/04/2026,IT5678,3503.89,EUR,deposit
4897,11/02/2026,IT6789,3796.0,EUR,deposit
4898,02/02/2026,IT6789,-120.74,EUR,transfer
4899,01/05/2026,IT7890,2071.72,EUR,deposit
4900,25/04/2026,IT5678,-1774.4,EUR,withdrawal
4901,23/03/2026,IT2345,-835.7,EUR,withdrawal
4902,05/04/2026,IT3456,-693.54,EUR,transfer
4903,13/05/2026,IT1234,-149.47,EUR,transfer
4904,11/02/2026,IT1234,-1012.79,EUR,transfer
4905,30/03/2026,IT8901,3128.33,EUR,deposit
4906,22/03/2026,IT4567,172.07,EUR,transfer
4907,13/02/2026,IT8901,1233.08,EUR,deposit
4908,01/04/2026,IT1234,-51.71,EUR,withdrawal
4909,05/04/2026,IT1234,1949.81,EUR,deposit
4910,12/02/2026,IT2345,1185.95,EUR,transfer
4911,05/02/2026,IT5678,-817.38,EUR,transfer
4912,13/05/2026,IT8901,891.57,EUR,transfer
4913,13/04/2026,IT2345,-385.54,EUR,withdrawal
4914,25/04/2026,IT7890,-489.91,EUR,withdrawal
4915,03/04/2026,IT7890,-490.48,EUR,withdrawal
4916,08/05/2026,IT6789,63.84,EUR,deposit
4917,13/05/2026,IT7890,2905.94,EUR,deposit
4918,16/04/2026,IT6789,-898.57,EUR,transfer
4919,13/02/2026,IT7890,381.21,EUR,transfer
4920,25/04/2026,IT3456,4298.58,EUR,deposit
4921,20/01/2026,IT6789,1782.69,EUR,deposit
4922,21/03/2026,IT4567,2608.53,EUR,deposit
4923,24/03/2026,IT1234,-676.25,EUR,withdrawal
4924,27/01/2026,IT4567,-899.59,EUR,transfer
4925,25/02/2026,IT3456,2807.33,EUR,deposit
4926,03/02/2026,IT4567,2718.41,EUR,deposit
4927,29/03/2026,IT3456,-137.15,EUR,withdrawal
4928,12/05/2026,IT7890,-644.14,EUR,withdrawal
4929,09/01/2026,IT6789,-948.62,EUR,transfer
4930,10/01/2026,IT7890,-1969.03,EUR,withdrawal
4931,27/05/2026,IT6789,309.13,EUR,transfer
4932,21/05/2026,IT8901,826.82,EUR,transfer
4933,10/03/2026,IT7890,-569.39,EUR,transfer
4934,15/05/2026,IT7890,722.99,EUR,deposit
4935,06/01/2026,IT8901,-145.26,EUR,withdrawal
4936,25/01/2026,IT2345,879.7,EUR,transfer
4937,08/01/2026,IT4567,-1406.35,EUR,withdrawal
4938,27/01/2026,IT8901,-976.59,EUR,transfer
4939,23/05/2026,IT7890,-921.37,EUR,transfer
4940,30/01/2026,IT7890,38.07,EUR,transfer
4941,11/05/2026,IT6789,-659.55,EUR,transfer
4942,20/01/2026,IT3456,4884.71,EUR,deposit
4943,15/02/2026,IT7890,-1695.15,EUR,withdrawal
4944,04/02/2026,IT4567,2556.79,EUR,deposit
4945,,IT8901,-931.83,EUR,transfer
4946,03/04/2026,IT5678,2242.1,EUR,deposit
4947,07/01/2026,IT5678,-1964.01,EUR,withdrawal
4948,13/04/2026,IT1234,-846.43,EUR,transfer
4949,25/03/2026,IT3456,-409.34,EUR,withdrawal
4950,19/01/2026,IT1234,-35.99,EUR,withdrawal
4951,06/05/2026,IT6789,1618.19,EUR,deposit
4952,10/05/2026,IT6789,-1745.55,EUR,withdrawal
4953,29/04/2026,IT4567,-119.68,EUR,withdrawal
4954,10/03/2026,IT1234,4685.9,EUR,deposit
4955,23/01/2026,IT6789,-1834.68,EUR,withdrawal
4956,28/04/2026,IT5678,-1299.17,EUR,withdrawal
4957,02/01/2026,IT6789,-1217.5,EUR,transfer
4958,10/05/2026,IT8901,-237.39,EUR,withdrawal
4959,01/02/2026,IT6789,-749.98,EUR,withdrawal
4960,02/03/2026,IT2345,4940.58,EUR,deposit
4961,16/04/2026,IT4567,3821.66,EUR,deposit
4962,01/01/1750,IT2345,201.01,EUR,deposit
4963,09/01/2026,IT2345,-1075.04,EUR,withdrawal
4964,16/05/2026,IT7890,956.78,EUR,transfer
4965,14/01/2026,IT4567,1101.92,EUR,deposit
4966,21/01/2026,IT7890,30.32,EUR,transfer
4967,01/01/2026,IT7890,959.93,EUR,transfer
4968,09/03/2026,IT3456,-1251.54,EUR,withdrawal
4969,26/04/2026,IT8901,-524.13,EUR,withdrawal
4970,24/04/2026,IT6789,2924.22,EUR,deposit
4971,10/05/2026,IT5678,941.98,EUR,transfer
4972,20/04/2026,IT6789,4959.49,EUR,deposit
4973,09/04/2026,IT2345,-985.19,EUR,transfer
4974,01/02/2026,IT8901,2643.36,EUR,deposit
4975,10/01/2026,IT5678,-910.26,EUR,withdrawal
4976,23/03/2026,IT4567,3163.06,EUR,deposit
4977,24/01/2026,IT5678,3456.02,EUR,deposit
4978,05/05/2026,IT2345,-445.4,EUR,transfer
4979,12/02/2026,IT4567,-1506.31,EUR,withdrawal
4980,13/01/2026,IT5678,-1875.61,EUR,withdrawal
4981,14/03/2026,IT3456,293.24,EUR,deposit
4982,01/01/1750,IT5678,-314.08,EUR,withdrawal
4983,21/03/2026,IT8901,1020.0,EUR,deposit
4984,06/05/2026,IT2345,2724.0,EUR,deposit
4985,30/01/2026,IT8901,-863.06,EUR,transfer
4986,13/04/2026,IT1234,1055.66,EUR,transfer
4987,03/02/2026,IT8901,-1378.64,EUR,transfer
4988,16/03/2026,IT4567,2226.55,EUR,deposit
4989,12/02/2026,IT6789,742.06,EUR,deposit
4990,15/03/2026,IT8901,-708.23,EUR,withdrawal
4991,22/04/2026,IT2345,-419.23,EUR,withdrawal
4992,11/04/2026,IT6789,3212.69,EUR,deposit
4993,08/03/2026,IT7890,825.7,EUR,transfer
4994,25/03/2026,IT5678,23.56,EUR,transfer
4995,04/05/2026,IT8901,2590.83,EUR,deposit
4996,17/01/2026,IT5678,-1072.83,EUR,transfer
4997,18/02/2026,IT7890,-1679.81,EUR,withdrawal
4998,02/04/2026,IT4567,-1758.44,EUR,withdrawal
4999,07/01/2026,IT7890,-472.5,EUR,transfer
5000,28/05/2026,IT2345,3742.12,EUR,deposit
5001,03/05/2026,IT8901,2430.28,EUR,deposit
5002,26/02/2026,IT7890,95.27,EUR,deposit
5003,09/05/2026,IT7890,-935.44,EUR,transfer
5004,17/05/2026,IT8901,-1981.62,EUR,withdrawal
5005,04/03/2026,IT1234,895.33,EUR,transfer
5006,18/01/2026,IT3456,590.58,EUR,transfer
5007,09/02/2026,IT1234,882.69,EUR,deposit
5008,29/03/2026,IT4567,-476.38,EUR,transfer
5009,25/04/2026,IT5678,-508.27,EUR,withdrawal
5010,15/04/2026,IT2345,-600.05,EUR,withdrawal
5011,27/04/2026,IT2345,4809.16,EUR,deposit
5012,04/01/2026,IT4567,4258.55,EUR,deposit
5013,30/04/2026,IT5678,-862.59,EUR,withdrawal
5014,10/02/2026,IT3456,-1787.88,EUR,withdrawal
5015,11/01/2026,IT4567,-626.19,EUR,withdrawal
5016,07/02/2026,IT3456,1119.72,EUR,transfer
5017,11/01/2026,IT3456,4551.97,EUR,deposit
5018,18/03/2026,IT2345,-1591.99,EUR,withdrawal
5019,04/03/2026,IT3456,-1188.63,EUR,transfer
5020,30/04/2026,IT5678,-372.5,EUR,withdrawal
5021,03/01/2026,IT1234,4684.27,EUR,deposit
5022,03/04/2026,IT5678,-762.73,EUR,transfer
5023,11/03/2026,IT1234,-1459.78,EUR,withdrawal
5024,01/03/2026,IT4567,786.15,EUR,transfer
5025,02/03/2026,IT4567,-452.46,EUR,transfer
5026,16/02/2026,IT8901,-1289.63,EUR,withdrawal
5027,12/01/2026,IT8901,-1346.1,EUR,withdrawal
5028,30/05/2026,IT4567,626.86,EUR,transfer
5029,13/04/2026,IT5678,3117.46,EUR,deposit
5030,20/05/2026,IT6789,2388.54,EUR,deposit
5031,23/05/2026,IT3456,3278.95,EUR,deposit
5032,01/01/2026,IT7890,1019.66,EUR,transfer
5033,24/01/2026,IT6789,993.36,EUR,transfer
5034,08/04/2026,IT8901,-1332.53,EUR,withdrawal
5035,11/05/2026,IT6789,-346.23,EUR,withdrawal
5036,10/04/2026,IT2345,-1278.71,EUR,transfer
5037,06/01/2026,IT1234,-1696.14,EUR,withdrawal
5038,19/04/2026,IT5678,-534.26,EUR,transfer
5039,29/01/2026,IT3456,-1628.37,EUR,withdrawal
5040,07/02/2026,IT3456,-1027.49,EUR,transfer
5041,26/04/2026,IT2345,-1567.9,EUR,withdrawal
5042,26/05/2026,IT3456,-1816.95,EUR,withdrawal
5043,16/05/2026,IT1234,3943.26,EUR,deposit
5044,03/02/2026,IT4567,2582.84,EUR,deposit
5045,22/05/2026,IT5678,-1108.91,EUR,withdrawal
5046,18/03/2026,IT7890,546.49,EUR,transfer
5047,05/01/2026,IT3456,-624.45,EUR,transfer
5048,18/01/2026,IT4567,-369.6,EUR,withdrawal
5049,06/02/2026,IT5678,-1376.41,EUR,withdrawal
5050,29/03/2026,IT8901,2840.12,EUR,deposit
5051,04/01/2026,IT3456,674.59,EUR,deposit
5052,07/01/2026,IT8901,-1007.21,EUR,transfer
5053,13/03/2026,IT5678,3866.92,EUR,deposit
5054,20/03/2026,IT1234,543.96,EUR,transfer
5055,19/05/2026,IT5678,-842.76,EUR,withdrawal
5056,07/04/2026,IT5678,-596.93,EUR,transfer
5057,01/01/1750,IT8901,-1151.99,EUR,withdrawal
5058,22/02/2026,IT3456,1466.57,EUR,transfer
5059,13/02/2026,IT6789,1325.02,EUR,deposit
5060,28/02/2026,IT2345,-1310.12,EUR,transfer
5061,27/01/2026,IT3456,-1958.11,EUR,withdrawal
5062,23/02/2026,IT1234,-223.96,EUR,transfer
5063,02/04/2026,IT6789,-1143.31,EUR,withdrawal
5064,01/01/1750,IT2345,-99.42,EUR,withdrawal
5065,12/02/2026,IT8901,420.64,EUR,transfer
5066,16/03/2026,IT3456,1986.89,EUR,deposit
5067,25/02/2026,IT4567,1898.57,EUR,deposit
5068,14/04/2026,IT7890,-685.95,EUR,transfer
5069,06/04/2026,IT3456,2622.1,EUR,deposit
5070,01/03/2026,IT5678,725.01,EUR,transfer
5071,21/03/2026,IT2345,-184.66,EUR,withdrawal
5072,18/05/2026,IT5678,-99.29,EUR,withdrawal
5073,11/05/2026,IT1234,-1558.28,EUR,withdrawal
5074,02/03/2026,IT2345,4881.23,EUR,deposit
5075,17/05/2026,IT3456,518.72,EUR,transfer
5076,24/03/2026,IT4567,4822.42,EUR,deposit
5077,17/04/2026,IT2345,-532.48,EUR,transfer
5078,06/04/2026,IT1234,-1903.26,EUR,withdrawal
5079,29/01/2026,IT5678,-1156.0,EUR,transfer
5080,19/01/2026,IT6789,1421.79,EUR,deposit
5081,30/01/2026,IT8901,4224.55,EUR,deposit
5082,19/03/2026,IT1234,-996.89,EUR,withdrawal
5083,03/02/2026,IT8901,-1108.01,EUR,transfer
5084,29/04/2026,IT4567,-941.3,EUR,withdrawal
5085,05/03/2026,IT2345,-619.47,EUR,withdrawal
5086,06/05/2026,IT1234,-1294.02,EUR,transfer
5087,07/01/2026,IT6789,-436.4,EUR,transfer
5088,16/01/2026,IT8901,1089.07,EUR,transfer
5089,17/03/2026,IT1234,1459.71,EUR,transfer
5090,15/02/2026,IT8901,-1351.57,EUR,withdrawal
5091,14/01/2026,IT1234,1596.22,EUR,deposit
5092,31/05/2026,IT3456,653.1,EUR,transfer
5093,05/01/2026,IT5678,-677.12,EUR,withdrawal
5094,22/02/2026,IT3456,-1014.7,EUR,transfer
5095,05/03/2026,IT2345,-1000.87,EUR,withdrawal
5096,19/01/2026,IT2345,-603.26,EUR,withdrawal
5097,09/02/2026,IT4567,-1300.0,EUR,transfer
5098,30/04/2026,IT1234,1000.86,EUR,deposit
5099,28/01/2026,IT1234,23%02))12,EUR,transfer
5100,31/05/2026,IT6789,2631.65,EUR,deposit
5101,01/04/2026,IT7890,1367.55,EUR,transfer
5102,12/02/2026,IT2345,-1737.96,EUR,withdrawal
5103,17/05/2026,IT8901,-570.07,EUR,withdrawal
5104,07/02/2026,IT2345,2699.08,EUR,deposit
5105,17/02/2026,IT7890,1389.78,EUR,deposit
5106,10/05/2026,IT5678,798.0,EUR,transfer
5107,16/05/2026,IT1234,3548.64,EUR,deposit
5108,05/04/2026,IT7890,1106.26,EUR,transfer
5109,12/01/2026,IT1234,1467.45,EUR,transfer
5110,02/01/2026,IT2345,-348.64,EUR,withdrawal
5111,09/04/2026,IT8901,4364.94,EUR,deposit
5112,20/05/2026,IT5678,3045.02,EUR,deposit
5113,21/05/2026,IT5678,-1291.83,EUR,transfer
5114,17/01/2026,IT8901,-1089.73,EUR,withdrawal
5115,04/02/2026,IT2345,-1751.05,EUR,withdrawal
5116,07/05/2026,IT5678,597.9,EUR,transfer
5117,20/02/2026,IT7890,-151.59,EUR,transfer
5118,22/05/2026,IT6789,-1284.66,EUR,transfer
5119,15/01/2026,IT5678,-1302.0,EUR,withdrawal
5120,07/04/2026,IT8901,-436.54,EUR,transfer
5121,01/04/2026,IT3456,-1868.66,EUR,withdrawal
5122,12/02/2026,IT1234,4556.34,EUR,deposit
5123,02/05/2026,IT5678,4652.54,EUR,deposit
5124,11/04/2026,IT2345,-1952.63,EUR,withdrawal
5125,03/02/2026,IT1234,-979.27,EUR,withdrawal
5126,30/03/2026,IT3456,-871.27,EUR,transfer
5127,23/05/2026,IT5678,3378.82,EUR,deposit
5128,,IT6789,-407.82,EUR,withdrawal
5129,23/05/2026,IT5678,-331.5,EUR,withdrawal
5130,04/03/2026,IT3456,1265.74,EUR,transfer
5131,14/01/2026,IT8901,2231.05,EUR,deposit
5132,22/05/2026,IT5678,4837.88,EUR,deposit
5133,06/05/2026,IT5678,89.93,EUR,transfer
5134,25/05/2026,IT8901,-1820.91,EUR,withdrawal
5135,23/03/2026,IT5678,1456.23,EUR,deposit
5136,13/02/2026,IT7890,-214.45,EUR,transfer
5137,20/04/2026,IT2345,2136.88,EUR,deposit
5138,13/04/2026,IT3456,23%02))12,EUR,transfer
5139,22/03/2026,IT2345,453.59,EUR,transfer
5140,25/01/2026,IT8901,1532.99,EUR,deposit
5141,10/03/2026,IT2345,-1388.36,EUR,withdrawal
5142,04/02/2026,IT8901,-429.69,EUR,withdrawal
5143,06/01/2026,IT1234,-948.17,EUR,withdrawal
5144,30/04/2026,IT5678,-543.3,EUR,transfer
5145,04/05/2026,IT1234,-477.93,EUR,withdrawal
5146,25/05/2026,IT2345,-29.26,EUR,transfer
5147,05/05/2026,IT6789,2627.96,EUR,deposit
5148,24/01/2026,IT5678,3712.85,EUR,deposit
5149,30/05/2026,IT1234,-1432.98,EUR,withdrawal
5150,11/01/2026,IT3456,848.63,EUR,transfer
5151,02/01/2026,IT8901,1805.53,EUR,deposit
5152,31/01/2026,IT2345,356.39,EUR,transfer
5153,30/03/2026,IT2345,676.32,EUR,deposit
5154,26/01/2026,IT3456,4815.47,EUR,deposit
5155,05/05/2026,IT3456,1374.78,EUR,deposit
5156,27/05/2026,IT7890,950.81,EUR,transfer
5157,09/01/2026,IT8901,1005.24,EUR,transfer
5158,28/02/2026,IT4567,271.72,EUR,deposit
5159,25/02/2026,IT2345,1331.68,EUR,deposit
5160,07/04/2026,IT1234,-227.11,EUR,transfer
5161,05/02/2026,IT2345,1476.13,EUR,deposit
5162,08/01/2026,IT7890,827.24,EUR,transfer
5163,27/05/2026,IT7890,2167.82,EUR,deposit
5164,17/01/2026,IT6789,-479.31,EUR,withdrawal
5165,13/05/2026,IT6789,-1930.52,EUR,withdrawal
5166,07/05/2026,IT3456,1232.44,EUR,transfer
5167,08/04/2026,IT2345,-1233.3,EUR,withdrawal
5168,26/04/2026,IT3456,-1489.73,EUR,withdrawal
5169,02/04/2026,IT2345,-761.1,EUR,withdrawal
5170,05/04/2026,IT1234,874.73,EUR,deposit
5171,03/05/2026,IT4567,-861.78,EUR,withdrawal
5172,21/02/2026,IT4567,1328.1,EUR,transfer
5173,10/04/2026,IT7890,132.44,EUR,deposit
5174,21/05/2026,IT4567,1955.36,EUR,deposit
5175,20/03/2026,IT2345,3128.29,EUR,deposit
5176,09/05/2026,IT8901,23%02))12,EUR,transfer
5177,08/04/2026,IT2345,1213.41,EUR,transfer
5178,19/03/2026,IT4567,-1773.3,EUR,withdrawal
5179,07/04/2026,IT3456,1383.11,EUR,transfer
5180,21/03/2026,IT1234,-865.64,EUR,transfer
5181,06/04/2026,IT4567,-1083.55,EUR,transfer
5182,01/05/2026,IT7890,3230.59,EUR,deposit
5183,29/04/2026,IT8901,4991.61,EUR,deposit
5184,30/05/2026,IT3456,1218.21,EUR,transfer
5185,21/04/2026,IT6789,4133.91,EUR,deposit
5186,08/05/2026,IT5678,545.17,EUR,transfer
5187,24/03/2026,IT5678,729.98,EUR,transfer
5188,,IT5678,929.51,EUR,deposit
5189,03/01/2026,IT6789,-1528.26,EUR,withdrawal
5190,07/01/2026,IT7890,3564.05,EUR,deposit
5191,01/01/2026,IT2345,4407.4,EUR,deposit
5192,18/05/2026,IT7890,-1487.41,EUR,withdrawal
5193,08/03/2026,IT4567,-1941.01,EUR,withdrawal
5194,07/05/2026,IT8901,946.81,EUR,transfer
5195,05/02/2026,IT6789,-1193.11,EUR,transfer
5196,23/04/2026,IT5678,349.09,EUR,deposit
5197,09/05/2026,IT5678,-1475.55,EUR,withdrawal
5198,20/05/2026,IT3456,616.65,EUR,transfer
5199,27/05/2026,IT6789,-248.72,EUR,transfer
5200,16/03/2026,IT7890,-1030.23,EUR,withdrawal
5201,01/03/2026,IT6789,-1354.3,EUR,transfer
5202,29/05/2026,IT8901,1526.79,EUR,deposit
5203,16/05/2026,IT5678,413.84,EUR,transfer
5204,06/02/2026,IT4567,-1464.86,EUR,withdrawal
5205,05/01/2026,IT1234,-860.89,EUR,withdrawal
5206,30/01/2026,IT2345,-1018.95,EUR,transfer
5207,14/05/2026,IT8901,2564.62,EUR,deposit
5208,31/01/2026,IT6789,2033.19,EUR,deposit
5209,22/03/2026,IT2345,1792.3,EUR,deposit
5210,17/04/2026,IT7890,-484.78,EUR,withdrawal
5211,10/04/2026,IT6789,3592.83,EUR,deposit
5212,26/05/2026,IT7890,464.84,EUR,deposit
5213,01/01/2026,IT8901,-1480.14,EUR,withdrawal
5214,16/04/2026,IT6789,-277.52,EUR,withdrawal
5215,05/02/2026,IT1234,-806.39,EUR,withdrawal
5216,09/03/2026,IT8901,-1421.21,EUR,withdrawal
5217,30/03/2026,IT7890,872.4,EUR,transfer
5218,05/04/2026,IT4567,-695.82,EUR,withdrawal
5219,08/03/2026,IT3456,-563.58,EUR,transfer
5220,02/02/2026,IT3456,-1080.36,EUR,withdrawal
5221,26/03/2026,IT8901,3918.91,EUR,deposit
5222,11/02/2026,IT5678,2677.83,EUR,deposit
5223,04/04/2026,IT3456,-1803.84,EUR,withdrawal
5224,14/01/2026,IT8901,56.82,EUR,transfer
5225,14/03/2026,IT8901,-1061.5,EUR,transfer
5226,06/05/2026,IT3456,4075.0,EUR,deposit
5227,31/05/2026,IT4567,-1363.39,EUR,transfer
5228,18/04/2026,IT1234,-1736.79,EUR,withdrawal
5229,27/04/2026,IT5678,-1018.96,EUR,transfer
5230,05/03/2026,IT1234,-104.43,EUR,withdrawal
5231,18/05/2026,IT7890,1108.24,EUR,transfer
5232,07/05/2026,IT1234,4215.01,EUR,deposit
5233,26/05/2026,IT8901,4164.46,EUR,deposit
5234,27/03/2026,IT7890,-212.58,EUR,withdrawal
5235,17/03/2026,IT1234,818.35,EUR,transfer
5236,17/01/2026,IT2345,-459.29,EUR,withdrawal
5237,09/04/2026,IT4567,2636.47,EUR,deposit
5238,29/04/2026,IT8901,447.38,EUR,transfer
5239,26/05/2026,IT3456,-86.89,EUR,withdrawal
5240,19/02/2026,IT1234,-920.4,EUR,withdrawal
5241,30/04/2026,IT5678,-558.86,EUR,withdrawal
5242,25/03/2026,IT4567,-592.67,EUR,transfer
5243,10/03/2026,IT5678,-1318.85,EUR,withdrawal
5244,11/01/2026,IT5678,388.75,EUR,transfer
5245,30/03/2026,IT7890,2425.36,EUR,deposit
5246,31/05/2026,IT1234,-817.69,EUR,withdrawal
5247,13/03/2026,IT6789,1204.9,EUR,deposit
5248,24/04/2026,IT4567,510.44,EUR,transfer
5249,05/04/2026,IT6789,-1110.9,EUR,transfer
5250,23/04/2026,IT2345,-406.93,EUR,withdrawal
5251,10/01/2026,IT8901,3428.42,EUR,deposit
5252,21/01/2026,IT4567,-1131.21,EUR,withdrawal
5253,04/02/2026,IT2345,1150.31,EUR,transfer
5254,06/04/2026,IT2345,-97.78,EUR,withdrawal
5255,09/01/2026,IT5678,520.94,EUR,transfer
5256,06/02/2026,IT4567,318.95,EUR,deposit
5257,16/05/2026,IT6789,-1386.48,EUR,withdrawal
5258,01/01/2026,IT6789,-1465.67,EUR,withdrawal
5259,25/03/2026,IT6789,4484.13,EUR,deposit
5260,05/05/2026,IT1234,538.98,EUR,transfer
5261,19/01/2026,IT5678,-663.38,EUR,withdrawal
5262,19/02/2026,IT8901,4432.08,EUR,deposit
5263,23/04/2026,IT3456,-1445.51,EUR,withdrawal
5264,26/02/2026,IT7890,1287.5,EUR,transfer
5265,02/03/2026,IT8901,198.98,EUR,deposit
5266,30/04/2026,IT4567,19.39,EUR,transfer
5267,04/02/2026,IT6789,-234.2,EUR,withdrawal
5268,15/01/2026,IT5678,-93.18,EUR,withdrawal
5269,17/03/2026,IT5678,-837.09,EUR,withdrawal
5270,01/01/1750,IT8901,1996.77,EUR,deposit
5271,08/03/2026,IT3456,4012.32,EUR,deposit
5272,18/01/2026,IT3456,-519.45,EUR,withdrawal
5273,04/04/2026,IT6789,3345.84,EUR,deposit
5274,10/04/2026,IT8901,-468.49,EUR,withdrawal
5275,05/03/2026,IT6789,-1689.04,EUR,withdrawal
5276,12/04/2026,IT1234,647.51,EUR,deposit
5277,20/02/2026,IT4567,-1215.87,EUR,withdrawal
5278,02/04/2026,IT4567,-979.23,EUR,withdrawal
5279,08/01/2026,IT4567,-1658.97,EUR,withdrawal
5280,10/01/2026,IT8901,1753.67,EUR,deposit
5281,10/05/2026,IT7890,-1380.23,EUR,transfer
5282,09/04/2026,IT4567,2604.02,EUR,deposit
5283,23/01/2026,IT2345,335.45,EUR,deposit
5284,20/04/2026,IT6789,4356.71,EUR,deposit
5285,26/05/2026,IT1234,-1349.36,EUR,withdrawal
5286,31/05/2026,IT5678,-1170.52,EUR,transfer
5287,25/04/2026,IT4567,2831.14,EUR,deposit
5288,06/03/2026,IT8901,378.93,EUR,transfer
5289,08/05/2026,IT1234,541.02,EUR,deposit
5290,18/03/2026,IT3456,1612.69,EUR,deposit
5291,18/02/2026,IT5678,883.02,EUR,deposit
5292,15/03/2026,IT8901,-1276.39,EUR,transfer
5293,04/03/2026,IT6789,-466.35,EUR,transfer
5294,11/05/2026,IT8901,657.73,EUR,transfer
5295,22/02/2026,IT4567,2328.58,EUR,deposit
5296,27/04/2026,IT2345,-29.62,EUR,withdrawal
5297,13/04/2026,IT3456,1575.46,EUR,deposit
5298,01/04/2026,IT4567,-1616.37,EUR,withdrawal
5299,25/04/2026,IT1234,329.44,EUR,transfer
5300,11/05/2026,IT5678,1032.38,EUR,transfer
5301,03/04/2026,IT6789,-405.53,EUR,transfer
5302,15/03/2026,IT4567,-1697.58,EUR,withdrawal
5303,11/04/2026,IT7890,3698.65,EUR,deposit
5304,10/01/2026,IT8901,1730.19,EUR,deposit
5305,17/05/2026,IT4567,-1511.96,EUR,withdrawal
5306,07/02/2026,IT2345,1990.45,EUR,deposit
5307,03/02/2026,IT5678,-1082.49,EUR,transfer
5308,20/01/2026,IT2345,-1185.36,EUR,withdrawal
5309,05/04/2026,IT1234,2567.05,EUR,deposit
5310,03/05/2026,IT8901,-114.75,EUR,withdrawal
5311,17/05/2026,IT4567,-114.13,EUR,withdrawal
5312,17/01/2026,IT3456,-1150.25,EUR,withdrawal
5313,18/04/2026,IT5678,468.77,EUR,transfer
5314,28/03/2026,IT4567,1104.41,EUR,deposit
5315,28/05/2026,IT5678,949.24,EUR,transfer
5316,30/01/2026,IT2345,-1960.95,EUR,withdrawal
5317,20/01/2026,IT6789,-1751.82,EUR,withdrawal
5318,29/01/2026,IT3456,1097.72,EUR,transfer
5319,01/01/2026,IT7890,1051.49,EUR,transfer
5320,13/02/2026,IT1234,779.44,EUR,transfer
5321,11/04/2026,IT6789,-455.16,EUR,transfer
5322,14/02/2026,IT8901,2556.51,EUR,deposit
5323,06/03/2026,IT2345,-859.74,EUR,withdrawal
5324,23/05/2026,IT3456,-692.73,EUR,transfer
5325,07/05/2026,IT1234,-1033.28,EUR,transfer
5326,03/05/2026,IT2345,1223.91,EUR,deposit
5327,01/02/2026,IT2345,-1172.29,EUR,transfer
5328,27/04/2026,IT7890,-919.24,EUR,withdrawal
5329,30/05/2026,IT3456,1979.41,EUR,deposit
5330,10/04/2026,IT4567,-1554.79,EUR,withdrawal
5331,07/03/2026,IT1234,1922.54,EUR,deposit
5332,04/04/2026,IT7890,-878.79,EUR,withdrawal
5333,08/01/2026,IT2345,-1827.32,EUR,withdrawal
5334,24/03/2026,IT1234,1330.33,EUR,transfer
5335,22/02/2026,IT3456,-1200.47,EUR,transfer
5336,08/01/2026,IT1234,948.34,EUR,deposit
5337,19/02/2026,IT8901,1166.3,EUR,transfer
5338,05/05/2026,IT8901,267.6,EUR,transfer
5339,27/04/2026,IT3456,-1385.26,EUR,transfer
5340,14/05/2026,IT2345,-1115.35,EUR,withdrawal
5341,17/03/2026,IT8901,301.8,EUR,transfer
5342,28/04/2026,IT8901,-581.52,EUR,withdrawal
5343,04/04/2026,IT4567,-159.89,EUR,transfer
5344,21/05/2026,IT8901,-732.18,EUR,transfer
5345,06/02/2026,IT4567,-1521.8,EUR,withdrawal
5346,01/03/2026,IT4567,3458.2,EUR,deposit
5347,21/03/2026,IT1234,2863.23,EUR,deposit
5348,01/05/2026,IT6789,-573.86,EUR,transfer
5349,18/01/2026,IT6789,4002.3,EUR,deposit
5350,21/04/2026,IT3456,-79.09,EUR,withdrawal
5351,20/01/2026,IT4567,3246.07,EUR,deposit
5352,18/01/2026,IT5678,-881.77,EUR,withdrawal
5353,22/01/2026,IT7890,544.59,EUR,transfer
5354,31/01/2026,IT4567,985.45,EUR,deposit
5355,18/04/2026,IT4567,1106.46,EUR,transfer
5356,05/02/2026,IT3456,-695.78,EUR,withdrawal
5357,25/03/2026,IT8901,-577.54,EUR,transfer
5358,23/04/2026,IT8901,580.89,EUR,transfer
5359,08/02/2026,IT2345,-726.69,EUR,transfer
5360,08/02/2026,IT5678,-654.74,EUR,withdrawal
5361,28/02/2026,IT6789,134.96,EUR,transfer
5362,24/05/2026,IT4567,-359.46,EUR,withdrawal
5363,17/05/2026,IT2345,-1986.45,EUR,withdrawal
5364,09/03/2026,IT4567,-549.2,EUR,transfer
5365,14/05/2026,IT8901,3121.03,EUR,deposit
5366,02/05/2026,IT1234,-401.23,EUR,withdrawal
5367,01/04/2026,IT4567,2326.16,EUR,deposit
5368,17/02/2026,IT3456,-1225.87,EUR,transfer
5369,20/01/2026,IT1234,-1098.34,EUR,transfer
5370,30/04/2026,IT2345,1174.66,EUR,transfer
5371,14/04/2026,IT4567,-517.02,EUR,withdrawal
5372,23/01/2026,IT8901,-69.39,EUR,transfer
5373,08/03/2026,IT4567,-868.02,EUR,transfer
5374,14/01/2026,IT8901,1990.65,EUR,deposit
5375,20/02/2026,IT7890,-1033.63,EUR,withdrawal
5376,16/04/2026,IT2345,-1273.29,EUR,withdrawal
5377,25/01/2026,IT7890,3101.63,EUR,deposit
5378,08/04/2026,IT3456,-1122.61,EUR,withdrawal
5379,07/04/2026,IT7890,2589.97,EUR,deposit
5380,22/03/2026,IT4567,-209.1,EUR,transfer
5381,23/04/2026,IT4567,-1252.14,EUR,withdrawal
5382,03/05/2026,IT3456,-203.72,EUR,withdrawal
5383,24/02/2026,IT8901,-203.46,EUR,transfer
5384,13/01/2026,IT3456,1113.15,EUR,transfer
5385,26/04/2026,IT7890,1132.78,EUR,deposit
5386,23/05/2026,IT3456,1378.06,EUR,transfer
5387,20/05/2026,IT4567,-392.35,EUR,transfer
5388,,IT7890,773.84,EUR,transfer
5389,15/04/2026,IT6789,1079.29,EUR,transfer
5390,01/01/1750,IT1234,616.6,EUR,deposit
5391,25/03/2026,IT5678,2918.78,EUR,deposit
5392,16/04/2026,IT7890,846.78,EUR,transfer
5393,28/03/2026,IT6789,-296.76,EUR,transfer
5394,04/02/2026,IT5678,3129.35,EUR,deposit
5395,16/05/2026,IT5678,1149.1,EUR,transfer
5396,17/03/2026,IT1234,-468.64,EUR,withdrawal
5397,26/04/2026,IT1234,-1447.35,EUR,withdrawal
5398,14/02/2026,IT1234,-30.47,EUR,withdrawal
5399,07/01/2026,IT4567,-570.08,EUR,transfer
5400,26/02/2026,IT6789,3330.79,EUR,deposit
5401,20/05/2026,IT3456,1325.4,EUR,transfer
5402,13/01/2026,IT4567,1027.3,EUR,transfer
5403,09/05/2026,IT2345,-808.13,EUR,transfer
5404,01/01/1750,IT6789,2447.03,EUR,deposit
5405,06/02/2026,IT5678,3714.99,EUR,deposit
5406,03/04/2026,IT1234,-1332.28,EUR,withdrawal
5407,17/05/2026,IT7890,4159.78,EUR,deposit
5408,05/04/2026,IT7890,-929.57,EUR,withdrawal
5409,24/01/2026,IT2345,-1909.39,EUR,withdrawal
5410,08/05/2026,IT4567,4892.72,EUR,deposit
5411,04/04/2026,IT6789,252.67,EUR,deposit
5412,21/05/2026,IT5678,-1661.83,EUR,withdrawal
5413,07/03/2026,IT1234,-78.78,EUR,withdrawal
5414,22/02/2026,IT3456,811.69,EUR,transfer
5415,28/02/2026,IT3456,3605.86,EUR,deposit
5416,04/02/2026,IT7890,2065.67,EUR,deposit
5417,14/04/2026,IT4567,67.42,EUR,transfer
5418,15/04/2026,IT7890,-429.43,EUR,withdrawal
5419,12/04/2026,IT1234,-1826.08,EUR,withdrawal
5420,20/02/2026,IT2345,-353.9,EUR,withdrawal
5421,24/03/2026,IT5678,-767.65,EUR,transfer
5422,25/02/2026,IT5678,-1567.9,EUR,withdrawal
5423,30/04/2026,IT5678,889.1,EUR,transfer
5424,11/05/2026,IT3456,269.15,EUR,transfer
5425,06/03/2026,IT5678,-1519.88,EUR,withdrawal
5426,06/02/2026,IT4567,1043.5,EUR,transfer
5427,01/01/1750,IT3456,1774.93,EUR,deposit
5428,30/04/2026,IT6789,4802.94,EUR,deposit
5429,17/03/2026,IT1234,3239.07,EUR,deposit
5430,22/02/2026,IT4567,-1614.79,EUR,withdrawal
5431,28/05/2026,IT7890,-1310.17,EUR,transfer
5432,21/02/2026,IT4567,1976.75,EUR,deposit
5433,18/05/2026,IT6789,2341.62,EUR,deposit
5434,15/02/2026,IT7890,380.57,EUR,deposit
5435,17/04/2026,IT1234,1040.05,EUR,deposit
5436,06/01/2026,IT5678,-179.43,EUR,transfer
5437,14/01/2026,IT2345,970.67,EUR,transfer
5438,30/03/2026,IT3456,3773.24,EUR,deposit
5439,04/03/2026,IT7890,-680.23,EUR,withdrawal
5440,22/03/2026,IT5678,836.13,EUR,transfer
5441,29/05/2026,IT4567,1048.46,EUR,transfer
5442,08/01/2026,IT6789,463.64,EUR,transfer
5443,21/03/2026,IT8901,-872.58,EUR,withdrawal
5444,24/05/2026,IT4567,1472.44,EUR,transfer
5445,29/04/2026,IT6789,-988.14,EUR,transfer
5446,25/04/2026,IT4567,2943.03,EUR,deposit
5447,26/03/2026,IT2345,-606.93,EUR,transfer
5448,13/05/2026,IT4567,-1709.54,EUR,withdrawal
5449,14/01/2026,IT3456,477.36,EUR,transfer
5450,23/02/2026,IT1234,-1258.53,EUR,transfer
5451,16/04/2026,IT1234,-953.64,EUR,withdrawal
5452,10/04/2026,IT7890,-140.2,EUR,withdrawal
5453,18/01/2026,IT1234,-746.95,EUR,withdrawal
5454,03/01/2026,IT4567,581.17,EUR,deposit
5455,15/02/2026,IT4567,-819.08,EUR,withdrawal
5456,,IT4567,2379.13,EUR,deposit
5457,31/05/2026,IT3456,509.23,EUR,deposit
5458,24/04/2026,IT6789,-970.88,EUR,withdrawal
5459,16/01/2026,IT7890,-799.3,EUR,transfer
5460,27/04/2026,IT1234,166.79,EUR,transfer
5461,02/05/2026,IT3456,154.47,EUR,transfer
5462,21/04/2026,IT4567,2124.79,EUR,deposit
5463,12/05/2026,IT1234,-61.46,EUR,withdrawal
5464,11/04/2026,IT5678,53.59,EUR,transfer
5465,15/02/2026,IT7890,2.16,EUR,transfer
5466,14/05/2026,IT1234,2447.3,EUR,deposit
5467,12/01/2026,IT3456,3078.97,EUR,deposit
5468,07/03/2026,IT5678,-1501.86,EUR,withdrawal
5469,13/04/2026,IT2345,592.27,EUR,transfer
5470,05/03/2026,IT4567,1212.91,EUR,transfer
5471,18/03/2026,IT7890,262.09,EUR,deposit
5472,24/03/2026,IT1234,-1683.85,EUR,withdrawal
5473,13/01/2026,IT2345,-504.84,EUR,transfer
5474,11/01/2026,IT8901,3214.02,EUR,deposit
5475,25/03/2026,IT1234,-697.13,EUR,transfer
5476,29/05/2026,IT7890,986.56,EUR,transfer
5477,09/05/2026,IT5678,-1183.84,EUR,transfer
5478,08/01/2026,IT2345,2659.69,EUR,deposit
5479,02/04/2026,IT6789,-1754.12,EUR,withdrawal
5480,09/03/2026,IT8901,-844.89,EUR,withdrawal
5481,23/04/2026,IT8901,-977.33,EUR,withdrawal
5482,25/03/2026,IT6789,-794.6,EUR,transfer
5483,14/05/2026,IT4567,-1162.7,EUR,transfer
5484,28/05/2026,IT4567,-1218.99,EUR,withdrawal
5485,07/01/2026,IT2345,-209.4,EUR,withdrawal
5486,17/02/2026,IT4567,23%02))12,EUR,withdrawal
5487,11/04/2026,IT7890,-1325.91,EUR,withdrawal
5488,27/04/2026,IT7890,-455.46,EUR,withdrawal
5489,03/01/2026,IT7890,-1360.4,EUR,transfer
5490,06/05/2026,IT4567,3983.28,EUR,deposit
5491,06/01/2026,IT1234,4482.94,EUR,deposit
5492,04/05/2026,IT6789,860.13,EUR,transfer
5493,27/02/2026,IT2345,95.76,EUR,deposit
5494,27/03/2026,IT4567,-121.86,EUR,withdrawal
5495,20/02/2026,IT5678,2298.21,EUR,deposit
5496,06/05/2026,IT8901,4685.91,EUR,deposit
5497,12/02/2026,IT7890,-737.13,EUR,withdrawal
5498,31/03/2026,IT2345,879.8,EUR,transfer
5499,16/05/2026,IT6789,-1003.95,EUR,transfer
5500,06/04/2026,IT8901,3232.45,EUR,deposit
5501,23/04/2026,IT8901,2266.22,EUR,deposit
5502,20/04/2026,IT8901,-823.45,EUR,withdrawal
5503,03/05/2026,IT1234,-1036.05,EUR,withdrawal
5504,04/03/2026,IT4567,1271.65,EUR,deposit
5505,21/04/2026,IT3456,4491.7,EUR,deposit
5506,08/05/2026,IT5678,1113.38,EUR,deposit
5507,02/02/2026,IT4567,-55.99,EUR,transfer
5508,11/03/2026,IT1234,265.25,EUR,deposit
5509,21/05/2026,IT1234,1493.75,EUR,transfer
5510,31/03/2026,IT6789,-1130.8,EUR,withdrawal
5511,03/04/2026,IT1234,-1227.04,EUR,withdrawal
5512,23/04/2026,IT5678,-1663.83,EUR,withdrawal
5513,03/03/2026,IT4567,2315.86,EUR,deposit
5514,20/01/2026,IT8901,-10.2,EUR,transfer
5515,09/05/2026,IT6789,427.72,EUR,transfer
5516,31/05/2026,IT3456,-1743.09,EUR,withdrawal
5517,07/01/2026,IT8901,-613.94,EUR,withdrawal
5518,01/03/2026,IT7890,4679.76,EUR,deposit
5519,20/02/2026,IT3456,3333.11,EUR,deposit
5520,11/02/2026,IT2345,3529.7,EUR,deposit
5521,25/01/2026,IT4567,1061.11,EUR,deposit
5522,01/03/2026,IT3456,-281.29,EUR,withdrawal
5523,18/04/2026,IT8901,3469.61,EUR,deposit
5524,11/01/2026,IT3456,466.86,EUR,deposit
5525,02/04/2026,IT4567,-673.2,EUR,withdrawal
5526,20/02/2026,IT2345,-947.35,EUR,withdrawal
5527,13/04/2026,IT5678,-840.48,EUR,withdrawal
5528,16/05/2026,IT7890,3262.69,EUR,deposit
5529,01/01/1750,IT1234,-1018.19,EUR,transfer
5530,08/05/2026,IT2345,0.2,EUR,transfer
5531,12/03/2026,IT6789,4629.84,EUR,deposit
5532,11/01/2026,IT8901,-1718.88,EUR,withdrawal
5533,20/03/2026,IT2345,-80.8,EUR,transfer
5534,06/05/2026,IT5678,400.76,EUR,deposit
5535,26/05/2026,IT8901,362.86,EUR,transfer
5536,07/05/2026,IT2345,1128.55,EUR,transfer
5537,26/04/2026,IT7890,-590.52,EUR,withdrawal
5538,25/02/2026,IT5678,10.17,EUR,transfer
5539,28/03/2026,IT8901,898.29,EUR,transfer
5540,20/01/2026,IT3456,991.91,EUR,transfer
5541,02/03/2026,IT7890,2481.7,EUR,deposit
5542,01/02/2026,IT6789,3981.03,EUR,deposit
5543,08/02/2026,IT3456,1306.04,EUR,transfer
5544,12/02/2026,IT7890,3093.86,EUR,deposit
5545,28/02/2026,IT3456,2254.66,EUR,deposit
5546,08/03/2026,IT5678,-423.14,EUR,withdrawal
5547,20/01/2026,IT4567,-1499.34,EUR,transfer
5548,20/04/2026,IT2345,2266.3,EUR,deposit
5549,07/01/2026,IT5678,-818.77,EUR,withdrawal
5550,20/04/2026,IT2345,-419.75,EUR,withdrawal
5551,09/04/2026,IT6789,-1955.91,EUR,withdrawal
5552,09/02/2026,IT4567,-141.45,EUR,transfer
5553,28/01/2026,IT5678,-303.52,EUR,withdrawal
5554,19/05/2026,IT2345,-1655.61,EUR,withdrawal
5555,13/02/2026,IT6789,1813.15,EUR,deposit
5556,02/01/2026,IT2345,-242.94,EUR,transfer
5557,05/03/2026,IT5678,1196.3,EUR,transfer
5558,19/05/2026,IT5678,-1862.43,EUR,withdrawal
5559,11/02/2026,IT6789,-1279.15,EUR,withdrawal
5560,08/02/2026,IT8901,-1156.76,EUR,withdrawal
5561,05/02/2026,IT1234,-1357.09,EUR,withdrawal
5562,19/02/2026,IT8901,-1604.08,EUR,withdrawal
5563,14/01/2026,IT7890,-669.97,EUR,transfer
5564,12/04/2026,IT2345,-645.01,EUR,withdrawal
5565,22/05/2026,IT6789,248.07,EUR,transfer
5566,05/02/2026,IT2345,-575.71,EUR,withdrawal
5567,07/02/2026,IT5678,2791.87,EUR,deposit
5568,23/05/2026,IT3456,885.75,EUR,deposit
5569,04/03/2026,IT5678,945.77,EUR,deposit
5570,06/01/2026,IT3456,1366.16,EUR,transfer
5571,24/04/2026,IT6789,818.55,EUR,deposit
5572,09/01/2026,IT8901,592.77,EUR,deposit
5573,18/02/2026,IT4567,25.03,EUR,transfer
5574,01/01/2026,IT5678,4601.6,EUR,deposit
5575,07/02/2026,IT8901,-1238.57,EUR,transfer
5576,18/02/2026,IT4567,4371.02,EUR,deposit
5577,11/03/2026,IT3456,375.85,EUR,transfer
5578,02/01/2026,IT1234,710.72,EUR,deposit
5579,23/05/2026,IT5678,943.5,EUR,transfer
5580,21/04/2026,IT2345,1491.48,EUR,deposit
5581,11/02/2026,IT4567,-1049.14,EUR,withdrawal
5582,25/03/2026,IT1234,-1915.26,EUR,withdrawal
5583,16/02/2026,IT5678,-785.94,EUR,withdrawal
5584,17/05/2026,IT1234,1146.44,EUR,transfer
5585,11/05/2026,IT3456,4894.56,EUR,deposit
5586,04/05/2026,IT4567,-814.22,EUR,withdrawal
5587,09/03/2026,IT7890,2576.98,EUR,deposit
5588,20/05/2026,IT8901,4047.6,EUR,deposit
5589,13/03/2026,IT2345,-103.52,EUR,withdrawal
5590,21/03/2026,IT7890,1764.63,EUR,deposit
5591,19/05/2026,IT2345,-301.79,EUR,withdrawal
5592,08/01/2026,IT1234,949.95,EUR,transfer
5593,05/04/2026,IT7890,-1986.44,EUR,withdrawal
5594,13/04/2026,IT2345,-376.28,EUR,withdrawal
5595,10/03/2026,IT2345,1081.98,EUR,transfer
5596,09/04/2026,IT3456,-1136.45,EUR,withdrawal
5597,06/01/2026,IT5678,2921.94,EUR,deposit
5598,27/04/2026,IT4567,1270.73,EUR,deposit
5599,13/05/2026,IT1234,-1307.15,EUR,transfer
5600,03/02/2026,IT4567,-732.92,EUR,withdrawal
5601,18/04/2026,IT3456,2273.46,EUR,deposit
5602,25/01/2026,IT4567,-670.96,EUR,withdrawal
5603,10/04/2026,IT7890,1433.93,EUR,deposit
5604,01/03/2026,IT6789,1878.89,EUR,deposit
5605,05/04/2026,IT2345,23%02))12,EUR,transfer
5606,23/03/2026,IT6789,-1675.71,EUR,withdrawal
5607,03/04/2026,IT2345,1360.94,EUR,transfer
5608,09/03/2026,IT8901,-419.38,EUR,withdrawal
5609,22/01/2026,IT6789,-955.41,EUR,withdrawal
5610,09/02/2026,IT4567,4876.32,EUR,deposit
5611,25/01/2026,IT6789,-1136.12,EUR,transfer
5612,02/03/2026,IT1234,1160.86,EUR,transfer
5613,14/04/2026,IT7890,-1147.14,EUR,transfer
5614,28/04/2026,IT1234,2857.24,EUR,deposit
5615,,IT2345,-952.72,EUR,transfer
5616,18/03/2026,IT2345,731.83,EUR,transfer
5617,25/01/2026,IT2345,1314.03,EUR,transfer
5618,18/05/2026,IT3456,3655.27,EUR,deposit
5619,26/02/2026,IT7890,1745.78,EUR,deposit
5620,06/04/2026,IT8901,3178.33,EUR,deposit
5621,10/01/2026,IT3456,1767.69,EUR,deposit
5622,11/05/2026,IT8901,1275.48,EUR,transfer
5623,05/04/2026,IT6789,3662.14,EUR,deposit
5624,30/05/2026,IT2345,1164.09,EUR,transfer
5625,25/01/2026,IT3456,-1099.52,EUR,withdrawal
5626,13/05/2026,IT8901,259.41,EUR,transfer
5627,04/03/2026,IT4567,-645.09,EUR,withdrawal
5628,10/05/2026,IT5678,-1618.24,EUR,withdrawal
5629,26/04/2026,IT5678,448.41,EUR,deposit
5630,15/01/2026,IT8901,-1188.05,EUR,withdrawal
5631,09/03/2026,IT8901,-858.72,EUR,withdrawal
5632,21/05/2026,IT3456,-1815.84,EUR,withdrawal
5633,21/02/2026,IT6789,-461.96,EUR,transfer
5634,21/05/2026,IT1234,905.95,EUR,transfer
5635,02/02/2026,IT8901,-1476.57,EUR,withdrawal
5636,28/01/2026,IT2345,2357.29,EUR,deposit
5637,03/02/2026,IT5678,1441.14,EUR,transfer
5638,16/04/2026,IT8901,921.23,EUR,transfer
5639,02/05/2026,IT7890,2004.63,EUR,deposit
5640,15/02/2026,IT3456,-878.96,EUR,withdrawal
5641,14/02/2026,IT3456,388.07,EUR,deposit
5642,16/02/2026,IT8901,3380.17,EUR,deposit
5643,19/04/2026,IT5678,-756.43,EUR,transfer
5644,25/04/2026,IT3456,4605.11,EUR,deposit
5645,25/04/2026,IT7890,-1956.4,EUR,withdrawal
5646,31/03/2026,IT5678,-1011.62,EUR,withdrawal
5647,03/05/2026,IT5678,-830.97,EUR,transfer
5648,30/05/2026,IT8901,-922.27,EUR,transfer
5649,03/02/2026,IT4567,793.35,EUR,transfer
5650,20/01/2026,IT3456,3842.21,EUR,deposit
5651,01/05/2026,IT7890,1047.55,EUR,transfer
5652,07/02/2026,IT2345,145.56,EUR,deposit
5653,05/05/2026,IT1234,1654.25,EUR,deposit
5654,25/05/2026,IT6789,945.18,EUR,deposit
5655,06/05/2026,IT1234,1258.06,EUR,deposit
5656,20/05/2026,IT7890,-1308.71,EUR,withdrawal
5657,16/04/2026,IT8901,1009.73,EUR,deposit
5658,16/03/2026,IT4567,1060.65,EUR,transfer
5659,31/05/2026,IT5678,-761.36,EUR,withdrawal
5660,14/02/2026,IT5678,4003.7,EUR,deposit
5661,22/02/2026,IT3456,1396.28,EUR,deposit
5662,30/05/2026,IT5678,-53.42,EUR,withdrawal
5663,18/01/2026,IT3456,295.65,EUR,transfer
5664,15/01/2026,IT1234,831.95,EUR,transfer
5665,23/03/2026,IT6789,-1918.15,EUR,withdrawal
5666,17/05/2026,IT7890,-255.83,EUR,withdrawal
5667,30/01/2026,IT5678,-941.64,EUR,withdrawal
5668,10/02/2026,IT3456,388.37,EUR,transfer
5669,03/02/2026,IT5678,-529.08,EUR,withdrawal
5670,07/01/2026,IT8901,948.6,EUR,transfer
5671,04/05/2026,IT6789,1428.46,EUR,transfer
5672,19/02/2026,IT3456,2280.82,EUR,deposit
5673,04/02/2026,IT4567,-810.9,EUR,withdrawal
5674,26/02/2026,IT5678,-404.8,EUR,transfer
5675,21/04/2026,IT8901,-900.67,EUR,withdrawal
5676,09/05/2026,IT1234,4343.92,EUR,deposit
5677,13/04/2026,IT7890,3197.34,EUR,deposit
5678,01/02/2026,IT7890,2800.13,EUR,deposit
5679,06/03/2026,IT2345,-732.29,EUR,withdrawal
5680,24/01/2026,IT3456,-110.11,EUR,withdrawal
5681,01/03/2026,IT3456,-231.9,EUR,transfer
5682,31/05/2026,IT2345,395.17,EUR,deposit
5683,12/04/2026,IT7890,1129.18,EUR,deposit
5684,29/04/2026,IT1234,1143.34,EUR,deposit
5685,11/04/2026,IT4567,-1197.76,EUR,transfer
5686,13/01/2026,IT3456,-395.32,EUR,withdrawal
5687,16/03/2026,IT7890,3943.62,EUR,deposit
5688,01/01/2026,IT4567,1245.39,EUR,deposit
5689,21/03/2026,IT6789,-1799.25,EUR,withdrawal
5690,26/01/2026,IT7890,-768.88,EUR,withdrawal
5691,10/03/2026,IT2345,4989.56,EUR,deposit
5692,03/01/2026,IT2345,-249.85,EUR,transfer
5693,26/01/2026,IT6789,-492.55,EUR,withdrawal
5694,31/05/2026,IT5678,531.93,EUR,transfer
5695,19/03/2026,IT1234,3729.02,EUR,deposit
5696,20/01/2026,IT8901,-235.02,EUR,transfer
5697,27/05/2026,IT2345,4583.28,EUR,deposit
5698,07/02/2026,IT2345,1345.06,EUR,transfer
5699,11/04/2026,IT6789,3084.92,EUR,deposit
5700,28/04/2026,IT2345,3982.78,EUR,deposit
5701,28/03/2026,IT7890,3770.02,EUR,deposit
5702,09/05/2026,IT8901,4129.35,EUR,deposit
5703,04/03/2026,IT1234,1015.86,EUR,deposit
5704,19/02/2026,IT6789,2905.7,EUR,deposit
5705,17/05/2026,IT5678,4891.88,EUR,deposit
5706,05/03/2026,IT4567,1564.68,EUR,deposit
5707,28/02/2026,IT8901,2832.11,EUR,deposit
5708,15/01/2026,IT2345,-217.08,EUR,withdrawal
5709,23/01/2026,IT2345,-1073.9,EUR,withdrawal
5710,22/03/2026,IT3456,3815.47,EUR,deposit
5711,17/04/2026,IT8901,161.53,EUR,deposit
5712,01/05/2026,IT4567,-946.83,EUR,withdrawal
5713,27/02/2026,IT6789,-1356.91,EUR,withdrawal
5714,10/03/2026,IT8901,4426.47,EUR,deposit
5715,02/03/2026,IT2345,-1772.59,EUR,withdrawal
5716,11/01/2026,IT1234,-301.14,EUR,withdrawal
5717,,IT6789,164.11,EUR,transfer
5718,01/05/2026,IT7890,4367.94,EUR,deposit
5719,13/05/2026,IT7890,-809.9,EUR,withdrawal
5720,12/05/2026,IT8901,2387.68,EUR,deposit
5721,16/04/2026,IT5678,-1381.38,EUR,transfer
5722,31/01/2026,IT6789,-989.47,EUR,withdrawal
5723,25/01/2026,IT6789,-134.03,EUR,withdrawal
5724,19/01/2026,IT3456,1379.96,EUR,deposit
5725,23/05/2026,IT5678,-1682.48,EUR,withdrawal
5726,14/04/2026,IT8901,-216.92,EUR,transfer
5727,01/01/2026,IT7890,-1217.82,EUR,withdrawal
5728,21/02/2026,IT7890,-518.25,EUR,withdrawal
5729,08/05/2026,IT8901,-966.73,EUR,withdrawal
5730,22/03/2026,IT3456,1167.12,EUR,deposit
5731,05/03/2026,IT4567,3061.94,EUR,deposit
5732,12/02/2026,IT8901,4153.84,EUR,deposit
5733,24/05/2026,IT3456,1886.59,EUR,deposit
5734,24/04/2026,IT6789,-713.61,EUR,withdrawal
5735,22/05/2026,IT1234,1252.6,EUR,deposit
5736,14/04/2026,IT4567,719.22,EUR,transfer
5737,23/01/2026,IT7890,2930.4,EUR,deposit
5738,16/04/2026,IT5678,-673.53,EUR,withdrawal
5739,11/05/2026,IT7890,2849.28,EUR,deposit
5740,14/01/2026,IT6789,-83.98,EUR,transfer
5741,24/04/2026,IT1234,-240.13,EUR,transfer
5742,07/04/2026,IT4567,263.35,EUR,transfer
5743,10/01/2026,IT8901,-1197.69,EUR,transfer
5744,30/04/2026,IT1234,4285.25,EUR,deposit
5745,11/02/2026,IT2345,707.77,EUR,deposit
5746,12/05/2026,IT4567,3173.78,EUR,deposit
5747,29/04/2026,IT8901,1347.65,EUR,transfer
5748,23/05/2026,IT3456,-1558.98,EUR,withdrawal
5749,23/03/2026,IT1234,23%02))12,EUR,transfer
5750,31/03/2026,IT5678,323.9,EUR,deposit
5751,21/02/2026,IT7890,-234.15,EUR,withdrawal
5752,03/02/2026,IT7890,-986.35,EUR,withdrawal
5753,26/04/2026,IT5678,1444.56,EUR,transfer
5754,20/04/2026,IT5678,944.51,EUR,deposit
5755,09/02/2026,IT1234,454.71,EUR,transfer
5756,07/01/2026,IT7890,2825.68,EUR,deposit
5757,17/02/2026,IT3456,905.48,EUR,transfer
5758,04/05/2026,IT8901,4326.01,EUR,deposit
5759,15/04/2026,IT3456,-972.38,EUR,withdrawal
5760,03/03/2026,IT4567,-1552.84,EUR,withdrawal
5761,20/05/2026,IT2345,121.38,EUR,transfer
5762,06/01/2026,IT8901,-648.25,EUR,withdrawal
5763,01/01/2026,IT8901,4902.02,EUR,deposit
5764,02/05/2026,IT3456,2125.67,EUR,deposit
5765,28/05/2026,IT6789,-1055.05,EUR,withdrawal
5766,05/03/2026,IT5678,3861.28,EUR,deposit
5767,28/03/2026,IT5678,1451.08,EUR,transfer
5768,06/05/2026,IT1234,-38.68,EUR,transfer
5769,28/04/2026,IT5678,-1380.63,EUR,transfer
5770,,IT7890,-1969.99,EUR,withdrawal
5771,29/05/2026,IT5678,4068.58,EUR,deposit
5772,17/01/2026,IT4567,2059.12,EUR,deposit
5773,05/02/2026,IT7890,-858.47,EUR,withdrawal
5774,03/02/2026,IT7890,1046.26,EUR,deposit
5775,15/01/2026,IT2345,397.01,EUR,transfer
5776,04/02/2026,IT4567,-580.25,EUR,withdrawal
5777,25/01/2026,IT2345,-1562.2,EUR,withdrawal
5778,25/05/2026,IT2345,-435.2,EUR,transfer
5779,08/01/2026,IT6789,-1015.2,EUR,transfer
5780,12/01/2026,IT8901,-384.44,EUR,withdrawal
5781,14/01/2026,IT5678,-518.06,EUR,withdrawal
5782,13/04/2026,IT3456,2521.75,EUR,deposit
5783,24/04/2026,IT8901,2346.64,EUR,deposit
5784,14/03/2026,IT3456,1357.02,EUR,transfer
5785,19/02/2026,IT2345,23%02))12,EUR,deposit
5786,11/04/2026,IT2345,4833.23,EUR,deposit
5787,18/04/2026,IT4567,-305.49,EUR,transfer
5788,21/02/2026,IT4567,3963.7,EUR,deposit
5789,10/03/2026,IT2345,-1385.63,EUR,transfer
5790,21/01/2026,IT7890,1076.68,EUR,deposit
5791,,IT7890,1042.71,EUR,deposit
5792,11/05/2026,IT2345,3936.24,EUR,deposit
5793,20/04/2026,IT7890,323.64,EUR,transfer
5794,19/02/2026,IT1234,2669.82,EUR,deposit
5795,25/05/2026,IT4567,717.55,EUR,transfer
5796,07/01/2026,IT7890,4288.81,EUR,deposit
5797,23/03/2026,IT2345,4601.33,EUR,deposit
5798,02/03/2026,IT1234,4464.91,EUR,deposit
5799,16/05/2026,IT8901,4559.61,EUR,deposit
5800,17/02/2026,IT7890,4613.94,EUR,deposit
5801,19/04/2026,IT3456,4446.23,EUR,deposit
5802,12/03/2026,IT2345,23%02))12,EUR,withdrawal
5803,28/01/2026,IT4567,-961.56,EUR,withdrawal
5804,24/01/2026,IT1234,605.94,EUR,deposit
5805,02/03/2026,IT5678,455.8,EUR,transfer
5806,03/05/2026,IT3456,-799.5,EUR,withdrawal
5807,10/03/2026,IT7890,1534.27,EUR,deposit
5808,18/03/2026,IT7890,-1760.64,EUR,withdrawal
5809,13/05/2026,IT3456,429.13,EUR,transfer
5810,15/03/2026,IT1234,-0.33,EUR,transfer
5811,31/05/2026,IT7890,-196.43,EUR,transfer
5812,28/04/2026,IT3456,-506.93,EUR,transfer
5813,11/03/2026,IT3456,-28.16,EUR,withdrawal
5814,12/02/2026,IT3456,900.78,EUR,deposit
5815,09/05/2026,IT1234,4947.22,EUR,deposit
5816,09/02/2026,IT4567,599.43,EUR,transfer
5817,11/04/2026,IT8901,-1564.63,EUR,withdrawal
5818,21/03/2026,IT6789,1338.45,EUR,transfer
5819,03/04/2026,IT7890,-1305.26,EUR,withdrawal
5820,01/05/2026,IT8901,535.36,EUR,deposit
5821,27/03/2026,IT1234,-1012.83,EUR,withdrawal
5822,31/03/2026,IT7890,-626.32,EUR,withdrawal
5823,14/01/2026,IT3456,-1472.17,EUR,transfer
5824,15/04/2026,IT6789,-1181.84,EUR,withdrawal
5825,16/01/2026,IT1234,-1820.5,EUR,withdrawal
5826,06/01/2026,IT3456,-1019.73,EUR,transfer
5827,24/03/2026,IT7890,4512.49,EUR,deposit
5828,27/02/2026,IT2345,-476.49,EUR,withdrawal
5829,27/02/2026,IT5678,320.82,EUR,deposit
5830,06/01/2026,IT5678,-145.48,EUR,withdrawal
5831,26/04/2026,IT8901,2753.67,EUR,deposit
5832,27/01/2026,IT6789,198.25,EUR,deposit
5833,15/03/2026,IT8901,2938.33,EUR,deposit
5834,30/03/2026,IT3456,1254.64,EUR,transfer
5835,18/03/2026,IT4567,593.66,EUR,transfer
5836,10/02/2026,IT4567,-27.44,EUR,withdrawal
5837,28/04/2026,IT6789,-1395.53,EUR,transfer
5838,10/01/2026,IT4567,-1845.55,EUR,withdrawal
5839,21/02/2026,IT2345,471.15,EUR,deposit
5840,09/04/2026,IT7890,1709.12,EUR,deposit
5841,26/05/2026,IT8901,-1806.21,EUR,withdrawal
5842,13/03/2026,IT4567,-856.33,EUR,withdrawal
5843,17/03/2026,IT7890,108.97,EUR,transfer
5844,28/04/2026,IT5678,132.93,EUR,deposit
5845,06/02/2026,IT5678,-141.69,EUR,withdrawal
5846,07/05/2026,IT1234,-1249.61,EUR,transfer
5847,08/01/2026,IT7890,-882.93,EUR,withdrawal
5848,21/02/2026,IT5678,-1039.38,EUR,transfer
5849,17/01/2026,IT4567,170.61,EUR,deposit
5850,19/03/2026,IT8901,-959.92,EUR,withdrawal
5851,17/03/2026,IT7890,-1024.37,EUR,withdrawal
5852,27/05/2026,IT6789,-1852.14,EUR,withdrawal
5853,29/04/2026,IT5678,1691.3,EUR,deposit
5854,03/02/2026,IT3456,-1838.19,EUR,withdrawal
5855,17/03/2026,IT7890,4409.19,EUR,deposit
5856,24/05/2026,IT4567,553.32,EUR,transfer
5857,02/04/2026,IT8901,3943.55,EUR,deposit
5858,17/01/2026,IT2345,-1137.83,EUR,transfer
5859,11/02/2026,IT1234,808.0,EUR,transfer
5860,17/02/2026,IT3456,1291.64,EUR,deposit
5861,11/05/2026,IT5678,-1486.35,EUR,withdrawal
5862,05/04/2026,IT6789,-1100.21,EUR,withdrawal
5863,26/05/2026,IT4567,-154.66,EUR,withdrawal
5864,30/01/2026,IT4567,1151.32,EUR,transfer
5865,17/05/2026,IT8901,1274.6,EUR,transfer
5866,22/01/2026,IT1234,960.24,EUR,transfer
5867,11/01/2026,IT3456,-59.33,EUR,withdrawal
5868,15/03/2026,IT2345,2525.48,EUR,deposit
5869,15/05/2026,IT3456,-938.48,EUR,transfer
5870,04/04/2026,IT2345,-1477.46,EUR,withdrawal
5871,02/03/2026,IT2345,4270.09,EUR,deposit
5872,23/05/2026,IT3456,826.85,EUR,deposit
5873,22/05/2026,IT4567,-161.65,EUR,transfer
5874,06/01/2026,IT1234,550.12,EUR,deposit
5875,27/05/2026,IT8901,-1084.42,EUR,withdrawal
5876,17/05/2026,IT7890,296.34,EUR,transfer
5877,09/03/2026,IT3456,-965.01,EUR,withdrawal
5878,24/03/2026,IT8901,4906.44,EUR,deposit
5879,31/01/2026,IT6789,-333.29,EUR,transfer
5880,03/01/2026,IT6789,-1582.79,EUR,withdrawal
5881,09/01/2026,IT7890,1816.93,EUR,deposit
5882,02/05/2026,IT5678,1295.06,EUR,transfer
5883,02/02/2026,IT5678,-770.98,EUR,withdrawal
5884,14/02/2026,IT7890,-564.75,EUR,transfer
5885,22/02/2026,IT2345,23%02))12,EUR,transfer
5886,04/02/2026,IT5678,2485.78,EUR,deposit
5887,21/03/2026,IT4567,1164.65,EUR,deposit
5888,25/01/2026,IT1234,388.94,EUR,transfer
5889,07/02/2026,IT5678,866.77,EUR,transfer
5890,04/02/2026,IT6789,713.1,EUR,transfer
5891,19/05/2026,IT7890,-1674.15,EUR,withdrawal
5892,08/03/2026,IT5678,-1566.59,EUR,withdrawal
5893,14/04/2026,IT5678,269.61,EUR,transfer
5894,31/01/2026,IT3456,1443.13,EUR,transfer
5895,04/03/2026,IT2345,23%02))12,EUR,deposit
5896,06/01/2026,IT6789,-968.58,EUR,withdrawal
5897,13/03/2026,IT2345,-1151.28,EUR,withdrawal
5898,08/03/2026,IT2345,-1611.45,EUR,withdrawal
5899,21/03/2026,IT4567,-801.4,EUR,withdrawal
5900,,IT3456,-556.34,EUR,withdrawal
5901,13/02/2026,IT5678,3749.03,EUR,deposit
5902,23/04/2026,IT7890,-1017.04,EUR,withdrawal
5903,30/05/2026,IT4567,-423.08,EUR,transfer
5904,11/04/2026,IT5678,-1260.55,EUR,transfer
5905,06/02/2026,IT8901,-1404.44,EUR,withdrawal
5906,07/03/2026,IT4567,-1401.12,EUR,withdrawal
5907,01/04/2026,IT8901,4329.83,EUR,deposit
5908,20/03/2026,IT2345,-831.57,EUR,withdrawal
5909,10/03/2026,IT5678,23%02))12,EUR,deposit
5910,26/03/2026,IT5678,4187.86,EUR,deposit
5911,13/04/2026,IT2345,2808.46,EUR,deposit
5912,01/01/1750,IT3456,-1456.2,EUR,withdrawal
5913,07/04/2026,IT3456,-1135.61,EUR,transfer
5914,01/03/2026,IT8901,237.6,EUR,transfer
5915,28/01/2026,IT6789,-734.82,EUR,withdrawal
5916,18/04/2026,IT2345,3135.11,EUR,deposit
5917,10/02/2026,IT5678,4848.55,EUR,deposit
5918,08/03/2026,IT6789,294.31,EUR,transfer
5919,14/01/2026,IT6789,-815.46,EUR,withdrawal
5920,15/01/2026,IT4567,-1412.24,EUR,withdrawal
5921,15/03/2026,IT7890,2892.1,EUR,deposit
5922,16/01/2026,IT6789,3236.45,EUR,deposit
5923,09/04/2026,IT3456,-821.54,EUR,withdrawal
5924,21/03/2026,IT3456,-225.22,EUR,withdrawal
5925,09/01/2026,IT6789,3988.67,EUR,deposit
5926,25/01/2026,IT3456,-127.29,EUR,transfer
5927,20/04/2026,IT5678,3647.43,EUR,deposit
5928,22/04/2026,IT2345,-1690.75,EUR,withdrawal
5929,19/02/2026,IT5678,23%02))12,EUR,withdrawal
5930,29/04/2026,IT7890,927.33,EUR,transfer
5931,07/01/2026,IT3456,-775.81,EUR,withdrawal
5932,28/02/2026,IT6789,-247.56,EUR,withdrawal
5933,03/05/2026,IT4567,-867.58,EUR,withdrawal
5934,17/01/2026,IT4567,-878.71,EUR,withdrawal
5935,19/05/2026,IT4567,1276.12,EUR,transfer
5936,17/03/2026,IT3456,1425.76,EUR,deposit
5937,10/03/2026,IT4567,-416.97,EUR,withdrawal
5938,26/01/2026,IT6789,3778.69,EUR,deposit
5939,31/03/2026,IT1234,409.8,EUR,transfer
5940,08/04/2026,IT4567,-460.85,EUR,withdrawal
5941,10/03/2026,IT5678,-1812.86,EUR,withdrawal
5942,10/03/2026,IT5678,-1967.61,EUR,withdrawal
5943,11/02/2026,IT1234,2440.97,EUR,deposit
5944,08/02/2026,IT5678,1091.75,EUR,transfer
5945,22/03/2026,IT6789,-141.21,EUR,transfer
5946,30/01/2026,IT4567,205.79,EUR,transfer
5947,14/04/2026,IT2345,-555.59,EUR,withdrawal
5948,16/03/2026,IT8901,-654.56,EUR,withdrawal
5949,23/01/2026,IT1234,3691.82,EUR,deposit
5950,11/04/2026,IT4567,-1123.23,EUR,transfer
5951,17/02/2026,IT6789,3032.73,EUR,deposit
5952,03/04/2026,IT3456,2644.37,EUR,deposit
5953,09/04/2026,IT6789,-1284.96,EUR,withdrawal
5954,30/03/2026,IT1234,-1066.58,EUR,withdrawal
5955,05/01/2026,IT3456,385.32,EUR,transfer
5956,19/02/2026,IT6789,1433.51,EUR,deposit
5957,04/03/2026,IT4567,-838.88,EUR,withdrawal
5958,23/01/2026,IT4567,-654.06,EUR,withdrawal
5959,31/05/2026,IT4567,1110.34,EUR,transfer
5960,12/01/2026,IT2345,-946.7,EUR,withdrawal
5961,16/03/2026,IT6789,-710.33,EUR,withdrawal
5962,22/04/2026,IT4567,3373.94,EUR,deposit
5963,02/05/2026,IT6789,-1349.38,EUR,transfer
5964,10/04/2026,IT6789,-504.53,EUR,withdrawal
5965,23/02/2026,IT7890,-433.48,EUR,withdrawal
5966,10/04/2026,IT4567,-150.0,EUR,withdrawal
5967,05/02/2026,IT7890,602.97,EUR,transfer
5968,28/03/2026,IT8901,-919.39,EUR,withdrawal
5969,14/05/2026,IT6789,1562.63,EUR,deposit
5970,29/03/2026,IT8901,-1553.88,EUR,withdrawal
5971,25/05/2026,IT1234,1050.73,EUR,deposit
5972,15/04/2026,IT2345,-1186.07,EUR,withdrawal
5973,20/03/2026,IT3456,362.87,EUR,transfer
5974,16/03/2026,IT6789,-375.69,EUR,transfer
5975,30/04/2026,IT3456,2957.99,EUR,deposit
5976,07/03/2026,IT1234,3.42,EUR,transfer
5977,03/03/2026,IT2345,369.85,EUR,deposit
5978,07/03/2026,IT3456,-426.57,EUR,transfer
5979,09/05/2026,IT6789,-983.12,EUR,transfer
5980,20/05/2026,IT8901,-800.58,EUR,withdrawal
5981,05/02/2026,IT7890,320.18,EUR,transfer
5982,15/04/2026,IT7890,-1676.99,EUR,withdrawal
5983,29/03/2026,IT3456,-1198.5,EUR,transfer
5984,07/05/2026,IT8901,4923.27,EUR,deposit
5985,25/03/2026,IT4567,-1461.68,EUR,transfer
5986,17/05/2026,IT5678,615.35,EUR,deposit
5987,16/01/2026,IT6789,-442.53,EUR,withdrawal
5988,23/04/2026,IT7890,-1072.34,EUR,withdrawal
5989,12/04/2026,IT8901,3125.02,EUR,deposit
5990,24/01/2026,IT3456,4181.85,EUR,deposit
5991,01/03/2026,IT6789,-1895.08,EUR,withdrawal
5992,02/03/2026,IT1234,637.54,EUR,transfer
5993,15/05/2026,IT5678,912.87,EUR,deposit
5994,10/04/2026,IT7890,-115.28,EUR,withdrawal
5995,29/03/2026,IT2345,3138.1,EUR,deposit
5996,09/01/2026,IT6789,-171.19,EUR,withdrawal
5997,19/05/2026,IT8901,329.59,EUR,deposit
5998,14/03/2026,IT6789,1424.56,EUR,transfer
5999,19/01/2026,IT3456,-1112.23,EUR,transfer
6000,11/03/2026,IT3456,23%02))12,EUR,deposit
6001,03/02/2026,IT1234,-526.58,EUR,withdrawal
6002,07/04/2026,IT8901,2371.08,EUR,deposit
6003,02/02/2026,IT1234,1181.23,EUR,transfer
6004,02/04/2026,IT5678,28.69,EUR,transfer
6005,17/03/2026,IT6789,374.93,EUR,transfer
6006,20/01/2026,IT2345,-928.44,EUR,withdrawal
6007,14/05/2026,IT4567,1823.7,EUR,deposit
6008,20/03/2026,IT6789,-547.73,EUR,transfer
6009,18/05/2026,IT6789,2178.71,EUR,deposit
6010,23/04/2026,IT6789,-872.31,EUR,withdrawal
6011,12/04/2026,IT2345,23%02))12,EUR,withdrawal
6012,23/04/2026,IT7890,-1340.04,EUR,transfer
6013,20/05/2026,IT6789,3320.13,EUR,deposit
6014,05/02/2026,IT3456,3402.34,EUR,deposit
6015,22/05/2026,IT2345,-1320.1,EUR,transfer
6016,05/01/2026,IT4567,3914.19,EUR,deposit
6017,16/03/2026,IT7890,-1381.79,EUR,transfer
6018,15/05/2026,IT8901,-267.08,EUR,withdrawal
6019,27/05/2026,IT1234,732.24,EUR,deposit
6020,14/04/2026,IT7890,-979.69,EUR,withdrawal
6021,11/02/2026,IT8901,-775.72,EUR,withdrawal
6022,03/02/2026,IT8901,1420.39,EUR,deposit
6023,16/05/2026,IT5678,-78.33,EUR,withdrawal
6024,25/02/2026,IT3456,4723.58,EUR,deposit
6025,31/05/2026,IT1234,-1126.81,EUR,withdrawal
6026,05/01/2026,IT8901,2184.68,EUR,deposit
6027,13/05/2026,IT7890,-971.93,EUR,withdrawal
6028,05/05/2026,IT6789,2647.3,EUR,deposit
6029,22/05/2026,IT2345,1037.65,EUR,deposit
6030,22/02/2026,IT4567,-1195.97,EUR,withdrawal
6031,24/04/2026,IT8901,158.4,EUR,transfer
6032,02/02/2026,IT5678,-232.29,EUR,withdrawal
6033,21/05/2026,IT4567,-347.22,EUR,withdrawal
6034,11/03/2026,IT6789,-578.15,EUR,transfer
6035,05/01/2026,IT7890,1104.1,EUR,transfer
6036,16/04/2026,IT8901,-467.47,EUR,withdrawal
6037,16/04/2026,IT5678,1159.99,EUR,transfer
6038,12/05/2026,IT1234,2562.13,EUR,deposit
6039,27/01/2026,IT4567,441.91,EUR,deposit
6040,09/05/2026,IT4567,412.48,EUR,transfer
6041,28/05/2026,IT1234,45.79,EUR,transfer
6042,06/05/2026,IT4567,163.22,EUR,deposit
6043,29/05/2026,IT6789,2973.25,EUR,deposit
6044,19/01/2026,IT2345,3453.02,EUR,deposit
6045,16/03/2026,IT4567,-759.55,EUR,withdrawal
6046,15/02/2026,IT4567,-464.65,EUR,transfer
6047,03/01/2026,IT8901,-225.43,EUR,withdrawal
6048,12/01/2026,IT2345,-1580.74,EUR,withdrawal
6049,30/03/2026,IT1234,-1054.79,EUR,withdrawal
6050,31/01/2026,IT6789,1081.81,EUR,deposit
6051,22/03/2026,IT8901,1359.01,EUR,transfer
6052,06/05/2026,IT5678,-1854.02,EUR,withdrawal
6053,19/02/2026,IT2345,-1093.6,EUR,transfer
6054,19/05/2026,IT8901,2273.61,EUR,deposit
6055,10/03/2026,IT6789,77.28,EUR,transfer
6056,18/04/2026,IT4567,1053.48,EUR,transfer
6057,18/02/2026,IT2345,-91.45,EUR,withdrawal
6058,13/03/2026,IT5678,4319.76,EUR,deposit
6059,03/04/2026,IT7890,-1874.75,EUR,withdrawal
6060,28/03/2026,IT6789,2934.18,EUR,deposit
6061,06/03/2026,IT8901,4030.63,EUR,deposit
6062,31/03/2026,IT8901,-687.38,EUR,withdrawal
6063,23/01/2026,IT2345,1118.05,EUR,deposit
6064,25/05/2026,IT3456,-430.32,EUR,transfer
6065,20/04/2026,IT2345,-660.19,EUR,withdrawal
6066,08/04/2026,IT4567,247.56,EUR,deposit
6067,06/04/2026,IT4567,-645.51,EUR,withdrawal
6068,08/05/2026,IT5678,-1446.44,EUR,transfer
6069,29/04/2026,IT5678,661.96,EUR,transfer
6070,24/05/2026,IT7890,2637.91,EUR,deposit
6071,16/03/2026,IT8901,1801.63,EUR,deposit
6072,17/05/2026,IT8901,919.83,EUR,transfer
6073,27/03/2026,IT1234,-1231.4,EUR,withdrawal
6074,19/01/2026,IT5678,-1503.46,EUR,withdrawal
6075,24/03/2026,IT7890,-1283.45,EUR,transfer
6076,30/04/2026,IT2345,2936.66,EUR,deposit
6077,05/01/2026,IT5678,3229.16,EUR,deposit
6078,03/05/2026,IT2345,2642.68,EUR,deposit
6079,07/01/2026,IT3456,-1671.24,EUR,withdrawal
6080,12/03/2026,IT4567,1166.94,EUR,transfer
6081,28/01/2026,IT7890,679.19,EUR,transfer
6082,05/02/2026,IT2345,-345.52,EUR,transfer
6083,20/02/2026,IT3456,-1249.53,EUR,withdrawal
6084,21/01/2026,IT3456,-442.53,EUR,withdrawal
6085,04/04/2026,IT3456,4307.77,EUR,deposit
6086,21/05/2026,IT8901,-623.22,EUR,withdrawal
6087,17/03/2026,IT8901,-1159.87,EUR,withdrawal
6088,25/04/2026,IT7890,-1498.4,EUR,transfer
6089,17/05/2026,IT7890,2064.02,EUR,deposit
6090,09/04/2026,IT3456,-1992.77,EUR,withdrawal
6091,09/05/2026,IT1234,1491.54,EUR,transfer
6092,25/04/2026,IT3456,-149.94,EUR,withdrawal
6093,17/05/2026,IT8901,119.5,EUR,deposit
6094,24/03/2026,IT5678,-606.1,EUR,transfer
6095,26/04/2026,IT2345,144.65,EUR,transfer
6096,17/05/2026,IT3456,90.08,EUR,transfer
6097,24/02/2026,IT8901,-1674.06,EUR,withdrawal
6098,01/05/2026,IT8901,-766.09,EUR,transfer
6099,02/04/2026,IT5678,2159.47,EUR,deposit
6100,13/03/2026,IT7890,-895.97,EUR,transfer
6101,11/03/2026,IT1234,628.62,EUR,deposit
6102,09/05/2026,IT3456,767.7,EUR,deposit
6103,05/03/2026,IT2345,2080.88,EUR,deposit
6104,20/02/2026,IT2345,-1120.0,EUR,transfer
6105,30/03/2026,IT2345,-290.33,EUR,withdrawal
6106,27/03/2026,IT1234,4285.76,EUR,deposit
6107,08/03/2026,IT3456,1140.58,EUR,deposit
6108,02/04/2026,IT5678,1259.83,EUR,transfer
6109,17/04/2026,IT1234,-1794.93,EUR,withdrawal
6110,22/04/2026,IT1234,1374.29,EUR,transfer
6111,12/04/2026,IT3456,-960.08,EUR,transfer
6112,19/03/2026,IT2345,969.19,EUR,transfer
6113,01/03/2026,IT4567,-710.45,EUR,withdrawal
6114,22/05/2026,IT2345,-1343.55,EUR,withdrawal
6115,02/05/2026,IT7890,475.73,EUR,transfer
6116,22/04/2026,IT4567,-138.8,EUR,withdrawal
6117,28/02/2026,IT1234,-1605.23,EUR,withdrawal
6118,26/05/2026,IT7890,258.14,EUR,deposit
6119,13/05/2026,IT5678,4846.79,EUR,deposit
6120,18/01/2026,IT7890,4158.68,EUR,deposit
6121,20/01/2026,IT7890,3720.62,EUR,deposit
6122,01/01/1750,IT4567,-179.85,EUR,transfer
6123,10/04/2026,IT2345,1921.46,EUR,deposit
6124,10/03/2026,IT2345,-900.67,EUR,withdrawal
6125,13/05/2026,IT2345,941.98,EUR,deposit
6126,05/05/2026,IT7890,-1790.67,EUR,withdrawal
6127,05/02/2026,IT4567,-412.59,EUR,withdrawal
6128,12/02/2026,IT3456,-910.52,EUR,transfer
6129,27/05/2026,IT2345,1348.85,EUR,transfer
6130,25/03/2026,IT3456,-1016.09,EUR,withdrawal
6131,20/01/2026,IT6789,640.0,EUR,transfer
6132,15/03/2026,IT6789,1108.29,EUR,transfer
6133,19/03/2026,IT7890,692.18,EUR,transfer
6134,20/04/2026,IT7890,569.99,EUR,deposit
6135,22/05/2026,IT1234,879.11,EUR,transfer
6136,02/02/2026,IT5678,-906.56,EUR,withdrawal
6137,16/04/2026,IT7890,-1724.51,EUR,withdrawal
6138,23/01/2026,IT1234,-592.49,EUR,transfer
6139,01/02/2026,IT3456,1208.72,EUR,transfer
6140,04/04/2026,IT4567,-576.22,EUR,withdrawal
6141,21/04/2026,IT7890,2383.45,EUR,deposit
6142,25/01/2026,IT3456,4559.42,EUR,deposit
6143,21/04/2026,IT5678,1327.73,EUR,deposit
6144,03/02/2026,IT1234,-1535.24,EUR,withdrawal
6145,11/02/2026,IT4567,-953.21,EUR,withdrawal
6146,07/02/2026,IT1234,-1276.54,EUR,transfer
6147,21/04/2026,IT7890,-1239.64,EUR,transfer
6148,12/05/2026,IT4567,4735.02,EUR,deposit
6149,07/04/2026,IT7890,1099.15,EUR,deposit
6150,02/05/2026,IT4567,4737.91,EUR,deposit
6151,28/03/2026,IT4567,-1018.1,EUR,transfer
6152,19/05/2026,IT3456,1151.48,EUR,deposit
6153,16/04/2026,IT3456,891.33,EUR,deposit
6154,23/04/2026,IT6789,-670.8,EUR,withdrawal
6155,27/05/2026,IT5678,1000.97,EUR,transfer
6156,26/03/2026,IT5678,754.01,EUR,deposit
6157,06/03/2026,IT5678,568.21,EUR,transfer
6158,23/03/2026,IT6789,-1697.95,EUR,withdrawal
6159,19/02/2026,IT5678,1099.46,EUR,transfer
6160,20/03/2026,IT3456,4896.45,EUR,deposit
6161,12/03/2026,IT2345,-758.37,EUR,transfer
6162,21/01/2026,IT4567,190.55,EUR,transfer
6163,10/04/2026,IT4567,570.99,EUR,transfer
6164,22/04/2026,IT7890,-58.51,EUR,withdrawal
6165,22/05/2026,IT8901,-1325.86,EUR,transfer
6166,22/03/2026,IT8901,-313.28,EUR,withdrawal
6167,11/01/2026,IT1234,-1938.4,EUR,withdrawal
6168,19/01/2026,IT7890,-1330.09,EUR,withdrawal
6169,,IT3456,2673.62,EUR,deposit
6170,08/05/2026,IT4567,2636.42,EUR,deposit
6171,28/01/2026,IT4567,1248.38,EUR,deposit
6172,24/01/2026,IT2345,-1759.97,EUR,withdrawal
6173,15/02/2026,IT3456,-1492.98,EUR,transfer
6174,11/01/2026,IT8901,3728.27,EUR,deposit
6175,10/03/2026,IT1234,4924.01,EUR,deposit
6176,29/03/2026,IT5678,1415.53,EUR,transfer
6177,15/04/2026,IT8901,2680.54,EUR,deposit
6178,02/02/2026,IT8901,-1355.63,EUR,transfer
6179,14/03/2026,IT4567,-1662.3,EUR,withdrawal
6180,06/01/2026,IT6789,3996.66,EUR,deposit
6181,07/05/2026,IT3456,379.34,EUR,transfer
6182,26/01/2026,IT1234,23%02))12,EUR,transfer
6183,18/04/2026,IT8901,255.05,EUR,transfer
6184,29/05/2026,IT6789,-1011.8,EUR,withdrawal
6185,25/05/2026,IT4567,-1397.52,EUR,transfer
6186,16/03/2026,IT4567,1481.62,EUR,transfer
6187,10/04/2026,IT1234,23%02))12,EUR,withdrawal
6188,27/02/2026,IT5678,-214.2,EUR,withdrawal
6189,22/01/2026,IT7890,-38.89,EUR,withdrawal
6190,30/04/2026,IT4567,-62.76,EUR,transfer
6191,28/05/2026,IT8901,-1339.45,EUR,withdrawal
6192,13/01/2026,IT5678,23%02))12,EUR,transfer
6193,22/03/2026,IT3456,-1746.23,EUR,withdrawal
6194,21/04/2026,IT4567,702.23,EUR,deposit
6195,04/02/2026,IT6789,645.5,EUR,deposit
6196,29/01/2026,IT6789,1081.77,EUR,deposit
6197,11/03/2026,IT4567,-1781.8,EUR,withdrawal
6198,01/01/2026,IT8901,1506.13,EUR,deposit
6199,12/04/2026,IT8901,1496.68,EUR,transfer
6200,18/05/2026,IT4567,-1634.7,EUR,withdrawal
6201,23/02/2026,IT2345,4037.13,EUR,deposit
6202,07/03/2026,IT6789,-279.95,EUR,withdrawal
6203,07/02/2026,IT1234,-317.75,EUR,transfer
6204,06/02/2026,IT1234,-238.11,EUR,withdrawal
6205,03/02/2026,IT2345,-876.32,EUR,withdrawal
6206,07/05/2026,IT1234,-390.99,EUR,transfer
6207,21/02/2026,IT4567,-954.42,EUR,transfer
6208,05/01/2026,IT2345,2545.67,EUR,deposit
6209,16/01/2026,IT7890,850.27,EUR,transfer
6210,11/01/2026,IT3456,-404.6,EUR,withdrawal
6211,06/01/2026,IT7890,57.56,EUR,transfer
6212,15/03/2026,IT3456,2781.02,EUR,deposit
6213,01/03/2026,IT5678,-396.82,EUR,transfer
6214,12/01/2026,IT4567,2677.73,EUR,deposit
6215,06/03/2026,IT8901,-976.31,EUR,withdrawal
6216,08/05/2026,IT1234,-1111.61,EUR,transfer
6217,13/01/2026,IT7890,1602.69,EUR,deposit
6218,01/01/2026,IT8901,-1854.12,EUR,withdrawal
6219,05/02/2026,IT3456,232.46,EUR,transfer
6220,15/04/2026,IT6789,-1297.54,EUR,withdrawal
6221,07/05/2026,IT5678,88.07,EUR,deposit
6222,21/04/2026,IT1234,-1941.18,EUR,withdrawal
6223,15/05/2026,IT1234,-926.06,EUR,withdrawal
6224,28/02/2026,IT5678,-159.26,EUR,withdrawal
6225,05/04/2026,IT6789,1211.32,EUR,transfer
6226,01/02/2026,IT4567,2856.94,EUR,deposit
6227,03/04/2026,IT3456,-983.08,EUR,withdrawal
6228,26/04/2026,IT8901,-873.3,EUR,withdrawal
6229,06/05/2026,IT5678,2604.45,EUR,deposit
6230,31/03/2026,IT7890,-429.63,EUR,withdrawal
6231,18/05/2026,IT6789,1064.49,EUR,transfer
6232,17/04/2026,IT8901,23%02))12,EUR,transfer
6233,15/02/2026,IT7890,672.32,EUR,transfer
6234,31/05/2026,IT5678,-215.38,EUR,transfer
6235,06/03/2026,IT1234,-34.06,EUR,withdrawal
6236,26/02/2026,IT2345,-1855.9,EUR,withdrawal
6237,22/05/2026,IT4567,3467.28,EUR,deposit
6238,02/01/2026,IT8901,1721.17,EUR,deposit
6239,12/01/2026,IT8901,-69.42,EUR,withdrawal
6240,15/01/2026,IT5678,-1217.26,EUR,transfer
6241,03/03/2026,IT4567,4526.33,EUR,deposit
6242,23/05/2026,IT4567,-183.74,EUR,withdrawal
6243,07/02/2026,IT8901,-1152.1,EUR,withdrawal
6244,15/05/2026,IT2345,723.16,EUR,transfer
6245,21/04/2026,IT4567,23%02))12,EUR,transfer
6246,08/01/2026,IT3456,-859.26,EUR,withdrawal
6247,18/02/2026,IT4567,294.12,EUR,deposit
6248,15/03/2026,IT5678,-205.16,EUR,withdrawal
6249,25/04/2026,IT6789,1351.53,EUR,transfer
6250,10/01/2026,IT8901,1702.96,EUR,deposit
6251,21/03/2026,IT6789,-232.07,EUR,transfer
6252,27/04/2026,IT6789,1055.53,EUR,deposit
6253,29/05/2026,IT1234,-1447.17,EUR,transfer
6254,27/04/2026,IT3456,892.58,EUR,transfer
6255,01/05/2026,IT5678,-427.84,EUR,transfer
6256,17/03/2026,IT1234,4975.03,EUR,deposit
6257,09/02/2026,IT2345,147.93,EUR,transfer
6258,25/02/2026,IT3456,1384.16,EUR,transfer
6259,01/02/2026,IT2345,-609.95,EUR,withdrawal
6260,01/05/2026,IT4567,2303.54,EUR,deposit
6261,25/05/2026,IT5678,3258.14,EUR,deposit
6262,28/05/2026,IT4567,263.78,EUR,deposit
6263,05/03/2026,IT5678,381.32,EUR,transfer
6264,18/04/2026,IT4567,668.94,EUR,transfer
6265,23/02/2026,IT8901,-1264.91,EUR,withdrawal
6266,15/04/2026,IT5678,1080.52,EUR,transfer
6267,15/01/2026,IT2345,-1112.9,EUR,withdrawal
6268,15/02/2026,IT2345,2181.77,EUR,deposit
6269,28/01/2026,IT5678,336.15,EUR,transfer
6270,17/05/2026,IT6789,-825.76,EUR,transfer
6271,08/01/2026,IT8901,-694.62,EUR,transfer
6272,25/02/2026,IT6789,-1118.77,EUR,withdrawal
6273,02/01/2026,IT8901,-97.85,EUR,transfer
6274,,IT2345,64.8,EUR,transfer
6275,,IT8901,1436.17,EUR,transfer
6276,30/05/2026,IT7890,-1583.2,EUR,withdrawal
6277,08/04/2026,IT4567,23%02))12,EUR,transfer
6278,01/03/2026,IT5678,3068.88,EUR,deposit
6279,01/01/2026,IT6789,-1259.64,EUR,withdrawal
6280,02/04/2026,IT2345,23%02))12,EUR,deposit
6281,07/04/2026,IT5678,1437.37,EUR,transfer
6282,23/04/2026,IT6789,-592.2,EUR,transfer
6283,26/02/2026,IT6789,2565.92,EUR,deposit
6284,21/04/2026,IT6789,-373.89,EUR,transfer
6285,28/05/2026,IT5678,-1929.94,EUR,withdrawal
6286,01/01/1750,IT6789,-977.35,EUR,transfer
6287,13/02/2026,IT8901,-630.93,EUR,transfer
6288,14/04/2026,IT1234,2115.49,EUR,deposit
6289,15/05/2026,IT4567,-1239.95,EUR,withdrawal
6290,18/03/2026,IT7890,4964.42,EUR,deposit
6291,24/01/2026,IT1234,3299.72,EUR,deposit
6292,28/04/2026,IT6789,610.5,EUR,deposit
6293,15/05/2026,IT8901,23%02))12,EUR,transfer
6294,08/02/2026,IT7890,-481.28,EUR,transfer
6295,22/02/2026,IT4567,-1504.21,EUR,withdrawal
6296,04/01/2026,IT4567,-519.01,EUR,withdrawal
6297,03/02/2026,IT6789,-1201.76,EUR,withdrawal
6298,08/01/2026,IT4567,-837.2,EUR,withdrawal
6299,05/03/2026,IT4567,-40.67,EUR,withdrawal
6300,21/04/2026,IT8901,3447.4,EUR,deposit
6301,28/04/2026,IT8901,1327.43,EUR,transfer
6302,09/02/2026,IT5678,3450.58,EUR,deposit
6303,04/03/2026,IT4567,3463.18,EUR,deposit
6304,31/01/2026,IT3456,-1259.01,EUR,withdrawal
6305,04/01/2026,IT5678,332.95,EUR,deposit
6306,25/05/2026,IT4567,-205.22,EUR,transfer
6307,12/05/2026,IT7890,-1249.32,EUR,withdrawal
6308,22/05/2026,IT1234,985.16,EUR,transfer
6309,24/03/2026,IT6789,1105.01,EUR,transfer
6310,21/04/2026,IT6789,652.35,EUR,transfer
6311,19/02/2026,IT3456,414.29,EUR,deposit
6312,06/03/2026,IT2345,-757.28,EUR,transfer
6313,04/03/2026,IT5678,1121.26,EUR,transfer
6314,12/04/2026,IT8901,4688.86,EUR,deposit
6315,05/05/2026,IT7890,4647.54,EUR,deposit
6316,03/03/2026,IT1234,2622.26,EUR,deposit
6317,03/02/2026,IT6789,-667.51,EUR,withdrawal
6318,14/03/2026,IT5678,3167.76,EUR,deposit
6319,05/04/2026,IT7890,-1780.07,EUR,withdrawal
6320,20/01/2026,IT2345,2499.16,EUR,deposit
6321,26/01/2026,IT5678,737.95,EUR,deposit
6322,28/02/2026,IT8901,200.39,EUR,deposit
6323,07/04/2026,IT4567,-695.63,EUR,transfer
6324,01/01/2026,IT6789,1365.31,EUR,transfer
6325,08/04/2026,IT3456,-228.0,EUR,withdrawal
6326,24/05/2026,IT6789,-1723.95,EUR,withdrawal
6327,25/05/2026,IT5678,895.58,EUR,transfer
6328,12/05/2026,IT6789,1397.21,EUR,transfer
6329,24/01/2026,IT3456,791.97,EUR,deposit
6330,07/02/2026,IT8901,-1479.62,EUR,withdrawal
6331,18/01/2026,IT3456,-1434.23,EUR,transfer
6332,18/03/2026,IT8901,-172.48,EUR,withdrawal
6333,07/05/2026,IT8901,-441.4,EUR,transfer
6334,23/02/2026,IT2345,1418.26,EUR,transfer
6335,14/01/2026,IT6789,-1278.61,EUR,transfer
6336,02/03/2026,IT4567,-156.55,EUR,withdrawal
6337,25/05/2026,IT8901,-595.69,EUR,transfer
6338,23/04/2026,IT7890,1255.39,EUR,transfer
6339,22/03/2026,IT7890,-660.7,EUR,transfer
6340,01/01/1750,IT7890,1198.18,EUR,transfer
6341,21/02/2026,IT3456,3491.64,EUR,deposit
6342,04/05/2026,IT7890,-736.83,EUR,transfer
6343,19/02/2026,IT4567,1481.13,EUR,transfer
6344,03/03/2026,IT8901,2875.64,EUR,deposit
6345,11/03/2026,IT7890,-548.71,EUR,transfer
6346,12/04/2026,IT3456,650.13,EUR,deposit
6347,22/03/2026,IT7890,3916.77,EUR,deposit
6348,14/03/2026,IT3456,-1595.2,EUR,withdrawal
6349,26/03/2026,IT6789,3268.64,EUR,deposit
6350,22/05/2026,IT8901,-1688.52,EUR,withdrawal
6351,21/03/2026,IT1234,1759.02,EUR,deposit
6352,24/02/2026,IT4567,2905.62,EUR,deposit
6353,02/01/2026,IT4567,71.49,EUR,transfer
6354,06/01/2026,IT3456,2993.56,EUR,deposit
6355,20/03/2026,IT7890,-595.81,EUR,transfer
6356,19/05/2026,IT5678,-970.07,EUR,withdrawal
6357,26/03/2026,IT8901,1787.22,EUR,deposit
6358,29/03/2026,IT1234,-647.99,EUR,withdrawal
6359,23/01/2026,IT1234,846.59,EUR,transfer
6360,24/05/2026,IT8901,-1280.63,EUR,withdrawal
6361,09/01/2026,IT5678,630.91,EUR,transfer
6362,14/01/2026,IT4567,3919.56,EUR,deposit
6363,18/03/2026,IT1234,-1162.27,EUR,withdrawal
6364,29/03/2026,IT7890,-1560.17,EUR,withdrawal
6365,03/05/2026,IT2345,803.6,EUR,transfer
6366,15/01/2026,IT7890,-1092.96,EUR,withdrawal
6367,05/03/2026,IT3456,2255.51,EUR,deposit
6368,01/03/2026,IT2345,-1036.58,EUR,transfer
6369,14/03/2026,IT6789,-279.78,EUR,transfer
6370,15/04/2026,IT3456,289.71,EUR,transfer
6371,19/02/2026,IT2345,68.26,EUR,transfer
6372,05/04/2026,IT7890,1423.83,EUR,transfer
6373,24/03/2026,IT7890,853.84,EUR,deposit
6374,21/03/2026,IT3456,3080.72,EUR,deposit
6375,04/02/2026,IT1234,254.6,EUR,transfer
6376,20/02/2026,IT5678,-962.07,EUR,withdrawal
6377,01/02/2026,IT1234,3387.03,EUR,deposit
6378,03/01/2026,IT8901,837.52,EUR,transfer
6379,04/05/2026,IT5678,23%02))12,EUR,transfer
6380,16/03/2026,IT8901,-368.4,EUR,withdrawal
6381,08/01/2026,IT1234,-1369.1,EUR,withdrawal
6382,08/05/2026,IT6789,3970.49,EUR,deposit
6383,01/01/2026,IT7890,579.22,EUR,transfer
6384,27/01/2026,IT2345,4689.97,EUR,deposit
6385,24/01/2026,IT6789,1091.89,EUR,deposit
6386,12/05/2026,IT7890,876.67,EUR,transfer
6387,17/01/2026,IT7890,1428.46,EUR,deposit
6388,05/04/2026,IT4567,4553.01,EUR,deposit
6389,10/05/2026,IT5678,-169.49,EUR,transfer
6390,04/02/2026,IT8901,-323.84,EUR,transfer
6391,09/02/2026,IT4567,2726.98,EUR,deposit
6392,01/01/2026,IT6789,-1063.08,EUR,withdrawal
6393,12/04/2026,IT1234,742.18,EUR,transfer
6394,18/03/2026,IT8901,-430.39,EUR,transfer
6395,13/05/2026,IT5678,302.01,EUR,deposit
6396,13/03/2026,IT2345,4835.66,EUR,deposit
6397,27/01/2026,IT7890,-1162.1,EUR,transfer
6398,19/03/2026,IT6789,2722.46,EUR,deposit
6399,13/05/2026,IT3456,-1918.24,EUR,withdrawal
6400,14/04/2026,IT8901,415.4,EUR,deposit
6401,16/03/2026,IT2345,-808.11,EUR,withdrawal
6402,22/01/2026,IT3456,-604.95,EUR,transfer
6403,22/03/2026,IT1234,-1026.91,EUR,withdrawal
6404,13/03/2026,IT6789,-145.81,EUR,transfer
6405,30/04/2026,IT8901,3131.06,EUR,deposit
6406,13/03/2026,IT5678,-1133.06,EUR,withdrawal
6407,15/05/2026,IT8901,-954.74,EUR,withdrawal
6408,24/04/2026,IT5678,-1887.11,EUR,withdrawal
6409,08/02/2026,IT7890,2330.57,EUR,deposit
6410,24/02/2026,IT5678,-1750.64,EUR,withdrawal
6411,24/02/2026,IT3456,-266.99,EUR,withdrawal
6412,26/01/2026,IT8901,1099.47,EUR,deposit
6413,06/04/2026,IT6789,-1103.36,EUR,withdrawal
6414,21/01/2026,IT3456,2299.88,EUR,deposit
6415,21/01/2026,IT2345,-1478.76,EUR,transfer
6416,14/05/2026,IT8901,-243.1,EUR,transfer
6417,07/02/2026,IT3456,-1956.26,EUR,withdrawal
6418,12/02/2026,IT2345,-1018.47,EUR,withdrawal
6419,28/01/2026,IT1234,1549.81,EUR,deposit
6420,18/04/2026,IT6789,-1970.82,EUR,withdrawal
6421,22/05/2026,IT5678,-502.76,EUR,withdrawal
6422,01/03/2026,IT4567,4740.64,EUR,deposit
6423,08/01/2026,IT6789,-30.2,EUR,withdrawal
6424,04/01/2026,IT4567,3040.8,EUR,deposit
6425,18/04/2026,IT1234,-1437.22,EUR,transfer
6426,18/05/2026,IT7890,564.32,EUR,transfer
6427,28/02/2026,IT3456,-1624.01,EUR,withdrawal
6428,02/01/2026,IT8901,1982.85,EUR,deposit
6429,23/05/2026,IT5678,-1919.86,EUR,withdrawal
6430,18/01/2026,IT8901,-1208.93,EUR,withdrawal
6431,01/01/2026,IT1234,2146.1,EUR,deposit
6432,28/03/2026,IT5678,1080.22,EUR,transfer
6433,31/01/2026,IT4567,-602.87,EUR,withdrawal
6434,05/02/2026,IT1234,-1579.52,EUR,withdrawal
6435,08/01/2026,IT6789,-29.38,EUR,transfer
6436,16/05/2026,IT1234,4865.21,EUR,deposit
6437,10/02/2026,IT8901,-1445.72,EUR,withdrawal
6438,23/04/2026,IT3456,-1925.87,EUR,withdrawal
6439,07/05/2026,IT7890,-1167.96,EUR,withdrawal
6440,23/04/2026,IT6789,-1760.13,EUR,withdrawal
6441,13/03/2026,IT4567,-1026.22,EUR,withdrawal
6442,06/02/2026,IT6789,529.41,EUR,transfer
6443,17/05/2026,IT5678,-1279.37,EUR,withdrawal
6444,13/03/2026,IT5678,4329.87,EUR,deposit
6445,08/05/2026,IT2345,-434.82,EUR,withdrawal
6446,04/05/2026,IT7890,-1892.64,EUR,withdrawal
6447,21/05/2026,IT4567,-1221.86,EUR,withdrawal
6448,21/01/2026,IT1234,-437.73,EUR,withdrawal
6449,27/03/2026,IT1234,23%02))12,EUR,deposit
6450,22/04/2026,IT2345,829.56,EUR,transfer
6451,07/03/2026,IT3456,3568.83,EUR,deposit
6452,17/01/2026,IT8901,-1012.28,EUR,transfer
6453,01/04/2026,IT2345,-595.53,EUR,transfer
6454,31/05/2026,IT7890,-1236.3,EUR,withdrawal
6455,05/03/2026,IT2345,-855.02,EUR,withdrawal
6456,16/05/2026,IT2345,-320.06,EUR,withdrawal
6457,17/05/2026,IT2345,573.73,EUR,deposit
6458,07/05/2026,IT6789,941.92,EUR,transfer
6459,05/02/2026,IT7890,1362.51,EUR,deposit
6460,28/01/2026,IT3456,23%02))12,EUR,transfer
6461,21/01/2026,IT4567,673.81,EUR,deposit
6462,23/05/2026,IT6789,4312.44,EUR,deposit
6463,06/04/2026,IT3456,-1167.37,EUR,withdrawal
6464,30/01/2026,IT4567,-104.11,EUR,withdrawal
6465,20/03/2026,IT4567,3136.48,EUR,deposit
6466,13/05/2026,IT8901,-319.32,EUR,transfer
6467,11/03/2026,IT2345,-665.43,EUR,transfer
6468,12/05/2026,IT8901,-394.03,EUR,withdrawal
6469,16/04/2026,IT1234,52.71,EUR,transfer
6470,25/05/2026,IT7890,1330.32,EUR,deposit
6471,07/02/2026,IT7890,-798.91,EUR,transfer
6472,18/03/2026,IT7890,-524.55,EUR,withdrawal
6473,26/02/2026,IT7890,-560.65,EUR,withdrawal
6474,12/05/2026,IT4567,-507.21,EUR,withdrawal
6475,21/01/2026,IT2345,3407.38,EUR,deposit
6476,04/01/2026,IT8901,-1034.88,EUR,transfer
6477,18/03/2026,IT2345,-1383.18,EUR,transfer
6478,01/05/2026,IT7890,-922.52,EUR,withdrawal
6479,31/01/2026,IT2345,220.88,EUR,transfer
6480,27/02/2026,IT6789,394.25,EUR,transfer
6481,30/05/2026,IT1234,2325.93,EUR,deposit
6482,16/03/2026,IT3456,-238.15,EUR,transfer
6483,12/03/2026,IT8901,260.68,EUR,transfer
6484,02/03/2026,IT3456,1069.28,EUR,deposit
6485,06/01/2026,IT5678,449.74,EUR,deposit
6486,31/03/2026,IT8901,-697.87,EUR,transfer
6487,02/02/2026,IT5678,-58.29,EUR,withdrawal
6488,30/01/2026,IT1234,1441.06,EUR,deposit
6489,03/04/2026,IT6789,-1480.12,EUR,withdrawal
6490,06/01/2026,IT3456,-1240.42,EUR,withdrawal
6491,16/03/2026,IT2345,1421.05,EUR,transfer
6492,13/03/2026,IT6789,23%02))12,EUR,withdrawal
6493,17/03/2026,IT2345,1075.36,EUR,deposit
6494,28/01/2026,IT3456,-826.16,EUR,withdrawal
6495,17/02/2026,IT5678,-869.59,EUR,withdrawal
6496,01/05/2026,IT1234,1466.92,EUR,transfer
6497,29/04/2026,IT5678,758.77,EUR,transfer
6498,02/01/2026,IT8901,-1587.65,EUR,withdrawal
6499,05/02/2026,IT5678,989.41,EUR,deposit
6500,19/05/2026,IT6789,4052.35,EUR,deposit
6501,27/01/2026,IT8901,1659.33,EUR,deposit
6502,27/04/2026,IT8901,-1585.19,EUR,withdrawal
6503,17/03/2026,IT3456,-243.24,EUR,transfer
6504,08/03/2026,IT5678,-1569.29,EUR,withdrawal
6505,24/05/2026,IT4567,-1652.3,EUR,withdrawal
6506,26/05/2026,IT8901,-1358.46,EUR,transfer
6507,27/04/2026,IT7890,-343.41,EUR,withdrawal
6508,05/05/2026,IT2345,-189.77,EUR,transfer
6509,16/04/2026,IT7890,-937.27,EUR,withdrawal
6510,12/04/2026,IT4567,-1087.39,EUR,withdrawal
6511,01/04/2026,IT1234,4135.66,EUR,deposit
6512,26/05/2026,IT4567,759.36,EUR,deposit
6513,06/04/2026,IT1234,4827.11,EUR,deposit
6514,30/04/2026,IT6789,-666.23,EUR,withdrawal
6515,09/02/2026,IT1234,-1526.11,EUR,withdrawal
6516,12/04/2026,IT6789,-1894.58,EUR,withdrawal
6517,24/02/2026,IT8901,-1245.6,EUR,transfer
6518,08/03/2026,IT6789,-193.16,EUR,transfer
6519,23/04/2026,IT2345,1464.03,EUR,deposit
6520,04/04/2026,IT1234,820.49,EUR,deposit
6521,18/04/2026,IT6789,213.4,EUR,deposit
6522,02/03/2026,IT1234,-756.45,EUR,transfer
6523,16/04/2026,IT6789,-298.74,EUR,withdrawal
6524,17/05/2026,IT1234,-1179.08,EUR,withdrawal
6525,09/02/2026,IT1234,1860.99,EUR,deposit
6526,16/02/2026,IT2345,-1727.21,EUR,withdrawal
6527,13/05/2026,IT2345,-1527.35,EUR,withdrawal
6528,11/01/2026,IT6789,4112.84,EUR,deposit
6529,16/03/2026,IT1234,911.57,EUR,transfer
6530,06/05/2026,IT5678,86.48,EUR,transfer
6531,06/03/2026,IT2345,715.74,EUR,deposit
6532,08/01/2026,IT1234,1085.72,EUR,transfer
6533,30/01/2026,IT5678,722.41,EUR,transfer
6534,09/03/2026,IT4567,166.86,EUR,transfer
6535,10/03/2026,IT2345,-1937.45,EUR,withdrawal
6536,13/05/2026,IT6789,402.6,EUR,transfer
6537,08/03/2026,IT5678,289.34,EUR,transfer
6538,25/05/2026,IT6789,-1288.5,EUR,transfer
6539,11/04/2026,IT3456,4895.77,EUR,deposit
6540,11/02/2026,IT8901,77.96,EUR,transfer
6541,10/03/2026,IT2345,963.29,EUR,transfer
6542,18/04/2026,IT7890,-823.41,EUR,withdrawal
6543,06/02/2026,IT2345,1513.6,EUR,deposit
6544,21/02/2026,IT2345,-904.88,EUR,withdrawal
6545,11/01/2026,IT4567,510.62,EUR,transfer
6546,01/05/2026,IT6789,586.54,EUR,deposit
6547,03/05/2026,IT6789,218.01,EUR,deposit
6548,17/04/2026,IT3456,-748.41,EUR,transfer
6549,02/03/2026,IT4567,4877.16,EUR,deposit
6550,02/05/2026,IT5678,840.86,EUR,transfer
6551,07/01/2026,IT2345,-683.71,EUR,withdrawal
6552,26/03/2026,IT1234,109.56,EUR,transfer
6553,09/03/2026,IT2345,905.61,EUR,transfer
6554,25/02/2026,IT6789,2250.22,EUR,deposit
6555,17/02/2026,IT6789,578.56,EUR,transfer
6556,12/02/2026,IT5678,-1129.37,EUR,transfer
6557,16/02/2026,IT5678,-725.64,EUR,transfer
6558,16/01/2026,IT6789,-1442.28,EUR,transfer
6559,04/03/2026,IT5678,4339.27,EUR,deposit
6560,09/03/2026,IT2345,-1505.65,EUR,withdrawal
6561,22/01/2026,IT5678,137.73,EUR,deposit
6562,,IT7890,-575.15,EUR,transfer
6563,07/04/2026,IT8901,2388.56,EUR,deposit
6564,19/01/2026,IT4567,-1110.15,EUR,withdrawal
6565,24/02/2026,IT5678,-1132.17,EUR,withdrawal
6566,14/04/2026,IT7890,-477.89,EUR,withdrawal
6567,21/05/2026,IT5678,-516.47,EUR,transfer
6568,04/03/2026,IT5678,-489.3,EUR,withdrawal
6569,07/02/2026,IT2345,636.14,EUR,deposit
6570,26/01/2026,IT2345,-683.24,EUR,transfer
6571,07/05/2026,IT5678,622.02,EUR,transfer
6572,26/05/2026,IT6789,2919.53,EUR,deposit
6573,02/01/2026,IT1234,-1670.49,EUR,withdrawal
6574,03/01/2026,IT5678,-1263.01,EUR,transfer
6575,01/01/1750,IT7890,742.76,EUR,transfer
6576,23/03/2026,IT1234,4043.41,EUR,deposit
6577,17/05/2026,IT7890,86.09,EUR,transfer
6578,27/01/2026,IT3456,-326.07,EUR,withdrawal
6579,10/02/2026,IT6789,3663.99,EUR,deposit
6580,26/02/2026,IT8901,218.27,EUR,transfer
6581,15/05/2026,IT8901,3511.68,EUR,deposit
6582,01/05/2026,IT3456,-796.66,EUR,withdrawal
6583,14/04/2026,IT1234,2501.0,EUR,deposit
6584,28/02/2026,IT4567,-540.57,EUR,transfer
6585,24/03/2026,IT8901,-93.11,EUR,transfer
6586,29/03/2026,IT5678,-1148.03,EUR,withdrawal
6587,23/02/2026,IT7890,-1354.91,EUR,withdrawal
6588,05/01/2026,IT3456,173.09,EUR,transfer
6589,17/03/2026,IT4567,-1577.0,EUR,withdrawal
6590,25/01/2026,IT2345,-1476.11,EUR,transfer
6591,18/05/2026,IT1234,-610.75,EUR,withdrawal
6592,21/03/2026,IT2345,404.3,EUR,transfer
6593,20/01/2026,IT8901,2959.43,EUR,deposit
6594,29/03/2026,IT6789,176.81,EUR,transfer
6595,14/04/2026,IT7890,-1981.33,EUR,withdrawal
6596,11/05/2026,IT6789,1199.26,EUR,transfer
6597,18/05/2026,IT3456,3556.19,EUR,deposit
6598,30/05/2026,IT1234,4328.78,EUR,deposit
6599,15/03/2026,IT7890,2214.85,EUR,deposit
6600,30/05/2026,IT3456,-806.18,EUR,withdrawal
6601,06/04/2026,IT6789,749.12,EUR,transfer
6602,13/03/2026,IT1234,801.93,EUR,transfer
6603,08/04/2026,IT1234,3472.63,EUR,deposit
6604,01/02/2026,IT3456,-46.65,EUR,withdrawal
6605,27/05/2026,IT6789,-1997.74,EUR,withdrawal
6606,22/05/2026,IT2345,3021.65,EUR,deposit
6607,06/05/2026,IT4567,208.35,EUR,transfer
6608,20/02/2026,IT3456,-664.33,EUR,withdrawal
6609,04/01/2026,IT7890,4508.2,EUR,deposit
6610,02/02/2026,IT2345,3096.04,EUR,deposit
6611,07/03/2026,IT3456,-113.91,EUR,transfer
6612,06/04/2026,IT2345,1313.38,EUR,deposit
6613,24/04/2026,IT6789,-1235.2,EUR,transfer
6614,03/05/2026,IT8901,-810.2,EUR,withdrawal
6615,10/04/2026,IT1234,-563.24,EUR,withdrawal
6616,18/01/2026,IT3456,-26.01,EUR,withdrawal
6617,19/02/2026,IT5678,-381.89,EUR,transfer
6618,17/01/2026,IT6789,1008.11,EUR,transfer
6619,30/03/2026,IT8901,-1942.5,EUR,withdrawal
6620,15/03/2026,IT4567,2703.2,EUR,deposit
6621,24/02/2026,IT2345,-1332.15,EUR,withdrawal
6622,30/01/2026,IT7890,1021.66,EUR,transfer
6623,15/03/2026,IT1234,23%02))12,EUR,withdrawal
6624,15/03/2026,IT6789,-1344.79,EUR,transfer
6625,18/02/2026,IT6789,-877.99,EUR,transfer
6626,05/01/2026,IT6789,439.38,EUR,transfer
6627,01/05/2026,IT7890,23%02))12,EUR,transfer
6628,28/01/2026,IT3456,-874.08,EUR,withdrawal
6629,01/02/2026,IT1234,461.55,EUR,transfer
6630,04/03/2026,IT3456,951.98,EUR,transfer
6631,07/04/2026,IT2345,-679.26,EUR,withdrawal
6632,30/04/2026,IT6789,23%02))12,EUR,withdrawal
6633,20/01/2026,IT8901,-1292.79,EUR,withdrawal
6634,10/02/2026,IT1234,3846.55,EUR,deposit
6635,12/05/2026,IT5678,829.58,EUR,deposit
6636,15/01/2026,IT6789,23%02))12,EUR,deposit
6637,22/01/2026,IT2345,656.43,EUR,transfer
6638,11/01/2026,IT8901,-1314.59,EUR,withdrawal
6639,29/01/2026,IT8901,639.61,EUR,transfer
6640,31/05/2026,IT6789,-362.43,EUR,withdrawal
6641,02/05/2026,IT3456,-569.16,EUR,transfer
6642,22/04/2026,IT1234,4179.7,EUR,deposit
6643,13/02/2026,IT2345,115.4,EUR,deposit
6644,28/04/2026,IT8901,-1375.53,EUR,withdrawal
6645,22/02/2026,IT7890,-1594.44,EUR,withdrawal
6646,10/03/2026,IT1234,-958.53,EUR,withdrawal
6647,30/04/2026,IT2345,1445.9,EUR,deposit
6648,06/03/2026,IT1234,-1077.06,EUR,transfer
6649,01/02/2026,IT1234,-570.52,EUR,withdrawal
6650,21/01/2026,IT4567,-1440.36,EUR,transfer
6651,04/02/2026,IT7890,4706.32,EUR,deposit
6652,23/04/2026,IT8901,2450.82,EUR,deposit
6653,05/02/2026,IT4567,-1874.86,EUR,withdrawal
6654,10/04/2026,IT6789,4311.62,EUR,deposit
6655,09/05/2026,IT3456,-1637.03,EUR,withdrawal
6656,18/02/2026,IT4567,-1793.39,EUR,withdrawal
6657,03/02/2026,IT4567,944.98,EUR,transfer
6658,22/02/2026,IT5678,2942.78,EUR,deposit
6659,06/04/2026,IT3456,-199.67,EUR,transfer
6660,23/01/2026,IT8901,-1167.59,EUR,transfer
6661,29/01/2026,IT2345,1168.62,EUR,transfer
6662,12/04/2026,IT1234,810.14,EUR,deposit
6663,11/05/2026,IT8901,-75.57,EUR,withdrawal
6664,19/02/2026,IT4567,3482.09,EUR,deposit
6665,23/03/2026,IT5678,3534.23,EUR,deposit
6666,20/01/2026,IT8901,-1438.52,EUR,withdrawal
6667,01/01/1750,IT1234,-770.04,EUR,withdrawal
6668,08/02/2026,IT4567,-889.9,EUR,withdrawal
6669,05/03/2026,IT6789,655.04,EUR,transfer
6670,01/05/2026,IT1234,4251.45,EUR,deposit
6671,30/04/2026,IT3456,4786.67,EUR,deposit
6672,22/05/2026,IT8901,-603.19,EUR,withdrawal
6673,25/01/2026,IT7890,-273.22,EUR,withdrawal
6674,12/05/2026,IT1234,23%02))12,EUR,deposit
6675,01/03/2026,IT5678,-706.74,EUR,withdrawal
6676,28/01/2026,IT3456,-1927.09,EUR,withdrawal
6677,08/03/2026,IT6789,56.72,EUR,transfer
6678,25/02/2026,IT1234,719.13,EUR,transfer
6679,28/01/2026,IT7890,-1034.78,EUR,transfer
6680,27/01/2026,IT4567,-1381.35,EUR,withdrawal
6681,03/05/2026,IT2345,3300.79,EUR,deposit
6682,21/05/2026,IT3456,1859.72,EUR,deposit
6683,25/05/2026,IT7890,-556.13,EUR,withdrawal
6684,11/05/2026,IT4567,-1272.64,EUR,transfer
6685,05/03/2026,IT3456,1198.09,EUR,transfer
6686,29/01/2026,IT6789,739.68,EUR,transfer
6687,23/04/2026,IT3456,-1322.38,EUR,withdrawal
6688,08/03/2026,IT2345,2060.81,EUR,deposit
6689,01/05/2026,IT1234,-1274.44,EUR,transfer
6690,28/02/2026,IT4567,-1069.92,EUR,withdrawal
6691,05/01/2026,IT4567,3156.41,EUR,deposit
6692,02/03/2026,IT1234,2278.12,EUR,deposit
6693,13/01/2026,IT3456,23%02))12,EUR,transfer
6694,18/03/2026,IT2345,-1301.74,EUR,withdrawal
6695,08/03/2026,IT8901,-1349.01,EUR,withdrawal
6696,22/03/2026,IT4567,-505.53,EUR,transfer
6697,19/01/2026,IT3456,-251.23,EUR,withdrawal
6698,06/05/2026,IT8901,638.7,EUR,transfer
6699,29/04/2026,IT6789,-1271.29,EUR,withdrawal
6700,17/02/2026,IT5678,3817.56,EUR,deposit
6701,04/02/2026,IT1234,-1537.64,EUR,withdrawal
6702,11/02/2026,IT5678,-235.96,EUR,withdrawal
6703,15/04/2026,IT2345,-160.12,EUR,withdrawal
6704,08/04/2026,IT5678,-1053.18,EUR,withdrawal
6705,24/04/2026,IT4567,-1731.41,EUR,withdrawal
6706,03/02/2026,IT3456,4575.94,EUR,deposit
6707,01/05/2026,IT6789,2487.27,EUR,deposit
6708,12/05/2026,IT4567,1259.01,EUR,deposit
6709,02/02/2026,IT7890,-342.35,EUR,transfer
6710,31/03/2026,IT3456,-600.59,EUR,transfer
6711,20/01/2026,IT3456,470.86,EUR,transfer
6712,30/01/2026,IT1234,3503.4,EUR,deposit
6713,18/03/2026,IT4567,3584.34,EUR,deposit
6714,05/02/2026,IT3456,-367.5,EUR,withdrawal
6715,03/05/2026,IT3456,698.16,EUR,deposit
6716,12/01/2026,IT8901,787.79,EUR,deposit
6717,03/01/2026,IT7890,3512.51,EUR,deposit
6718,03/01/2026,IT4567,-377.02,EUR,withdrawal
6719,16/04/2026,IT5678,1236.12,EUR,transfer
6720,17/05/2026,IT1234,-768.41,EUR,withdrawal
6721,10/02/2026,IT2345,-121.08,EUR,withdrawal
6722,10/05/2026,IT2345,73.0,EUR,deposit
6723,12/03/2026,IT6789,-1950.38,EUR,withdrawal
6724,17/02/2026,IT8901,23%02))12,EUR,deposit
6725,20/03/2026,IT6789,3381.54,EUR,deposit
6726,16/03/2026,IT6789,1100.26,EUR,transfer
6727,16/02/2026,IT7890,1119.99,EUR,transfer
6728,23/03/2026,IT6789,-654.05,EUR,withdrawal
6729,04/03/2026,IT3456,3425.45,EUR,deposit
6730,24/01/2026,IT1234,1390.74,EUR,transfer
6731,21/01/2026,IT2345,-137.42,EUR,withdrawal
6732,08/01/2026,IT3456,131.22,EUR,deposit
6733,10/01/2026,IT5678,4735.68,EUR,deposit
6734,24/01/2026,IT6789,3133.31,EUR,deposit
6735,20/03/2026,IT1234,-988.53,EUR,transfer
6736,25/01/2026,IT4567,-1057.81,EUR,transfer
6737,28/05/2026,IT6789,111.41,EUR,transfer
6738,30/04/2026,IT6789,-428.96,EUR,transfer
6739,19/04/2026,IT4567,4906.55,EUR,deposit
6740,21/02/2026,IT4567,2045.44,EUR,deposit
6741,08/02/2026,IT4567,-1513.39,EUR,withdrawal
6742,02/01/2026,IT1234,4748.81,EUR,deposit
6743,10/04/2026,IT4567,979.31,EUR,deposit
6744,03/04/2026,IT3456,23%02))12,EUR,transfer
6745,29/01/2026,IT6789,115.88,EUR,transfer
6746,15/03/2026,IT1234,993.33,EUR,deposit
6747,26/05/2026,IT3456,-548.06,EUR,withdrawal
6748,30/04/2026,IT1234,-1884.9,EUR,withdrawal
6749,01/03/2026,IT3456,1370.71,EUR,transfer
6750,16/04/2026,IT7890,23%02))12,EUR,withdrawal
6751,16/04/2026,IT4567,2940.37,EUR,deposit
6752,16/04/2026,IT6789,1757.87,EUR,deposit
6753,29/03/2026,IT2345,2219.65,EUR,deposit
6754,06/01/2026,IT3456,3984.17,EUR,deposit
6755,26/05/2026,IT1234,965.54,EUR,transfer
6756,07/03/2026,IT6789,910.84,EUR,transfer
6757,04/02/2026,IT5678,3822.39,EUR,deposit
6758,05/04/2026,IT5678,1120.77,EUR,transfer
6759,04/01/2026,IT2345,1651.9,EUR,deposit
6760,31/01/2026,IT7890,-539.47,EUR,withdrawal
6761,20/04/2026,IT3456,1147.54,EUR,transfer
6762,21/01/2026,IT5678,-784.11,EUR,withdrawal
6763,07/02/2026,IT2345,288.56,EUR,transfer
6764,13/05/2026,IT5678,-504.37,EUR,withdrawal
6765,18/03/2026,IT7890,1066.39,EUR,deposit
6766,24/03/2026,IT4567,810.16,EUR,transfer
6767,21/03/2026,IT5678,2032.16,EUR,deposit
6768,18/05/2026,IT1234,-980.28,EUR,withdrawal
6769,13/05/2026,IT1234,1212.89,EUR,transfer
6770,17/01/2026,IT6789,-311.13,EUR,withdrawal
6771,24/05/2026,IT4567,1971.08,EUR,deposit
6772,26/02/2026,IT2345,-679.87,EUR,withdrawal
6773,10/01/2026,IT4567,23%02))12,EUR,withdrawal
6774,04/05/2026,IT1234,-1200.73,EUR,withdrawal
6775,20/05/2026,IT3456,2877.4,EUR,deposit
6776,25/05/2026,IT1234,-1381.2,EUR,withdrawal
6777,05/01/2026,IT7890,23%02))12,EUR,deposit
6778,22/05/2026,IT2345,-1057.39,EUR,transfer
6779,14/02/2026,IT3456,3818.94,EUR,deposit
6780,17/02/2026,IT4567,-845.4,EUR,transfer
6781,11/03/2026,IT6789,4293.37,EUR,deposit
6782,30/05/2026,IT1234,1397.53,EUR,deposit
6783,11/02/2026,IT1234,3798.44,EUR,deposit
6784,14/02/2026,IT7890,-39.93,EUR,withdrawal
6785,27/03/2026,IT7890,-895.31,EUR,transfer
6786,22/01/2026,IT3456,-1557.71,EUR,withdrawal
6787,02/01/2026,IT3456,-1662.73,EUR,withdrawal
6788,19/04/2026,IT4567,-361.75,EUR,transfer
6789,18/04/2026,IT8901,-402.26,EUR,withdrawal
6790,28/05/2026,IT2345,17.07,EUR,transfer
6791,24/05/2026,IT7890,28.45,EUR,transfer
6792,31/01/2026,IT4567,1053.71,EUR,deposit
6793,04/03/2026,IT7890,-1090.62,EUR,withdrawal
6794,18/04/2026,IT4567,2171.66,EUR,deposit
6795,17/04/2026,IT4567,-880.8,EUR,transfer
6796,23/01/2026,IT3456,550.09,EUR,transfer
6797,01/04/2026,IT7890,212.59,EUR,transfer
6798,25/02/2026,IT7890,3872.87,EUR,deposit
6799,17/04/2026,IT7890,755.32,EUR,transfer
6800,01/05/2026,IT4567,2354.09,EUR,deposit
6801,29/03/2026,IT7890,730.01,EUR,transfer
6802,21/01/2026,IT4567,4118.06,EUR,deposit
6803,08/05/2026,IT7890,-1005.31,EUR,withdrawal
6804,13/01/2026,IT6789,4242.83,EUR,deposit
6805,25/02/2026,IT5678,-298.88,EUR,transfer
6806,11/02/2026,IT7890,2020.29,EUR,deposit
6807,11/05/2026,IT5678,773.45,EUR,deposit
6808,10/01/2026,IT3456,-1928.33,EUR,withdrawal
6809,05/04/2026,IT4567,4645.91,EUR,deposit
6810,06/05/2026,IT6789,-1239.98,EUR,withdrawal
6811,14/03/2026,IT2345,-343.45,EUR,withdrawal
6812,14/05/2026,IT7890,-1369.16,EUR,transfer
6813,15/05/2026,IT3456,1131.95,EUR,deposit
6814,17/05/2026,IT7890,-582.96,EUR,withdrawal
6815,16/01/2026,IT6789,1011.27,EUR,transfer
6816,31/05/2026,IT3456,-240.1,EUR,withdrawal
6817,03/01/2026,IT3456,-975.82,EUR,withdrawal
6818,31/05/2026,IT8901,1156.14,EUR,deposit
6819,26/04/2026,IT5678,1841.57,EUR,deposit
6820,,IT3456,733.55,EUR,deposit
6821,19/05/2026,IT1234,-400.21,EUR,withdrawal
6822,15/03/2026,IT5678,2537.82,EUR,deposit
6823,10/03/2026,IT7890,-1937.13,EUR,withdrawal
6824,02/01/2026,IT4567,4987.76,EUR,deposit
6825,12/03/2026,IT1234,755.8,EUR,transfer
6826,04/05/2026,IT6789,-321.18,EUR,withdrawal
6827,31/01/2026,IT5678,-765.63,EUR,transfer
6828,25/04/2026,IT4567,1755.81,EUR,deposit
6829,04/05/2026,IT5678,3758.86,EUR,deposit
6830,25/03/2026,IT6789,182.25,EUR,transfer
6831,04/05/2026,IT6789,4650.1,EUR,deposit
6832,20/05/2026,IT3456,1259.78,EUR,deposit
6833,11/04/2026,IT6789,795.32,EUR,transfer
6834,12/03/2026,IT1234,2391.42,EUR,deposit
6835,17/04/2026,IT7890,-1347.8,EUR,withdrawal
6836,13/04/2026,IT1234,1466.34,EUR,transfer
6837,07/05/2026,IT2345,-848.61,EUR,withdrawal
6838,18/05/2026,IT6789,-642.28,EUR,transfer
6839,01/02/2026,IT1234,-1177.91,EUR,withdrawal
6840,05/04/2026,IT7890,-681.4,EUR,withdrawal
6841,14/01/2026,IT8901,-256.66,EUR,transfer
6842,11/03/2026,IT5678,4702.33,EUR,deposit
6843,13/04/2026,IT6789,-1513.29,EUR,withdrawal
6844,19/01/2026,IT5678,602.17,EUR,transfer
6845,15/05/2026,IT3456,-1127.21,EUR,transfer
6846,16/04/2026,IT3456,-953.9,EUR,withdrawal
6847,20/01/2026,IT8901,-1699.31,EUR,withdrawal
6848,01/03/2026,IT7890,182.13,EUR,transfer
6849,28/01/2026,IT2345,-686.1,EUR,transfer
6850,13/04/2026,IT5678,-908.57,EUR,transfer
6851,17/03/2026,IT1234,-1880.58,EUR,withdrawal
6852,24/02/2026,IT1234,606.75,EUR,transfer
6853,13/04/2026,IT6789,347.06,EUR,deposit
6854,15/02/2026,IT6789,854.92,EUR,deposit
6855,25/03/2026,IT8901,-493.86,EUR,withdrawal
6856,18/02/2026,IT6789,-1375.13,EUR,transfer
6857,26/05/2026,IT3456,1312.07,EUR,transfer
6858,16/02/2026,IT6789,-937.58,EUR,withdrawal
6859,,IT7890,23%02))12,EUR,transfer
6860,11/05/2026,IT5678,4033.77,EUR,deposit
6861,11/02/2026,IT3456,-1215.17,EUR,withdrawal
6862,17/03/2026,IT5678,3360.0,EUR,deposit
6863,19/01/2026,IT3456,-1811.57,EUR,withdrawal
6864,05/01/2026,IT2345,-1035.87,EUR,withdrawal
6865,06/03/2026,IT6789,846.23,EUR,deposit
6866,23/02/2026,IT4567,1203.47,EUR,transfer
6867,02/02/2026,IT2345,2814.64,EUR,deposit
6868,03/05/2026,IT1234,1274.81,EUR,transfer
6869,01/04/2026,IT5678,687.83,EUR,transfer
6870,20/03/2026,IT6789,839.06,EUR,transfer
6871,23/05/2026,IT2345,742.37,EUR,transfer
6872,05/04/2026,IT3456,-1070.45,EUR,withdrawal
6873,04/04/2026,IT5678,23%02))12,EUR,withdrawal
6874,04/03/2026,IT1234,-558.87,EUR,withdrawal
6875,26/03/2026,IT3456,-1187.45,EUR,transfer
6876,15/05/2026,IT5678,1961.87,EUR,deposit
6877,23/05/2026,IT8901,772.76,EUR,transfer
6878,15/02/2026,IT6789,-1935.88,EUR,withdrawal
6879,05/04/2026,IT2345,3188.91,EUR,deposit
6880,02/04/2026,IT8901,-1084.72,EUR,transfer
6881,08/05/2026,IT2345,-1714.69,EUR,withdrawal
6882,22/02/2026,IT1234,2947.61,EUR,deposit
6883,21/01/2026,IT4567,-702.45,EUR,transfer
6884,11/04/2026,IT5678,-762.73,EUR,transfer
6885,08/03/2026,IT2345,-1935.74,EUR,withdrawal
6886,28/01/2026,IT5678,1885.12,EUR,deposit
6887,25/04/2026,IT6789,1057.08,EUR,transfer
6888,05/04/2026,IT2345,-996.1,EUR,withdrawal
6889,05/02/2026,IT2345,1161.34,EUR,transfer
6890,09/02/2026,IT7890,-899.58,EUR,withdrawal
6891,02/05/2026,IT2345,-720.77,EUR,withdrawal
6892,08/02/2026,IT4567,102.67,EUR,deposit
6893,12/04/2026,IT4567,-64.64,EUR,withdrawal
6894,07/04/2026,IT6789,-1251.29,EUR,withdrawal
6895,15/02/2026,IT8901,-322.37,EUR,withdrawal
6896,16/01/2026,IT6789,44.79,EUR,transfer
6897,13/02/2026,IT3456,-896.25,EUR,withdrawal
6898,04/04/2026,IT6789,1063.73,EUR,transfer
6899,31/05/2026,IT8901,329.39,EUR,transfer
6900,05/01/2026,IT2345,4237.89,EUR,deposit
6901,04/03/2026,IT3456,-1479.72,EUR,withdrawal
6902,16/02/2026,IT4567,1469.1,EUR,deposit
6903,19/05/2026,IT7890,-411.97,EUR,transfer
6904,01/05/2026,IT7890,-610.06,EUR,withdrawal
6905,29/04/2026,IT6789,1788.94,EUR,deposit
6906,24/04/2026,IT4567,-297.94,EUR,withdrawal
6907,11/04/2026,IT2345,652.21,EUR,transfer
6908,29/03/2026,IT1234,155.38,EUR,deposit
6909,24/01/2026,IT6789,-732.85,EUR,withdrawal
6910,12/05/2026,IT6789,1081.34,EUR,deposit
6911,19/04/2026,IT3456,-1084.48,EUR,withdrawal
6912,02/04/2026,IT4567,2085.67,EUR,deposit
6913,21/01/2026,IT8901,1885.33,EUR,deposit
6914,01/03/2026,IT3456,-984.18,EUR,transfer
6915,06/03/2026,IT6789,-906.8,EUR,transfer
6916,25/02/2026,IT6789,524.85,EUR,deposit
6917,03/02/2026,IT5678,-446.65,EUR,transfer
6918,12/02/2026,IT7890,-358.0,EUR,transfer
6919,,IT6789,179.82,EUR,transfer
6920,27/04/2026,IT4567,3712.51,EUR,deposit
6921,09/04/2026,IT2345,1013.76,EUR,transfer
6922,07/02/2026,IT4567,3262.93,EUR,deposit
6923,24/05/2026,IT6789,512.53,EUR,transfer
6924,27/03/2026,IT5678,103.75,EUR,transfer
6925,10/02/2026,IT1234,319.49,EUR,transfer
6926,14/05/2026,IT8901,-1936.61,EUR,withdrawal
6927,17/01/2026,IT1234,3212.8,EUR,deposit
6928,26/04/2026,IT4567,4799.2,EUR,deposit
6929,31/01/2026,IT6789,-1283.64,EUR,withdrawal
6930,07/05/2026,IT2345,1843.04,EUR,deposit
6931,19/04/2026,IT3456,4769.68,EUR,deposit
6932,06/04/2026,IT1234,3706.01,EUR,deposit
6933,29/03/2026,IT8901,61.62,EUR,transfer
6934,14/03/2026,IT6789,-685.8,EUR,withdrawal
6935,23/03/2026,IT7890,-52.48,EUR,transfer
6936,12/04/2026,IT1234,1339.01,EUR,transfer
6937,11/01/2026,IT1234,4475.8,EUR,deposit
6938,19/03/2026,IT8901,-486.16,EUR,withdrawal
6939,01/04/2026,IT5678,546.42,EUR,transfer
6940,19/05/2026,IT3456,1410.38,EUR,deposit
6941,10/03/2026,IT4567,-132.31,EUR,transfer
6942,13/01/2026,IT2345,4369.91,EUR,deposit
6943,21/05/2026,IT8901,-1654.79,EUR,withdrawal
6944,20/01/2026,IT1234,2208.64,EUR,deposit
6945,10/02/2026,IT7890,-1139.95,EUR,transfer
6946,03/02/2026,IT7890,615.14,EUR,deposit
6947,31/01/2026,IT1234,-801.41,EUR,transfer
6948,11/02/2026,IT4567,-1477.24,EUR,transfer
6949,02/05/2026,IT8901,384.04,EUR,transfer
6950,22/03/2026,IT3456,-1410.01,EUR,withdrawal
6951,21/01/2026,IT6789,2982.06,EUR,deposit
6952,13/05/2026,IT2345,-1194.24,EUR,transfer
6953,09/05/2026,IT2345,-1981.27,EUR,withdrawal
6954,20/03/2026,IT5678,4649.73,EUR,deposit
6955,10/02/2026,IT5678,4336.24,EUR,deposit
6956,19/04/2026,IT8901,-1959.42,EUR,withdrawal
6957,07/05/2026,IT7890,661.35,EUR,transfer
6958,27/03/2026,IT8901,-642.1,EUR,withdrawal
6959,13/05/2026,IT2345,2828.25,EUR,deposit
6960,21/04/2026,IT8901,1208.3,EUR,transfer
6961,22/04/2026,IT7890,-374.5,EUR,transfer
6962,30/01/2026,IT5678,-1957.49,EUR,withdrawal
6963,,IT1234,-1435.0,EUR,withdrawal
6964,17/04/2026,IT5678,-75.52,EUR,withdrawal
6965,27/05/2026,IT2345,-1883.78,EUR,withdrawal
6966,04/04/2026,IT8901,394.05,EUR,transfer
6967,15/01/2026,IT5678,-1404.94,EUR,withdrawal
6968,18/05/2026,IT3456,100.77,EUR,transfer
6969,15/01/2026,IT3456,-713.45,EUR,withdrawal
6970,05/04/2026,IT1234,4829.24,EUR,deposit
6971,19/05/2026,IT3456,130.17,EUR,deposit
6972,08/02/2026,IT4567,-656.99,EUR,transfer
6973,03/01/2026,IT1234,-1111.39,EUR,transfer
6974,03/02/2026,IT5678,-1128.43,EUR,transfer
6975,13/02/2026,IT6789,-1327.52,EUR,withdrawal
6976,02/04/2026,IT8901,493.3,EUR,deposit
6977,14/05/2026,IT5678,4730.19,EUR,deposit
6978,28/03/2026,IT1234,1293.25,EUR,transfer
6979,16/05/2026,IT4567,2667.44,EUR,deposit
6980,20/05/2026,IT5678,-302.52,EUR,transfer
6981,29/01/2026,IT3456,2593.04,EUR,deposit
6982,17/02/2026,IT6789,-400.16,EUR,withdrawal
6983,19/02/2026,IT1234,23%02))12,EUR,deposit
6984,12/03/2026,IT5678,-536.11,EUR,withdrawal
6985,06/01/2026,IT3456,4942.75,EUR,deposit
6986,23/03/2026,IT6789,-1411.22,EUR,withdrawal
6987,22/04/2026,IT4567,-1249.14,EUR,withdrawal
6988,29/04/2026,IT1234,-1591.29,EUR,withdrawal
6989,07/03/2026,IT3456,1805.99,EUR,deposit
6990,20/01/2026,IT3456,78.08,EUR,transfer
6991,08/05/2026,IT4567,-1257.16,EUR,withdrawal
6992,03/02/2026,IT5678,1340.91,EUR,transfer
6993,13/05/2026,IT4567,-1283.28,EUR,withdrawal
6994,07/03/2026,IT1234,4545.72,EUR,deposit
6995,24/03/2026,IT3456,-1062.49,EUR,withdrawal
6996,03/03/2026,IT7890,2381.67,EUR,deposit
6997,17/05/2026,IT2345,-454.17,EUR,transfer
6998,16/05/2026,IT3456,-5.28,EUR,transfer
6999,02/03/2026,IT3456,124.36,EUR,transfer
7000,18/02/2026,IT2345,-1337.33,EUR,withdrawal
7001,03/05/2026,IT1234,4155.9,EUR,deposit
7002,13/05/2026,IT5678,2118.73,EUR,deposit
7003,23/05/2026,IT3456,-923.05,EUR,withdrawal
7004,20/02/2026,IT2345,-1449.2,EUR,withdrawal
7005,30/03/2026,IT2345,-1201.43,EUR,transfer
7006,06/02/2026,IT8901,-149.91,EUR,transfer
7007,24/02/2026,IT4567,130.15,EUR,transfer
7008,27/03/2026,IT5678,3819.22,EUR,deposit
7009,16/04/2026,IT5678,-1924.9,EUR,withdrawal
7010,22/04/2026,IT5678,-1004.94,EUR,withdrawal
7011,13/03/2026,IT4567,-210.26,EUR,withdrawal
7012,27/02/2026,IT5678,426.51,EUR,deposit
7013,18/01/2026,IT8901,585.45,EUR,transfer
7014,29/04/2026,IT5678,4827.0,EUR,deposit
7015,07/02/2026,IT3456,-1653.55,EUR,withdrawal
7016,08/04/2026,IT5678,4629.69,EUR,deposit
7017,06/02/2026,IT6789,-455.77,EUR,withdrawal
7018,12/02/2026,IT6789,3817.33,EUR,deposit
7019,14/02/2026,IT4567,185.97,EUR,deposit
7020,23/01/2026,IT8901,2890.52,EUR,deposit
7021,28/02/2026,IT7890,-629.85,EUR,transfer
7022,14/04/2026,IT4567,606.82,EUR,deposit
7023,10/03/2026,IT1234,-1260.83,EUR,transfer
7024,11/03/2026,IT1234,-1856.18,EUR,withdrawal
7025,16/02/2026,IT6789,-992.82,EUR,transfer
7026,08/05/2026,IT4567,686.17,EUR,transfer
7027,20/05/2026,IT8901,2317.06,EUR,deposit
7028,07/01/2026,IT4567,-789.67,EUR,withdrawal
7029,22/03/2026,IT4567,1030.01,EUR,deposit
7030,30/04/2026,IT3456,487.1,EUR,deposit
7031,26/02/2026,IT4567,-339.79,EUR,transfer
7032,21/05/2026,IT4567,-1554.6,EUR,withdrawal
7033,26/04/2026,IT4567,-1364.41,EUR,withdrawal
7034,18/03/2026,IT3456,-988.36,EUR,transfer
7035,24/02/2026,IT5678,-348.15,EUR,transfer
7036,18/03/2026,IT6789,-816.66,EUR,transfer
7037,18/03/2026,IT1234,1378.85,EUR,transfer
7038,07/04/2026,IT3456,1124.53,EUR,transfer
7039,09/05/2026,IT2345,-499.31,EUR,withdrawal
7040,01/04/2026,IT5678,4188.59,EUR,deposit
7041,14/02/2026,IT2345,370.27,EUR,transfer
7042,10/02/2026,IT5678,202.89,EUR,deposit
7043,18/05/2026,IT4567,2324.94,EUR,deposit
7044,14/01/2026,IT6789,4095.46,EUR,deposit
7045,12/03/2026,IT7890,709.58,EUR,deposit
7046,19/04/2026,IT6789,-1917.17,EUR,withdrawal
7047,28/01/2026,IT2345,529.47,EUR,deposit
7048,28/04/2026,IT7890,4338.78,EUR,deposit
7049,14/02/2026,IT3456,452.65,EUR,transfer
7050,03/04/2026,IT8901,-904.75,EUR,withdrawal
7051,01/03/2026,IT3456,4152.74,EUR,deposit
7052,22/04/2026,IT1234,-519.65,EUR,transfer
7053,03/03/2026,IT3456,640.0,EUR,transfer
7054,05/03/2026,IT8901,1352.76,EUR,deposit
7055,27/04/2026,IT3456,-844.55,EUR,withdrawal
7056,09/01/2026,IT8901,796.41,EUR,deposit
7057,09/04/2026,IT1234,4513.54,EUR,deposit
7058,26/01/2026,IT6789,-1380.31,EUR,transfer
7059,13/04/2026,IT6789,855.59,EUR,deposit
7060,25/02/2026,IT6789,-1075.8,EUR,withdrawal
7061,15/04/2026,IT6789,1392.18,EUR,transfer
7062,28/04/2026,IT4567,-716.32,EUR,transfer
7063,19/03/2026,IT1234,190.06,EUR,transfer
7064,,IT1234,-280.09,EUR,withdrawal
7065,28/04/2026,IT7890,3622.39,EUR,deposit
7066,31/03/2026,IT1234,2175.77,EUR,deposit
7067,05/05/2026,IT8901,-1078.42,EUR,withdrawal
7068,02/04/2026,IT8901,-383.48,EUR,withdrawal
7069,13/02/2026,IT7890,809.06,EUR,deposit
7070,06/03/2026,IT1234,1209.13,EUR,transfer
7071,30/05/2026,IT6789,1476.65,EUR,transfer
7072,12/04/2026,IT1234,-1125.47,EUR,withdrawal
7073,16/04/2026,IT4567,-1685.45,EUR,withdrawal
7074,24/02/2026,IT7890,172.82,EUR,transfer
7075,17/01/2026,IT3456,2070.59,EUR,deposit
7076,22/01/2026,IT6789,-1948.87,EUR,withdrawal
7077,25/01/2026,IT5678,1161.72,EUR,transfer
7078,12/04/2026,IT4567,-1131.98,EUR,transfer
7079,01/01/1750,IT2345,-1155.49,EUR,transfer
7080,19/03/2026,IT5678,-656.55,EUR,withdrawal
7081,07/04/2026,IT8901,1396.97,EUR,deposit
7082,23/02/2026,IT6789,835.43,EUR,transfer
7083,21/05/2026,IT5678,-30.06,EUR,withdrawal
7084,03/01/2026,IT8901,-418.98,EUR,transfer
7085,09/02/2026,IT6789,492.0,EUR,transfer
7086,13/02/2026,IT4567,4215.44,EUR,deposit
7087,04/02/2026,IT7890,-1058.37,EUR,withdrawal
7088,02/03/2026,IT5678,-1911.45,EUR,withdrawal
7089,06/02/2026,IT6789,1097.54,EUR,transfer
7090,13/03/2026,IT7890,-1127.85,EUR,withdrawal
7091,19/02/2026,IT3456,-459.19,EUR,transfer
7092,02/01/2026,IT2345,2362.47,EUR,deposit
7093,05/05/2026,IT7890,-331.33,EUR,transfer
7094,23/02/2026,IT5678,954.42,EUR,transfer
7095,14/05/2026,IT5678,4644.23,EUR,deposit
7096,04/02/2026,IT7890,4844.91,EUR,deposit
7097,06/05/2026,IT4567,-391.51,EUR,transfer
7098,13/04/2026,IT8901,1088.13,EUR,deposit
7099,10/03/2026,IT4567,-196.31,EUR,transfer
7100,29/01/2026,IT8901,-160.06,EUR,transfer
7101,20/01/2026,IT1234,-57.72,EUR,withdrawal
7102,04/01/2026,IT6789,-1020.46,EUR,withdrawal
7103,07/05/2026,IT5678,-990.93,EUR,transfer
7104,25/02/2026,IT7890,188.48,EUR,transfer
7105,22/01/2026,IT4567,-1504.27,EUR,withdrawal
7106,01/05/2026,IT1234,-342.14,EUR,transfer
7107,09/05/2026,IT7890,-661.36,EUR,transfer
7108,29/04/2026,IT1234,-506.86,EUR,transfer
7109,10/01/2026,IT6789,3956.16,EUR,deposit
7110,15/04/2026,IT2345,1443.21,EUR,transfer
7111,25/04/2026,IT8901,-256.98,EUR,transfer
7112,14/03/2026,IT8901,-1626.34,EUR,withdrawal
7113,27/01/2026,IT6789,-1229.13,EUR,transfer
7114,02/03/2026,IT6789,3633.37,EUR,deposit
7115,31/01/2026,IT7890,3299.34,EUR,deposit
7116,28/01/2026,IT7890,-693.5,EUR,transfer
7117,16/01/2026,IT2345,-1835.54,EUR,withdrawal
7118,06/01/2026,IT3456,-1709.42,EUR,withdrawal
7119,26/02/2026,IT8901,-1323.65,EUR,transfer
7120,30/04/2026,IT7890,2638.19,EUR,deposit
7121,,IT3456,-168.7,EUR,withdrawal
7122,10/03/2026,IT8901,229.22,EUR,deposit
7123,10/04/2026,IT3456,-538.06,EUR,withdrawal
7124,12/02/2026,IT5678,-1498.57,EUR,transfer
7125,01/01/2026,IT7890,-105.04,EUR,transfer
7126,28/04/2026,IT3456,3237.44,EUR,deposit
7127,28/05/2026,IT6789,-1064.48,EUR,withdrawal
7128,28/02/2026,IT1234,2329.55,EUR,deposit
7129,11/04/2026,IT7890,-883.24,EUR,withdrawal
7130,23/01/2026,IT6789,-502.79,EUR,transfer
7131,27/04/2026,IT4567,2570.52,EUR,deposit
7132,03/05/2026,IT4567,300.32,EUR,transfer
7133,09/04/2026,IT3456,1981.58,EUR,deposit
7134,25/02/2026,IT6789,-1618.26,EUR,withdrawal
7135,08/02/2026,IT8901,-252.49,EUR,withdrawal
7136,15/03/2026,IT1234,2072.24,EUR,deposit
7137,17/02/2026,IT1234,1132.7,EUR,transfer
7138,11/04/2026,IT5678,260.38,EUR,transfer
7139,06/05/2026,IT4567,1047.72,EUR,transfer
7140,05/03/2026,IT5678,3621.75,EUR,deposit
7141,24/03/2026,IT1234,3175.15,EUR,deposit
7142,22/01/2026,IT4567,1015.97,EUR,transfer
7143,22/04/2026,IT4567,1277.14,EUR,transfer
7144,17/03/2026,IT3456,-54.73,EUR,transfer
7145,,IT8901,-582.91,EUR,transfer
7146,23/04/2026,IT5678,1047.8,EUR,deposit
7147,10/02/2026,IT3456,418.19,EUR,deposit
7148,23/01/2026,IT3456,-334.34,EUR,withdrawal
7149,12/04/2026,IT5678,2933.28,EUR,deposit
7150,05/04/2026,IT6789,-1106.37,EUR,withdrawal
7151,01/01/1750,IT6789,3654.86,EUR,deposit
7152,15/01/2026,IT3456,169.92,EUR,transfer
7153,07/03/2026,IT5678,-850.19,EUR,withdrawal
7154,15/05/2026,IT2345,-713.27,EUR,withdrawal
7155,05/05/2026,IT8901,1172.9,EUR,transfer
7156,17/05/2026,IT4567,94.11,EUR,transfer
7157,13/01/2026,IT1234,-397.54,EUR,transfer
7158,17/05/2026,IT5678,-1929.84,EUR,withdrawal
7159,07/01/2026,IT8901,-1661.42,EUR,withdrawal
7160,08/04/2026,IT5678,4213.52,EUR,deposit
7161,07/05/2026,IT8901,3104.99,EUR,deposit
7162,21/01/2026,IT7890,-1594.24,EUR,withdrawal
7163,23/04/2026,IT2345,1497.87,EUR,transfer
7164,27/04/2026,IT6789,1085.8,EUR,deposit
7165,18/05/2026,IT2345,-1030.9,EUR,transfer
7166,26/04/2026,IT4567,-313.24,EUR,withdrawal
7167,13/04/2026,IT8901,-472.54,EUR,withdrawal
7168,,IT5678,1132.03,EUR,transfer
7169,04/03/2026,IT3456,4288.76,EUR,deposit
7170,06/05/2026,IT2345,181.99,EUR,transfer
7171,02/05/2026,IT6789,-1523.14,EUR,withdrawal
7172,31/01/2026,IT8901,4053.43,EUR,deposit
7173,11/02/2026,IT1234,-675.35,EUR,withdrawal
7174,27/04/2026,IT8901,-1092.46,EUR,transfer
7175,05/01/2026,IT5678,-1180.41,EUR,transfer
7176,30/03/2026,IT8901,-872.05,EUR,transfer
7177,17/05/2026,IT8901,-1671.09,EUR,withdrawal
7178,24/01/2026,IT5678,338.91,EUR,deposit
7179,01/01/1750,IT2345,141.13,EUR,transfer
7180,12/02/2026,IT5678,-385.36,EUR,transfer
7181,13/05/2026,IT7890,-1530.75,EUR,withdrawal
7182,24/02/2026,IT7890,3875.99,EUR,deposit
7183,12/01/2026,IT7890,3680.4,EUR,deposit
7184,13/01/2026,IT5678,-1016.39,EUR,withdrawal
7185,14/04/2026,IT6789,3917.88,EUR,deposit
7186,18/05/2026,IT3456,-1704.64,EUR,withdrawal
7187,29/03/2026,IT5678,-1259.6,EUR,withdrawal
7188,04/01/2026,IT7890,407.46,EUR,transfer
7189,28/03/2026,IT3456,-1157.38,EUR,withdrawal
7190,09/02/2026,IT2345,-1198.37,EUR,transfer
7191,19/04/2026,IT6789,1000.07,EUR,transfer
7192,11/01/2026,IT6789,1493.43,EUR,deposit
7193,28/02/2026,IT6789,-1186.34,EUR,transfer
7194,13/04/2026,IT7890,75.8,EUR,transfer
7195,24/01/2026,IT2345,-632.74,EUR,withdrawal
7196,23/02/2026,IT1234,-1237.77,EUR,transfer
7197,28/04/2026,IT6789,806.99,EUR,deposit
7198,02/04/2026,IT3456,-549.66,EUR,withdrawal
7199,14/03/2026,IT5678,23%02))12,EUR,transfer
7200,09/05/2026,IT4567,629.96,EUR,deposit
7201,28/03/2026,IT7890,1024.74,EUR,transfer
7202,10/05/2026,IT7890,-1784.59,EUR,withdrawal
7203,15/02/2026,IT2345,1264.93,EUR,transfer
7204,19/02/2026,IT2345,491.59,EUR,deposit
7205,29/01/2026,IT4567,-784.46,EUR,withdrawal
7206,02/04/2026,IT6789,1429.53,EUR,transfer
7207,31/05/2026,IT5678,23%02))12,EUR,withdrawal
7208,21/05/2026,IT6789,967.18,EUR,deposit
7209,01/01/1750,IT8901,636.06,EUR,transfer
7210,22/02/2026,IT1234,-75.54,EUR,transfer
7211,12/02/2026,IT6789,3250.5,EUR,deposit
7212,15/04/2026,IT3456,1193.02,EUR,transfer
7213,14/04/2026,IT7890,-1068.04,EUR,withdrawal
7214,15/04/2026,IT3456,39.98,EUR,transfer
7215,,IT1234,3538.06,EUR,deposit
7216,01/05/2026,IT6789,1149.23,EUR,transfer
7217,13/02/2026,IT1234,-1370.96,EUR,withdrawal
7218,27/05/2026,IT7890,-404.41,EUR,withdrawal
7219,27/02/2026,IT8901,3512.08,EUR,deposit
7220,01/01/2026,IT6789,1393.08,EUR,deposit
7221,06/04/2026,IT1234,-905.04,EUR,withdrawal
7222,01/01/2026,IT1234,-50.72,EUR,withdrawal
7223,26/03/2026,IT7890,3890.57,EUR,deposit
7224,,IT5678,255.75,EUR,transfer
7225,02/01/2026,IT4567,-1188.95,EUR,withdrawal
7226,25/04/2026,IT6789,1494.59,EUR,transfer
7227,27/05/2026,IT4567,-1153.21,EUR,withdrawal
7228,13/03/2026,IT5678,-1421.86,EUR,withdrawal
7229,18/01/2026,IT7890,-1468.47,EUR,transfer
7230,27/02/2026,IT8901,600.47,EUR,deposit
7231,20/03/2026,IT7890,355.13,EUR,deposit
7232,17/01/2026,IT8901,-1308.81,EUR,withdrawal
7233,04/04/2026,IT4567,-671.58,EUR,transfer
7234,21/01/2026,IT6789,-619.93,EUR,withdrawal
7235,29/04/2026,IT1234,2440.46,EUR,deposit
7236,11/04/2026,IT5678,569.52,EUR,deposit
7237,14/03/2026,IT5678,-454.21,EUR,withdrawal
7238,12/05/2026,IT4567,-1425.82,EUR,withdrawal
7239,26/02/2026,IT8901,-1942.08,EUR,withdrawal
7240,27/02/2026,IT2345,843.04,EUR,deposit
7241,16/05/2026,IT1234,-90.13,EUR,withdrawal
7242,02/02/2026,IT5678,4727.9,EUR,deposit
7243,18/04/2026,IT3456,4382.16,EUR,deposit
7244,02/01/2026,IT8901,-449.13,EUR,withdrawal
7245,02/05/2026,IT4567,908.81,EUR,transfer
7246,27/03/2026,IT5678,-1217.56,EUR,transfer
7247,30/04/2026,IT4567,1469.48,EUR,transfer
7248,06/05/2026,IT8901,-1262.86,EUR,withdrawal
7249,21/05/2026,IT3456,1072.69,EUR,deposit
7250,25/02/2026,IT7890,3765.0,EUR,deposit
7251,26/01/2026,IT3456,-491.37,EUR,transfer
7252,23/04/2026,IT3456,-1646.66,EUR,withdrawal
7253,15/01/2026,IT5678,-783.0,EUR,withdrawal
7254,12/02/2026,IT3456,-1521.06,EUR,withdrawal
7255,03/01/2026,IT2345,-1957.97,EUR,withdrawal
7256,10/03/2026,IT7890,-1436.62,EUR,withdrawal
7257,23/05/2026,IT4567,-1634.88,EUR,withdrawal
7258,13/03/2026,IT7890,-765.73,EUR,withdrawal
7259,12/02/2026,IT4567,509.17,EUR,transfer
7260,18/04/2026,IT5678,4860.61,EUR,deposit
7261,19/03/2026,IT8901,1912.13,EUR,deposit
7262,29/05/2026,IT3456,-1375.6,EUR,withdrawal
7263,14/01/2026,IT4567,209.22,EUR,transfer
7264,07/05/2026,IT5678,-692.51,EUR,transfer
7265,22/01/2026,IT8901,-523.45,EUR,transfer
7266,02/02/2026,IT8901,-1607.37,EUR,withdrawal
7267,01/01/2026,IT5678,-1211.88,EUR,withdrawal
7268,09/01/2026,IT8901,-1771.1,EUR,withdrawal
7269,18/03/2026,IT7890,-743.58,EUR,transfer
7270,04/05/2026,IT2345,-1250.89,EUR,transfer
7271,26/02/2026,IT4567,-1787.2,EUR,withdrawal
7272,14/04/2026,IT5678,3599.04,EUR,deposit
7273,07/01/2026,IT3456,964.79,EUR,transfer
7274,06/01/2026,IT8901,-635.96,EUR,withdrawal
7275,20/02/2026,IT3456,22.08,EUR,transfer
7276,08/01/2026,IT1234,-265.2,EUR,withdrawal
7277,01/01/2026,IT4567,2743.31,EUR,deposit
7278,31/05/2026,IT4567,1971.73,EUR,deposit
7279,16/02/2026,IT6789,-503.03,EUR,transfer
7280,28/01/2026,IT6789,-878.58,EUR,transfer
7281,15/05/2026,IT8901,-741.84,EUR,transfer
7282,31/03/2026,IT5678,4913.34,EUR,deposit
7283,24/05/2026,IT6789,-1502.25,EUR,withdrawal
7284,30/01/2026,IT4567,4728.99,EUR,deposit
7285,05/03/2026,IT3456,1016.46,EUR,transfer
7286,13/03/2026,IT7890,-882.63,EUR,withdrawal
7287,17/02/2026,IT3456,813.21,EUR,deposit
7288,15/01/2026,IT7890,-1037.65,EUR,withdrawal
7289,10/03/2026,IT8901,-1622.0,EUR,withdrawal
7290,13/03/2026,IT2345,-1133.7,EUR,transfer
7291,22/05/2026,IT1234,-1304.52,EUR,withdrawal
7292,23/04/2026,IT6789,246.79,EUR,deposit
7293,25/04/2026,IT1234,-1948.97,EUR,withdrawal
7294,24/01/2026,IT3456,1012.05,EUR,transfer
7295,17/05/2026,IT6789,-162.79,EUR,withdrawal
7296,22/03/2026,IT3456,272.23,EUR,deposit
7297,15/02/2026,IT5678,4711.84,EUR,deposit
7298,03/01/2026,IT6789,622.93,EUR,transfer
7299,10/02/2026,IT8901,-623.8,EUR,transfer
7300,04/04/2026,IT8901,-1285.88,EUR,withdrawal
7301,17/01/2026,IT2345,-230.2,EUR,transfer
7302,26/05/2026,IT6789,-623.04,EUR,transfer
7303,12/03/2026,IT1234,-25.17,EUR,withdrawal
7304,01/02/2026,IT3456,-531.88,EUR,withdrawal
7305,24/01/2026,IT7890,4808.28,EUR,deposit
7306,08/02/2026,IT1234,1118.81,EUR,transfer
7307,06/05/2026,IT1234,624.36,EUR,deposit
7308,12/05/2026,IT5678,3060.88,EUR,deposit
7309,20/05/2026,IT5678,490.12,EUR,deposit
7310,01/01/1750,IT6789,768.88,EUR,transfer
7311,04/05/2026,IT5678,1346.44,EUR,deposit
7312,25/04/2026,IT3456,3239.1,EUR,deposit
7313,06/03/2026,IT7890,-969.12,EUR,withdrawal
7314,09/04/2026,IT1234,-1078.04,EUR,withdrawal
7315,08/03/2026,IT3456,2652.82,EUR,deposit
7316,02/02/2026,IT6789,-661.36,EUR,withdrawal
7317,23/05/2026,IT8901,2634.31,EUR,deposit
7318,08/01/2026,IT2345,-765.32,EUR,withdrawal
7319,25/03/2026,IT5678,-1747.39,EUR,withdrawal
7320,18/01/2026,IT1234,1761.42,EUR,deposit
7321,09/03/2026,IT1234,-844.57,EUR,transfer
7322,12/04/2026,IT1234,-1713.18,EUR,withdrawal
7323,29/03/2026,IT7890,3014.79,EUR,deposit
7324,13/05/2026,IT5678,-1060.65,EUR,transfer
7325,26/01/2026,IT7890,4346.34,EUR,deposit
7326,02/05/2026,IT6789,3675.12,EUR,deposit
7327,10/01/2026,IT7890,-634.22,EUR,withdrawal
7328,15/03/2026,IT8901,-813.2,EUR,withdrawal
7329,22/02/2026,IT1234,-1026.75,EUR,withdrawal
7330,14/04/2026,IT3456,-50.17,EUR,transfer
7331,20/02/2026,IT2345,-1417.93,EUR,transfer
7332,06/01/2026,IT4567,-462.63,EUR,withdrawal
7333,03/02/2026,IT6789,91.06,EUR,transfer
7334,08/01/2026,IT8901,505.95,EUR,deposit
7335,25/03/2026,IT2345,553.71,EUR,transfer
7336,18/04/2026,IT3456,2741.3,EUR,deposit
7337,30/01/2026,IT6789,-400.97,EUR,withdrawal
7338,20/02/2026,IT2345,-1836.79,EUR,withdrawal
7339,26/03/2026,IT7890,705.19,EUR,transfer
7340,12/05/2026,IT4567,-280.09,EUR,transfer
7341,01/01/1750,IT6789,-1083.01,EUR,withdrawal
7342,09/05/2026,IT5678,1569.09,EUR,deposit
7343,17/05/2026,IT8901,-1167.01,EUR,transfer
7344,28/05/2026,IT2345,-755.59,EUR,withdrawal
7345,01/01/2026,IT5678,1191.79,EUR,transfer
7346,22/02/2026,IT3456,-199.89,EUR,transfer
7347,24/04/2026,IT4567,-65.34,EUR,withdrawal
7348,05/04/2026,IT3456,858.84,EUR,transfer
7349,26/05/2026,IT2345,-1629.72,EUR,withdrawal
7350,06/04/2026,IT3456,2946.77,EUR,deposit
7351,14/01/2026,IT6789,636.7,EUR,deposit
7352,05/05/2026,IT4567,23%02))12,EUR,transfer
7353,30/03/2026,IT8901,-90.64,EUR,withdrawal
7354,13/03/2026,IT5678,2078.99,EUR,deposit
7355,16/03/2026,IT6789,396.37,EUR,deposit
7356,03/04/2026,IT4567,1791.75,EUR,deposit
7357,24/04/2026,IT6789,67.58,EUR,deposit
7358,14/04/2026,IT5678,-693.98,EUR,transfer
7359,11/01/2026,IT8901,-1283.52,EUR,withdrawal
7360,21/03/2026,IT2345,-367.83,EUR,transfer
7361,05/01/2026,IT1234,-1034.28,EUR,transfer
7362,19/05/2026,IT3456,23%02))12,EUR,withdrawal
7363,16/05/2026,IT2345,-867.05,EUR,withdrawal
7364,14/05/2026,IT3456,3128.95,EUR,deposit
7365,29/04/2026,IT2345,-1207.39,EUR,transfer
7366,21/03/2026,IT4567,4217.13,EUR,deposit
7367,01/02/2026,IT8901,-1377.35,EUR,withdrawal
7368,21/05/2026,IT3456,-918.19,EUR,transfer
7369,01/01/1750,IT4567,-1853.46,EUR,withdrawal
7370,26/05/2026,IT4567,-352.68,EUR,withdrawal
7371,19/02/2026,IT2345,76.38,EUR,transfer
7372,27/04/2026,IT7890,539.45,EUR,transfer
7373,13/05/2026,IT7890,225.31,EUR,transfer
7374,04/03/2026,IT3456,1676.8,EUR,deposit
7375,04/04/2026,IT1234,1454.35,EUR,deposit
7376,04/01/2026,IT2345,1141.68,EUR,deposit
7377,26/01/2026,IT1234,-1992.11,EUR,withdrawal
7378,09/03/2026,IT8901,-205.92,EUR,withdrawal
7379,05/02/2026,IT7890,-448.82,EUR,withdrawal
7380,25/02/2026,IT8901,1208.44,EUR,transfer
7381,08/01/2026,IT4567,-580.77,EUR,withdrawal
7382,19/02/2026,IT3456,1044.02,EUR,transfer
7383,02/01/2026,IT7890,1756.58,EUR,deposit
7384,01/04/2026,IT7890,1518.76,EUR,deposit
7385,07/03/2026,IT1234,114.28,EUR,transfer
7386,11/02/2026,IT3456,4500.04,EUR,deposit
7387,16/01/2026,IT3456,243.09,EUR,transfer
7388,01/01/2026,IT3456,-173.36,EUR,transfer
7389,10/05/2026,IT3456,817.69,EUR,transfer
7390,05/05/2026,IT4567,1808.05,EUR,deposit
7391,06/05/2026,IT5678,80.24,EUR,deposit
7392,20/03/2026,IT4567,3049.42,EUR,deposit
7393,23/05/2026,IT7890,2591.55,EUR,deposit
7394,24/05/2026,IT8901,-280.44,EUR,withdrawal
7395,15/03/2026,IT2345,-1532.55,EUR,withdrawal
7396,08/04/2026,IT2345,-35.43,EUR,transfer
7397,24/02/2026,IT6789,-324.99,EUR,withdrawal
7398,24/05/2026,IT3456,-677.5,EUR,transfer
7399,17/01/2026,IT8901,-426.63,EUR,withdrawal
7400,27/03/2026,IT8901,1094.63,EUR,deposit
7401,17/05/2026,IT8901,3612.7,EUR,deposit
7402,21/03/2026,IT3456,-811.31,EUR,withdrawal
7403,07/05/2026,IT8901,-414.09,EUR,withdrawal
7404,27/04/2026,IT6789,156.55,EUR,transfer
7405,07/03/2026,IT5678,-1091.05,EUR,transfer
7406,03/02/2026,IT4567,1226.33,EUR,deposit
7407,25/02/2026,IT3456,1432.12,EUR,transfer
7408,13/03/2026,IT4567,-898.53,EUR,transfer
7409,28/03/2026,IT5678,99.21,EUR,transfer
7410,14/01/2026,IT1234,1353.07,EUR,deposit
7411,22/01/2026,IT1234,2444.38,EUR,deposit
7412,24/02/2026,IT5678,554.03,EUR,transfer
7413,,IT7890,729.05,EUR,deposit
7414,01/04/2026,IT2345,405.64,EUR,transfer
7415,27/03/2026,IT6789,-1369.93,EUR,transfer
7416,25/03/2026,IT2345,1475.07,EUR,deposit
7417,30/03/2026,IT7890,-62.13,EUR,withdrawal
7418,15/03/2026,IT8901,3543.43,EUR,deposit
7419,19/05/2026,IT7890,1547.66,EUR,deposit
7420,22/01/2026,IT1234,815.36,EUR,deposit
7421,19/02/2026,IT5678,3410.44,EUR,deposit
7422,12/02/2026,IT2345,3307.09,EUR,deposit
7423,17/04/2026,IT3456,-1617.65,EUR,withdrawal
7424,14/05/2026,IT3456,-809.91,EUR,withdrawal
7425,25/05/2026,IT4567,2486.99,EUR,deposit
7426,11/04/2026,IT1234,-1284.67,EUR,withdrawal
7427,05/04/2026,IT4567,-855.13,EUR,withdrawal
7428,10/05/2026,IT8901,464.61,EUR,transfer
7429,28/01/2026,IT4567,1094.95,EUR,transfer
7430,07/01/2026,IT2345,-314.3,EUR,withdrawal
7431,18/05/2026,IT7890,-767.0,EUR,withdrawal
7432,25/03/2026,IT5678,-1764.85,EUR,withdrawal
7433,10/05/2026,IT4567,1340.7,EUR,transfer
7434,29/04/2026,IT1234,-405.74,EUR,transfer
7435,15/02/2026,IT5678,-1758.63,EUR,withdrawal
7436,09/05/2026,IT6789,-99.47,EUR,withdrawal
7437,20/03/2026,IT1234,582.93,EUR,transfer
7438,12/02/2026,IT7890,811.94,EUR,transfer
7439,12/01/2026,IT7890,-69.65,EUR,withdrawal
7440,30/03/2026,IT8901,-1838.94,EUR,withdrawal
7441,10/04/2026,IT2345,-540.7,EUR,withdrawal
7442,09/03/2026,IT7890,-1489.73,EUR,withdrawal
7443,19/04/2026,IT7890,-1997.18,EUR,withdrawal
7444,31/05/2026,IT4567,-1319.38,EUR,transfer
7445,13/03/2026,IT1234,-264.33,EUR,withdrawal
7446,25/01/2026,IT3456,-1017.24,EUR,withdrawal
7447,22/01/2026,IT6789,3788.67,EUR,deposit
7448,26/01/2026,IT4567,3265.05,EUR,deposit
7449,03/05/2026,IT1234,4101.27,EUR,deposit
7450,06/01/2026,IT5678,2382.91,EUR,deposit
7451,02/04/2026,IT2345,3236.14,EUR,deposit
7452,24/04/2026,IT4567,3438.95,EUR,deposit
7453,28/04/2026,IT3456,103.18,EUR,transfer
7454,18/02/2026,IT3456,-897.19,EUR,withdrawal
7455,14/05/2026,IT4567,-57.24,EUR,withdrawal
7456,22/05/2026,IT3456,-355.99,EUR,withdrawal
7457,19/03/2026,IT4567,987.0,EUR,deposit
7458,26/01/2026,IT3456,996.54,EUR,transfer
7459,14/01/2026,IT5678,3741.18,EUR,deposit
7460,23/03/2026,IT4567,3719.53,EUR,deposit
7461,08/02/2026,IT2345,-335.58,EUR,transfer
7462,30/03/2026,IT7890,1125.37,EUR,transfer
7463,15/02/2026,IT1234,115.3,EUR,transfer
7464,06/03/2026,IT1234,-340.02,EUR,withdrawal
7465,24/04/2026,IT3456,-246.71,EUR,withdrawal
7466,05/04/2026,IT4567,-119.43,EUR,transfer
7467,28/01/2026,IT8901,-485.69,EUR,withdrawal
7468,19/03/2026,IT1234,23%02))12,EUR,deposit
7469,02/01/2026,IT4567,-1216.12,EUR,withdrawal
7470,08/01/2026,IT7890,1582.79,EUR,deposit
7471,19/01/2026,IT4567,-212.12,EUR,transfer
7472,29/04/2026,IT6789,-1106.62,EUR,withdrawal
7473,21/03/2026,IT5678,-493.33,EUR,withdrawal
7474,19/02/2026,IT1234,3547.53,EUR,deposit
7475,18/05/2026,IT5678,4472.51,EUR,deposit
7476,24/01/2026,IT3456,3318.27,EUR,deposit
7477,26/04/2026,IT7890,974.53,EUR,transfer
7478,31/03/2026,IT2345,1714.46,EUR,deposit
7479,09/04/2026,IT6789,-544.63,EUR,withdrawal
7480,03/01/2026,IT6789,-940.55,EUR,transfer
7481,12/03/2026,IT4567,-74.34,EUR,withdrawal
7482,18/03/2026,IT7890,1408.54,EUR,transfer
7483,30/01/2026,IT6789,-442.11,EUR,transfer
7484,02/04/2026,IT4567,-1956.41,EUR,withdrawal
7485,30/05/2026,IT8901,-195.31,EUR,transfer
7486,24/02/2026,IT3456,-1849.4,EUR,withdrawal
7487,25/02/2026,IT3456,508.17,EUR,deposit
7488,29/01/2026,IT5678,1931.09,EUR,deposit
7489,28/04/2026,IT6789,-1084.94,EUR,transfer
7490,31/01/2026,IT8901,397.36,EUR,transfer
7491,09/01/2026,IT4567,342.12,EUR,deposit
7492,09/02/2026,IT7890,-981.97,EUR,withdrawal
7493,03/04/2026,IT7890,-385.0,EUR,transfer
7494,13/01/2026,IT1234,-1285.17,EUR,transfer
7495,25/02/2026,IT2345,-985.84,EUR,withdrawal
7496,13/02/2026,IT2345,-1434.65,EUR,withdrawal
7497,23/05/2026,IT2345,1984.15,EUR,deposit
7498,24/01/2026,IT5678,-1553.71,EUR,withdrawal
7499,27/02/2026,IT6789,432.07,EUR,transfer
7500,28/03/2026,IT8901,-987.66,EUR,transfer
7501,08/03/2026,IT3456,2480.12,EUR,deposit
7502,15/01/2026,IT6789,1076.57,EUR,transfer
7503,28/05/2026,IT1234,3796.19,EUR,deposit
7504,21/01/2026,IT3456,-833.23,EUR,transfer
7505,04/03/2026,IT6789,-715.42,EUR,transfer
7506,26/03/2026,IT2345,-1196.43,EUR,withdrawal
7507,19/05/2026,IT4567,-19.15,EUR,transfer
7508,21/02/2026,IT6789,-1128.2,EUR,withdrawal
7509,01/03/2026,IT6789,1175.88,EUR,transfer
7510,10/05/2026,IT6789,549.49,EUR,transfer
7511,07/04/2026,IT2345,3616.46,EUR,deposit
7512,30/01/2026,IT5678,72.57,EUR,transfer
7513,21/02/2026,IT7890,3262.04,EUR,deposit
7514,10/03/2026,IT6789,766.38,EUR,transfer
7515,26/01/2026,IT5678,-1094.39,EUR,withdrawal
7516,07/05/2026,IT5678,-504.7,EUR,withdrawal
7517,22/04/2026,IT3456,2653.41,EUR,deposit
7518,09/01/2026,IT2345,-348.82,EUR,transfer
7519,21/04/2026,IT8901,620.64,EUR,deposit
7520,28/05/2026,IT4567,-405.57,EUR,transfer
7521,27/03/2026,IT2345,-1153.96,EUR,withdrawal
7522,01/01/1750,IT7890,-356.07,EUR,withdrawal
7523,09/02/2026,IT5678,-1062.53,EUR,withdrawal
7524,07/03/2026,IT1234,1944.72,EUR,deposit
7525,30/05/2026,IT5678,-939.52,EUR,withdrawal
7526,01/01/2026,IT2345,839.22,EUR,transfer
7527,10/04/2026,IT1234,295.09,EUR,deposit
7528,26/03/2026,IT2345,575.76,EUR,deposit
7529,31/03/2026,IT4567,-1943.32,EUR,withdrawal
7530,01/05/2026,IT1234,-564.77,EUR,withdrawal
7531,14/02/2026,IT3456,-1645.78,EUR,withdrawal
7532,12/03/2026,IT1234,-433.99,EUR,withdrawal
7533,21/01/2026,IT8901,-258.48,EUR,transfer
7534,18/03/2026,IT3456,-337.69,EUR,withdrawal
7535,22/03/2026,IT1234,4510.81,EUR,deposit
7536,08/02/2026,IT4567,-1173.93,EUR,withdrawal
7537,08/04/2026,IT2345,-138.15,EUR,withdrawal
7538,14/04/2026,IT2345,-1118.74,EUR,transfer
7539,05/05/2026,IT6789,2909.23,EUR,deposit
7540,18/05/2026,IT4567,-1636.29,EUR,withdrawal
7541,23/04/2026,IT2345,-1657.38,EUR,withdrawal
7542,14/03/2026,IT5678,23%02))12,EUR,withdrawal
7543,01/04/2026,IT6789,2908.09,EUR,deposit
7544,29/03/2026,IT7890,2324.93,EUR,deposit
7545,17/03/2026,IT3456,-656.78,EUR,withdrawal
7546,22/05/2026,IT3456,-1984.71,EUR,withdrawal
7547,06/01/2026,IT6789,1733.48,EUR,deposit
7548,07/03/2026,IT1234,1048.24,EUR,deposit
7549,30/01/2026,IT3456,3596.16,EUR,deposit
7550,13/01/2026,IT2345,23%02))12,EUR,deposit
7551,27/03/2026,IT6789,3212.92,EUR,deposit
7552,01/04/2026,IT6789,3422.39,EUR,deposit
7553,25/02/2026,IT8901,-553.39,EUR,transfer
7554,05/04/2026,IT4567,-957.32,EUR,transfer
7555,14/03/2026,IT8901,-1103.23,EUR,withdrawal
7556,18/01/2026,IT2345,961.31,EUR,transfer
7557,07/04/2026,IT1234,-67.37,EUR,withdrawal
7558,19/02/2026,IT1234,-105.99,EUR,withdrawal
7559,,IT6789,4702.87,EUR,deposit
7560,17/01/2026,IT2345,403.22,EUR,transfer
7561,25/01/2026,IT8901,977.74,EUR,deposit
7562,07/04/2026,IT2345,-879.65,EUR,withdrawal
7563,11/05/2026,IT8901,-766.4,EUR,transfer
7564,10/04/2026,IT1234,3306.62,EUR,deposit
7565,21/03/2026,IT6789,-1703.99,EUR,withdrawal
7566,09/03/2026,IT2345,2580.21,EUR,deposit
7567,03/03/2026,IT3456,1063.65,EUR,transfer
7568,16/02/2026,IT2345,2300.37,EUR,deposit
7569,14/01/2026,IT3456,-121.55,EUR,withdrawal
7570,03/01/2026,IT1234,4950.51,EUR,deposit
7571,16/05/2026,IT5678,1912.48,EUR,deposit
7572,22/03/2026,IT3456,-1612.27,EUR,withdrawal
7573,04/03/2026,IT2345,286.31,EUR,transfer
7574,06/04/2026,IT6789,4906.43,EUR,deposit
7575,19/01/2026,IT3456,1219.36,EUR,deposit
7576,22/01/2026,IT1234,-1768.88,EUR,withdrawal
7577,06/02/2026,IT6789,4494.25,EUR,deposit
7578,28/05/2026,IT1234,-567.32,EUR,transfer
7579,09/01/2026,IT7890,1375.77,EUR,deposit
7580,05/02/2026,IT4567,23%02))12,EUR,transfer
7581,03/03/2026,IT3456,1118.77,EUR,deposit
7582,27/03/2026,IT7890,-1875.78,EUR,withdrawal
7583,02/01/2026,IT6789,-534.56,EUR,withdrawal
7584,10/02/2026,IT7890,485.21,EUR,transfer
7585,04/04/2026,IT2345,-441.67,EUR,withdrawal
7586,26/05/2026,IT7890,3858.96,EUR,deposit
7587,01/03/2026,IT2345,-904.96,EUR,withdrawal
7588,27/02/2026,IT1234,-1796.46,EUR,withdrawal
7589,23/01/2026,IT4567,773.9,EUR,deposit
7590,10/02/2026,IT1234,-578.94,EUR,withdrawal
7591,07/03/2026,IT2345,4944.24,EUR,deposit
7592,02/02/2026,IT3456,-216.51,EUR,transfer
7593,02/04/2026,IT8901,-1602.1,EUR,withdrawal
7594,17/02/2026,IT3456,-339.66,EUR,withdrawal
7595,19/01/2026,IT1234,885.25,EUR,deposit
7596,19/03/2026,IT2345,-1947.04,EUR,withdrawal
7597,30/04/2026,IT6789,-988.25,EUR,transfer
7598,22/02/2026,IT6789,-1955.32,EUR,withdrawal
7599,22/04/2026,IT5678,-687.12,EUR,withdrawal
7600,06/05/2026,IT4567,-1085.73,EUR,transfer
7601,03/02/2026,IT8901,1983.35,EUR,deposit
7602,20/05/2026,IT3456,1820.71,EUR,deposit
7603,17/01/2026,IT1234,23.99,EUR,transfer
7604,16/04/2026,IT7890,-1678.41,EUR,withdrawal
7605,,IT8901,-821.82,EUR,withdrawal
7606,19/02/2026,IT1234,2352.2,EUR,deposit
7607,20/04/2026,IT4567,-1465.55,EUR,withdrawal
7608,19/04/2026,IT7890,1339.84,EUR,transfer
7609,16/05/2026,IT2345,839.08,EUR,transfer
7610,21/04/2026,IT3456,-269.75,EUR,withdrawal
7611,07/03/2026,IT1234,665.52,EUR,transfer
7612,08/03/2026,IT6789,2240.81,EUR,deposit
7613,14/04/2026,IT3456,3850.34,EUR,deposit
7614,03/02/2026,IT2345,-1780.88,EUR,withdrawal
7615,05/01/2026,IT5678,1071.21,EUR,transfer
7616,12/04/2026,IT3456,-578.62,EUR,withdrawal
7617,06/02/2026,IT5678,4433.34,EUR,deposit
7618,22/05/2026,IT2345,-1949.94,EUR,withdrawal
7619,21/03/2026,IT5678,3223.68,EUR,deposit
7620,20/01/2026,IT2345,-309.62,EUR,withdrawal
7621,29/01/2026,IT6789,248.36,EUR,transfer
7622,04/04/2026,IT2345,2539.69,EUR,deposit
7623,30/03/2026,IT2345,-1073.56,EUR,withdrawal
7624,06/03/2026,IT7890,-1088.15,EUR,withdrawal
7625,13/02/2026,IT1234,-778.79,EUR,withdrawal
7626,31/01/2026,IT1234,-1610.62,EUR,withdrawal
7627,03/03/2026,IT3456,-1414.46,EUR,withdrawal
7628,26/05/2026,IT8901,2987.52,EUR,deposit
7629,09/04/2026,IT5678,-18.43,EUR,transfer
7630,05/01/2026,IT7890,2664.07,EUR,deposit
7631,02/01/2026,IT7890,-1230.55,EUR,transfer
7632,18/04/2026,IT7890,2895.84,EUR,deposit
7633,03/04/2026,IT5678,4182.39,EUR,deposit
7634,28/01/2026,IT2345,1631.41,EUR,deposit
7635,24/01/2026,IT1234,-1364.02,EUR,withdrawal
7636,31/03/2026,IT7890,212.9,EUR,deposit
7637,08/01/2026,IT8901,450.8,EUR,deposit
7638,12/02/2026,IT1234,1872.84,EUR,deposit
7639,06/02/2026,IT3456,3040.11,EUR,deposit
7640,11/03/2026,IT7890,-129.01,EUR,transfer
7641,15/03/2026,IT3456,1190.98,EUR,transfer
7642,19/04/2026,IT1234,922.04,EUR,deposit
7643,21/05/2026,IT1234,278.6,EUR,transfer
7644,24/03/2026,IT8901,272.19,EUR,deposit
7645,19/03/2026,IT1234,4615.49,EUR,deposit
7646,11/01/2026,IT3456,979.3,EUR,deposit
7647,02/03/2026,IT1234,3672.96,EUR,deposit
7648,06/04/2026,IT3456,-1591.91,EUR,withdrawal
7649,28/04/2026,IT6789,-500.32,EUR,transfer
7650,20/02/2026,IT5678,-176.1,EUR,withdrawal
7651,21/02/2026,IT5678,-342.87,EUR,transfer
7652,12/04/2026,IT7890,3209.21,EUR,deposit
7653,14/02/2026,IT1234,-471.9,EUR,withdrawal
7654,27/03/2026,IT8901,1649.08,EUR,deposit
7655,02/05/2026,IT8901,-86.17,EUR,withdrawal
7656,12/02/2026,IT5678,1158.67,EUR,deposit
7657,24/03/2026,IT5678,-337.71,EUR,withdrawal
7658,25/02/2026,IT7890,2824.11,EUR,deposit
7659,10/02/2026,IT8901,4859.9,EUR,deposit
7660,19/05/2026,IT3456,-151.77,EUR,withdrawal
7661,10/03/2026,IT8901,165.9,EUR,transfer
7662,29/04/2026,IT3456,-36.02,EUR,transfer
7663,09/01/2026,IT2345,1013.23,EUR,transfer
7664,15/02/2026,IT2345,-692.06,EUR,withdrawal
7665,23/04/2026,IT2345,10.08,EUR,transfer
7666,16/02/2026,IT5678,382.57,EUR,deposit
7667,24/04/2026,IT5678,-1407.99,EUR,transfer
7668,18/03/2026,IT8901,4503.97,EUR,deposit
7669,11/05/2026,IT5678,2620.16,EUR,deposit
7670,08/01/2026,IT8901,845.04,EUR,deposit
7671,28/02/2026,IT3456,-240.39,EUR,transfer
7672,21/02/2026,IT2345,372.5,EUR,transfer
7673,01/03/2026,IT4567,3236.16,EUR,deposit
7674,16/01/2026,IT2345,2405.25,EUR,deposit
7675,22/04/2026,IT4567,-341.64,EUR,withdrawal
7676,17/05/2026,IT7890,4453.77,EUR,deposit
7677,30/05/2026,IT6789,294.61,EUR,transfer
7678,28/05/2026,IT7890,4679.48,EUR,deposit
7679,14/01/2026,IT3456,-1161.07,EUR,withdrawal
7680,16/05/2026,IT1234,-703.38,EUR,withdrawal
7681,05/04/2026,IT8901,-213.26,EUR,transfer
7682,27/01/2026,IT1234,1407.87,EUR,transfer
7683,18/03/2026,IT3456,100.4,EUR,transfer
7684,04/01/2026,IT8901,1222.87,EUR,deposit
7685,06/05/2026,IT8901,-1111.93,EUR,withdrawal
7686,31/03/2026,IT7890,921.37,EUR,deposit
7687,08/02/2026,IT1234,3253.77,EUR,deposit
7688,07/02/2026,IT4567,389.36,EUR,deposit
7689,27/04/2026,IT6789,373.38,EUR,transfer
7690,23/03/2026,IT4567,535.59,EUR,transfer
7691,21/05/2026,IT7890,-858.91,EUR,transfer
7692,18/01/2026,IT7890,1305.74,EUR,transfer
7693,21/04/2026,IT6789,66.19,EUR,transfer
7694,24/05/2026,IT4567,-1572.7,EUR,withdrawal
7695,11/03/2026,IT8901,-592.55,EUR,transfer
7696,12/02/2026,IT6789,206.76,EUR,transfer
7697,16/04/2026,IT3456,-639.61,EUR,transfer
7698,12/05/2026,IT8901,1421.05,EUR,transfer
7699,18/03/2026,IT2345,-1982.3,EUR,withdrawal
7700,13/02/2026,IT8901,-1294.84,EUR,transfer
7701,28/02/2026,IT5678,-1651.04,EUR,withdrawal
7702,15/04/2026,IT7890,-1616.67,EUR,withdrawal
7703,24/02/2026,IT1234,753.24,EUR,transfer
7704,12/03/2026,IT7890,1774.09,EUR,deposit
7705,27/01/2026,IT5678,-459.93,EUR,transfer
7706,24/03/2026,IT6789,-1474.92,EUR,transfer
7707,09/03/2026,IT2345,-539.74,EUR,transfer
7708,10/04/2026,IT3456,3059.42,EUR,deposit
7709,06/05/2026,IT1234,-991.29,EUR,withdrawal
7710,31/03/2026,IT2345,1089.97,EUR,deposit
7711,05/02/2026,IT1234,-238.26,EUR,transfer
7712,25/01/2026,IT8901,629.74,EUR,deposit
7713,02/01/2026,IT6789,442.66,EUR,transfer
7714,10/02/2026,IT5678,-647.36,EUR,withdrawal
7715,17/03/2026,IT8901,-1770.01,EUR,withdrawal
7716,17/01/2026,IT6789,1227.65,EUR,transfer
7717,13/05/2026,IT4567,4134.42,EUR,deposit
7718,15/03/2026,IT4567,2504.31,EUR,deposit
7719,07/03/2026,IT7890,-733.63,EUR,withdrawal
7720,04/03/2026,IT5678,-540.88,EUR,transfer
7721,03/01/2026,IT3456,-617.36,EUR,withdrawal
7722,23/04/2026,IT4567,-756.81,EUR,transfer
7723,09/05/2026,IT5678,-1131.68,EUR,withdrawal
7724,10/02/2026,IT3456,4603.66,EUR,deposit
7725,07/02/2026,IT6789,727.69,EUR,transfer
7726,26/04/2026,IT5678,4642.26,EUR,deposit
7727,25/05/2026,IT5678,4613.36,EUR,deposit
7728,28/02/2026,IT7890,-386.71,EUR,withdrawal
7729,19/02/2026,IT2345,-912.51,EUR,transfer
7730,06/02/2026,IT5678,-217.56,EUR,withdrawal
7731,08/02/2026,IT1234,-1674.29,EUR,withdrawal
7732,09/01/2026,IT2345,-1910.29,EUR,withdrawal
7733,23/03/2026,IT7890,-1732.73,EUR,withdrawal
7734,17/02/2026,IT7890,-647.98,EUR,transfer
7735,05/05/2026,IT3456,904.61,EUR,deposit
7736,23/02/2026,IT6789,2179.9,EUR,deposit
7737,31/01/2026,IT3456,4601.9,EUR,deposit
7738,,IT4567,-616.18,EUR,transfer
7739,13/02/2026,IT5678,285.29,EUR,transfer
7740,02/01/2026,IT8901,565.19,EUR,transfer
7741,04/02/2026,IT3456,-1072.5,EUR,withdrawal
7742,15/02/2026,IT3456,758.01,EUR,deposit
7743,22/04/2026,IT7890,-124.49,EUR,transfer
7744,01/01/2026,IT1234,2958.84,EUR,deposit
7745,03/04/2026,IT3456,-1636.31,EUR,withdrawal
7746,28/04/2026,IT2345,-1690.85,EUR,withdrawal
7747,02/03/2026,IT1234,-1474.88,EUR,transfer
7748,25/05/2026,IT1234,-1444.31,EUR,transfer
7749,26/01/2026,IT8901,4083.9,EUR,deposit
7750,30/03/2026,IT7890,798.33,EUR,transfer
7751,29/05/2026,IT8901,1077.86,EUR,transfer
7752,25/03/2026,IT3456,277.75,EUR,transfer
7753,22/03/2026,IT3456,-1748.2,EUR,withdrawal
7754,13/03/2026,IT7890,-1800.79,EUR,withdrawal
7755,13/02/2026,IT2345,-288.6,EUR,transfer
7756,02/02/2026,IT4567,1252.2,EUR,transfer
7757,19/03/2026,IT2345,-1513.22,EUR,withdrawal
7758,11/04/2026,IT7890,-889.88,EUR,withdrawal
7759,05/05/2026,IT2345,1161.13,EUR,deposit
7760,01/01/1750,IT1234,-1258.89,EUR,withdrawal
7761,15/03/2026,IT5678,1142.69,EUR,deposit
7762,05/01/2026,IT4567,3069.96,EUR,deposit
7763,06/03/2026,IT4567,4611.67,EUR,deposit
7764,24/05/2026,IT2345,-818.11,EUR,withdrawal
7765,18/01/2026,IT1234,-882.29,EUR,withdrawal
7766,08/05/2026,IT5678,2757.85,EUR,deposit
7767,08/05/2026,IT8901,-1738.04,EUR,withdrawal
7768,03/01/2026,IT4567,-607.88,EUR,withdrawal
7769,24/01/2026,IT2345,1290.81,EUR,transfer
7770,04/02/2026,IT7890,-1295.64,EUR,transfer
7771,04/03/2026,IT4567,39.37,EUR,transfer
7772,02/04/2026,IT2345,1781.22,EUR,deposit
7773,01/01/2026,IT1234,-1992.93,EUR,withdrawal
7774,31/01/2026,IT4567,-284.85,EUR,withdrawal
7775,27/05/2026,IT8901,-1277.96,EUR,withdrawal
7776,27/05/2026,IT2345,-468.15,EUR,withdrawal
7777,10/03/2026,IT8901,-592.12,EUR,withdrawal
7778,22/05/2026,IT8901,-304.74,EUR,withdrawal
7779,12/03/2026,IT1234,3453.48,EUR,deposit
7780,05/05/2026,IT1234,-834.28,EUR,transfer
7781,21/05/2026,IT6789,-1415.8,EUR,transfer
7782,14/01/2026,IT8901,2667.71,EUR,deposit
7783,29/04/2026,IT6789,1410.33,EUR,transfer
7784,13/01/2026,IT3456,-1003.14,EUR,withdrawal
7785,30/01/2026,IT6789,115.46,EUR,transfer
7786,07/01/2026,IT8901,-1664.71,EUR,withdrawal
7787,05/01/2026,IT6789,-1848.34,EUR,withdrawal
7788,16/01/2026,IT7890,435.1,EUR,transfer
7789,26/04/2026,IT3456,1002.99,EUR,transfer
7790,13/05/2026,IT6789,-1275.82,EUR,transfer
7791,11/03/2026,IT6789,1257.53,EUR,transfer
7792,07/03/2026,IT8901,-50.02,EUR,withdrawal
7793,04/03/2026,IT4567,4225.36,EUR,deposit
7794,01/01/1750,IT5678,4391.66,EUR,deposit
7795,21/04/2026,IT5678,4927.58,EUR,deposit
7796,22/04/2026,IT7890,-342.29,EUR,withdrawal
7797,20/01/2026,IT1234,1204.77,EUR,deposit
7798,23/02/2026,IT4567,-1493.84,EUR,withdrawal
7799,09/05/2026,IT5678,-400.48,EUR,transfer
7800,,IT8901,-1779.35,EUR,withdrawal
7801,20/02/2026,IT3456,-1376.32,EUR,withdrawal
7802,25/03/2026,IT3456,-67.8,EUR,transfer
7803,16/03/2026,IT2345,4823.57,EUR,deposit
7804,14/05/2026,IT8901,4795.24,EUR,deposit
7805,24/01/2026,IT6789,3770.72,EUR,deposit
7806,25/02/2026,IT7890,1717.52,EUR,deposit
7807,20/04/2026,IT7890,-220.53,EUR,withdrawal
7808,06/05/2026,IT3456,-398.7,EUR,withdrawal
7809,26/02/2026,IT2345,3771.74,EUR,deposit
7810,28/03/2026,IT4567,3881.13,EUR,deposit
7811,21/04/2026,IT6789,-1508.95,EUR,withdrawal
7812,29/01/2026,IT5678,396.83,EUR,transfer
7813,21/01/2026,IT8901,-52.42,EUR,withdrawal
7814,22/04/2026,IT2345,-1186.88,EUR,withdrawal
7815,12/04/2026,IT1234,-1439.86,EUR,withdrawal
7816,05/05/2026,IT4567,4104.07,EUR,deposit
7817,04/02/2026,IT2345,-1167.68,EUR,transfer
7818,23/04/2026,IT1234,-912.95,EUR,transfer
7819,02/04/2026,IT8901,-1230.69,EUR,withdrawal
7820,16/01/2026,IT5678,-1555.09,EUR,withdrawal
7821,28/05/2026,IT4567,208.01,EUR,deposit
7822,18/01/2026,IT1234,-109.72,EUR,transfer
7823,09/01/2026,IT5678,2946.12,EUR,deposit
7824,08/04/2026,IT6789,1785.86,EUR,deposit
7825,23/02/2026,IT5678,357.97,EUR,deposit
7826,31/01/2026,IT3456,-536.34,EUR,withdrawal
7827,10/05/2026,IT7890,-1948.27,EUR,withdrawal
7828,07/05/2026,IT8901,-747.48,EUR,transfer
7829,29/01/2026,IT7890,-824.35,EUR,withdrawal
7830,06/04/2026,IT2345,3420.1,EUR,deposit
7831,05/02/2026,IT5678,2616.2,EUR,deposit
7832,08/03/2026,IT6789,1571.39,EUR,deposit
7833,05/04/2026,IT5678,2591.2,EUR,deposit
7834,21/01/2026,IT6789,-954.6,EUR,transfer
7835,21/02/2026,IT5678,-421.12,EUR,transfer
7836,23/02/2026,IT7890,803.86,EUR,transfer
7837,14/02/2026,IT7890,2666.8,EUR,deposit
7838,25/02/2026,IT6789,-366.15,EUR,withdrawal
7839,27/04/2026,IT8901,1261.06,EUR,transfer
7840,20/05/2026,IT5678,-1295.89,EUR,withdrawal
7841,14/02/2026,IT5678,-1650.01,EUR,withdrawal
7842,08/03/2026,IT3456,-538.56,EUR,withdrawal
7843,17/01/2026,IT6789,-1929.99,EUR,withdrawal
7844,31/01/2026,IT1234,3624.82,EUR,deposit
7845,28/03/2026,IT2345,-223.5,EUR,withdrawal
7846,14/01/2026,IT6789,-562.99,EUR,withdrawal
7847,02/03/2026,IT1234,631.01,EUR,transfer
7848,08/04/2026,IT1234,-367.41,EUR,transfer
7849,05/01/2026,IT7890,-616.84,EUR,withdrawal
7850,26/04/2026,IT2345,-620.45,EUR,transfer
7851,01/02/2026,IT8901,2431.4,EUR,deposit
7852,03/01/2026,IT7890,-407.04,EUR,withdrawal
7853,27/04/2026,IT2345,713.86,EUR,transfer
7854,17/04/2026,IT1234,1088.2,EUR,deposit
7855,03/03/2026,IT2345,-163.31,EUR,withdrawal
7856,01/05/2026,IT5678,-392.26,EUR,withdrawal
7857,10/01/2026,IT4567,1035.47,EUR,deposit
7858,11/04/2026,IT4567,-1065.96,EUR,withdrawal
7859,20/03/2026,IT4567,23%02))12,EUR,withdrawal
7860,17/04/2026,IT5678,4326.39,EUR,deposit
7861,21/03/2026,IT2345,1983.3,EUR,deposit
7862,27/04/2026,IT7890,579.5,EUR,transfer
7863,20/03/2026,IT6789,4036.21,EUR,deposit
7864,05/03/2026,IT3456,970.72,EUR,deposit
7865,06/03/2026,IT3456,-1008.4,EUR,withdrawal
7866,03/03/2026,IT2345,3498.7,EUR,deposit
7867,05/04/2026,IT8901,493.05,EUR,deposit
7868,25/04/2026,IT5678,-218.26,EUR,withdrawal
7869,10/04/2026,IT5678,-661.53,EUR,withdrawal
7870,01/05/2026,IT6789,1043.57,EUR,deposit
7871,22/04/2026,IT4567,825.87,EUR,transfer
7872,10/05/2026,IT5678,-1765.87,EUR,withdrawal
7873,20/04/2026,IT2345,2489.64,EUR,deposit
7874,14/03/2026,IT8901,-515.96,EUR,withdrawal
7875,,IT1234,1854.54,EUR,deposit
7876,30/03/2026,IT5678,1308.8,EUR,transfer
7877,18/05/2026,IT5678,1231.95,EUR,transfer
7878,12/02/2026,IT1234,-358.21,EUR,withdrawal
7879,01/01/2026,IT1234,-1082.71,EUR,withdrawal
7880,12/03/2026,IT6789,2235.57,EUR,deposit
7881,09/03/2026,IT7890,-1594.47,EUR,withdrawal
7882,28/01/2026,IT7890,-1038.84,EUR,withdrawal
7883,24/02/2026,IT7890,4860.48,EUR,deposit
7884,16/03/2026,IT1234,-357.02,EUR,withdrawal
7885,14/02/2026,IT1234,-205.65,EUR,withdrawal
7886,04/01/2026,IT1234,-102.33,EUR,withdrawal
7887,05/04/2026,IT2345,1358.32,EUR,transfer
7888,22/01/2026,IT3456,2943.64,EUR,deposit
7889,04/03/2026,IT1234,-1371.76,EUR,withdrawal
7890,29/05/2026,IT5678,3747.66,EUR,deposit
7891,29/04/2026,IT2345,-1395.53,EUR,withdrawal
7892,06/04/2026,IT8901,-1726.19,EUR,withdrawal
7893,25/03/2026,IT8901,221.22,EUR,deposit
7894,16/01/2026,IT8901,1185.43,EUR,deposit
7895,17/05/2026,IT3456,-663.63,EUR,transfer
7896,08/01/2026,IT3456,629.74,EUR,transfer
7897,10/03/2026,IT4567,3813.63,EUR,deposit
7898,08/04/2026,IT5678,1281.2,EUR,transfer
7899,04/02/2026,IT8901,1409.56,EUR,transfer
7900,03/04/2026,IT1234,3033.17,EUR,deposit
7901,28/02/2026,IT6789,-1668.94,EUR,withdrawal
7902,07/02/2026,IT7890,3800.36,EUR,deposit
7903,21/04/2026,IT1234,-704.99,EUR,withdrawal
7904,03/04/2026,IT2345,-753.49,EUR,withdrawal
7905,03/02/2026,IT1234,-484.97,EUR,withdrawal
7906,24/04/2026,IT8901,-1537.75,EUR,withdrawal
7907,15/03/2026,IT8901,1373.29,EUR,transfer
7908,13/02/2026,IT7890,-1116.45,EUR,transfer
7909,28/02/2026,IT4567,-1309.35,EUR,withdrawal
7910,01/01/2026,IT7890,-1358.92,EUR,transfer
7911,,IT8901,1930.67,EUR,deposit
7912,12/04/2026,IT4567,3112.33,EUR,deposit
7913,18/01/2026,IT2345,-914.05,EUR,transfer
7914,06/04/2026,IT3456,-422.64,EUR,transfer
7915,30/04/2026,IT3456,2228.85,EUR,deposit
7916,27/01/2026,IT2345,-1763.23,EUR,withdrawal
7917,11/02/2026,IT1234,256.96,EUR,transfer
7918,01/01/1750,IT3456,-388.64,EUR,withdrawal
7919,08/04/2026,IT6789,23%02))12,EUR,withdrawal
7920,24/02/2026,IT4567,206.72,EUR,deposit
7921,04/03/2026,IT8901,-49.43,EUR,transfer
7922,20/02/2026,IT4567,-260.47,EUR,withdrawal
7923,,IT3456,4630.76,EUR,deposit
7924,12/05/2026,IT6789,-1050.72,EUR,transfer
7925,02/04/2026,IT5678,-203.48,EUR,withdrawal
7926,17/03/2026,IT6789,-1905.87,EUR,withdrawal
7927,08/04/2026,IT6789,1742.97,EUR,deposit
7928,23/02/2026,IT5678,3386.41,EUR,deposit
7929,19/02/2026,IT6789,4976.9,EUR,deposit
7930,24/05/2026,IT4567,-174.6,EUR,withdrawal
7931,13/03/2026,IT3456,-1286.57,EUR,transfer
7932,07/03/2026,IT4567,-443.94,EUR,transfer
7933,01/03/2026,IT6789,-1046.63,EUR,withdrawal
7934,17/05/2026,IT5678,4082.72,EUR,deposit
7935,04/04/2026,IT8901,803.94,EUR,deposit
7936,08/03/2026,IT7890,-690.24,EUR,withdrawal
7937,14/05/2026,IT8901,651.16,EUR,deposit
7938,08/01/2026,IT7890,3932.43,EUR,deposit
7939,20/01/2026,IT6789,2618.23,EUR,deposit
7940,29/04/2026,IT8901,1242.74,EUR,deposit
7941,13/04/2026,IT6789,-1298.38,EUR,withdrawal
7942,25/04/2026,IT4567,23%02))12,EUR,deposit
7943,29/01/2026,IT1234,-1396.92,EUR,withdrawal
7944,05/01/2026,IT5678,-868.27,EUR,withdrawal
7945,01/02/2026,IT8901,23%02))12,EUR,withdrawal
7946,10/03/2026,IT5678,-459.9,EUR,withdrawal
7947,11/02/2026,IT2345,-83.14,EUR,transfer
7948,19/04/2026,IT4567,2467.51,EUR,deposit
7949,10/02/2026,IT1234,2771.16,EUR,deposit
7950,,IT1234,-749.53,EUR,withdrawal
7951,07/04/2026,IT6789,1181.07,EUR,transfer
7952,09/03/2026,IT3456,-1173.03,EUR,withdrawal
7953,15/01/2026,IT3456,620.1,EUR,transfer
7954,12/02/2026,IT3456,-503.69,EUR,transfer
7955,05/01/2026,IT5678,2446.69,EUR,deposit
7956,08/02/2026,IT2345,-821.61,EUR,withdrawal
7957,01/01/2026,IT1234,-1585.29,EUR,withdrawal
7958,15/04/2026,IT1234,1594.09,EUR,deposit
7959,11/03/2026,IT2345,-858.8,EUR,transfer
7960,10/01/2026,IT7890,-88.61,EUR,withdrawal
7961,28/02/2026,IT4567,815.45,EUR,transfer
7962,24/04/2026,IT4567,814.69,EUR,deposit
7963,19/01/2026,IT1234,-1486.52,EUR,withdrawal
7964,09/02/2026,IT5678,2699.99,EUR,deposit
7965,30/01/2026,IT4567,1345.88,EUR,transfer
7966,08/05/2026,IT7890,-1294.54,EUR,withdrawal
7967,16/04/2026,IT3456,-91.49,EUR,transfer
7968,25/01/2026,IT2345,1408.38,EUR,deposit
7969,31/01/2026,IT2345,-596.19,EUR,withdrawal
7970,12/03/2026,IT2345,-70.22,EUR,withdrawal
7971,11/03/2026,IT1234,-1159.67,EUR,withdrawal
7972,14/01/2026,IT1234,1476.78,EUR,deposit
7973,02/01/2026,IT5678,206.24,EUR,transfer
7974,19/03/2026,IT8901,-829.59,EUR,withdrawal
7975,16/02/2026,IT5678,249.63,EUR,transfer
7976,11/02/2026,IT2345,2166.73,EUR,deposit
7977,30/03/2026,IT3456,1116.24,EUR,deposit
7978,11/03/2026,IT3456,-1334.6,EUR,withdrawal
7979,30/05/2026,IT5678,2478.56,EUR,deposit
7980,30/03/2026,IT3456,3162.93,EUR,deposit
7981,18/05/2026,IT5678,-1410.13,EUR,transfer
7982,29/01/2026,IT6789,1823.08,EUR,deposit
7983,20/05/2026,IT5678,-333.19,EUR,transfer
7984,03/05/2026,IT7890,3652.77,EUR,deposit
7985,28/04/2026,IT6789,-1911.18,EUR,withdrawal
7986,21/03/2026,IT1234,2643.01,EUR,deposit
7987,29/04/2026,IT1234,4202.28,EUR,deposit
7988,05/02/2026,IT4567,-1784.64,EUR,withdrawal
7989,09/02/2026,IT6789,4493.22,EUR,deposit
7990,29/01/2026,IT1234,1270.76,EUR,transfer
7991,11/04/2026,IT2345,4133.06,EUR,deposit
7992,18/04/2026,IT1234,-998.82,EUR,withdrawal
7993,20/04/2026,IT8901,-817.88,EUR,withdrawal
7994,05/01/2026,IT8901,1330.06,EUR,deposit
7995,03/01/2026,IT1234,1456.18,EUR,deposit
7996,06/05/2026,IT3456,-554.47,EUR,transfer
7997,15/03/2026,IT7890,1191.79,EUR,transfer
7998,29/03/2026,IT6789,-10.71,EUR,transfer
7999,04/02/2026,IT5678,-763.78,EUR,transfer
8000,20/01/2026,IT2345,-1956.34,EUR,withdrawal
8001,12/05/2026,IT3456,-917.1,EUR,withdrawal
8002,26/01/2026,IT6789,41.9,EUR,transfer
8003,11/03/2026,IT4567,1376.69,EUR,transfer
8004,25/03/2026,IT7890,246.11,EUR,transfer
8005,30/04/2026,IT8901,36.26,EUR,transfer
8006,17/03/2026,IT3456,-709.79,EUR,transfer
8007,,IT6789,479.0,EUR,transfer
8008,02/04/2026,IT5678,243.47,EUR,transfer
8009,06/01/2026,IT7890,-306.79,EUR,transfer
8010,28/05/2026,IT2345,-929.5,EUR,withdrawal
8011,23/05/2026,IT6789,2491.24,EUR,deposit
8012,09/01/2026,IT6789,1910.35,EUR,deposit
8013,19/01/2026,IT3456,634.28,EUR,transfer
8014,23/05/2026,IT3456,4703.41,EUR,deposit
8015,07/05/2026,IT6789,-1589.71,EUR,withdrawal
8016,24/03/2026,IT6789,852.35,EUR,deposit
8017,14/02/2026,IT6789,-812.39,EUR,transfer
8018,08/01/2026,IT1234,-1014.73,EUR,withdrawal
8019,29/04/2026,IT1234,3268.89,EUR,deposit
8020,01/02/2026,IT4567,-566.28,EUR,withdrawal
8021,22/01/2026,IT5678,-1680.09,EUR,withdrawal
8022,04/02/2026,IT1234,1573.28,EUR,deposit
8023,24/03/2026,IT1234,2140.58,EUR,deposit
8024,07/04/2026,IT5678,-1292.8,EUR,withdrawal
8025,08/01/2026,IT3456,2689.44,EUR,deposit
8026,02/02/2026,IT7890,906.96,EUR,transfer
8027,05/02/2026,IT8901,-570.35,EUR,withdrawal
8028,25/05/2026,IT2345,1546.94,EUR,deposit
8029,21/05/2026,IT1234,-29.21,EUR,withdrawal
8030,24/04/2026,IT4567,-1109.28,EUR,withdrawal
8031,01/02/2026,IT1234,4604.47,EUR,deposit
8032,24/02/2026,IT7890,-816.86,EUR,transfer
8033,03/05/2026,IT6789,2485.48,EUR,deposit
8034,12/01/2026,IT8901,-615.43,EUR,withdrawal
8035,24/02/2026,IT2345,4354.34,EUR,deposit
8036,25/03/2026,IT7890,-185.97,EUR,withdrawal
8037,13/03/2026,IT5678,-1051.83,EUR,withdrawal
8038,26/03/2026,IT3456,170.62,EUR,deposit
8039,17/04/2026,IT2345,-1132.6,EUR,transfer
8040,08/04/2026,IT7890,294.55,EUR,transfer
8041,03/02/2026,IT2345,485.08,EUR,transfer
8042,06/01/2026,IT5678,3093.89,EUR,deposit
8043,05/01/2026,IT1234,3713.05,EUR,deposit
8044,15/05/2026,IT8901,3372.18,EUR,deposit
8045,25/05/2026,IT4567,-387.78,EUR,transfer
8046,30/03/2026,IT7890,-306.73,EUR,withdrawal
8047,13/02/2026,IT2345,-1310.45,EUR,transfer
8048,09/01/2026,IT2345,-849.94,EUR,transfer
8049,13/01/2026,IT4567,-499.04,EUR,transfer
8050,15/01/2026,IT3456,4393.0,EUR,deposit
8051,01/01/1750,IT6789,599.55,EUR,transfer
8052,01/04/2026,IT4567,-630.44,EUR,transfer
8053,08/03/2026,IT4567,272.57,EUR,deposit
8054,16/01/2026,IT4567,1248.83,EUR,transfer
8055,17/01/2026,IT2345,4020.65,EUR,deposit
8056,14/05/2026,IT4567,-190.36,EUR,withdrawal
8057,07/03/2026,IT7890,224.8,EUR,transfer
8058,15/04/2026,IT6789,894.73,EUR,transfer
8059,13/03/2026,IT1234,4065.16,EUR,deposit
8060,16/04/2026,IT5678,-1878.31,EUR,withdrawal
8061,30/04/2026,IT3456,2732.0,EUR,deposit
8062,01/03/2026,IT4567,-1092.88,EUR,transfer
8063,20/01/2026,IT5678,3826.85,EUR,deposit
8064,18/04/2026,IT7890,385.16,EUR,transfer
8065,07/03/2026,IT5678,-618.33,EUR,withdrawal
8066,16/04/2026,IT8901,280.34,EUR,deposit
8067,05/05/2026,IT7890,805.83,EUR,deposit
8068,12/02/2026,IT1234,12.99,EUR,transfer
8069,17/01/2026,IT4567,843.95,EUR,transfer
8070,06/01/2026,IT5678,4668.36,EUR,deposit
8071,23/02/2026,IT5678,-554.22,EUR,transfer
8072,26/01/2026,IT5678,1184.3,EUR,transfer
8073,15/01/2026,IT1234,-1264.89,EUR,withdrawal
8074,14/03/2026,IT8901,4301.9,EUR,deposit
8075,16/04/2026,IT3456,-714.02,EUR,withdrawal
8076,25/05/2026,IT5678,302.74,EUR,deposit
8077,19/01/2026,IT3456,-920.39,EUR,withdrawal
8078,07/04/2026,IT5678,-1044.21,EUR,withdrawal
8079,11/05/2026,IT3456,-1125.74,EUR,withdrawal
8080,06/05/2026,IT1234,-282.04,EUR,withdrawal
8081,14/03/2026,IT6789,-1127.63,EUR,transfer
8082,01/04/2026,IT5678,-390.19,EUR,withdrawal
8083,01/04/2026,IT1234,-779.13,EUR,withdrawal
8084,08/04/2026,IT2345,831.28,EUR,transfer
8085,23/03/2026,IT7890,-1866.51,EUR,withdrawal
8086,03/05/2026,IT4567,-1830.56,EUR,withdrawal
8087,23/02/2026,IT6789,-237.25,EUR,withdrawal
8088,13/01/2026,IT7890,543.38,EUR,deposit
8089,02/03/2026,IT7890,931.5,EUR,transfer
8090,11/05/2026,IT2345,-1279.28,EUR,withdrawal
8091,12/03/2026,IT5678,-1321.14,EUR,withdrawal
8092,06/02/2026,IT6789,108.07,EUR,transfer
8093,27/05/2026,IT7890,23%02))12,EUR,transfer
8094,04/02/2026,IT4567,1797.19,EUR,deposit
8095,02/05/2026,IT5678,-1354.84,EUR,withdrawal
8096,26/04/2026,IT6789,-1663.32,EUR,withdrawal
8097,05/04/2026,IT4567,-484.11,EUR,transfer
8098,19/04/2026,IT7890,767.59,EUR,deposit
8099,25/05/2026,IT8901,535.34,EUR,transfer
8100,05/01/2026,IT7890,-947.95,EUR,withdrawal
8101,19/03/2026,IT5678,-196.94,EUR,transfer
8102,30/01/2026,IT3456,3540.09,EUR,deposit
8103,09/03/2026,IT6789,3459.77,EUR,deposit
8104,08/03/2026,IT6789,-77.27,EUR,withdrawal
8105,06/05/2026,IT2345,543.15,EUR,transfer
8106,08/03/2026,IT4567,-894.01,EUR,transfer
8107,05/02/2026,IT5678,-380.38,EUR,withdrawal
8108,09/02/2026,IT5678,-1457.07,EUR,withdrawal
8109,24/04/2026,IT5678,-1758.01,EUR,withdrawal
8110,27/01/2026,IT6789,2212.98,EUR,deposit
8111,22/04/2026,IT2345,-1880.92,EUR,withdrawal
8112,09/04/2026,IT5678,2553.38,EUR,deposit
8113,02/03/2026,IT2345,4079.69,EUR,deposit
8114,13/01/2026,IT2345,-619.78,EUR,transfer
8115,02/02/2026,IT7890,158.46,EUR,deposit
8116,26/03/2026,IT4567,3989.3,EUR,deposit
8117,09/01/2026,IT6789,219.3,EUR,deposit
8118,18/05/2026,IT4567,-1785.25,EUR,withdrawal
8119,17/04/2026,IT6789,-1022.6,EUR,withdrawal
8120,01/02/2026,IT8901,23%02))12,EUR,deposit
8121,21/03/2026,IT5678,1251.92,EUR,transfer
8122,25/02/2026,IT5678,-785.12,EUR,withdrawal
8123,19/01/2026,IT1234,-1966.43,EUR,withdrawal
8124,11/02/2026,IT2345,-876.86,EUR,withdrawal
8125,29/01/2026,IT4567,23%02))12,EUR,deposit
8126,03/04/2026,IT7890,-1348.42,EUR,withdrawal
8127,18/05/2026,IT6789,323.51,EUR,transfer
8128,05/05/2026,IT2345,2365.36,EUR,deposit
8129,01/01/1750,IT5678,-1151.64,EUR,withdrawal
8130,13/04/2026,IT8901,1466.26,EUR,transfer
8131,19/02/2026,IT1234,-1411.4,EUR,withdrawal
8132,01/05/2026,IT8901,3531.97,EUR,deposit
8133,16/05/2026,IT3456,-1177.77,EUR,transfer
8134,,IT8901,-263.74,EUR,withdrawal
8135,12/05/2026,IT2345,-1218.88,EUR,withdrawal
8136,03/03/2026,IT8901,-1441.53,EUR,transfer
8137,09/03/2026,IT2345,383.43,EUR,transfer
8138,09/04/2026,IT3456,2014.98,EUR,deposit
8139,02/03/2026,IT5678,-1045.47,EUR,transfer
8140,06/01/2026,IT2345,2075.04,EUR,deposit
8141,23/01/2026,IT5678,2056.72,EUR,deposit
8142,19/01/2026,IT5678,-686.01,EUR,transfer
8143,04/05/2026,IT2345,-1775.73,EUR,withdrawal
8144,18/03/2026,IT5678,714.31,EUR,deposit
8145,01/02/2026,IT7890,-539.79,EUR,withdrawal
8146,13/03/2026,IT7890,-364.73,EUR,withdrawal
8147,03/03/2026,IT1234,-52.13,EUR,withdrawal
8148,13/05/2026,IT6789,1389.96,EUR,transfer
8149,22/05/2026,IT5678,-671.33,EUR,withdrawal
8150,18/03/2026,IT5678,617.79,EUR,transfer
8151,16/04/2026,IT4567,352.73,EUR,deposit
8152,21/05/2026,IT4567,-254.11,EUR,transfer
8153,16/05/2026,IT6789,-566.66,EUR,transfer
8154,13/02/2026,IT5678,-1099.84,EUR,withdrawal
8155,13/01/2026,IT3456,-174.55,EUR,transfer
8156,24/02/2026,IT1234,57.31,EUR,transfer
8157,04/04/2026,IT5678,1564.39,EUR,deposit
8158,,IT6789,-197.57,EUR,withdrawal
8159,26/04/2026,IT5678,-1101.97,EUR,withdrawal
8160,22/04/2026,IT4567,-864.77,EUR,transfer
8161,19/01/2026,IT7890,3087.1,EUR,deposit
8162,19/02/2026,IT6789,-304.24,EUR,transfer
8163,29/05/2026,IT8901,-1268.94,EUR,withdrawal
8164,22/04/2026,IT2345,622.36,EUR,transfer
8165,25/01/2026,IT4567,-943.29,EUR,withdrawal
8166,17/01/2026,IT4567,3046.65,EUR,deposit
8167,22/01/2026,IT7890,-578.08,EUR,withdrawal
8168,28/04/2026,IT7890,-484.09,EUR,withdrawal
8169,06/05/2026,IT2345,23%02))12,EUR,deposit
8170,14/03/2026,IT2345,265.36,EUR,transfer
8171,11/05/2026,IT1234,2427.86,EUR,deposit
8172,24/01/2026,IT4567,-1846.39,EUR,withdrawal
8173,15/04/2026,IT4567,1359.51,EUR,transfer
8174,12/01/2026,IT8901,55.0,EUR,transfer
8175,14/02/2026,IT2345,-1527.49,EUR,withdrawal
8176,01/01/1750,IT2345,606.21,EUR,transfer
8177,24/01/2026,IT7890,1403.79,EUR,deposit
8178,13/03/2026,IT5678,-192.21,EUR,transfer
8179,04/02/2026,IT3456,635.68,EUR,transfer
8180,23/04/2026,IT8901,2647.39,EUR,deposit
8181,28/03/2026,IT1234,-1760.71,EUR,withdrawal
8182,28/03/2026,IT1234,4385.21,EUR,deposit
8183,23/03/2026,IT5678,-1741.74,EUR,withdrawal
8184,04/03/2026,IT3456,-915.27,EUR,transfer
8185,18/04/2026,IT5678,1475.74,EUR,transfer
8186,24/03/2026,IT6789,-958.3,EUR,withdrawal
8187,08/02/2026,IT3456,-1209.56,EUR,withdrawal
8188,30/04/2026,IT1234,-1452.53,EUR,withdrawal
8189,17/04/2026,IT1234,-1328.48,EUR,transfer
8190,05/01/2026,IT4567,-464.09,EUR,transfer
8191,24/04/2026,IT5678,2068.49,EUR,deposit
8192,17/05/2026,IT3456,1079.65,EUR,deposit
8193,28/01/2026,IT3456,1371.77,EUR,deposit
8194,30/04/2026,IT2345,338.48,EUR,transfer
8195,25/01/2026,IT1234,1842.44,EUR,deposit
8196,15/02/2026,IT2345,4214.05,EUR,deposit
8197,17/04/2026,IT7890,1338.72,EUR,transfer
8198,23/03/2026,IT5678,647.74,EUR,transfer
8199,28/04/2026,IT1234,-1063.37,EUR,transfer
8200,30/03/2026,IT4567,-1719.86,EUR,withdrawal
8201,14/04/2026,IT7890,-1998.52,EUR,withdrawal
8202,22/04/2026,IT5678,1174.01,EUR,deposit
8203,08/02/2026,IT5678,1593.43,EUR,deposit
8204,12/03/2026,IT7890,1545.64,EUR,deposit
8205,29/01/2026,IT5678,614.7,EUR,transfer
8206,11/05/2026,IT6789,-576.91,EUR,transfer
8207,09/03/2026,IT6789,-641.92,EUR,transfer
8208,07/01/2026,IT3456,367.92,EUR,deposit
8209,27/02/2026,IT6789,-1706.16,EUR,withdrawal
8210,25/05/2026,IT6789,1489.54,EUR,transfer
8211,07/01/2026,IT3456,-1642.17,EUR,withdrawal
8212,15/02/2026,IT6789,3209.44,EUR,deposit
8213,30/05/2026,IT4567,-1773.35,EUR,withdrawal
8214,11/05/2026,IT2345,1328.56,EUR,transfer
8215,27/05/2026,IT4567,717.01,EUR,deposit
8216,14/01/2026,IT8901,-350.7,EUR,withdrawal
8217,13/04/2026,IT5678,-1136.33,EUR,withdrawal
8218,16/04/2026,IT5678,-1504.41,EUR,withdrawal
8219,30/01/2026,IT2345,-1618.9,EUR,withdrawal
8220,27/04/2026,IT5678,-1413.97,EUR,transfer
8221,04/02/2026,IT2345,-1692.08,EUR,withdrawal
8222,23/05/2026,IT5678,-1157.76,EUR,withdrawal
8223,13/01/2026,IT1234,-1962.44,EUR,withdrawal
8224,02/01/2026,IT2345,-510.4,EUR,withdrawal
8225,01/01/1750,IT4567,-773.94,EUR,withdrawal
8226,15/02/2026,IT7890,-1045.35,EUR,withdrawal
8227,24/01/2026,IT5678,-313.44,EUR,withdrawal
8228,23/03/2026,IT2345,3361.63,EUR,deposit
8229,28/03/2026,IT8901,-1810.26,EUR,withdrawal
8230,31/05/2026,IT1234,-680.61,EUR,transfer
8231,26/02/2026,IT8901,4363.06,EUR,deposit
8232,01/04/2026,IT8901,-448.92,EUR,withdrawal
8233,13/01/2026,IT1234,3490.23,EUR,deposit
8234,10/05/2026,IT7890,-644.23,EUR,withdrawal
8235,23/04/2026,IT2345,4490.36,EUR,deposit
8236,05/01/2026,IT4567,-628.12,EUR,withdrawal
8237,06/03/2026,IT8901,93.49,EUR,deposit
8238,24/01/2026,IT4567,714.46,EUR,deposit
8239,09/04/2026,IT5678,-345.25,EUR,transfer
8240,27/04/2026,IT3456,-1752.71,EUR,withdrawal
8241,05/04/2026,IT3456,-581.68,EUR,withdrawal
8242,25/03/2026,IT3456,-241.98,EUR,withdrawal
8243,28/05/2026,IT4567,-284.52,EUR,withdrawal
8244,15/02/2026,IT1234,-54.05,EUR,transfer
8245,17/04/2026,IT5678,632.71,EUR,deposit
8246,29/05/2026,IT2345,1235.12,EUR,transfer
8247,24/01/2026,IT6789,624.21,EUR,transfer
8248,24/01/2026,IT7890,3861.23,EUR,deposit
8249,23/04/2026,IT3456,-1204.69,EUR,transfer
8250,27/03/2026,IT3456,4774.69,EUR,deposit
8251,07/01/2026,IT2345,684.42,EUR,deposit
8252,14/03/2026,IT5678,-354.63,EUR,transfer
8253,14/02/2026,IT4567,-633.63,EUR,transfer
8254,01/01/2026,IT5678,-956.87,EUR,transfer
8255,04/03/2026,IT2345,3716.07,EUR,deposit
8256,05/03/2026,IT5678,-938.87,EUR,transfer
8257,22/05/2026,IT6789,393.59,EUR,deposit
8258,17/03/2026,IT5678,3246.49,EUR,deposit
8259,18/03/2026,IT5678,840.65,EUR,deposit
8260,17/05/2026,IT3456,58.51,EUR,transfer
8261,14/04/2026,IT3456,23%02))12,EUR,transfer
8262,24/02/2026,IT6789,1497.93,EUR,deposit
8263,19/01/2026,IT5678,1369.81,EUR,transfer
8264,08/01/2026,IT3456,465.7,EUR,transfer
8265,19/02/2026,IT1234,-541.74,EUR,withdrawal
8266,04/05/2026,IT5678,-431.72,EUR,withdrawal
8267,11/01/2026,IT8901,1277.98,EUR,deposit
8268,22/03/2026,IT7890,221.43,EUR,deposit
8269,12/04/2026,IT6789,-1793.42,EUR,withdrawal
8270,28/04/2026,IT8901,2038.9,EUR,deposit
8271,27/01/2026,IT8901,-448.38,EUR,withdrawal
8272,16/03/2026,IT1234,-1149.82,EUR,transfer
8273,28/04/2026,IT5678,4627.42,EUR,deposit
8274,07/02/2026,IT6789,-180.64,EUR,withdrawal
8275,20/01/2026,IT8901,-284.46,EUR,withdrawal
8276,27/03/2026,IT5678,-123.26,EUR,withdrawal
8277,24/02/2026,IT4567,887.54,EUR,deposit
8278,11/03/2026,IT6789,1363.28,EUR,transfer
8279,02/04/2026,IT2345,1699.82,EUR,deposit
8280,02/01/2026,IT6789,-636.33,EUR,transfer
8281,29/05/2026,IT5678,-1148.75,EUR,transfer
8282,09/02/2026,IT7890,-389.2,EUR,transfer
8283,01/02/2026,IT3456,417.5,EUR,transfer
8284,11/04/2026,IT2345,899.2,EUR,deposit
8285,12/05/2026,IT4567,-723.71,EUR,withdrawal
8286,07/01/2026,IT1234,4331.55,EUR,deposit
8287,14/01/2026,IT3456,23%02))12,EUR,deposit
8288,04/02/2026,IT5678,4598.03,EUR,deposit
8289,20/02/2026,IT1234,953.52,EUR,deposit
8290,11/05/2026,IT8901,-1354.62,EUR,transfer
8291,21/05/2026,IT7890,-375.31,EUR,transfer
8292,06/02/2026,IT3456,-1417.74,EUR,withdrawal
8293,10/04/2026,IT2345,1153.53,EUR,transfer
8294,29/05/2026,IT4567,636.11,EUR,transfer
8295,10/05/2026,IT6789,-1800.1,EUR,withdrawal
8296,07/01/2026,IT3456,213.22,EUR,deposit
8297,18/04/2026,IT4567,-77.17,EUR,withdrawal
8298,26/05/2026,IT5678,-1396.86,EUR,transfer
8299,12/01/2026,IT1234,-1175.04,EUR,transfer
8300,16/04/2026,IT3456,1174.62,EUR,transfer
8301,03/04/2026,IT2345,1192.37,EUR,deposit
8302,12/01/2026,IT2345,4024.54,EUR,deposit
8303,15/04/2026,IT4567,-573.58,EUR,withdrawal
8304,14/03/2026,IT4567,2601.0,EUR,deposit
8305,26/01/2026,IT4567,548.61,EUR,transfer
8306,30/05/2026,IT1234,1098.51,EUR,transfer
8307,10/04/2026,IT1234,2492.32,EUR,deposit
8308,28/04/2026,IT2345,1301.93,EUR,deposit
8309,10/04/2026,IT7890,387.8,EUR,deposit
8310,16/04/2026,IT8901,-159.96,EUR,withdrawal
8311,20/02/2026,IT7890,-1336.3,EUR,withdrawal
8312,19/05/2026,IT1234,391.29,EUR,deposit
8313,11/02/2026,IT5678,-1264.28,EUR,transfer
8314,16/03/2026,IT6789,-1363.37,EUR,withdrawal
8315,01/01/2026,IT8901,2167.52,EUR,deposit
8316,26/02/2026,IT5678,3632.02,EUR,deposit
8317,29/03/2026,IT6789,838.46,EUR,deposit
8318,31/05/2026,IT1234,1108.42,EUR,transfer
8319,,IT2345,-25.5,EUR,withdrawal
8320,22/01/2026,IT3456,-797.87,EUR,transfer
8321,18/03/2026,IT8901,-146.65,EUR,withdrawal
8322,12/03/2026,IT5678,427.54,EUR,transfer
8323,18/04/2026,IT7890,23%02))12,EUR,deposit
8324,04/05/2026,IT1234,4490.05,EUR,deposit
8325,13/02/2026,IT5678,1125.34,EUR,transfer
8326,12/05/2026,IT6789,1032.57,EUR,transfer
8327,04/01/2026,IT3456,1438.27,EUR,deposit
8328,25/02/2026,IT3456,-1.7,EUR,transfer
8329,21/02/2026,IT8901,-377.09,EUR,withdrawal
8330,23/05/2026,IT7890,4436.75,EUR,deposit
8331,05/01/2026,IT3456,1084.18,EUR,transfer
8332,27/03/2026,IT8901,321.89,EUR,deposit
8333,17/05/2026,IT7890,3988.93,EUR,deposit
8334,23/01/2026,IT2345,-994.87,EUR,withdrawal
8335,25/01/2026,IT4567,-829.94,EUR,withdrawal
8336,06/05/2026,IT8901,-189.96,EUR,withdrawal
8337,01/01/1750,IT6789,-1342.76,EUR,transfer
8338,04/04/2026,IT3456,2444.45,EUR,deposit
8339,18/03/2026,IT7890,-1616.86,EUR,withdrawal
8340,28/04/2026,IT1234,1925.94,EUR,deposit
8341,30/03/2026,IT1234,-1748.2,EUR,withdrawal
8342,27/01/2026,IT3456,-1835.99,EUR,withdrawal
8343,15/03/2026,IT5678,1130.62,EUR,deposit
8344,07/02/2026,IT1234,-1759.68,EUR,withdrawal
8345,30/03/2026,IT7890,-1943.32,EUR,withdrawal
8346,09/03/2026,IT6789,-985.29,EUR,transfer
8347,12/03/2026,IT5678,3764.35,EUR,deposit
8348,08/01/2026,IT6789,1373.07,EUR,transfer
8349,21/01/2026,IT3456,-1488.92,EUR,withdrawal
8350,19/04/2026,IT7890,2671.81,EUR,deposit
8351,01/01/1750,IT6789,-619.98,EUR,withdrawal
8352,25/01/2026,IT1234,-127.27,EUR,transfer
8353,,IT3456,-1117.34,EUR,withdrawal
8354,09/02/2026,IT5678,-1015.79,EUR,transfer
8355,23/02/2026,IT1234,-702.94,EUR,transfer
8356,23/05/2026,IT1234,-131.5,EUR,withdrawal
8357,23/01/2026,IT1234,222.96,EUR,deposit
8358,02/02/2026,IT6789,497.02,EUR,transfer
8359,19/02/2026,IT1234,-671.29,EUR,withdrawal
8360,12/05/2026,IT8901,-595.57,EUR,withdrawal
8361,09/04/2026,IT6789,2787.27,EUR,deposit
8362,21/04/2026,IT3456,-332.49,EUR,withdrawal
8363,01/05/2026,IT8901,3084.84,EUR,deposit
8364,02/03/2026,IT3456,358.08,EUR,transfer
8365,08/04/2026,IT8901,4370.29,EUR,deposit
8366,26/05/2026,IT1234,4896.26,EUR,deposit
8367,12/01/2026,IT5678,-285.17,EUR,withdrawal
8368,13/05/2026,IT1234,-227.46,EUR,withdrawal
8369,26/04/2026,IT2345,1628.37,EUR,deposit
8370,,IT6789,2400.6,EUR,deposit
8371,28/03/2026,IT1234,2954.88,EUR,deposit
8372,11/04/2026,IT2345,-1237.61,EUR,withdrawal
8373,30/03/2026,IT6789,-253.06,EUR,transfer
8374,25/05/2026,IT8901,4172.42,EUR,deposit
8375,20/04/2026,IT3456,-422.48,EUR,withdrawal
8376,10/01/2026,IT8901,-1607.64,EUR,withdrawal
8377,25/02/2026,IT8901,-1179.43,EUR,withdrawal
8378,19/04/2026,IT2345,959.93,EUR,transfer
8379,14/01/2026,IT7890,-59.57,EUR,transfer
8380,03/04/2026,IT8901,-156.45,EUR,transfer
8381,01/01/1750,IT8901,-4.34,EUR,transfer
8382,25/03/2026,IT3456,-256.19,EUR,transfer
8383,03/03/2026,IT7890,23%02))12,EUR,deposit
8384,15/03/2026,IT6789,3847.27,EUR,deposit
8385,28/01/2026,IT2345,637.75,EUR,transfer
8386,26/02/2026,IT4567,-375.27,EUR,withdrawal
8387,09/03/2026,IT2345,4859.9,EUR,deposit
8388,17/04/2026,IT1234,-389.84,EUR,withdrawal
8389,30/04/2026,IT4567,-585.0,EUR,transfer
8390,26/02/2026,IT7890,-1741.19,EUR,withdrawal
8391,08/05/2026,IT8901,-1045.42,EUR,withdrawal
8392,20/03/2026,IT5678,2538.39,EUR,deposit
8393,19/04/2026,IT8901,-339.29,EUR,withdrawal
8394,01/02/2026,IT6789,2282.11,EUR,deposit
8395,20/01/2026,IT2345,899.57,EUR,deposit
8396,30/05/2026,IT7890,-775.26,EUR,withdrawal
8397,10/04/2026,IT2345,23%02))12,EUR,deposit
8398,29/05/2026,IT1234,810.88,EUR,deposit
8399,27/05/2026,IT4567,-1443.49,EUR,withdrawal
8400,20/04/2026,IT6789,-350.89,EUR,transfer
8401,27/05/2026,IT8901,3426.89,EUR,deposit
8402,05/01/2026,IT7890,-257.53,EUR,withdrawal
8403,22/05/2026,IT8901,4635.91,EUR,deposit
8404,13/03/2026,IT8901,-1605.78,EUR,withdrawal
8405,02/03/2026,IT6789,3605.17,EUR,deposit
8406,16/04/2026,IT8901,-741.2,EUR,transfer
8407,21/05/2026,IT6789,1343.28,EUR,deposit
8408,07/04/2026,IT2345,1108.66,EUR,transfer
8409,21/01/2026,IT6789,-568.28,EUR,transfer
8410,14/02/2026,IT4567,1312.95,EUR,transfer
8411,11/03/2026,IT7890,-451.44,EUR,transfer
8412,13/02/2026,IT5678,311.95,EUR,transfer
8413,13/04/2026,IT7890,1175.08,EUR,transfer
8414,17/03/2026,IT1234,-1771.92,EUR,withdrawal
8415,25/02/2026,IT3456,-1141.79,EUR,withdrawal
8416,07/04/2026,IT5678,3457.53,EUR,deposit
8417,05/02/2026,IT3456,946.4,EUR,transfer
8418,12/03/2026,IT7890,-1079.25,EUR,withdrawal
8419,27/05/2026,IT5678,1230.97,EUR,transfer
8420,09/01/2026,IT8901,572.86,EUR,transfer
8421,01/01/2026,IT3456,-1213.2,EUR,withdrawal
8422,16/04/2026,IT3456,1013.73,EUR,transfer
8423,26/02/2026,IT6789,525.41,EUR,transfer
8424,14/05/2026,IT4567,1268.43,EUR,transfer
8425,10/01/2026,IT7890,3164.89,EUR,deposit
8426,13/03/2026,IT4567,-644.06,EUR,transfer
8427,11/03/2026,IT2345,-1821.43,EUR,withdrawal
8428,24/03/2026,IT8901,882.04,EUR,transfer
8429,21/05/2026,IT8901,-129.41,EUR,transfer
8430,15/05/2026,IT4567,328.71,EUR,transfer
8431,19/05/2026,IT1234,-104.36,EUR,withdrawal
8432,07/03/2026,IT2345,4216.59,EUR,deposit
8433,28/04/2026,IT2345,3427.87,EUR,deposit
8434,15/04/2026,IT6789,561.18,EUR,transfer
8435,27/02/2026,IT7890,-425.78,EUR,transfer
8436,12/05/2026,IT7890,171.28,EUR,transfer
8437,24/01/2026,IT3456,1428.37,EUR,deposit
8438,23/02/2026,IT5678,3423.11,EUR,deposit
8439,01/01/1750,IT6789,-1523.9,EUR,withdrawal
8440,08/04/2026,IT3456,-1860.1,EUR,withdrawal
8441,07/05/2026,IT7890,-1825.79,EUR,withdrawal
8442,10/03/2026,IT3456,-1449.97,EUR,withdrawal
8443,19/04/2026,IT1234,905.95,EUR,transfer
8444,03/03/2026,IT6789,1496.83,EUR,deposit
8445,05/01/2026,IT8901,846.56,EUR,deposit
8446,16/03/2026,IT3456,475.43,EUR,deposit
8447,25/02/2026,IT8901,-1352.69,EUR,transfer
8448,10/04/2026,IT6789,-620.18,EUR,withdrawal
8449,25/05/2026,IT3456,-21.25,EUR,withdrawal
8450,08/02/2026,IT4567,-1192.09,EUR,withdrawal
8451,30/04/2026,IT1234,-144.32,EUR,withdrawal
8452,27/04/2026,IT1234,2599.91,EUR,deposit
8453,03/04/2026,IT8901,-791.0,EUR,transfer
8454,23/01/2026,IT5678,-1863.81,EUR,withdrawal
8455,09/02/2026,IT4567,4606.61,EUR,deposit
8456,25/03/2026,IT7890,1529.78,EUR,deposit
8457,07/05/2026,IT6789,4472.59,EUR,deposit
8458,29/01/2026,IT2345,1421.07,EUR,transfer
8459,24/03/2026,IT4567,-900.31,EUR,withdrawal
8460,09/04/2026,IT6789,1314.62,EUR,transfer
8461,20/01/2026,IT7890,-592.82,EUR,withdrawal
8462,14/03/2026,IT5678,-1610.78,EUR,withdrawal
8463,11/03/2026,IT8901,-163.65,EUR,transfer
8464,20/02/2026,IT1234,952.2,EUR,deposit
8465,04/01/2026,IT1234,4121.98,EUR,deposit
8466,27/01/2026,IT7890,3380.77,EUR,deposit
8467,28/04/2026,IT5678,4923.21,EUR,deposit
8468,24/02/2026,IT3456,1063.95,EUR,transfer
8469,26/03/2026,IT4567,-695.3,EUR,withdrawal
8470,24/04/2026,IT8901,-258.78,EUR,withdrawal
8471,26/03/2026,IT4567,-1170.73,EUR,withdrawal
8472,05/03/2026,IT3456,-35.82,EUR,withdrawal
8473,15/01/2026,IT5678,1173.06,EUR,transfer
8474,28/04/2026,IT7890,928.35,EUR,deposit
8475,03/02/2026,IT4567,-1474.64,EUR,withdrawal
8476,,IT4567,-1737.98,EUR,withdrawal
8477,14/04/2026,IT5678,3444.03,EUR,deposit
8478,12/04/2026,IT2345,-1233.83,EUR,transfer
8479,04/03/2026,IT2345,23%02))12,EUR,transfer
8480,12/04/2026,IT3456,4528.48,EUR,deposit
8481,02/05/2026,IT8901,-891.3,EUR,withdrawal
8482,19/04/2026,IT7890,2314.77,EUR,deposit
8483,22/05/2026,IT7890,-290.1,EUR,withdrawal
8484,07/04/2026,IT8901,-1551.25,EUR,withdrawal
8485,08/01/2026,IT7890,1205.06,EUR,deposit
8486,05/05/2026,IT6789,-1339.49,EUR,withdrawal
8487,30/03/2026,IT6789,1742.04,EUR,deposit
8488,09/03/2026,IT3456,1164.84,EUR,transfer
8489,06/05/2026,IT2345,3751.44,EUR,deposit
8490,20/01/2026,IT5678,-1481.58,EUR,withdrawal
8491,21/05/2026,IT6789,-101.05,EUR,withdrawal
8492,13/04/2026,IT1234,424.93,EUR,transfer
8493,03/04/2026,IT8901,76.26,EUR,deposit
8494,31/01/2026,IT8901,-1869.4,EUR,withdrawal
8495,25/01/2026,IT4567,-205.14,EUR,withdrawal
8496,02/01/2026,IT1234,2029.22,EUR,deposit
8497,24/02/2026,IT5678,-727.58,EUR,withdrawal
8498,08/04/2026,IT1234,-1823.67,EUR,withdrawal
8499,28/02/2026,IT7890,519.49,EUR,transfer
8500,23/02/2026,IT6789,-1579.75,EUR,withdrawal
8501,30/01/2026,IT3456,-1688.41,EUR,withdrawal
8502,06/03/2026,IT2345,-1974.33,EUR,withdrawal
8503,08/01/2026,IT2345,4982.3,EUR,deposit
8504,27/01/2026,IT7890,-478.99,EUR,withdrawal
8505,23/04/2026,IT5678,1815.1,EUR,deposit
8506,20/05/2026,IT5678,-1238.04,EUR,withdrawal
8507,08/01/2026,IT7890,-576.44,EUR,withdrawal
8508,04/04/2026,IT3456,-1444.33,EUR,withdrawal
8509,07/01/2026,IT6789,3169.19,EUR,deposit
8510,08/05/2026,IT7890,-1198.7,EUR,withdrawal
8511,10/01/2026,IT1234,1573.3,EUR,deposit
8512,03/03/2026,IT4567,694.82,EUR,deposit
8513,21/04/2026,IT3456,932.36,EUR,transfer
8514,27/04/2026,IT1234,-427.79,EUR,withdrawal
8515,02/04/2026,IT5678,-1475.62,EUR,transfer
8516,21/04/2026,IT4567,-1975.36,EUR,withdrawal
8517,08/04/2026,IT8901,767.2,EUR,deposit
8518,01/02/2026,IT8901,-1422.72,EUR,withdrawal
8519,14/02/2026,IT6789,2887.58,EUR,deposit
8520,14/03/2026,IT6789,3667.13,EUR,deposit
8521,06/02/2026,IT5678,2097.15,EUR,deposit
8522,07/02/2026,IT7890,-470.61,EUR,withdrawal
8523,04/03/2026,IT2345,-278.03,EUR,transfer
8524,22/04/2026,IT3456,23%02))12,EUR,deposit
8525,31/05/2026,IT2345,-769.07,EUR,transfer
8526,04/03/2026,IT4567,23%02))12,EUR,transfer
8527,06/01/2026,IT5678,-1290.54,EUR,withdrawal
8528,03/02/2026,IT4567,-1209.71,EUR,withdrawal
8529,08/02/2026,IT4567,1175.36,EUR,deposit
8530,05/01/2026,IT8901,143.74,EUR,deposit
8531,12/02/2026,IT8901,-785.56,EUR,withdrawal
8532,13/01/2026,IT8901,-632.37,EUR,withdrawal
8533,06/05/2026,IT3456,615.9,EUR,deposit
8534,16/04/2026,IT2345,1437.93,EUR,transfer
8535,03/02/2026,IT3456,3674.53,EUR,deposit
8536,04/02/2026,IT3456,128.06,EUR,transfer
8537,22/01/2026,IT1234,-311.81,EUR,transfer
8538,17/01/2026,IT1234,-676.15,EUR,withdrawal
8539,03/05/2026,IT2345,245.06,EUR,transfer
8540,16/01/2026,IT1234,-1715.1,EUR,withdrawal
8541,28/02/2026,IT3456,385.89,EUR,deposit
8542,05/05/2026,IT1234,-782.27,EUR,transfer
8543,09/03/2026,IT1234,4678.93,EUR,deposit
8544,26/02/2026,IT5678,-456.4,EUR,transfer
8545,28/01/2026,IT3456,141.05,EUR,transfer
8546,26/03/2026,IT3456,-1832.37,EUR,withdrawal
8547,15/02/2026,IT8901,-542.84,EUR,withdrawal
8548,11/05/2026,IT2345,99.17,EUR,transfer
8549,23/01/2026,IT8901,4275.93,EUR,deposit
8550,12/01/2026,IT3456,2384.49,EUR,deposit
8551,10/02/2026,IT2345,-698.68,EUR,transfer
8552,19/02/2026,IT7890,4983.35,EUR,deposit
8553,15/01/2026,IT1234,-718.61,EUR,transfer
8554,15/02/2026,IT1234,-1115.88,EUR,transfer
8555,01/05/2026,IT2345,4995.04,EUR,deposit
8556,19/01/2026,IT6789,-1580.11,EUR,withdrawal
8557,04/03/2026,IT1234,-1789.5,EUR,withdrawal
8558,18/01/2026,IT6789,-8.47,EUR,transfer
8559,30/04/2026,IT3456,4937.75,EUR,deposit
8560,20/03/2026,IT7890,-802.93,EUR,withdrawal
8561,21/05/2026,IT7890,-1490.02,EUR,transfer
8562,26/05/2026,IT4567,-94.72,EUR,withdrawal
8563,25/04/2026,IT3456,4444.54,EUR,deposit
8564,31/01/2026,IT4567,-1533.66,EUR,withdrawal
8565,31/03/2026,IT8901,1207.77,EUR,deposit
8566,27/04/2026,IT3456,1230.98,EUR,transfer
8567,01/01/1750,IT1234,3561.16,EUR,deposit
8568,31/05/2026,IT2345,361.91,EUR,transfer
8569,22/05/2026,IT4567,-1252.35,EUR,withdrawal
8570,22/03/2026,IT7890,-130.81,EUR,transfer
8571,18/04/2026,IT3456,-1337.48,EUR,transfer
8572,15/01/2026,IT6789,1432.97,EUR,deposit
8573,20/03/2026,IT5678,4867.3,EUR,deposit
8574,10/02/2026,IT7890,-1646.83,EUR,withdrawal
8575,12/01/2026,IT5678,-559.94,EUR,withdrawal
8576,12/04/2026,IT8901,-908.67,EUR,withdrawal
8577,14/04/2026,IT3456,4286.98,EUR,deposit
8578,06/01/2026,IT2345,3765.22,EUR,deposit
8579,02/01/2026,IT1234,-955.91,EUR,withdrawal
8580,24/01/2026,IT1234,237.33,EUR,transfer
8581,01/04/2026,IT5678,1067.44,EUR,transfer
8582,12/04/2026,IT7890,-1307.19,EUR,withdrawal
8583,28/01/2026,IT5678,-1352.42,EUR,transfer
8584,16/02/2026,IT7890,-57.72,EUR,transfer
8585,03/05/2026,IT4567,51.72,EUR,transfer
8586,02/05/2026,IT5678,-1131.26,EUR,withdrawal
8587,19/05/2026,IT3456,-1712.59,EUR,withdrawal
8588,02/04/2026,IT5678,-1335.08,EUR,transfer
8589,06/03/2026,IT3456,1010.71,EUR,transfer
8590,22/04/2026,IT7890,-789.24,EUR,withdrawal
8591,13/03/2026,IT1234,-1587.52,EUR,withdrawal
8592,10/01/2026,IT8901,-1277.17,EUR,withdrawal
8593,19/04/2026,IT6789,-1091.38,EUR,withdrawal
8594,18/05/2026,IT5678,329.27,EUR,deposit
8595,28/03/2026,IT5678,3204.71,EUR,deposit
8596,05/03/2026,IT1234,1363.25,EUR,deposit
8597,17/02/2026,IT8901,-183.22,EUR,transfer
8598,09/03/2026,IT3456,1321.36,EUR,transfer
8599,16/01/2026,IT4567,-122.7,EUR,transfer
8600,18/01/2026,IT6789,3033.57,EUR,deposit
8601,21/02/2026,IT8901,-851.29,EUR,withdrawal
8602,22/04/2026,IT7890,-1117.21,EUR,withdrawal
8603,03/01/2026,IT2345,-173.76,EUR,transfer
8604,07/01/2026,IT8901,-1804.55,EUR,withdrawal
8605,16/02/2026,IT4567,3221.95,EUR,deposit
8606,16/04/2026,IT1234,-519.25,EUR,withdrawal
8607,19/04/2026,IT3456,2898.08,EUR,deposit
8608,22/05/2026,IT7890,-843.38,EUR,withdrawal
8609,10/05/2026,IT2345,-1895.92,EUR,withdrawal
8610,04/02/2026,IT1234,164.39,EUR,transfer
8611,26/02/2026,IT8901,1454.98,EUR,transfer
8612,12/04/2026,IT1234,-253.59,EUR,withdrawal
8613,14/05/2026,IT5678,4325.61,EUR,deposit
8614,07/04/2026,IT8901,-1835.73,EUR,withdrawal
8615,05/04/2026,IT2345,1310.06,EUR,deposit
8616,24/02/2026,IT2345,-1037.82,EUR,transfer
8617,04/04/2026,IT1234,-293.55,EUR,transfer
8618,23/03/2026,IT7890,-1337.6,EUR,withdrawal
8619,21/04/2026,IT3456,531.93,EUR,transfer
8620,24/04/2026,IT8901,-723.87,EUR,withdrawal
8621,19/01/2026,IT7890,-134.54,EUR,transfer
8622,28/03/2026,IT4567,23%02))12,EUR,deposit
8623,22/05/2026,IT3456,1255.57,EUR,transfer
8624,20/01/2026,IT7890,-1279.79,EUR,transfer
8625,26/05/2026,IT1234,-1174.56,EUR,withdrawal
8626,03/03/2026,IT4567,1309.8,EUR,transfer
8627,25/02/2026,IT6789,-1449.54,EUR,withdrawal
8628,07/04/2026,IT3456,-1256.18,EUR,withdrawal
8629,30/05/2026,IT5678,-1757.27,EUR,withdrawal
8630,03/04/2026,IT1234,149.9,EUR,transfer
8631,07/05/2026,IT8901,4754.76,EUR,deposit
8632,17/05/2026,IT1234,-1660.46,EUR,withdrawal
8633,12/02/2026,IT1234,2923.9,EUR,deposit
8634,17/02/2026,IT1234,642.01,EUR,transfer
8635,29/04/2026,IT5678,4750.9,EUR,deposit
8636,31/01/2026,IT3456,3078.43,EUR,deposit
8637,15/04/2026,IT1234,2075.28,EUR,deposit
8638,01/03/2026,IT1234,-1204.41,EUR,withdrawal
8639,25/05/2026,IT2345,-731.79,EUR,transfer
8640,26/04/2026,IT4567,1126.24,EUR,deposit
8641,22/05/2026,IT2345,-1750.15,EUR,withdrawal
8642,11/05/2026,IT1234,-1724.05,EUR,withdrawal
8643,01/01/1750,IT4567,-1388.75,EUR,withdrawal
8644,03/03/2026,IT3456,1197.52,EUR,transfer
8645,26/04/2026,IT4567,3214.22,EUR,deposit
8646,01/01/2026,IT2345,-1349.82,EUR,withdrawal
8647,10/04/2026,IT4567,183.35,EUR,transfer
8648,27/04/2026,IT4567,85.98,EUR,transfer
8649,26/05/2026,IT3456,2880.19,EUR,deposit
8650,29/05/2026,IT3456,616.19,EUR,deposit
8651,11/03/2026,IT3456,-552.91,EUR,withdrawal
8652,20/05/2026,IT7890,2447.69,EUR,deposit
8653,08/05/2026,IT3456,-1497.08,EUR,transfer
8654,23/05/2026,IT2345,2897.76,EUR,deposit
8655,03/05/2026,IT2345,-1433.84,EUR,withdrawal
8656,25/04/2026,IT8901,293.5,EUR,transfer
8657,04/02/2026,IT2345,-1022.2,EUR,transfer
8658,31/03/2026,IT4567,-1019.45,EUR,withdrawal
8659,10/02/2026,IT7890,-528.14,EUR,withdrawal
8660,11/03/2026,IT4567,423.61,EUR,transfer
8661,21/01/2026,IT4567,-537.54,EUR,transfer
8662,15/02/2026,IT3456,-1140.14,EUR,withdrawal
8663,09/01/2026,IT6789,677.18,EUR,transfer
8664,15/03/2026,IT2345,-867.23,EUR,transfer
8665,14/01/2026,IT7890,85.79,EUR,deposit
8666,06/04/2026,IT7890,-966.21,EUR,transfer
8667,10/01/2026,IT1234,2031.97,EUR,deposit
8668,20/02/2026,IT4567,1488.22,EUR,transfer
8669,,IT8901,81.01,EUR,transfer
8670,30/03/2026,IT2345,-1022.93,EUR,transfer
8671,06/05/2026,IT6789,4562.02,EUR,deposit
8672,17/04/2026,IT5678,-1354.81,EUR,withdrawal
8673,08/01/2026,IT3456,-648.2,EUR,withdrawal
8674,09/01/2026,IT7890,-886.61,EUR,withdrawal
8675,23/05/2026,IT8901,-1047.92,EUR,transfer
8676,20/01/2026,IT7890,149.82,EUR,transfer
8677,21/03/2026,IT5678,-1680.5,EUR,withdrawal
8678,31/05/2026,IT2345,1343.07,EUR,transfer
8679,25/03/2026,IT8901,-1521.42,EUR,withdrawal
8680,18/04/2026,IT7890,-564.95,EUR,transfer
8681,22/02/2026,IT4567,1182.28,EUR,transfer
8682,08/04/2026,IT8901,657.03,EUR,deposit
8683,14/02/2026,IT6789,-489.27,EUR,transfer
8684,19/04/2026,IT5678,2120.88,EUR,deposit
8685,24/02/2026,IT6789,249.64,EUR,transfer
8686,04/03/2026,IT4567,-368.87,EUR,transfer
8687,21/02/2026,IT8901,-91.64,EUR,withdrawal
8688,26/04/2026,IT4567,-61.74,EUR,withdrawal
8689,27/01/2026,IT3456,1050.9,EUR,deposit
8690,15/04/2026,IT7890,2102.4,EUR,deposit
8691,16/01/2026,IT4567,3072.69,EUR,deposit
8692,07/05/2026,IT7890,-1157.16,EUR,withdrawal
8693,23/03/2026,IT8901,-333.31,EUR,transfer
8694,13/03/2026,IT6789,718.99,EUR,transfer
8695,22/03/2026,IT2345,-828.28,EUR,withdrawal
8696,04/04/2026,IT8901,848.94,EUR,deposit
8697,12/04/2026,IT2345,3303.58,EUR,deposit
8698,25/01/2026,IT7890,1239.65,EUR,transfer
8699,12/01/2026,IT8901,3754.32,EUR,deposit
8700,07/04/2026,IT7890,1466.74,EUR,transfer
8701,16/01/2026,IT6789,-523.11,EUR,transfer
8702,08/01/2026,IT6789,23%02))12,EUR,transfer
8703,,IT8901,872.01,EUR,transfer
8704,04/02/2026,IT8901,1316.19,EUR,transfer
8705,28/03/2026,IT4567,-1081.74,EUR,withdrawal
8706,22/02/2026,IT1234,-1655.07,EUR,withdrawal
8707,16/02/2026,IT2345,-425.21,EUR,transfer
8708,14/03/2026,IT6789,-596.84,EUR,transfer
8709,15/02/2026,IT3456,-23.31,EUR,withdrawal
8710,27/03/2026,IT8901,-604.52,EUR,transfer
8711,27/04/2026,IT8901,-823.27,EUR,withdrawal
8712,24/03/2026,IT3456,722.75,EUR,deposit
8713,28/03/2026,IT7890,218.94,EUR,deposit
8714,13/01/2026,IT1234,-1621.56,EUR,withdrawal
8715,21/04/2026,IT5678,23%02))12,EUR,withdrawal
8716,29/01/2026,IT8901,2547.95,EUR,deposit
8717,10/03/2026,IT4567,4526.54,EUR,deposit
8718,06/01/2026,IT2345,-1726.49,EUR,withdrawal
8719,16/03/2026,IT1234,3840.43,EUR,deposit
8720,15/04/2026,IT5678,-1010.93,EUR,transfer
8721,05/01/2026,IT2345,-939.0,EUR,transfer
8722,20/04/2026,IT5678,-1270.49,EUR,withdrawal
8723,27/05/2026,IT1234,-242.85,EUR,withdrawal
8724,10/05/2026,IT7890,3276.28,EUR,deposit
8725,20/01/2026,IT3456,-245.32,EUR,transfer
8726,10/03/2026,IT5678,4457.46,EUR,deposit
8727,20/05/2026,IT5678,23%02))12,EUR,withdrawal
8728,03/03/2026,IT7890,3777.23,EUR,deposit
8729,25/02/2026,IT6789,816.5,EUR,transfer
8730,12/02/2026,IT4567,2142.77,EUR,deposit
8731,24/05/2026,IT5678,-1146.27,EUR,transfer
8732,30/03/2026,IT7890,1328.91,EUR,transfer
8733,31/05/2026,IT7890,1417.42,EUR,transfer
8734,11/02/2026,IT7890,1165.67,EUR,transfer
8735,12/03/2026,IT6789,4601.6,EUR,deposit
8736,15/02/2026,IT4567,-523.28,EUR,withdrawal
8737,29/03/2026,IT2345,-908.69,EUR,transfer
8738,26/02/2026,IT1234,3826.33,EUR,deposit
8739,16/03/2026,IT5678,376.08,EUR,deposit
8740,21/04/2026,IT2345,1749.89,EUR,deposit
8741,28/02/2026,IT7890,-997.04,EUR,transfer
8742,21/04/2026,IT6789,-922.49,EUR,withdrawal
8743,08/05/2026,IT5678,-1472.51,EUR,withdrawal
8744,23/04/2026,IT5678,-433.83,EUR,transfer
8745,29/05/2026,IT3456,547.35,EUR,transfer
8746,02/03/2026,IT3456,1894.2,EUR,deposit
8747,17/01/2026,IT4567,-490.3,EUR,transfer
8748,28/03/2026,IT5678,4427.48,EUR,deposit
8749,26/01/2026,IT2345,139.86,EUR,transfer
8750,01/01/1750,IT1234,-448.11,EUR,withdrawal
8751,07/03/2026,IT2345,-1914.99,EUR,withdrawal
8752,25/05/2026,IT4567,6.18,EUR,transfer
8753,31/01/2026,IT3456,200.19,EUR,transfer
8754,12/02/2026,IT1234,-39.33,EUR,withdrawal
8755,01/01/1750,IT7890,4747.08,EUR,deposit
8756,27/01/2026,IT7890,-1623.0,EUR,withdrawal
8757,03/01/2026,IT1234,-810.64,EUR,withdrawal
8758,01/01/2026,IT4567,4731.78,EUR,deposit
8759,25/02/2026,IT1234,1542.39,EUR,deposit
8760,11/03/2026,IT1234,3526.33,EUR,deposit
8761,08/02/2026,IT2345,177.21,EUR,transfer
8762,12/05/2026,IT1234,231.96,EUR,deposit
8763,01/01/1750,IT4567,-1403.87,EUR,transfer
8764,02/02/2026,IT7890,889.49,EUR,deposit
8765,10/04/2026,IT8901,235.89,EUR,transfer
8766,04/01/2026,IT4567,-570.58,EUR,withdrawal
8767,25/02/2026,IT5678,2765.45,EUR,deposit
8768,24/03/2026,IT5678,-1268.86,EUR,withdrawal
8769,07/01/2026,IT3456,458.34,EUR,deposit
8770,05/05/2026,IT6789,-825.41,EUR,withdrawal
8771,19/04/2026,IT8901,2343.99,EUR,deposit
8772,15/04/2026,IT4567,-167.76,EUR,transfer
8773,21/04/2026,IT2345,2484.7,EUR,deposit
8774,07/05/2026,IT1234,23%02))12,EUR,transfer
8775,21/05/2026,IT6789,-1461.5,EUR,withdrawal
8776,06/04/2026,IT6789,4409.54,EUR,deposit
8777,06/05/2026,IT1234,-1250.34,EUR,withdrawal
8778,17/01/2026,IT7890,-55.12,EUR,withdrawal
8779,27/01/2026,IT2345,899.21,EUR,transfer
8780,06/05/2026,IT1234,-448.69,EUR,transfer
8781,22/02/2026,IT8901,1952.55,EUR,deposit
8782,18/01/2026,IT3456,1339.05,EUR,deposit
8783,13/02/2026,IT4567,1911.47,EUR,deposit
8784,15/01/2026,IT2345,-792.33,EUR,withdrawal
8785,10/02/2026,IT7890,3405.39,EUR,deposit
8786,08/02/2026,IT2345,1043.3,EUR,deposit
8787,02/05/2026,IT3456,765.0,EUR,deposit
8788,14/04/2026,IT1234,-1950.17,EUR,withdrawal
8789,18/03/2026,IT8901,-105.27,EUR,transfer
8790,11/04/2026,IT5678,-581.73,EUR,withdrawal
8791,08/01/2026,IT7890,-1041.78,EUR,withdrawal
8792,28/03/2026,IT2345,3890.85,EUR,deposit
8793,07/04/2026,IT3456,2448.66,EUR,deposit
8794,14/03/2026,IT1234,2258.11,EUR,deposit
8795,02/05/2026,IT3456,-1471.25,EUR,withdrawal
8796,14/01/2026,IT1234,-1266.31,EUR,withdrawal
8797,16/02/2026,IT6789,1419.36,EUR,deposit
8798,06/02/2026,IT6789,-204.09,EUR,transfer
8799,02/01/2026,IT5678,-1179.17,EUR,transfer
8800,18/03/2026,IT5678,23%02))12,EUR,withdrawal
8801,06/03/2026,IT3456,-1771.63,EUR,withdrawal
8802,13/04/2026,IT7890,-1851.03,EUR,withdrawal
8803,07/02/2026,IT7890,23%02))12,EUR,transfer
8804,15/01/2026,IT3456,-1080.72,EUR,withdrawal
8805,22/05/2026,IT7890,198.59,EUR,transfer
8806,14/04/2026,IT6789,-12.18,EUR,transfer
8807,19/04/2026,IT4567,4153.24,EUR,deposit
8808,03/04/2026,IT7890,3567.18,EUR,deposit
8809,26/02/2026,IT3456,-1158.41,EUR,transfer
8810,13/02/2026,IT2345,-73.99,EUR,withdrawal
8811,02/03/2026,IT4567,4539.28,EUR,deposit
8812,03/01/2026,IT7890,-454.58,EUR,withdrawal
8813,02/03/2026,IT7890,4184.61,EUR,deposit
8814,19/05/2026,IT7890,3004.13,EUR,deposit
8815,07/01/2026,IT1234,-1358.99,EUR,withdrawal
8816,02/05/2026,IT3456,1373.09,EUR,deposit
8817,01/02/2026,IT4567,4806.41,EUR,deposit
8818,11/01/2026,IT1234,-1060.82,EUR,withdrawal
8819,30/01/2026,IT4567,3349.74,EUR,deposit
8820,15/05/2026,IT8901,-998.83,EUR,withdrawal
8821,14/05/2026,IT8901,-1542.02,EUR,withdrawal
8822,06/04/2026,IT4567,23%02))12,EUR,deposit
8823,09/03/2026,IT3456,-587.7,EUR,withdrawal
8824,26/03/2026,IT7890,1197.05,EUR,transfer
8825,09/03/2026,IT1234,-447.52,EUR,withdrawal
8826,27/01/2026,IT6789,2677.0,EUR,deposit
8827,27/04/2026,IT3456,-268.56,EUR,withdrawal
8828,26/03/2026,IT5678,1159.37,EUR,transfer
8829,16/04/2026,IT3456,-1849.88,EUR,withdrawal
8830,21/02/2026,IT2345,2749.69,EUR,deposit
8831,,IT6789,669.08,EUR,deposit
8832,16/04/2026,IT7890,1342.24,EUR,deposit
8833,29/04/2026,IT2345,536.71,EUR,deposit
8834,09/04/2026,IT4567,4106.0,EUR,deposit
8835,24/01/2026,IT5678,1496.1,EUR,transfer
8836,31/01/2026,IT1234,1388.52,EUR,deposit
8837,18/02/2026,IT3456,2194.33,EUR,deposit
8838,04/05/2026,IT3456,-1078.86,EUR,withdrawal
8839,17/02/2026,IT6789,3477.31,EUR,deposit
8840,20/04/2026,IT3456,-1325.34,EUR,withdrawal
8841,02/02/2026,IT3456,-1929.43,EUR,withdrawal
8842,22/02/2026,IT1234,-1630.49,EUR,withdrawal
8843,10/04/2026,IT3456,-288.69,EUR,withdrawal
8844,07/04/2026,IT1234,-1388.7,EUR,withdrawal
8845,16/04/2026,IT6789,2657.3,EUR,deposit
8846,09/04/2026,IT5678,3766.42,EUR,deposit
8847,26/01/2026,IT1234,136.89,EUR,deposit
8848,15/01/2026,IT3456,-108.47,EUR,withdrawal
8849,16/03/2026,IT3456,235.98,EUR,transfer
8850,05/02/2026,IT8901,-1205.64,EUR,transfer
8851,19/02/2026,IT3456,-730.59,EUR,withdrawal
8852,17/01/2026,IT1234,1172.18,EUR,transfer
8853,09/04/2026,IT1234,2511.14,EUR,deposit
8854,17/01/2026,IT6789,1331.78,EUR,transfer
8855,04/05/2026,IT1234,-1078.68,EUR,withdrawal
8856,12/04/2026,IT1234,-1236.73,EUR,transfer
8857,18/04/2026,IT7890,-1119.02,EUR,withdrawal
8858,03/02/2026,IT7890,1309.32,EUR,deposit
8859,10/04/2026,IT1234,175.09,EUR,transfer
8860,20/05/2026,IT4567,-245.17,EUR,transfer
8861,13/02/2026,IT3456,-1932.81,EUR,withdrawal
8862,08/04/2026,IT1234,-1155.02,EUR,transfer
8863,04/02/2026,IT6789,-533.86,EUR,transfer
8864,12/03/2026,IT5678,-379.53,EUR,withdrawal
8865,05/02/2026,IT8901,-822.95,EUR,withdrawal
8866,19/01/2026,IT4567,-1030.09,EUR,withdrawal
8867,29/01/2026,IT2345,-342.2,EUR,withdrawal
8868,04/02/2026,IT8901,23%02))12,EUR,withdrawal
8869,27/01/2026,IT6789,3163.74,EUR,deposit
8870,08/05/2026,IT2345,-597.55,EUR,transfer
8871,27/01/2026,IT6789,4414.56,EUR,deposit
8872,09/02/2026,IT1234,-1117.95,EUR,withdrawal
8873,21/05/2026,IT5678,-595.47,EUR,transfer
8874,18/04/2026,IT5678,-445.15,EUR,transfer
8875,21/04/2026,IT2345,-1075.27,EUR,withdrawal
8876,29/01/2026,IT7890,-632.75,EUR,transfer
8877,03/03/2026,IT1234,-721.7,EUR,withdrawal
8878,02/01/2026,IT5678,3897.18,EUR,deposit
8879,21/04/2026,IT6789,2827.39,EUR,deposit
8880,19/03/2026,IT7890,4437.82,EUR,deposit
8881,19/04/2026,IT5678,1461.63,EUR,transfer
8882,17/05/2026,IT2345,114.76,EUR,transfer
8883,27/02/2026,IT3456,311.25,EUR,transfer
8884,29/04/2026,IT6789,3340.69,EUR,deposit
8885,28/05/2026,IT4567,-1850.09,EUR,withdrawal
8886,14/04/2026,IT2345,850.56,EUR,deposit
8887,07/01/2026,IT3456,-353.0,EUR,withdrawal
8888,23/05/2026,IT5678,-1255.2,EUR,withdrawal
8889,03/02/2026,IT1234,-513.45,EUR,transfer
8890,25/03/2026,IT7890,-171.77,EUR,transfer
8891,10/01/2026,IT2345,314.38,EUR,deposit
8892,12/03/2026,IT7890,4610.61,EUR,deposit
8893,11/01/2026,IT2345,4297.69,EUR,deposit
8894,02/03/2026,IT2345,-1182.94,EUR,withdrawal
8895,22/02/2026,IT6789,23%02))12,EUR,deposit
8896,28/03/2026,IT5678,1126.8,EUR,transfer
8897,08/04/2026,IT8901,-640.65,EUR,transfer
8898,19/03/2026,IT3456,-616.55,EUR,transfer
8899,05/02/2026,IT1234,730.29,EUR,deposit
8900,20/03/2026,IT3456,738.52,EUR,transfer
8901,16/01/2026,IT8901,2793.98,EUR,deposit
8902,14/05/2026,IT6789,-1335.91,EUR,withdrawal
8903,06/01/2026,IT4567,23%02))12,EUR,deposit
8904,12/03/2026,IT7890,-716.5,EUR,transfer
8905,29/04/2026,IT6789,-473.62,EUR,withdrawal
8906,31/03/2026,IT2345,-1347.21,EUR,transfer
8907,27/04/2026,IT5678,-1523.0,EUR,withdrawal
8908,05/02/2026,IT7890,-1433.79,EUR,transfer
8909,21/05/2026,IT8901,2605.26,EUR,deposit
8910,03/01/2026,IT2345,-1338.97,EUR,transfer
8911,30/01/2026,IT6789,948.2,EUR,transfer
8912,25/03/2026,IT6789,1456.07,EUR,transfer
8913,21/05/2026,IT2345,1281.45,EUR,transfer
8914,02/04/2026,IT7890,-1189.12,EUR,withdrawal
8915,27/02/2026,IT1234,158.59,EUR,transfer
8916,11/02/2026,IT8901,-1400.1,EUR,withdrawal
8917,31/05/2026,IT8901,4616.5,EUR,deposit
8918,07/02/2026,IT3456,316.96,EUR,deposit
8919,16/04/2026,IT1234,1820.68,EUR,deposit
8920,22/05/2026,IT5678,-1226.17,EUR,transfer
8921,17/02/2026,IT1234,1892.98,EUR,deposit
8922,05/01/2026,IT2345,1288.17,EUR,transfer
8923,23/04/2026,IT6789,2516.02,EUR,deposit
8924,11/04/2026,IT8901,-1863.71,EUR,withdrawal
8925,28/04/2026,IT8901,-1114.63,EUR,withdrawal
8926,10/03/2026,IT2345,-1290.99,EUR,withdrawal
8927,28/02/2026,IT3456,1632.18,EUR,deposit
8928,22/04/2026,IT6789,4825.46,EUR,deposit
8929,19/03/2026,IT8901,-4.16,EUR,transfer
8930,17/05/2026,IT2345,225.29,EUR,transfer
8931,15/03/2026,IT2345,288.81,EUR,deposit
8932,03/04/2026,IT5678,-1267.35,EUR,withdrawal
8933,04/04/2026,IT8901,-872.09,EUR,transfer
8934,11/01/2026,IT3456,-422.16,EUR,withdrawal
8935,16/05/2026,IT7890,147.71,EUR,transfer
8936,16/03/2026,IT4567,-157.57,EUR,transfer
8937,20/04/2026,IT7890,3127.78,EUR,deposit
8938,12/02/2026,IT5678,-1448.72,EUR,transfer
8939,21/03/2026,IT1234,-1921.18,EUR,withdrawal
8940,14/05/2026,IT1234,-692.23,EUR,withdrawal
8941,,IT1234,2578.23,EUR,deposit
8942,01/02/2026,IT7890,-815.32,EUR,withdrawal
8943,23/04/2026,IT4567,556.36,EUR,deposit
8944,11/02/2026,IT2345,-58.81,EUR,transfer
8945,22/01/2026,IT1234,-455.38,EUR,withdrawal
8946,31/03/2026,IT5678,4734.76,EUR,deposit
8947,08/01/2026,IT1234,-753.56,EUR,withdrawal
8948,11/04/2026,IT5678,1967.41,EUR,deposit
8949,28/01/2026,IT2345,1349.68,EUR,deposit
8950,22/04/2026,IT1234,566.84,EUR,transfer
8951,13/04/2026,IT5678,-1814.32,EUR,withdrawal
8952,20/01/2026,IT2345,-622.06,EUR,transfer
8953,23/01/2026,IT2345,1022.71,EUR,transfer
8954,14/04/2026,IT3456,-170.12,EUR,transfer
8955,11/01/2026,IT2345,918.83,EUR,deposit
8956,25/04/2026,IT5678,-1380.03,EUR,withdrawal
8957,25/01/2026,IT6789,2052.29,EUR,deposit
8958,08/05/2026,IT8901,811.02,EUR,transfer
8959,01/04/2026,IT2345,-1951.96,EUR,withdrawal
8960,10/04/2026,IT7890,124.2,EUR,deposit
8961,06/01/2026,IT7890,1023.71,EUR,transfer
8962,05/05/2026,IT1234,-1796.87,EUR,withdrawal
8963,02/02/2026,IT3456,1879.18,EUR,deposit
8964,24/02/2026,IT4567,2711.28,EUR,deposit
8965,27/02/2026,IT4567,86.66,EUR,deposit
8966,18/01/2026,IT4567,-740.97,EUR,transfer
8967,26/03/2026,IT3456,255.51,EUR,transfer
8968,02/02/2026,IT2345,-289.57,EUR,withdrawal
8969,05/03/2026,IT1234,-1755.25,EUR,withdrawal
8970,29/03/2026,IT3456,1201.15,EUR,deposit
8971,03/05/2026,IT6789,-1326.55,EUR,withdrawal
8972,26/01/2026,IT4567,-335.77,EUR,withdrawal
8973,26/05/2026,IT1234,-135.81,EUR,withdrawal
8974,02/01/2026,IT4567,-962.03,EUR,withdrawal
8975,13/03/2026,IT3456,-1425.31,EUR,transfer
8976,21/03/2026,IT4567,134.64,EUR,transfer
8977,28/04/2026,IT2345,1556.89,EUR,deposit
8978,02/04/2026,IT4567,3208.62,EUR,deposit
8979,19/04/2026,IT2345,-1052.19,EUR,withdrawal
8980,02/03/2026,IT3456,578.81,EUR,transfer
8981,08/04/2026,IT2345,2894.98,EUR,deposit
8982,30/04/2026,IT8901,1525.5,EUR,deposit
8983,05/02/2026,IT3456,-771.55,EUR,transfer
8984,05/01/2026,IT6789,-1190.68,EUR,withdrawal
8985,24/03/2026,IT5678,-1368.43,EUR,withdrawal
8986,11/01/2026,IT6789,1278.48,EUR,transfer
8987,24/05/2026,IT5678,-266.1,EUR,withdrawal
8988,01/05/2026,IT7890,-500.77,EUR,withdrawal
8989,24/02/2026,IT3456,3803.81,EUR,deposit
8990,04/04/2026,IT2345,563.08,EUR,transfer
8991,18/03/2026,IT5678,4450.81,EUR,deposit
8992,25/03/2026,IT7890,-1291.89,EUR,withdrawal
8993,24/05/2026,IT6789,-1299.95,EUR,transfer
8994,05/03/2026,IT8901,-307.04,EUR,withdrawal
8995,01/05/2026,IT4567,1811.06,EUR,deposit
8996,25/04/2026,IT3456,-1114.58,EUR,withdrawal
8997,01/02/2026,IT3456,898.19,EUR,deposit
8998,31/03/2026,IT4567,1321.9,EUR,transfer
8999,09/02/2026,IT5678,3651.49,EUR,deposit
9000,14/01/2026,IT4567,-183.52,EUR,withdrawal
9001,15/01/2026,IT6789,1076.5,EUR,transfer
9002,04/03/2026,IT6789,1869.81,EUR,deposit
9003,04/05/2026,IT1234,34.89,EUR,transfer
9004,21/04/2026,IT3456,2463.45,EUR,deposit
9005,27/04/2026,IT1234,-288.7,EUR,withdrawal
9006,27/01/2026,IT6789,-1377.94,EUR,transfer
9007,08/01/2026,IT8901,-844.54,EUR,transfer
9008,05/02/2026,IT8901,3839.66,EUR,deposit
9009,24/03/2026,IT2345,-1610.01,EUR,withdrawal
9010,19/01/2026,IT2345,1034.37,EUR,transfer
9011,,IT4567,-325.78,EUR,withdrawal
9012,10/01/2026,IT1234,1807.02,EUR,deposit
9013,17/04/2026,IT6789,-505.31,EUR,transfer
9014,24/03/2026,IT7890,-1739.32,EUR,withdrawal
9015,28/01/2026,IT5678,23%02))12,EUR,deposit
9016,04/04/2026,IT5678,1198.18,EUR,transfer
9017,21/04/2026,IT6789,1381.7,EUR,transfer
9018,19/01/2026,IT2345,242.09,EUR,transfer
9019,06/04/2026,IT3456,-1960.69,EUR,withdrawal
9020,17/01/2026,IT5678,-1591.06,EUR,withdrawal
9021,28/02/2026,IT5678,-1332.31,EUR,withdrawal
9022,23/02/2026,IT6789,2451.39,EUR,deposit
9023,18/05/2026,IT4567,-211.78,EUR,transfer
9024,10/01/2026,IT7890,162.9,EUR,transfer
9025,03/05/2026,IT8901,-351.32,EUR,transfer
9026,08/02/2026,IT7890,1294.98,EUR,transfer
9027,18/02/2026,IT8901,578.47,EUR,deposit
9028,12/05/2026,IT5678,-1501.07,EUR,withdrawal
9029,03/05/2026,IT8901,-259.68,EUR,transfer
9030,14/03/2026,IT8901,33.33,EUR,transfer
9031,11/03/2026,IT6789,-71.39,EUR,transfer
9032,21/03/2026,IT8901,-1389.65,EUR,withdrawal
9033,23/01/2026,IT5678,-1915.25,EUR,withdrawal
9034,02/01/2026,IT6789,1535.07,EUR,deposit
9035,09/05/2026,IT3456,1221.33,EUR,deposit
9036,01/02/2026,IT3456,-473.65,EUR,transfer
9037,15/05/2026,IT1234,-58.27,EUR,withdrawal
9038,01/04/2026,IT6789,349.6,EUR,transfer
9039,10/05/2026,IT2345,-246.38,EUR,withdrawal
9040,15/05/2026,IT6789,4562.85,EUR,deposit
9041,05/05/2026,IT8901,-209.82,EUR,withdrawal
9042,11/02/2026,IT3456,3915.38,EUR,deposit
9043,05/01/2026,IT1234,-271.08,EUR,transfer
9044,22/03/2026,IT7890,148.66,EUR,transfer
9045,04/01/2026,IT2345,151.85,EUR,transfer
9046,17/05/2026,IT2345,395.69,EUR,transfer
9047,05/04/2026,IT1234,2893.44,EUR,deposit
9048,11/03/2026,IT1234,23%02))12,EUR,transfer
9049,12/02/2026,IT3456,-1776.86,EUR,withdrawal
9050,19/05/2026,IT5678,-980.46,EUR,withdrawal
9051,13/04/2026,IT7890,-685.52,EUR,withdrawal
9052,13/04/2026,IT2345,4589.54,EUR,deposit
9053,18/05/2026,IT7890,-1273.42,EUR,withdrawal
9054,06/02/2026,IT6789,-438.38,EUR,withdrawal
9055,13/05/2026,IT7890,837.44,EUR,transfer
9056,03/01/2026,IT8901,1457.13,EUR,transfer
9057,09/05/2026,IT8901,-787.99,EUR,transfer
9058,06/03/2026,IT1234,4692.3,EUR,deposit
9059,26/02/2026,IT4567,326.58,EUR,deposit
9060,08/05/2026,IT4567,1088.19,EUR,transfer
9061,26/03/2026,IT2345,3552.04,EUR,deposit
9062,31/03/2026,IT5678,-390.61,EUR,withdrawal
9063,10/02/2026,IT3456,2696.49,EUR,deposit
9064,03/04/2026,IT2345,2664.87,EUR,deposit
9065,19/01/2026,IT4567,1903.7,EUR,deposit
9066,10/01/2026,IT6789,628.76,EUR,deposit
9067,01/04/2026,IT4567,-292.02,EUR,transfer
9068,04/05/2026,IT5678,-1283.89,EUR,withdrawal
9069,04/01/2026,IT7890,3727.29,EUR,deposit
9070,16/05/2026,IT4567,23%02))12,EUR,withdrawal
9071,01/03/2026,IT8901,-1342.1,EUR,withdrawal
9072,08/04/2026,IT1234,2605.13,EUR,deposit
9073,01/01/2026,IT4567,619.52,EUR,transfer
9074,17/04/2026,IT4567,-1224.35,EUR,withdrawal
9075,10/02/2026,IT4567,-1503.81,EUR,withdrawal
9076,02/03/2026,IT6789,3036.91,EUR,deposit
9077,25/04/2026,IT2345,140.8,EUR,deposit
9078,26/05/2026,IT4567,-1029.84,EUR,withdrawal
9079,02/03/2026,IT6789,-1240.88,EUR,transfer
9080,19/03/2026,IT6789,-1723.18,EUR,withdrawal
9081,27/04/2026,IT2345,-1435.09,EUR,withdrawal
9082,12/01/2026,IT8901,-1331.12,EUR,withdrawal
9083,07/04/2026,IT3456,484.14,EUR,deposit
9084,01/05/2026,IT4567,4256.44,EUR,deposit
9085,07/03/2026,IT4567,-343.08,EUR,withdrawal
9086,26/03/2026,IT4567,-1266.15,EUR,transfer
9087,17/03/2026,IT5678,-185.51,EUR,withdrawal
9088,10/04/2026,IT7890,993.6,EUR,transfer
9089,10/03/2026,IT1234,1288.34,EUR,transfer
9090,30/05/2026,IT1234,4835.54,EUR,deposit
9091,10/04/2026,IT1234,-1292.77,EUR,withdrawal
9092,13/04/2026,IT3456,-987.14,EUR,withdrawal
9093,12/01/2026,IT2345,4665.93,EUR,deposit
9094,24/03/2026,IT1234,-1024.9,EUR,transfer
9095,20/01/2026,IT8901,339.14,EUR,transfer
9096,10/01/2026,IT1234,-826.4,EUR,withdrawal
9097,04/02/2026,IT6789,4848.01,EUR,deposit
9098,29/01/2026,IT1234,-1058.2,EUR,withdrawal
9099,22/01/2026,IT6789,-345.84,EUR,withdrawal
9100,18/01/2026,IT2345,173.26,EUR,transfer
9101,01/02/2026,IT4567,2782.27,EUR,deposit
9102,14/05/2026,IT8901,791.31,EUR,deposit
9103,12/03/2026,IT8901,-360.51,EUR,withdrawal
9104,23/03/2026,IT5678,1001.61,EUR,transfer
9105,05/05/2026,IT5678,-144.68,EUR,transfer
9106,27/05/2026,IT8901,-252.95,EUR,withdrawal
9107,17/04/2026,IT1234,4557.18,EUR,deposit
9108,13/04/2026,IT4567,3094.34,EUR,deposit
9109,31/05/2026,IT6789,-1331.45,EUR,withdrawal
9110,20/01/2026,IT1234,3716.81,EUR,deposit
9111,30/03/2026,IT6789,-105.08,EUR,transfer
9112,27/04/2026,IT5678,1716.66,EUR,deposit
9113,19/02/2026,IT7890,384.98,EUR,deposit
9114,11/05/2026,IT1234,518.51,EUR,transfer
9115,23/02/2026,IT8901,-441.64,EUR,withdrawal
9116,16/04/2026,IT6789,1104.05,EUR,transfer
9117,08/03/2026,IT7890,-115.89,EUR,transfer
9118,24/05/2026,IT2345,4715.11,EUR,deposit
9119,05/01/2026,IT6789,-1149.1,EUR,transfer
9120,24/03/2026,IT2345,-355.88,EUR,transfer
9121,15/05/2026,IT1234,-660.65,EUR,transfer
9122,14/02/2026,IT8901,-1251.0,EUR,withdrawal
9123,15/05/2026,IT3456,-1307.47,EUR,withdrawal
9124,16/02/2026,IT2345,-1370.16,EUR,transfer
9125,16/01/2026,IT4567,567.22,EUR,deposit
9126,18/02/2026,IT2345,1891.32,EUR,deposit
9127,01/04/2026,IT2345,-1421.83,EUR,transfer
9128,10/02/2026,IT3456,1152.78,EUR,deposit
9129,27/02/2026,IT5678,435.13,EUR,transfer
9130,17/05/2026,IT4567,23%02))12,EUR,deposit
9131,19/02/2026,IT8901,892.03,EUR,deposit
9132,08/03/2026,IT7890,2262.54,EUR,deposit
9133,30/04/2026,IT5678,1144.76,EUR,transfer
9134,04/01/2026,IT8901,-51.85,EUR,transfer
9135,19/03/2026,IT3456,430.45,EUR,transfer
9136,23/04/2026,IT4567,-1695.62,EUR,withdrawal
9137,26/05/2026,IT2345,-1648.08,EUR,withdrawal
9138,21/01/2026,IT7890,-697.21,EUR,transfer
9139,27/02/2026,IT3456,-963.02,EUR,transfer
9140,06/04/2026,IT6789,2545.03,EUR,deposit
9141,30/04/2026,IT5678,-1713.02,EUR,withdrawal
9142,22/01/2026,IT6789,-735.69,EUR,transfer
9143,03/01/2026,IT4567,1797.45,EUR,deposit
9144,,IT2345,260.56,EUR,deposit
9145,28/05/2026,IT4567,122.44,EUR,deposit
9146,11/01/2026,IT1234,-1527.61,EUR,withdrawal
9147,09/01/2026,IT6789,4030.42,EUR,deposit
9148,09/02/2026,IT5678,30.45,EUR,transfer
9149,04/02/2026,IT6789,1476.37,EUR,transfer
9150,28/04/2026,IT7890,23%02))12,EUR,transfer
9151,03/03/2026,IT7890,1285.18,EUR,deposit
9152,20/03/2026,IT7890,-67.05,EUR,transfer
9153,18/05/2026,IT6789,150.44,EUR,deposit
9154,07/01/2026,IT4567,-158.18,EUR,withdrawal
9155,11/02/2026,IT2345,-1054.35,EUR,withdrawal
9156,20/03/2026,IT5678,1928.33,EUR,deposit
9157,23/01/2026,IT1234,1037.08,EUR,transfer
9158,18/03/2026,IT6789,1960.66,EUR,deposit
9159,15/05/2026,IT5678,-88.82,EUR,withdrawal
9160,05/04/2026,IT1234,3027.44,EUR,deposit
9161,10/04/2026,IT8901,-1344.72,EUR,withdrawal
9162,11/01/2026,IT4567,2176.22,EUR,deposit
9163,18/04/2026,IT8901,3578.63,EUR,deposit
9164,05/04/2026,IT2345,-386.54,EUR,withdrawal
9165,22/03/2026,IT8901,1197.51,EUR,deposit
9166,03/01/2026,IT1234,-995.79,EUR,withdrawal
9167,25/03/2026,IT3456,311.31,EUR,transfer
9168,27/04/2026,IT5678,2824.49,EUR,deposit
9169,15/03/2026,IT3456,-1174.53,EUR,withdrawal
9170,07/03/2026,IT6789,1637.31,EUR,deposit
9171,23/02/2026,IT4567,1755.28,EUR,deposit
9172,16/03/2026,IT5678,-44.78,EUR,transfer
9173,07/05/2026,IT6789,3137.62,EUR,deposit
9174,10/03/2026,IT4567,-682.93,EUR,withdrawal
9175,21/01/2026,IT6789,61.47,EUR,transfer
9176,17/03/2026,IT3456,743.32,EUR,transfer
9177,03/05/2026,IT1234,-571.33,EUR,withdrawal
9178,23/03/2026,IT8901,758.82,EUR,deposit
9179,03/02/2026,IT2345,-935.84,EUR,withdrawal
9180,09/04/2026,IT2345,-959.72,EUR,transfer
9181,14/04/2026,IT5678,2709.58,EUR,deposit
9182,12/01/2026,IT6789,751.83,EUR,deposit
9183,12/03/2026,IT6789,2177.23,EUR,deposit
9184,03/05/2026,IT6789,-952.27,EUR,transfer
9185,20/03/2026,IT4567,2575.16,EUR,deposit
9186,23/04/2026,IT3456,2513.64,EUR,deposit
9187,19/01/2026,IT3456,4816.69,EUR,deposit
9188,10/05/2026,IT8901,23%02))12,EUR,transfer
9189,11/03/2026,IT4567,193.26,EUR,transfer
9190,17/02/2026,IT3456,-607.84,EUR,transfer
9191,28/03/2026,IT6789,1263.82,EUR,transfer
9192,04/02/2026,IT7890,1880.5,EUR,deposit
9193,27/04/2026,IT5678,1139.27,EUR,transfer
9194,16/01/2026,IT5678,-312.02,EUR,transfer
9195,11/01/2026,IT2345,315.12,EUR,transfer
9196,12/05/2026,IT1234,1850.13,EUR,deposit
9197,04/01/2026,IT2345,363.55,EUR,deposit
9198,18/01/2026,IT6789,-715.62,EUR,withdrawal
9199,10/05/2026,IT2345,-1780.28,EUR,withdrawal
9200,14/04/2026,IT5678,956.44,EUR,transfer
9201,05/03/2026,IT6789,-1087.25,EUR,transfer
9202,09/05/2026,IT3456,-1013.4,EUR,transfer
9203,16/02/2026,IT7890,-781.62,EUR,transfer
9204,16/01/2026,IT8901,-116.78,EUR,withdrawal
9205,18/05/2026,IT8901,-1060.65,EUR,transfer
9206,16/05/2026,IT1234,1413.06,EUR,transfer
9207,06/01/2026,IT7890,625.77,EUR,transfer
9208,24/02/2026,IT2345,-453.77,EUR,transfer
9209,27/03/2026,IT5678,-1353.21,EUR,transfer
9210,02/03/2026,IT5678,-1490.76,EUR,withdrawal
9211,05/04/2026,IT5678,4836.16,EUR,deposit
9212,29/03/2026,IT1234,-255.42,EUR,withdrawal
9213,10/01/2026,IT4567,3827.61,EUR,deposit
9214,28/03/2026,IT8901,-562.56,EUR,withdrawal
9215,28/05/2026,IT3456,3625.33,EUR,deposit
9216,16/01/2026,IT5678,-845.17,EUR,withdrawal
9217,01/01/1750,IT8901,502.19,EUR,transfer
9218,08/01/2026,IT1234,-712.84,EUR,withdrawal
9219,08/05/2026,IT6789,-222.08,EUR,transfer
9220,10/02/2026,IT6789,-1323.9,EUR,withdrawal
9221,25/02/2026,IT7890,3939.73,EUR,deposit
9222,01/04/2026,IT3456,-1835.77,EUR,withdrawal
9223,,IT8901,-648.04,EUR,withdrawal
9224,16/04/2026,IT3456,-1773.46,EUR,withdrawal
9225,30/03/2026,IT3456,1144.43,EUR,transfer
9226,06/02/2026,IT1234,1871.45,EUR,deposit
9227,24/05/2026,IT1234,772.19,EUR,transfer
9228,25/05/2026,IT8901,551.39,EUR,transfer
9229,19/03/2026,IT1234,821.59,EUR,deposit
9230,27/01/2026,IT6789,-1292.64,EUR,withdrawal
9231,17/03/2026,IT1234,-957.93,EUR,transfer
9232,,IT5678,451.36,EUR,transfer
9233,02/05/2026,IT1234,356.92,EUR,deposit
9234,14/03/2026,IT2345,571.71,EUR,transfer
9235,22/01/2026,IT3456,-1557.72,EUR,withdrawal
9236,21/01/2026,IT8901,-689.66,EUR,transfer
9237,09/02/2026,IT6789,4063.99,EUR,deposit
9238,07/01/2026,IT4567,248.74,EUR,transfer
9239,22/04/2026,IT3456,-1977.81,EUR,withdrawal
9240,29/01/2026,IT6789,-640.93,EUR,withdrawal
9241,17/02/2026,IT2345,4676.85,EUR,deposit
9242,08/03/2026,IT6789,-264.21,EUR,transfer
9243,19/03/2026,IT6789,23%02))12,EUR,withdrawal
9244,04/02/2026,IT3456,2359.33,EUR,deposit
9245,04/03/2026,IT4567,2004.55,EUR,deposit
9246,03/02/2026,IT1234,65.5,EUR,transfer
9247,03/01/2026,IT4567,244.27,EUR,deposit
9248,21/04/2026,IT4567,-1062.11,EUR,withdrawal
9249,30/03/2026,IT1234,-209.15,EUR,transfer
9250,12/05/2026,IT7890,914.57,EUR,deposit
9251,15/04/2026,IT1234,3224.01,EUR,deposit
9252,26/04/2026,IT1234,-213.07,EUR,transfer
9253,26/04/2026,IT1234,-473.35,EUR,transfer
9254,14/01/2026,IT1234,-1658.56,EUR,withdrawal
9255,16/03/2026,IT5678,178.71,EUR,transfer
9256,31/03/2026,IT8901,-1379.54,EUR,transfer
9257,04/03/2026,IT6789,-1674.14,EUR,withdrawal
9258,02/02/2026,IT1234,4044.4,EUR,deposit
9259,12/05/2026,IT6789,4090.04,EUR,deposit
9260,29/03/2026,IT8901,-859.26,EUR,withdrawal
9261,24/01/2026,IT2345,-43.68,EUR,withdrawal
9262,26/03/2026,IT1234,-1955.16,EUR,withdrawal
9263,29/03/2026,IT2345,-670.18,EUR,transfer
9264,20/04/2026,IT6789,-536.49,EUR,withdrawal
9265,02/04/2026,IT2345,225.82,EUR,transfer
9266,16/02/2026,IT6789,-1507.04,EUR,withdrawal
9267,04/03/2026,IT4567,-675.87,EUR,withdrawal
9268,10/03/2026,IT5678,3884.91,EUR,deposit
9269,31/01/2026,IT1234,-1329.01,EUR,withdrawal
9270,20/03/2026,IT6789,2500.91,EUR,deposit
9271,12/02/2026,IT7890,663.27,EUR,transfer
9272,10/05/2026,IT4567,2901.83,EUR,deposit
9273,03/01/2026,IT4567,3566.19,EUR,deposit
9274,06/05/2026,IT5678,-80.4,EUR,withdrawal
9275,11/04/2026,IT7890,2718.52,EUR,deposit
9276,29/03/2026,IT3456,-652.5,EUR,withdrawal
9277,24/02/2026,IT7890,4225.03,EUR,deposit
9278,04/03/2026,IT7890,377.1,EUR,transfer
9279,07/03/2026,IT5678,887.3,EUR,transfer
9280,02/03/2026,IT6789,-1465.58,EUR,transfer
9281,17/01/2026,IT1234,2272.64,EUR,deposit
9282,16/05/2026,IT8901,97.44,EUR,deposit
9283,01/05/2026,IT3456,-1456.75,EUR,withdrawal
9284,14/01/2026,IT8901,2395.63,EUR,deposit
9285,27/05/2026,IT7890,-945.36,EUR,withdrawal
9286,01/03/2026,IT1234,1540.63,EUR,deposit
9287,26/01/2026,IT3456,-321.7,EUR,withdrawal
9288,01/01/2026,IT7890,-471.19,EUR,withdrawal
9289,04/02/2026,IT7890,-877.47,EUR,transfer
9290,06/01/2026,IT5678,-1476.87,EUR,withdrawal
9291,20/01/2026,IT4567,4480.9,EUR,deposit
9292,24/04/2026,IT3456,43.53,EUR,transfer
9293,21/01/2026,IT5678,357.99,EUR,transfer
9294,16/01/2026,IT4567,-1157.09,EUR,transfer
9295,22/05/2026,IT5678,-181.65,EUR,withdrawal
9296,05/02/2026,IT1234,-534.96,EUR,withdrawal
9297,30/05/2026,IT1234,34.99,EUR,transfer
9298,05/02/2026,IT4567,-1470.28,EUR,withdrawal
9299,12/04/2026,IT8901,-1410.63,EUR,transfer
9300,07/04/2026,IT3456,3282.86,EUR,deposit
9301,23/02/2026,IT8901,-573.05,EUR,withdrawal
9302,28/04/2026,IT1234,-1825.9,EUR,withdrawal
9303,09/05/2026,IT7890,-1076.77,EUR,withdrawal
9304,18/05/2026,IT1234,-286.68,EUR,transfer
9305,04/03/2026,IT5678,1032.82,EUR,transfer
9306,02/02/2026,IT1234,-1227.18,EUR,withdrawal
9307,03/04/2026,IT2345,592.85,EUR,transfer
9308,28/03/2026,IT8901,-1740.68,EUR,withdrawal
9309,14/02/2026,IT5678,1783.57,EUR,deposit
9310,29/04/2026,IT6789,1826.77,EUR,deposit
9311,02/05/2026,IT6789,1185.13,EUR,deposit
9312,14/01/2026,IT4567,2318.22,EUR,deposit
9313,08/05/2026,IT8901,-1402.68,EUR,transfer
9314,11/01/2026,IT4567,4688.41,EUR,deposit
9315,13/04/2026,IT5678,3929.01,EUR,deposit
9316,11/05/2026,IT3456,4890.64,EUR,deposit
9317,23/04/2026,IT3456,-138.54,EUR,withdrawal
9318,26/04/2026,IT4567,-555.63,EUR,transfer
9319,07/02/2026,IT4567,490.53,EUR,deposit
9320,15/02/2026,IT1234,4000.43,EUR,deposit
9321,12/02/2026,IT8901,-1693.98,EUR,withdrawal
9322,27/05/2026,IT8901,384.16,EUR,transfer
9323,07/05/2026,IT8901,-1700.85,EUR,withdrawal
9324,06/02/2026,IT6789,929.87,EUR,deposit
9325,08/03/2026,IT8901,-1758.14,EUR,withdrawal
9326,30/05/2026,IT4567,3514.59,EUR,deposit
9327,29/04/2026,IT2345,-869.18,EUR,transfer
9328,09/02/2026,IT5678,-1150.13,EUR,withdrawal
9329,06/01/2026,IT8901,-681.77,EUR,withdrawal
9330,06/04/2026,IT7890,85.25,EUR,transfer
9331,28/02/2026,IT5678,-1087.5,EUR,withdrawal
9332,17/02/2026,IT1234,-1192.08,EUR,withdrawal
9333,05/03/2026,IT2345,4853.49,EUR,deposit
9334,02/04/2026,IT5678,-807.66,EUR,withdrawal
9335,15/01/2026,IT2345,3976.28,EUR,deposit
9336,17/02/2026,IT2345,-851.05,EUR,withdrawal
9337,15/04/2026,IT2345,1465.2,EUR,transfer
9338,26/03/2026,IT2345,1035.33,EUR,deposit
9339,01/03/2026,IT7890,-1157.84,EUR,withdrawal
9340,26/04/2026,IT5678,2297.6,EUR,deposit
9341,31/03/2026,IT4567,-152.53,EUR,withdrawal
9342,23/02/2026,IT3456,-1988.62,EUR,withdrawal
9343,28/03/2026,IT4567,3542.83,EUR,deposit
9344,13/04/2026,IT2345,-1302.3,EUR,transfer
9345,31/01/2026,IT1234,1381.03,EUR,transfer
9346,24/02/2026,IT5678,-584.28,EUR,withdrawal
9347,22/01/2026,IT1234,-1.71,EUR,transfer
9348,01/01/2026,IT3456,-1401.02,EUR,transfer
9349,31/05/2026,IT1234,-838.94,EUR,withdrawal
9350,06/02/2026,IT4567,769.23,EUR,transfer
9351,10/05/2026,IT8901,960.96,EUR,transfer
9352,06/04/2026,IT8901,-523.38,EUR,withdrawal
9353,11/04/2026,IT4567,1490.64,EUR,transfer
9354,16/04/2026,IT7890,-1340.02,EUR,transfer
9355,09/02/2026,IT2345,-1876.97,EUR,withdrawal
9356,16/01/2026,IT6789,-101.08,EUR,withdrawal
9357,19/02/2026,IT1234,1075.4,EUR,deposit
9358,30/03/2026,IT5678,-192.93,EUR,withdrawal
9359,06/04/2026,IT3456,-62.37,EUR,withdrawal
9360,02/02/2026,IT2345,-1334.03,EUR,withdrawal
9361,29/03/2026,IT4567,1193.1,EUR,transfer
9362,22/02/2026,IT3456,-1339.89,EUR,withdrawal
9363,18/05/2026,IT5678,722.18,EUR,transfer
9364,23/05/2026,IT7890,111.74,EUR,deposit
9365,20/04/2026,IT4567,-1134.76,EUR,withdrawal
9366,28/04/2026,IT4567,156.36,EUR,deposit
9367,01/03/2026,IT6789,-898.16,EUR,withdrawal
9368,21/05/2026,IT1234,-65.52,EUR,withdrawal
9369,15/04/2026,IT8901,4692.23,EUR,deposit
9370,30/01/2026,IT1234,-1689.21,EUR,withdrawal
9371,24/03/2026,IT3456,-194.37,EUR,transfer
9372,25/01/2026,IT6789,-1733.6,EUR,withdrawal
9373,31/03/2026,IT8901,30.89,EUR,transfer
9374,18/05/2026,IT1234,-1819.88,EUR,withdrawal
9375,08/01/2026,IT5678,-544.48,EUR,withdrawal
9376,16/01/2026,IT5678,-1957.59,EUR,withdrawal
9377,15/01/2026,IT1234,4534.73,EUR,deposit
9378,24/03/2026,IT5678,2543.58,EUR,deposit
9379,24/01/2026,IT3456,2283.11,EUR,deposit
9380,29/05/2026,IT1234,-591.38,EUR,withdrawal
9381,11/04/2026,IT8901,2849.62,EUR,deposit
9382,07/05/2026,IT6789,764.74,EUR,transfer
9383,08/04/2026,IT2345,251.04,EUR,transfer
9384,21/05/2026,IT4567,3126.48,EUR,deposit
9385,18/02/2026,IT5678,-721.2,EUR,withdrawal
9386,03/05/2026,IT2345,1454.74,EUR,transfer
9387,15/05/2026,IT4567,-83.16,EUR,withdrawal
9388,24/02/2026,IT2345,518.58,EUR,transfer
9389,16/05/2026,IT5678,-1523.7,EUR,withdrawal
9390,02/01/2026,IT1234,-839.05,EUR,withdrawal
9391,24/04/2026,IT7890,-1286.66,EUR,transfer
9392,01/02/2026,IT1234,-182.46,EUR,withdrawal
9393,26/05/2026,IT1234,-83.22,EUR,transfer
9394,01/02/2026,IT8901,2409.12,EUR,deposit
9395,04/01/2026,IT3456,1216.57,EUR,transfer
9396,20/04/2026,IT4567,1281.9,EUR,transfer
9397,01/01/1750,IT6789,180.5,EUR,transfer
9398,01/03/2026,IT8901,2780.18,EUR,deposit
9399,12/05/2026,IT8901,806.43,EUR,transfer
9400,18/02/2026,IT5678,-303.66,EUR,transfer
9401,14/01/2026,IT8901,3855.71,EUR,deposit
9402,01/01/2026,IT3456,619.1,EUR,transfer
9403,04/01/2026,IT5678,-1409.49,EUR,withdrawal
9404,21/04/2026,IT5678,-1450.5,EUR,withdrawal
9405,04/03/2026,IT8901,1324.77,EUR,transfer
9406,,IT8901,225.74,EUR,deposit
9407,23/05/2026,IT3456,54.99,EUR,transfer
9408,03/04/2026,IT6789,-1634.0,EUR,withdrawal
9409,03/02/2026,IT3456,-1129.81,EUR,withdrawal
9410,31/01/2026,IT5678,-117.73,EUR,withdrawal
9411,04/05/2026,IT2345,1815.04,EUR,deposit
9412,10/04/2026,IT4567,3552.72,EUR,deposit
9413,24/03/2026,IT3456,1368.57,EUR,deposit
9414,08/05/2026,IT5678,1036.88,EUR,deposit
9415,22/03/2026,IT4567,2611.03,EUR,deposit
9416,01/02/2026,IT5678,708.46,EUR,deposit
9417,14/04/2026,IT8901,573.42,EUR,deposit
9418,08/03/2026,IT7890,382.91,EUR,deposit
9419,17/01/2026,IT2345,125.7,EUR,deposit
9420,11/01/2026,IT1234,4307.62,EUR,deposit
9421,08/05/2026,IT7890,1190.24,EUR,transfer
9422,24/01/2026,IT3456,299.67,EUR,deposit
9423,24/03/2026,IT4567,-901.48,EUR,withdrawal
9424,12/04/2026,IT3456,2615.28,EUR,deposit
9425,06/01/2026,IT6789,1177.52,EUR,transfer
9426,14/05/2026,IT5678,3840.88,EUR,deposit
9427,18/01/2026,IT4567,320.31,EUR,transfer
9428,23/03/2026,IT2345,3704.95,EUR,deposit
9429,06/03/2026,IT5678,-1235.3,EUR,transfer
9430,14/05/2026,IT4567,-853.0,EUR,transfer
9431,25/01/2026,IT6789,-703.73,EUR,withdrawal
9432,15/05/2026,IT6789,-1040.57,EUR,withdrawal
9433,21/01/2026,IT6789,-12.15,EUR,transfer
9434,17/03/2026,IT3456,-1297.95,EUR,withdrawal
9435,12/03/2026,IT3456,-437.92,EUR,transfer
9436,23/02/2026,IT7890,1023.09,EUR,deposit
9437,08/03/2026,IT5678,-801.54,EUR,transfer
9438,08/05/2026,IT3456,1115.8,EUR,transfer
9439,10/02/2026,IT4567,2687.89,EUR,deposit
9440,03/04/2026,IT1234,-1773.45,EUR,withdrawal
9441,14/01/2026,IT3456,-484.36,EUR,transfer
9442,17/05/2026,IT4567,139.97,EUR,deposit
9443,27/05/2026,IT4567,1321.83,EUR,transfer
9444,19/04/2026,IT7890,-1296.78,EUR,withdrawal
9445,06/01/2026,IT4567,4310.92,EUR,deposit
9446,31/03/2026,IT7890,-896.17,EUR,withdrawal
9447,06/02/2026,IT4567,-599.24,EUR,transfer
9448,10/03/2026,IT1234,-334.46,EUR,transfer
9449,07/05/2026,IT7890,-91.35,EUR,withdrawal
9450,19/03/2026,IT1234,-1059.1,EUR,transfer
9451,07/05/2026,IT3456,-664.25,EUR,withdrawal
9452,17/01/2026,IT3456,2388.61,EUR,deposit
9453,01/01/1750,IT7890,964.82,EUR,transfer
9454,05/01/2026,IT2345,1354.72,EUR,transfer
9455,08/04/2026,IT7890,-767.84,EUR,transfer
9456,08/01/2026,IT6789,-662.86,EUR,transfer
9457,16/01/2026,IT6789,-255.51,EUR,transfer
9458,23/03/2026,IT2345,425.83,EUR,deposit
9459,29/05/2026,IT3456,2387.1,EUR,deposit
9460,25/01/2026,IT4567,3833.06,EUR,deposit
9461,02/05/2026,IT2345,-981.48,EUR,transfer
9462,19/03/2026,IT8901,-245.97,EUR,withdrawal
9463,13/05/2026,IT4567,179.49,EUR,transfer
9464,19/03/2026,IT1234,1176.41,EUR,deposit
9465,12/02/2026,IT4567,3778.76,EUR,deposit
9466,05/04/2026,IT6789,798.98,EUR,transfer
9467,29/05/2026,IT7890,659.64,EUR,deposit
9468,30/04/2026,IT7890,-62.17,EUR,withdrawal
9469,07/01/2026,IT1234,-57.73,EUR,withdrawal
9470,11/05/2026,IT5678,-1498.69,EUR,withdrawal
9471,,IT7890,2085.4,EUR,deposit
9472,29/01/2026,IT8901,3500.48,EUR,deposit
9473,23/01/2026,IT7890,264.29,EUR,transfer
9474,18/05/2026,IT6789,-1027.61,EUR,withdrawal
9475,12/03/2026,IT3456,78.15,EUR,deposit
9476,13/02/2026,IT2345,4508.79,EUR,deposit
9477,27/03/2026,IT7890,4617.46,EUR,deposit
9478,20/04/2026,IT1234,-1003.52,EUR,withdrawal
9479,26/03/2026,IT5678,-1442.5,EUR,withdrawal
9480,05/03/2026,IT4567,-1956.7,EUR,withdrawal
9481,25/03/2026,IT7890,-825.59,EUR,withdrawal
9482,08/05/2026,IT3456,-656.52,EUR,transfer
9483,07/01/2026,IT6789,271.26,EUR,transfer
9484,13/01/2026,IT2345,2120.83,EUR,deposit
9485,27/01/2026,IT8901,23%02))12,EUR,deposit
9486,09/02/2026,IT2345,-444.4,EUR,withdrawal
9487,20/01/2026,IT1234,1330.37,EUR,transfer
9488,21/05/2026,IT8901,656.13,EUR,transfer
9489,18/01/2026,IT7890,-644.36,EUR,withdrawal
9490,08/04/2026,IT7890,23%02))12,EUR,transfer
9491,17/05/2026,IT3456,425.55,EUR,transfer
9492,22/01/2026,IT3456,-365.08,EUR,transfer
9493,08/02/2026,IT3456,-681.18,EUR,withdrawal
9494,01/02/2026,IT8901,-698.46,EUR,withdrawal
9495,10/01/2026,IT7890,-757.48,EUR,transfer
9496,01/01/1750,IT4567,-1591.55,EUR,withdrawal
9497,11/03/2026,IT7890,894.11,EUR,deposit
9498,09/04/2026,IT2345,-1469.78,EUR,withdrawal
9499,29/04/2026,IT2345,1338.45,EUR,transfer
9500,,IT4567,-782.25,EUR,withdrawal
9501,08/04/2026,IT6789,4353.11,EUR,deposit
9502,23/01/2026,IT6789,-668.66,EUR,transfer
9503,03/04/2026,IT6789,-1051.72,EUR,withdrawal
9504,23/01/2026,IT2345,-562.76,EUR,withdrawal
9505,13/05/2026,IT7890,-582.33,EUR,withdrawal
9506,28/02/2026,IT1234,2945.4,EUR,deposit
9507,06/04/2026,IT6789,-763.78,EUR,transfer
9508,25/01/2026,IT4567,-946.96,EUR,withdrawal
9509,12/04/2026,IT3456,-49.43,EUR,withdrawal
9510,25/05/2026,IT8901,2896.51,EUR,deposit
9511,04/02/2026,IT3456,-110.26,EUR,transfer
9512,21/03/2026,IT2345,-715.23,EUR,transfer
9513,27/03/2026,IT5678,-133.85,EUR,withdrawal
9514,08/01/2026,IT4567,-431.01,EUR,transfer
9515,18/04/2026,IT8901,3799.16,EUR,deposit
9516,20/01/2026,IT5678,4084.44,EUR,deposit
9517,24/05/2026,IT6789,2650.85,EUR,deposit
9518,04/05/2026,IT2345,2526.13,EUR,deposit
9519,20/04/2026,IT8901,-775.48,EUR,transfer
9520,01/05/2026,IT5678,-605.97,EUR,withdrawal
9521,28/01/2026,IT2345,638.84,EUR,deposit
9522,13/04/2026,IT4567,1088.22,EUR,deposit
9523,22/03/2026,IT6789,479.19,EUR,deposit
9524,05/05/2026,IT6789,-1279.97,EUR,transfer
9525,20/05/2026,IT6789,1640.72,EUR,deposit
9526,07/03/2026,IT8901,-902.21,EUR,withdrawal
9527,02/03/2026,IT8901,3816.07,EUR,deposit
9528,04/02/2026,IT2345,-785.05,EUR,transfer
9529,01/01/2026,IT5678,-404.34,EUR,withdrawal
9530,28/02/2026,IT8901,-1854.19,EUR,withdrawal
9531,24/03/2026,IT5678,25.67,EUR,transfer
9532,22/02/2026,IT5678,-627.45,EUR,withdrawal
9533,10/04/2026,IT8901,632.82,EUR,deposit
9534,19/05/2026,IT7890,-148.68,EUR,transfer
9535,25/01/2026,IT2345,321.73,EUR,transfer
9536,11/04/2026,IT6789,-649.23,EUR,withdrawal
9537,18/05/2026,IT4567,344.46,EUR,transfer
9538,13/05/2026,IT8901,-820.73,EUR,transfer
9539,25/04/2026,IT7890,-768.66,EUR,withdrawal
9540,08/02/2026,IT6789,-1400.02,EUR,transfer
9541,04/01/2026,IT8901,-1585.75,EUR,withdrawal
9542,15/02/2026,IT3456,-1239.02,EUR,transfer
9543,21/04/2026,IT2345,803.95,EUR,transfer
9544,27/04/2026,IT2345,1089.27,EUR,transfer
9545,23/04/2026,IT5678,-238.87,EUR,transfer
9546,04/04/2026,IT8901,951.03,EUR,transfer
9547,26/02/2026,IT2345,1769.39,EUR,deposit
9548,05/01/2026,IT4567,-1979.76,EUR,withdrawal
9549,04/05/2026,IT4567,-41.69,EUR,withdrawal
9550,28/03/2026,IT1234,-1674.55,EUR,withdrawal
9551,26/02/2026,IT4567,-1696.92,EUR,withdrawal
9552,20/04/2026,IT7890,1873.59,EUR,deposit
9553,25/05/2026,IT3456,1333.18,EUR,deposit
9554,18/01/2026,IT5678,-56.3,EUR,transfer
9555,03/05/2026,IT1234,2898.09,EUR,deposit
9556,24/02/2026,IT1234,670.62,EUR,deposit
9557,24/02/2026,IT6789,-1757.13,EUR,withdrawal
9558,02/04/2026,IT6789,-1566.4,EUR,withdrawal
9559,11/05/2026,IT7890,3768.86,EUR,deposit
9560,14/05/2026,IT6789,384.52,EUR,transfer
9561,08/03/2026,IT5678,-1040.24,EUR,transfer
9562,27/01/2026,IT7890,-35.15,EUR,transfer
9563,01/02/2026,IT6789,1013.91,EUR,transfer
9564,22/02/2026,IT4567,921.05,EUR,transfer
9565,09/05/2026,IT6789,-1089.02,EUR,withdrawal
9566,25/02/2026,IT4567,3892.4,EUR,deposit
9567,05/03/2026,IT3456,-186.7,EUR,withdrawal
9568,18/03/2026,IT3456,896.97,EUR,transfer
9569,04/03/2026,IT3456,-1915.96,EUR,withdrawal
9570,05/05/2026,IT3456,23%02))12,EUR,transfer
9571,14/01/2026,IT2345,-1364.84,EUR,transfer
9572,28/02/2026,IT1234,2796.59,EUR,deposit
9573,09/01/2026,IT3456,-168.09,EUR,withdrawal
9574,10/02/2026,IT6789,-925.08,EUR,withdrawal
9575,12/02/2026,IT8901,23%02))12,EUR,transfer
9576,06/02/2026,IT6789,-1419.13,EUR,transfer
9577,26/03/2026,IT8901,-1100.31,EUR,withdrawal
9578,28/02/2026,IT2345,-974.41,EUR,withdrawal
9579,,IT4567,3596.75,EUR,deposit
9580,22/03/2026,IT8901,-155.76,EUR,withdrawal
9581,12/03/2026,IT3456,-1432.62,EUR,transfer
9582,20/04/2026,IT6789,-264.7,EUR,withdrawal
9583,22/02/2026,IT5678,-1481.97,EUR,transfer
9584,23/02/2026,IT8901,3747.26,EUR,deposit
9585,03/04/2026,IT6789,-1420.76,EUR,transfer
9586,01/02/2026,IT8901,23%02))12,EUR,withdrawal
9587,12/04/2026,IT1234,2619.63,EUR,deposit
9588,26/05/2026,IT4567,-959.53,EUR,withdrawal
9589,01/01/1750,IT6789,1188.28,EUR,transfer
9590,12/05/2026,IT8901,2594.52,EUR,deposit
9591,17/04/2026,IT2345,4915.76,EUR,deposit
9592,08/02/2026,IT3456,-1963.24,EUR,withdrawal
9593,18/01/2026,IT8901,-711.09,EUR,transfer
9594,13/04/2026,IT1234,-416.27,EUR,transfer
9595,23/04/2026,IT1234,-1505.5,EUR,withdrawal
9596,16/03/2026,IT6789,936.31,EUR,deposit
9597,20/01/2026,IT7890,94.53,EUR,deposit
9598,10/03/2026,IT7890,1699.72,EUR,deposit
9599,24/03/2026,IT5678,916.99,EUR,deposit
9600,06/04/2026,IT4567,-605.26,EUR,transfer
9601,07/03/2026,IT6789,-797.91,EUR,withdrawal
9602,17/02/2026,IT2345,-1103.3,EUR,transfer
9603,03/01/2026,IT6789,23%02))12,EUR,transfer
9604,18/03/2026,IT7890,-1642.45,EUR,withdrawal
9605,18/04/2026,IT8901,364.78,EUR,deposit
9606,13/04/2026,IT7890,-99.88,EUR,withdrawal
9607,01/03/2026,IT5678,4069.14,EUR,deposit
9608,16/01/2026,IT3456,-1296.0,EUR,transfer
9609,27/02/2026,IT4567,781.47,EUR,deposit
9610,14/04/2026,IT2345,-1441.48,EUR,transfer
9611,30/04/2026,IT8901,-235.53,EUR,withdrawal
9612,26/02/2026,IT2345,1390.4,EUR,transfer
9613,22/01/2026,IT2345,1355.83,EUR,deposit
9614,05/01/2026,IT5678,-1078.14,EUR,withdrawal
9615,19/03/2026,IT5678,-592.76,EUR,transfer
9616,30/05/2026,IT3456,2024.32,EUR,deposit
9617,01/05/2026,IT5678,13.69,EUR,transfer
9618,13/05/2026,IT1234,-1172.45,EUR,withdrawal
9619,27/03/2026,IT2345,-460.71,EUR,withdrawal
9620,11/01/2026,IT6789,-141.91,EUR,withdrawal
9621,24/03/2026,IT8901,513.97,EUR,transfer
9622,17/03/2026,IT6789,-888.93,EUR,withdrawal
9623,25/03/2026,IT8901,-662.09,EUR,transfer
9624,14/05/2026,IT3456,3475.75,EUR,deposit
9625,23/05/2026,IT5678,-1193.49,EUR,withdrawal
9626,08/03/2026,IT8901,1424.6,EUR,transfer
9627,19/03/2026,IT1234,591.88,EUR,transfer
9628,17/05/2026,IT6789,-689.82,EUR,transfer
9629,05/02/2026,IT1234,-1181.02,EUR,withdrawal
9630,05/02/2026,IT3456,658.4,EUR,transfer
9631,28/01/2026,IT3456,747.21,EUR,transfer
9632,10/05/2026,IT6789,557.96,EUR,transfer
9633,12/04/2026,IT3456,23%02))12,EUR,transfer
9634,30/03/2026,IT3456,-1194.18,EUR,withdrawal
9635,03/05/2026,IT1234,1096.11,EUR,transfer
9636,29/05/2026,IT5678,-1718.49,EUR,withdrawal
9637,07/01/2026,IT3456,1885.14,EUR,deposit
9638,14/02/2026,IT7890,-238.53,EUR,transfer
9639,10/04/2026,IT5678,-979.69,EUR,transfer
9640,09/05/2026,IT4567,-1089.82,EUR,transfer
9641,03/04/2026,IT7890,-53.73,EUR,transfer
9642,03/05/2026,IT1234,-1044.92,EUR,transfer
9643,13/03/2026,IT4567,1036.23,EUR,deposit
9644,26/04/2026,IT8901,2669.72,EUR,deposit
9645,11/03/2026,IT8901,2439.62,EUR,deposit
9646,15/02/2026,IT3456,-1206.27,EUR,transfer
9647,27/01/2026,IT4567,1500.79,EUR,deposit
9648,19/01/2026,IT3456,-1313.84,EUR,withdrawal
9649,23/04/2026,IT8901,-1929.92,EUR,withdrawal
9650,07/01/2026,IT1234,3041.29,EUR,deposit
9651,02/04/2026,IT2345,-1090.59,EUR,transfer
9652,03/02/2026,IT6789,-1300.28,EUR,transfer
9653,18/01/2026,IT4567,-220.19,EUR,withdrawal
9654,26/04/2026,IT1234,-985.09,EUR,withdrawal
9655,05/01/2026,IT6789,-1052.04,EUR,withdrawal
9656,21/02/2026,IT5678,-1825.38,EUR,withdrawal
9657,09/02/2026,IT1234,-1173.11,EUR,transfer
9658,22/05/2026,IT4567,2094.83,EUR,deposit
9659,07/03/2026,IT1234,-1499.95,EUR,withdrawal
9660,09/02/2026,IT6789,-681.42,EUR,withdrawal
9661,02/01/2026,IT2345,-598.69,EUR,withdrawal
9662,10/05/2026,IT8901,-1281.03,EUR,withdrawal
9663,31/05/2026,IT8901,4096.4,EUR,deposit
9664,28/04/2026,IT4567,-822.03,EUR,withdrawal
9665,10/01/2026,IT3456,-406.62,EUR,transfer
9666,14/02/2026,IT7890,1195.69,EUR,deposit
9667,03/02/2026,IT1234,2123.6,EUR,deposit
9668,18/05/2026,IT8901,1277.12,EUR,transfer
9669,15/02/2026,IT5678,1214.68,EUR,transfer
9670,28/05/2026,IT1234,-1714.24,EUR,withdrawal
9671,,IT3456,1119.02,EUR,transfer
9672,27/05/2026,IT3456,4316.1,EUR,deposit
9673,13/04/2026,IT7890,-141.45,EUR,withdrawal
9674,18/04/2026,IT4567,489.82,EUR,deposit
9675,18/03/2026,IT3456,-848.61,EUR,withdrawal
9676,21/02/2026,IT6789,-574.04,EUR,withdrawal
9677,23/02/2026,IT4567,-180.01,EUR,withdrawal
9678,12/03/2026,IT1234,-1936.14,EUR,withdrawal
9679,20/05/2026,IT2345,-286.05,EUR,transfer
9680,16/01/2026,IT4567,3338.91,EUR,deposit
9681,01/01/1750,IT4567,-1482.47,EUR,transfer
9682,27/05/2026,IT1234,3347.85,EUR,deposit
9683,10/04/2026,IT1234,2362.4,EUR,deposit
9684,30/05/2026,IT5678,-1611.7,EUR,withdrawal
9685,29/01/2026,IT6789,2732.24,EUR,deposit
9686,,IT8901,3339.38,EUR,deposit
9687,31/03/2026,IT1234,-101.99,EUR,withdrawal
9688,09/03/2026,IT7890,-1212.99,EUR,transfer
9689,13/04/2026,IT7890,-1573.92,EUR,withdrawal
9690,06/05/2026,IT1234,163.8,EUR,transfer
9691,25/02/2026,IT3456,-1952.51,EUR,withdrawal
9692,11/02/2026,IT4567,2754.64,EUR,deposit
9693,24/01/2026,IT5678,-1434.95,EUR,withdrawal
9694,14/02/2026,IT3456,842.02,EUR,transfer
9695,24/01/2026,IT6789,-1279.72,EUR,transfer
9696,04/04/2026,IT1234,-869.32,EUR,withdrawal
9697,08/01/2026,IT5678,1153.92,EUR,transfer
9698,04/05/2026,IT4567,-1072.26,EUR,transfer
9699,25/05/2026,IT2345,-1098.33,EUR,withdrawal
9700,29/01/2026,IT5678,-1942.42,EUR,withdrawal
9701,17/05/2026,IT4567,-841.18,EUR,withdrawal
9702,21/01/2026,IT6789,2077.2,EUR,deposit
9703,06/03/2026,IT1234,-131.54,EUR,transfer
9704,11/05/2026,IT4567,-496.69,EUR,withdrawal
9705,28/01/2026,IT3456,-218.93,EUR,transfer
9706,06/02/2026,IT8901,-135.05,EUR,withdrawal
9707,26/01/2026,IT2345,1335.61,EUR,transfer
9708,18/05/2026,IT8901,1144.37,EUR,deposit
9709,22/03/2026,IT5678,-64.0,EUR,transfer
9710,05/03/2026,IT7890,562.09,EUR,deposit
9711,03/02/2026,IT5678,-1481.74,EUR,transfer
9712,05/02/2026,IT7890,2886.71,EUR,deposit
9713,25/05/2026,IT2345,1097.99,EUR,transfer
9714,02/03/2026,IT1234,2716.25,EUR,deposit
9715,04/05/2026,IT7890,-508.05,EUR,transfer
9716,03/04/2026,IT2345,4181.45,EUR,deposit
9717,02/03/2026,IT8901,-870.81,EUR,transfer
9718,03/02/2026,IT8901,4328.06,EUR,deposit
9719,13/02/2026,IT3456,-321.45,EUR,withdrawal
9720,27/05/2026,IT4567,3531.74,EUR,deposit
9721,01/01/1750,IT8901,23%02))12,EUR,deposit
9722,19/02/2026,IT4567,573.78,EUR,transfer
9723,03/04/2026,IT8901,172.4,EUR,deposit
9724,18/01/2026,IT7890,1472.86,EUR,transfer
9725,13/01/2026,IT8901,1055.76,EUR,deposit
9726,12/04/2026,IT5678,-715.21,EUR,withdrawal
9727,20/02/2026,IT8901,1901.5,EUR,deposit
9728,04/05/2026,IT1234,3530.94,EUR,deposit
9729,07/02/2026,IT7890,-1410.62,EUR,withdrawal
9730,07/01/2026,IT5678,-1837.83,EUR,withdrawal
9731,14/01/2026,IT5678,23%02))12,EUR,deposit
9732,24/05/2026,IT1234,-37.88,EUR,withdrawal
9733,28/02/2026,IT7890,276.86,EUR,deposit
9734,03/04/2026,IT1234,354.7,EUR,transfer
9735,16/04/2026,IT3456,-930.92,EUR,withdrawal
9736,04/03/2026,IT8901,-1364.58,EUR,transfer
9737,30/05/2026,IT6789,2123.56,EUR,deposit
9738,18/04/2026,IT8901,135.63,EUR,deposit
9739,09/05/2026,IT7890,-859.28,EUR,withdrawal
9740,09/05/2026,IT2345,-692.48,EUR,withdrawal
9741,14/05/2026,IT8901,-145.5,EUR,transfer
9742,09/02/2026,IT6789,1838.89,EUR,deposit
9743,29/01/2026,IT6789,-1495.94,EUR,withdrawal
9744,13/01/2026,IT7890,-1242.52,EUR,withdrawal
9745,04/01/2026,IT8901,-1456.03,EUR,transfer
9746,18/02/2026,IT2345,1395.07,EUR,transfer
9747,15/05/2026,IT3456,-853.37,EUR,withdrawal
9748,28/02/2026,IT7890,-1444.58,EUR,withdrawal
9749,03/04/2026,IT7890,4356.32,EUR,deposit
9750,24/03/2026,IT7890,-776.04,EUR,withdrawal
9751,16/04/2026,IT5678,864.9,EUR,transfer
9752,09/01/2026,IT7890,501.92,EUR,transfer
9753,26/02/2026,IT4567,4416.08,EUR,deposit
9754,25/01/2026,IT6789,-812.25,EUR,withdrawal
9755,06/01/2026,IT2345,4565.12,EUR,deposit
9756,12/04/2026,IT3456,-1529.25,EUR,withdrawal
9757,07/04/2026,IT5678,-1145.76,EUR,withdrawal
9758,16/03/2026,IT2345,3853.95,EUR,deposit
9759,22/03/2026,IT2345,-1278.62,EUR,withdrawal
9760,17/04/2026,IT2345,1106.0,EUR,deposit
9761,07/03/2026,IT8901,3670.16,EUR,deposit
9762,08/03/2026,IT2345,76.56,EUR,transfer
9763,25/05/2026,IT6789,-786.09,EUR,withdrawal
9764,25/04/2026,IT5678,1142.92,EUR,transfer
9765,19/03/2026,IT1234,1368.11,EUR,deposit
9766,09/03/2026,IT7890,23%02))12,EUR,transfer
9767,12/04/2026,IT6789,-1824.03,EUR,withdrawal
9768,16/05/2026,IT5678,-323.56,EUR,withdrawal
9769,27/03/2026,IT4567,-551.2,EUR,transfer
9770,11/04/2026,IT5678,718.54,EUR,transfer
9771,06/02/2026,IT5678,3333.3,EUR,deposit
9772,09/02/2026,IT5678,3779.86,EUR,deposit
9773,18/05/2026,IT8901,-959.76,EUR,withdrawal
9774,23/03/2026,IT3456,-1400.92,EUR,withdrawal
9775,10/04/2026,IT3456,2267.67,EUR,deposit
9776,30/04/2026,IT8901,1882.11,EUR,deposit
9777,31/03/2026,IT2345,-999.7,EUR,withdrawal
9778,25/05/2026,IT3456,-1425.79,EUR,withdrawal
9779,02/03/2026,IT6789,-666.78,EUR,transfer
9780,13/01/2026,IT1234,-154.07,EUR,transfer
9781,01/05/2026,IT1234,-656.89,EUR,transfer
9782,02/03/2026,IT2345,990.41,EUR,deposit
9783,11/04/2026,IT5678,-1356.15,EUR,transfer
9784,01/05/2026,IT1234,-1216.46,EUR,withdrawal
9785,25/04/2026,IT1234,1253.74,EUR,transfer
9786,05/01/2026,IT5678,-269.87,EUR,withdrawal
9787,13/02/2026,IT1234,769.81,EUR,transfer
9788,10/02/2026,IT7890,3242.37,EUR,deposit
9789,13/04/2026,IT7890,3267.58,EUR,deposit
9790,27/02/2026,IT2345,23%02))12,EUR,withdrawal
9791,09/05/2026,IT7890,4566.25,EUR,deposit
9792,13/04/2026,IT8901,-301.83,EUR,withdrawal
9793,06/05/2026,IT7890,-413.23,EUR,withdrawal
9794,14/03/2026,IT6789,23%02))12,EUR,transfer
9795,19/03/2026,IT4567,-66.98,EUR,transfer
9796,16/01/2026,IT5678,-278.79,EUR,withdrawal
9797,12/04/2026,IT7890,856.82,EUR,transfer
9798,10/01/2026,IT8901,2839.28,EUR,deposit
9799,06/02/2026,IT7890,-480.12,EUR,transfer
9800,06/01/2026,IT5678,1197.26,EUR,transfer
9801,20/01/2026,IT6789,2135.3,EUR,deposit
9802,08/02/2026,IT7890,54.96,EUR,deposit
9803,14/04/2026,IT5678,1871.39,EUR,deposit
9804,05/05/2026,IT7890,-337.47,EUR,withdrawal
9805,07/04/2026,IT7890,-1367.24,EUR,withdrawal
9806,23/01/2026,IT6789,-566.28,EUR,transfer
9807,05/03/2026,IT3456,-418.06,EUR,withdrawal
9808,28/01/2026,IT7890,-921.01,EUR,transfer
9809,19/04/2026,IT4567,1410.99,EUR,transfer
9810,06/01/2026,IT2345,881.29,EUR,transfer
9811,12/02/2026,IT5678,1499.23,EUR,transfer
9812,27/01/2026,IT3456,-1484.1,EUR,withdrawal
9813,26/01/2026,IT6789,-818.63,EUR,withdrawal
9814,05/03/2026,IT2345,223.04,EUR,transfer
9815,15/05/2026,IT4567,190.05,EUR,deposit
9816,26/01/2026,IT2345,4358.95,EUR,deposit
9817,04/05/2026,IT4567,-1721.54,EUR,withdrawal
9818,23/05/2026,IT3456,1150.69,EUR,deposit
9819,11/02/2026,IT1234,336.66,EUR,transfer
9820,05/04/2026,IT2345,-1134.74,EUR,withdrawal
9821,16/04/2026,IT2345,920.86,EUR,transfer
9822,21/04/2026,IT7890,354.77,EUR,deposit
9823,26/05/2026,IT4567,-266.46,EUR,transfer
9824,09/05/2026,IT3456,1267.7,EUR,deposit
9825,13/04/2026,IT1234,3249.96,EUR,deposit
9826,03/04/2026,IT2345,452.94,EUR,deposit
9827,26/04/2026,IT1234,-1245.2,EUR,withdrawal
9828,19/01/2026,IT6789,1077.56,EUR,transfer
9829,14/04/2026,IT8901,-1784.46,EUR,withdrawal
9830,03/04/2026,IT6789,3852.87,EUR,deposit
9831,23/02/2026,IT2345,-1384.5,EUR,withdrawal
9832,12/04/2026,IT8901,102.53,EUR,deposit
9833,05/01/2026,IT4567,-1884.38,EUR,withdrawal
9834,11/02/2026,IT3456,2299.04,EUR,deposit
9835,17/01/2026,IT4567,-1379.3,EUR,transfer
9836,08/02/2026,IT6789,1704.36,EUR,deposit
9837,29/03/2026,IT6789,-575.34,EUR,transfer
9838,07/05/2026,IT1234,-1720.16,EUR,withdrawal
9839,05/03/2026,IT5678,-307.83,EUR,transfer
9840,08/04/2026,IT2345,292.95,EUR,transfer
9841,07/04/2026,IT2345,23%02))12,EUR,withdrawal
9842,02/04/2026,IT6789,1591.4,EUR,deposit
9843,02/05/2026,IT6789,1317.94,EUR,deposit
9844,10/03/2026,IT4567,110.53,EUR,transfer
9845,26/05/2026,IT3456,4431.37,EUR,deposit
9846,16/05/2026,IT5678,158.43,EUR,deposit
9847,30/03/2026,IT3456,340.96,EUR,transfer
9848,27/05/2026,IT2345,-210.86,EUR,transfer
9849,26/03/2026,IT1234,-1112.35,EUR,withdrawal
9850,01/05/2026,IT4567,-1996.11,EUR,withdrawal
9851,24/02/2026,IT8901,2300.8,EUR,deposit
9852,10/05/2026,IT1234,-1199.29,EUR,transfer
9853,23/03/2026,IT7890,-1246.06,EUR,withdrawal
9854,04/04/2026,IT2345,3196.11,EUR,deposit
9855,24/03/2026,IT4567,-1184.38,EUR,withdrawal
9856,26/02/2026,IT8901,-545.1,EUR,transfer
9857,08/04/2026,IT5678,-1263.48,EUR,transfer
9858,02/03/2026,IT5678,1070.57,EUR,deposit
9859,17/04/2026,IT4567,965.4,EUR,deposit
9860,14/02/2026,IT7890,612.57,EUR,transfer
9861,17/04/2026,IT5678,2404.63,EUR,deposit
9862,05/03/2026,IT7890,-1645.54,EUR,withdrawal
9863,08/01/2026,IT6789,-1303.63,EUR,withdrawal
9864,07/05/2026,IT1234,296.27,EUR,transfer
9865,31/01/2026,IT6789,-1.78,EUR,transfer
9866,18/02/2026,IT5678,-383.59,EUR,withdrawal
9867,14/04/2026,IT5678,54.3,EUR,transfer
9868,08/01/2026,IT4567,-725.19,EUR,transfer
9869,31/01/2026,IT6789,-85.2,EUR,transfer
9870,10/04/2026,IT7890,4457.18,EUR,deposit
9871,19/02/2026,IT1234,-1198.3,EUR,transfer
9872,06/01/2026,IT7890,-956.66,EUR,transfer
9873,10/02/2026,IT1234,2862.73,EUR,deposit
9874,15/02/2026,IT8901,1232.99,EUR,transfer
9875,05/04/2026,IT2345,-780.9,EUR,transfer
9876,05/05/2026,IT5678,-499.92,EUR,withdrawal
9877,20/01/2026,IT2345,-369.78,EUR,transfer
9878,25/03/2026,IT5678,-1554.53,EUR,withdrawal
9879,22/04/2026,IT1234,1189.65,EUR,deposit
9880,02/01/2026,IT3456,23%02))12,EUR,deposit
9881,21/01/2026,IT7890,23%02))12,EUR,deposit
9882,02/02/2026,IT3456,-1353.38,EUR,transfer
9883,27/03/2026,IT1234,-1181.89,EUR,transfer
9884,13/04/2026,IT7890,-1301.63,EUR,withdrawal
9885,11/02/2026,IT3456,-1344.23,EUR,transfer
9886,01/02/2026,IT1234,-1176.86,EUR,transfer
9887,16/01/2026,IT1234,564.28,EUR,transfer
9888,24/01/2026,IT5678,925.25,EUR,deposit
9889,18/05/2026,IT4567,-1025.8,EUR,transfer
9890,23/02/2026,IT1234,1299.84,EUR,deposit
9891,28/03/2026,IT2345,-962.18,EUR,withdrawal
9892,14/01/2026,IT4567,-1209.05,EUR,transfer
9893,14/04/2026,IT8901,-699.29,EUR,transfer
9894,01/01/2026,IT5678,3392.74,EUR,deposit
9895,21/02/2026,IT5678,-1729.24,EUR,withdrawal
9896,01/05/2026,IT5678,-273.31,EUR,transfer
9897,12/01/2026,IT1234,4956.37,EUR,deposit
9898,10/05/2026,IT3456,2548.8,EUR,deposit
9899,26/05/2026,IT1234,-1140.52,EUR,withdrawal
9900,19/01/2026,IT7890,-1743.67,EUR,withdrawal
9901,18/05/2026,IT1234,4361.01,EUR,deposit
9902,08/02/2026,IT6789,-1208.98,EUR,withdrawal
9903,16/02/2026,IT6789,-701.23,EUR,withdrawal
9904,19/04/2026,IT6789,-1317.14,EUR,withdrawal
9905,20/04/2026,IT5678,-621.87,EUR,withdrawal
9906,12/04/2026,IT7890,-982.07,EUR,withdrawal
9907,05/02/2026,IT3456,-402.51,EUR,transfer
9908,26/03/2026,IT6789,1357.07,EUR,deposit
9909,27/05/2026,IT3456,1140.51,EUR,transfer
9910,30/03/2026,IT2345,-982.77,EUR,withdrawal
9911,12/05/2026,IT1234,-1462.01,EUR,withdrawal
9912,07/04/2026,IT7890,403.35,EUR,transfer
9913,02/03/2026,IT4567,-116.92,EUR,withdrawal
9914,15/02/2026,IT5678,-854.11,EUR,withdrawal
9915,22/04/2026,IT8901,1174.38,EUR,transfer
9916,11/01/2026,IT1234,-387.72,EUR,withdrawal
9917,05/04/2026,IT6789,973.64,EUR,deposit
9918,02/04/2026,IT3456,1464.9,EUR,transfer
9919,16/05/2026,IT5678,1329.44,EUR,transfer
9920,31/03/2026,IT4567,-1252.08,EUR,withdrawal
9921,20/03/2026,IT3456,-137.67,EUR,withdrawal
9922,05/04/2026,IT1234,-397.03,EUR,transfer
9923,09/05/2026,IT5678,-637.9,EUR,transfer
9924,19/01/2026,IT3456,1627.85,EUR,deposit
9925,26/01/2026,IT8901,-983.59,EUR,withdrawal
9926,13/01/2026,IT2345,1301.12,EUR,deposit
9927,10/04/2026,IT3456,-1236.24,EUR,withdrawal
9928,10/03/2026,IT3456,-1421.5,EUR,transfer
9929,,IT3456,-1124.57,EUR,withdrawal
9930,13/04/2026,IT2345,3683.18,EUR,deposit
9931,10/05/2026,IT3456,-763.91,EUR,withdrawal
9932,13/04/2026,IT4567,382.16,EUR,transfer
9933,,IT5678,-1491.75,EUR,transfer
9934,22/05/2026,IT4567,375.78,EUR,deposit
9935,15/03/2026,IT1234,-1731.37,EUR,withdrawal
9936,22/05/2026,IT4567,256.83,EUR,deposit
9937,14/03/2026,IT8901,-934.49,EUR,transfer
9938,03/01/2026,IT2345,-564.42,EUR,transfer
9939,10/04/2026,IT6789,4264.92,EUR,deposit
9940,02/05/2026,IT6789,2649.08,EUR,deposit
9941,01/03/2026,IT5678,-537.42,EUR,withdrawal
9942,24/03/2026,IT3456,-591.46,EUR,transfer
9943,28/02/2026,IT5678,2159.88,EUR,deposit
9944,14/05/2026,IT6789,778.01,EUR,deposit
9945,07/01/2026,IT3456,3421.39,EUR,deposit
9946,08/02/2026,IT1234,1050.55,EUR,deposit
9947,16/03/2026,IT5678,-1390.03,EUR,withdrawal
9948,27/05/2026,IT8901,253.25,EUR,transfer
9949,18/04/2026,IT2345,1032.97,EUR,transfer
9950,22/04/2026,IT4567,-1199.39,EUR,withdrawal
9951,01/02/2026,IT4567,-627.79,EUR,withdrawal
9952,04/04/2026,IT1234,-989.41,EUR,withdrawal
9953,28/05/2026,IT2345,226.76,EUR,deposit
9954,28/02/2026,IT5678,1889.42,EUR,deposit
9955,06/01/2026,IT2345,2994.65,EUR,deposit
9956,19/01/2026,IT8901,1339.47,EUR,deposit
9957,28/03/2026,IT5678,2701.1,EUR,deposit
9958,24/04/2026,IT4567,-1183.46,EUR,transfer
9959,25/01/2026,IT4567,2108.91,EUR,deposit
9960,29/04/2026,IT4567,4015.7,EUR,deposit
9961,31/05/2026,IT3456,-1493.59,EUR,withdrawal
9962,23/01/2026,IT8901,-640.97,EUR,withdrawal
9963,26/03/2026,IT8901,-711.43,EUR,transfer
9964,09/01/2026,IT2345,-767.94,EUR,withdrawal
9965,10/05/2026,IT2345,-1236.18,EUR,withdrawal
9966,24/03/2026,IT4567,257.66,EUR,transfer
9967,15/02/2026,IT5678,832.84,EUR,deposit
9968,27/01/2026,IT8901,476.79,EUR,transfer
9969,15/01/2026,IT8901,-1793.12,EUR,withdrawal
9970,06/01/2026,IT8901,1126.23,EUR,deposit
9971,22/04/2026,IT4567,2189.64,EUR,deposit
9972,27/01/2026,IT5678,3697.78,EUR,deposit
9973,15/01/2026,IT6789,-1546.21,EUR,withdrawal
9974,01/01/2026,IT6789,2303.52,EUR,deposit
9975,12/02/2026,IT3456,-1148.14,EUR,transfer
9976,19/05/2026,IT1234,-565.25,EUR,withdrawal
9977,17/02/2026,IT8901,811.96,EUR,deposit
9978,21/02/2026,IT5678,340.68,EUR,transfer
9979,29/01/2026,IT7890,-116.06,EUR,withdrawal
9980,30/05/2026,IT5678,-801.26,EUR,withdrawal
9981,05/03/2026,IT5678,-969.76,EUR,withdrawal
9982,15/04/2026,IT1234,2420.77,EUR,deposit
9983,15/04/2026,IT6789,603.88,EUR,transfer
9984,06/03/2026,IT4567,2278.23,EUR,deposit
9985,18/01/2026,IT6789,-1852.59,EUR,withdrawal
9986,12/01/2026,IT7890,-880.81,EUR,transfer
9987,21/04/2026,IT8901,2123.42,EUR,deposit
9988,16/05/2026,IT7890,2853.93,EUR,deposit
9989,29/01/2026,IT6789,-1229.28,EUR,transfer
9990,24/01/2026,IT7890,-230.21,EUR,withdrawal
9991,31/03/2026,IT6789,-191.55,EUR,withdrawal
9992,06/05/2026,IT1234,3574.61,EUR,deposit
9993,10/01/2026,IT8901,3615.6,EUR,deposit
9994,04/02/2026,IT2345,-282.54,EUR,transfer
9995,23/03/2026,IT3456,487.9,EUR,transfer
9996,09/01/2026,IT7890,1494.89,EUR,transfer
9997,18/01/2026,IT4567,-108.41,EUR,transfer
9998,12/03/2026,IT3456,-20.02,EUR,transfer
9999,15/02/2026,IT4567,-667.33,EUR,withdrawal
10000,12/04/2026,IT5678,1553.32,EUR,deposit
