transaction_id,date,account,amount,currency,type
1,10/02/2026,IT4567,1295.06,EUR,deposit
2,21/02/2026,IT6789,-266.13,EUR,withdrawal
3,24/05/2026,IT8901,-943.95,EUR,transfer
4,20/04/2026,IT1234,951.93,EUR,transfer
5,22/03/2026,IT7890,-1096.13,EUR,withdrawal
6,30/05/2026,IT4567,-621.93,EUR,withdrawal
7,27/01/2026,IT7890,1100.8,EUR,transfer
8,01/03/2026,IT4567,-204.5,EUR,withdrawal
9,23/02/2026,IT6789,-636.85,EUR,withdrawal
10,31/01/2026,IT6789,-659.24,EUR,transfer
11,03/02/2026,IT6789,907.53,EUR,transfer
12,19/05/2026,IT8901,-273.28,EUR,withdrawal
13,27/04/2026,IT4567,1172.27,EUR,transfer
14,05/04/2026,IT6789,2818.5,EUR,deposit
15,27/02/2026,IT2345,-1299.08,EUR,withdrawal
16,23/05/2026,IT5678,827.24,EUR,deposit
17,19/01/2026,IT7890,718.62,EUR,transfer
18,22/03/2026,IT1234,-26.87,EUR,transfer
19,10/05/2026,IT7890,-107.21,EUR,withdrawal
20,17/01/2026,IT2345,-657.87,EUR,withdrawal
21,02/01/2026,IT7890,-501.03,EUR,transfer
22,27/04/2026,IT1234,262.76,EUR,transfer
23,07/05/2026,IT1234,174.13,EUR,transfer
24,15/01/2026,IT1234,1014.17,EUR,deposit
25,06/04/2026,IT1234,932.44,EUR,transfer
26,25/05/2026,IT3456,-1001.34,EUR,transfer
27,21/01/2026,IT6789,-40.75,EUR,withdrawal
28,08/05/2026,IT1234,-71.85,EUR,withdrawal
29,12/02/2026,IT7890,1061.14,EUR,transfer
30,01/05/2026,IT1234,-1619.17,EUR,withdrawal
31,09/03/2026,IT3456,-1914.75,EUR,withdrawal
32,27/05/2026,IT5678,-1095.87,EUR,withdrawal
33,14/05/2026,IT3456,285.07,EUR,deposit
34,05/02/2026,IT3456,2014.82,EUR,deposit
35,30/04/2026,IT7890,1648.89,EUR,deposit
36,13/01/2026,IT7890,-812.58,EUR,withdrawal
37,10/02/2026,IT8901,1047.22,EUR,transfer
38,20/01/2026,IT7890,3997.46,EUR,deposit
39,12/02/2026,IT8901,1234.9,EUR,deposit
40,07/04/2026,IT4567,-668.91,EUR,withdrawal
41,18/04/2026,IT2345,3375.04,EUR,deposit
42,06/04/2026,IT1234,-1989.67,EUR,withdrawal
43,15/01/2026,IT1234,-1910.21,EUR,withdrawal
44,19/03/2026,IT4567,222.58,EUR,transfer
45,28/02/2026,IT8901,518.07,EUR,transfer
46,08/01/2026,IT5678,-472.77,EUR,withdrawal
47,,IT3456,-321.97,EUR,withdrawal
48,22/02/2026,IT4567,1444.67,EUR,transfer
49,18/01/2026,IT3456,4674.76,EUR,deposit
50,29/03/2026,IT6789,3604.45,EUR,deposit
51,16/04/2026,IT5678,-1154.91,EUR,withdrawal
52,25/05/2026,IT3456,-100.81,EUR,transfer
53,23/03/2026,IT6789,-365.13,EUR,transfer
54,20/02/2026,IT7890,-536.57,EUR,transfer
55,29/04/2026,IT5678,752.99,EUR,transfer
56,28/02/2026,IT6789,4071.53,EUR,deposit
57,05/05/2026,IT7890,281.06,EUR,deposit
58,27/04/2026,IT3456,-823.06,EUR,transfer
59,30/01/2026,IT2345,-677.48,EUR,withdrawal
60,29/05/2026,IT3456,322.03,EUR,deposit
61,17/03/2026,IT2345,-1397.11,EUR,transfer
62,07/02/2026,IT7890,2285.14,EUR,deposit
63,02/01/2026,IT8901,-529.24,EUR,transfer
64,17/01/2026,IT7890,4619.64,EUR,deposit
65,26/01/2026,IT5678,3274.73,EUR,deposit
66,06/02/2026,IT5678,-1225.12,EUR,transfer
67,25/03/2026,IT1234,-1240.12,EUR,withdrawal
68,13/02/2026,IT7890,-1767.58,EUR,withdrawal
69,26/05/2026,IT4567,-1740.77,EUR,withdrawal
70,15/05/2026,IT5678,-1948.3,EUR,withdrawal
71,01/01/2026,IT3456,1040.82,EUR,deposit
72,14/02/2026,IT6789,-1180.29,EUR,withdrawal
73,12/05/2026,IT4567,1224.64,EUR,transfer
74,10/02/2026,IT8901,1666.31,EUR,deposit
75,13/01/2026,IT6789,1077.37,EUR,transfer
76,03/01/2026,IT3456,1408.62,EUR,deposit
77,13/03/2026,IT5678,-868.71,EUR,withdrawal
78,01/03/2026,IT3456,-150.98,EUR,transfer
79,26/04/2026,IT4567,39.71,EUR,transfer
80,08/04/2026,IT5678,-1947.8,EUR,withdrawal
81,04/04/2026,IT7890,-829.31,EUR,transfer
82,16/03/2026,IT3456,-983.38,EUR,withdrawal
83,29/04/2026,IT8901,4195.07,EUR,deposit
84,30/05/2026,IT5678,496.24,EUR,deposit
85,22/01/2026,IT3456,-540.24,EUR,transfer
86,20/04/2026,IT2345,1912.8,EUR,deposit
87,25/02/2026,IT8901,-564.32,EUR,withdrawal
88,24/04/2026,IT6789,1344.83,EUR,deposit
89,09/05/2026,IT2345,1563.79,EUR,deposit
90,13/02/2026,IT8901,1243.42,EUR,deposit
91,07/04/2026,IT1234,-115.77,EUR,withdrawal
92,15/01/2026,IT4567,958.25,EUR,deposit
93,07/03/2026,IT3456,4622.85,EUR,deposit
94,01/01/2026,IT1234,-1386.91,EUR,withdrawal
95,05/05/2026,IT1234,3229.74,EUR,deposit
96,23/01/2026,IT5678,-170.59,EUR,withdrawal
97,10/04/2026,IT3456,1085.15,EUR,transfer
98,01/01/2026,IT6789,-520.23,EUR,transfer
99,02/01/2026,IT2345,-1608.3,EUR,withdrawal
100,18/02/2026,IT6789,3172.47,EUR,deposit
101,19/05/2026,IT1234,-87.19,EUR,withdrawal
102,25/03/2026,IT1234,-688.55,EUR,withdrawal
103,22/02/2026,IT7890,-191.51,EUR,withdrawal
104,24/04/2026,IT4567,-1423.21,EUR,transfer
105,19/01/2026,IT4567,196.68,EUR,transfer
106,20/02/2026,IT4567,2261.05,EUR,deposit
107,18/04/2026,IT5678,3892.24,EUR,deposit
108,22/03/2026,IT8901,-1186.57,EUR,transfer
109,26/03/2026,IT5678,-1649.12,EUR,withdrawal
110,31/01/2026,IT7890,-954.67,EUR,withdrawal
111,20/04/2026,IT2345,3293.53,EUR,deposit
112,12/02/2026,IT5678,-1588.52,EUR,withdrawal
113,11/05/2026,IT8901,-344.37,EUR,transfer
114,05/01/2026,IT1234,284.1,EUR,transfer
115,13/03/2026,IT6789,801.77,EUR,deposit
116,25/03/2026,IT2345,-1937.64,EUR,withdrawal
117,22/01/2026,IT7890,520.07,EUR,transfer
118,08/03/2026,IT2345,962.08,EUR,deposit
119,15/04/2026,IT1234,-1188.47,EUR,withdrawal
120,24/04/2026,IT7890,1774.37,EUR,deposit
121,04/05/2026,IT1234,3416.71,EUR,deposit
122,,IT6789,2476.59,EUR,deposit
123,,IT1234,937.48,EUR,transfer
124,31/01/2026,IT2345,3515.56,EUR,deposit
125,20/04/2026,IT2345,3342.04,EUR,deposit
126,26/05/2026,IT2345,1252.68,EUR,deposit
127,04/05/2026,IT3456,-1626.16,EUR,withdrawal
128,29/03/2026,IT4567,61.66,EUR,transfer
129,03/01/2026,IT6789,-1876.11,EUR,withdrawal
130,13/03/2026,IT4567,813.17,EUR,transfer
131,18/02/2026,IT4567,4168.9,EUR,deposit
132,09/02/2026,IT8901,3192.15,EUR,deposit
133,27/05/2026,IT2345,303.53,EUR,transfer
134,17/03/2026,IT1234,651.26,EUR,deposit
135,26/03/2026,IT2345,-1598.96,EUR,withdrawal
136,02/05/2026,IT8901,-304.13,EUR,withdrawal
137,18/02/2026,IT8901,-1451.97,EUR,withdrawal
138,25/03/2026,IT8901,142.32,EUR,deposit
139,29/05/2026,IT6789,578.87,EUR,transfer
140,17/03/2026,IT6789,-348.85,EUR,withdrawal
141,10/03/2026,IT4567,-522.79,EUR,transfer
142,27/01/2026,IT4567,485.85,EUR,deposit
143,13/05/2026,IT3456,1440.06,EUR,deposit
144,14/02/2026,IT5678,349.47,EUR,deposit
145,25/04/2026,IT3456,-928.21,EUR,withdrawal
146,15/03/2026,IT4567,-1002.65,EUR,withdrawal
147,25/03/2026,IT8901,1291.95,EUR,deposit
148,27/04/2026,IT7890,1154.52,EUR,deposit
149,28/01/2026,IT1234,1246.99,EUR,transfer
150,22/03/2026,IT3456,-23.92,EUR,withdrawal
151,29/05/2026,IT8901,433.44,EUR,transfer
152,13/04/2026,IT3456,-933.88,EUR,transfer
153,23/01/2026,IT6789,773.73,EUR,transfer
154,08/01/2026,IT4567,-400.62,EUR,transfer
155,15/05/2026,IT7890,-1415.25,EUR,withdrawal
156,16/01/2026,IT5678,936.91,EUR,deposit
157,15/02/2026,IT5678,476.31,EUR,transfer
158,22/04/2026,IT6789,-283.65,EUR,withdrawal
159,15/04/2026,IT3456,-1892.36,EUR,withdrawal
160,06/03/2026,IT2345,4816.73,EUR,deposit
161,27/02/2026,IT2345,1466.87,EUR,transfer
162,10/05/2026,IT8901,3455.3,EUR,deposit
163,25/04/2026,IT4567,3823.38,EUR,deposit
164,03/05/2026,IT3456,-640.54,EUR,withdrawal
165,24/02/2026,IT4567,-105.06,EUR,withdrawal
166,02/04/2026,IT2345,438.54,EUR,deposit
167,11/02/2026,IT1234,-1639.27,EUR,withdrawal
168,31/03/2026,IT6789,-442.53,EUR,transfer
169,09/04/2026,IT2345,-1627.17,EUR,withdrawal
170,29/03/2026,IT5678,847.53,EUR,transfer
171,26/04/2026,IT6789,199.93,EUR,transfer
172,15/04/2026,IT4567,-1858.66,EUR,withdrawal
173,04/01/2026,IT4567,-633.68,EUR,withdrawal
174,15/05/2026,IT6789,383.55,EUR,transfer
175,18/05/2026,IT5678,708.45,EUR,transfer
176,23/02/2026,IT7890,969.14,EUR,transfer
177,29/03/2026,IT1234,788.57,EUR,transfer
178,11/04/2026,IT2345,-222.99,EUR,withdrawal
179,23/05/2026,IT3456,-1264.75,EUR,transfer
180,29/04/2026,IT5678,-1166.47,EUR,withdrawal
181,02/05/2026,IT7890,1117.94,EUR,transfer
182,22/03/2026,IT6789,-584.28,EUR,withdrawal
183,03/02/2026,IT3456,-1019.8,EUR,withdrawal
184,10/03/2026,IT2345,1919.3,EUR,deposit
185,12/02/2026,IT1234,2610.15,EUR,deposit
186,07/01/2026,IT1234,-497.07,EUR,withdrawal
187,02/04/2026,IT1234,788.43,EUR,transfer
188,03/03/2026,IT4567,-608.38,EUR,withdrawal
189,04/05/2026,IT5678,1710.76,EUR,deposit
190,08/01/2026,IT3456,-716.29,EUR,withdrawal
191,21/01/2026,IT5678,-118.47,EUR,withdrawal
192,21/05/2026,IT1234,1103.83,EUR,transfer
193,25/01/2026,IT5678,271.16,EUR,transfer
194,24/05/2026,IT8901,-1760.3,EUR,withdrawal
195,13/02/2026,IT7890,-252.53,EUR,withdrawal
196,04/04/2026,IT5678,-1882.38,EUR,withdrawal
197,19/02/2026,IT6789,388.73,EUR,deposit
198,18/05/2026,IT2345,-1156.06,EUR,transfer
199,05/01/2026,IT4567,-261.45,EUR,withdrawal
200,13/05/2026,IT4567,-1593.41,EUR,withdrawal
201,15/02/2026,IT7890,4865.53,EUR,deposit
202,04/01/2026,IT7890,966.44,EUR,deposit
203,29/03/2026,IT2345,2989.37,EUR,deposit
204,24/03/2026,IT6789,-715.0,EUR,withdrawal
205,10/02/2026,IT2345,1342.15,EUR,transfer
206,14/04/2026,IT1234,-521.76,EUR,transfer
207,23/02/2026,IT7890,2600.02,EUR,deposit
208,13/03/2026,IT6789,492.41,EUR,deposit
209,22/03/2026,IT6789,4852.62,EUR,deposit
210,15/05/2026,IT5678,-43.75,EUR,withdrawal
211,15/01/2026,IT7890,-1980.31,EUR,withdrawal
212,14/02/2026,IT4567,851.22,EUR,deposit
213,13/02/2026,IT2345,2458.88,EUR,deposit
214,15/01/2026,IT2345,-371.16,EUR,withdrawal
215,17/04/2026,IT3456,-1773.55,EUR,withdrawal
216,10/03/2026,IT3456,3474.86,EUR,deposit
217,18/02/2026,IT1234,-734.29,EUR,withdrawal
218,03/02/2026,IT3456,4823.66,EUR,deposit
219,28/05/2026,IT7890,3438.39,EUR,deposit
220,12/01/2026,IT5678,-569.04,EUR,withdrawal
221,,IT5678,1307.04,EUR,deposit
222,01/03/2026,IT1234,-235.71,EUR,transfer
223,03/03/2026,IT5678,1321.81,EUR,transfer
224,12/05/2026,IT8901,1077.2,EUR,transfer
225,23/01/2026,IT4567,506.88,EUR,transfer
226,24/04/2026,IT5678,-341.97,EUR,withdrawal
227,03/05/2026,IT5678,-543.45,EUR,transfer
228,28/01/2026,IT5678,2292.5,EUR,deposit
229,10/04/2026,IT8901,1368.84,EUR,deposit
230,24/04/2026,IT2345,877.77,EUR,transfer
231,09/02/2026,IT1234,-460.66,EUR,transfer
232,07/03/2026,IT4567,2048.97,EUR,deposit
233,15/05/2026,IT6789,-928.06,EUR,transfer
234,20/03/2026,IT1234,-744.23,EUR,withdrawal
235,22/05/2026,IT6789,-1140.46,EUR,withdrawal
236,01/04/2026,IT5678,4101.38,EUR,deposit
237,13/02/2026,IT2345,-1194.07,EUR,withdrawal
238,14/05/2026,IT3456,-226.43,EUR,withdrawal
239,29/05/2026,IT2345,2867.2,EUR,deposit
240,27/01/2026,IT8901,-983.48,EUR,withdrawal
241,19/05/2026,IT4567,-501.45,EUR,withdrawal
242,18/03/2026,IT5678,2103.86,EUR,deposit
243,30/05/2026,IT5678,1226.07,EUR,transfer
244,09/03/2026,IT3456,145.42,EUR,transfer
245,09/02/2026,IT6789,534.09,EUR,transfer
246,12/01/2026,IT6789,-611.64,EUR,withdrawal
247,30/03/2026,IT5678,-655.29,EUR,withdrawal
248,25/03/2026,IT5678,3572.05,EUR,deposit
249,21/04/2026,IT7890,4867.26,EUR,deposit
250,27/01/2026,IT2345,-1711.65,EUR,withdrawal
251,06/04/2026,IT3456,-1563.55,EUR,withdrawal
252,28/01/2026,IT2345,83.34,EUR,transfer
253,10/02/2026,IT4567,-22.75,EUR,transfer
254,04/01/2026,IT5678,1282.54,EUR,deposit
255,08/04/2026,IT5678,-1261.24,EUR,withdrawal
256,18/02/2026,IT3456,1722.96,EUR,deposit
257,21/01/2026,IT4567,2483.78,EUR,deposit
258,16/02/2026,IT3456,2595.77,EUR,deposit
259,20/03/2026,IT7890,2250.68,EUR,deposit
260,15/01/2026,IT2345,-774.28,EUR,withdrawal
261,04/05/2026,IT7890,-929.27,EUR,withdrawal
262,22/04/2026,IT2345,2511.18,EUR,deposit
263,13/02/2026,IT6789,1344.06,EUR,transfer
264,26/03/2026,IT8901,-1395.03,EUR,transfer
265,13/01/2026,IT8901,-1829.61,EUR,withdrawal
266,01/01/2026,IT6789,-426.26,EUR,transfer
267,15/03/2026,IT8901,-501.62,EUR,transfer
268,03/04/2026,IT5678,322.09,EUR,transfer
269,04/04/2026,IT8901,200.78,EUR,transfer
270,07/03/2026,IT3456,3698.42,EUR,deposit
271,01/05/2026,IT1234,-1477.1,EUR,transfer
272,05/03/2026,IT2345,-1492.41,EUR,transfer
273,08/02/2026,IT4567,-1702.63,EUR,withdrawal
274,26/02/2026,IT7890,-1331.03,EUR,withdrawal
275,01/05/2026,IT7890,-577.4,EUR,withdrawal
276,10/04/2026,IT6789,-1001.37,EUR,transfer
277,16/04/2026,IT4567,-47.83,EUR,withdrawal
278,15/04/2026,IT8901,4442.87,EUR,deposit
279,26/04/2026,IT5678,456.13,EUR,deposit
280,04/01/2026,IT1234,459.97,EUR,transfer
281,24/01/2026,IT3456,1445.56,EUR,deposit
282,08/05/2026,IT5678,916.87,EUR,deposit
283,18/05/2026,IT3456,-91.43,EUR,transfer
284,13/03/2026,IT6789,-594.48,EUR,withdrawal
285,25/03/2026,IT4567,-1395.66,EUR,withdrawal
286,27/01/2026,IT4567,2754.85,EUR,deposit
287,05/04/2026,IT7890,3545.99,EUR,deposit
288,03/01/2026,IT6789,-1739.16,EUR,withdrawal
289,20/02/2026,IT6789,-1297.83,EUR,withdrawal
290,15/02/2026,IT7890,-1569.39,EUR,withdrawal
291,22/05/2026,IT3456,2680.05,EUR,deposit
292,28/05/2026,IT7890,-784.88,EUR,withdrawal
293,24/05/2026,IT7890,-699.84,EUR,transfer
294,04/03/2026,IT2345,-980.25,EUR,transfer
295,26/01/2026,IT2345,3188.93,EUR,deposit
296,08/04/2026,IT1234,-720.48,EUR,transfer
297,22/05/2026,IT2345,1369.88,EUR,transfer
298,27/04/2026,IT5678,2059.34,EUR,deposit
299,11/05/2026,IT1234,-1241.76,EUR,transfer
300,06/05/2026,IT2345,-138.4,EUR,transfer
301,20/04/2026,IT6789,-796.17,EUR,withdrawal
302,24/04/2026,IT2345,-1910.34,EUR,withdrawal
303,08/04/2026,IT6789,1728.02,EUR,deposit
304,13/05/2026,IT4567,23%02))12,EUR,withdrawal
305,07/01/2026,IT1234,-1137.85,EUR,withdrawal
306,19/03/2026,IT6789,2190.36,EUR,deposit
307,13/04/2026,IT7890,1781.68,EUR,deposit
308,22/04/2026,IT7890,-1259.56,EUR,withdrawal
309,15/01/2026,IT6789,-423.79,EUR,transfer
310,04/02/2026,IT7890,-1302.39,EUR,withdrawal
311,12/04/2026,IT8901,-1107.21,EUR,transfer
312,14/02/2026,IT1234,-673.6,EUR,withdrawal
313,02/03/2026,IT3456,-598.62,EUR,withdrawal
314,15/01/2026,IT8901,1706.0,EUR,deposit
315,31/01/2026,IT4567,777.75,EUR,transfer
316,29/01/2026,IT4567,1339.37,EUR,deposit
317,07/01/2026,IT3456,-138.92,EUR,withdrawal
318,30/03/2026,IT2345,-195.66,EUR,transfer
319,22/02/2026,IT7890,1371.89,EUR,transfer
320,03/02/2026,IT7890,-1593.97,EUR,withdrawal
321,21/05/2026,IT5678,2039.43,EUR,deposit
322,07/02/2026,IT4567,750.67,EUR,deposit
323,08/04/2026,IT3456,247.3,EUR,deposit
324,24/02/2026,IT6789,3760.83,EUR,deposit
325,26/02/2026,IT4567,-104.01,EUR,withdrawal
326,23/03/2026,IT7890,23%02))12,EUR,withdrawal
327,23/03/2026,IT6789,911.09,EUR,transfer
328,16/03/2026,IT3456,-1764.0,EUR,withdrawal
329,29/01/2026,IT7890,3814.31,EUR,deposit
330,05/04/2026,IT2345,4198.11,EUR,deposit
331,08/02/2026,IT8901,2297.94,EUR,deposit
332,28/03/2026,IT2345,2119.12,EUR,deposit
333,25/02/2026,IT8901,1300.6,EUR,transfer
334,09/01/2026,IT6789,1734.02,EUR,deposit
335,10/01/2026,IT4567,899.7,EUR,transfer
336,08/01/2026,IT6789,1479.13,EUR,transfer
337,03/03/2026,IT6789,-777.33,EUR,withdrawal
338,29/03/2026,IT1234,83.28,EUR,transfer
339,30/05/2026,IT7890,-1071.14,EUR,withdrawal
340,14/04/2026,IT5678,-1698.07,EUR,withdrawal
341,02/04/2026,IT2345,-689.21,EUR,withdrawal
342,15/03/2026,IT3456,1525.93,EUR,deposit
343,13/05/2026,IT2345,-100.51,EUR,withdrawal
344,06/02/2026,IT2345,-272.19,EUR,withdrawal
345,03/04/2026,IT4567,-670.24,EUR,transfer
346,16/02/2026,IT6789,-963.06,EUR,transfer
347,24/01/2026,IT3456,-103.69,EUR,withdrawal
348,30/04/2026,IT5678,-353.34,EUR,withdrawal
349,27/01/2026,IT5678,1302.08,EUR,deposit
350,14/01/2026,IT3456,-149.94,EUR,withdrawal
351,02/01/2026,IT5678,4153.71,EUR,deposit
352,11/01/2026,IT4567,3371.15,EUR,deposit
353,15/05/2026,IT3456,-520.39,EUR,transfer
354,23/05/2026,IT3456,-218.66,EUR,withdrawal
355,25/01/2026,IT7890,-1683.72,EUR,withdrawal
356,07/01/2026,IT1234,-821.05,EUR,withdrawal
357,03/04/2026,IT3456,-1487.42,EUR,transfer
358,07/05/2026,IT6789,23%02))12,EUR,transfer
359,07/04/2026,IT5678,1180.93,EUR,deposit
360,25/04/2026,IT4567,2302.9,EUR,deposit
361,26/02/2026,IT2345,894.89,EUR,deposit
362,06/02/2026,IT3456,3384.7,EUR,deposit
363,03/01/2026,IT5678,-1612.06,EUR,withdrawal
364,08/01/2026,IT4567,1436.41,EUR,transfer
365,18/05/2026,IT8901,250.26,EUR,transfer
366,03/01/2026,IT3456,-1670.86,EUR,withdrawal
367,18/01/2026,IT8901,-1166.91,EUR,transfer
368,27/02/2026,IT5678,1136.53,EUR,transfer
369,,IT7890,3251.21,EUR,deposit
370,01/04/2026,IT8901,1924.19,EUR,deposit
371,24/05/2026,IT4567,4054.61,EUR,deposit
372,28/01/2026,IT6789,494.23,EUR,transfer
373,16/05/2026,IT8901,3284.16,EUR,deposit
374,29/01/2026,IT5678,2795.2,EUR,deposit
375,05/01/2026,IT3456,400.47,EUR,transfer
376,23/04/2026,IT1234,-1040.56,EUR,withdrawal
377,05/04/2026,IT6789,-1151.53,EUR,transfer
378,28/03/2026,IT2345,4396.85,EUR,deposit
379,12/02/2026,IT1234,-565.87,EUR,withdrawal
380,13/01/2026,IT4567,-1657.57,EUR,withdrawal
381,14/04/2026,IT2345,673.82,EUR,transfer
382,08/05/2026,IT8901,-483.47,EUR,transfer
383,30/03/2026,IT4567,-514.62,EUR,withdrawal
384,18/05/2026,IT5678,2743.82,EUR,deposit
385,23/04/2026,IT2345,-1287.22,EUR,transfer
386,08/02/2026,IT1234,-1022.57,EUR,withdrawal
387,26/04/2026,IT1234,1017.7,EUR,deposit
388,25/02/2026,IT3456,-1374.4,EUR,withdrawal
389,09/01/2026,IT3456,236.66,EUR,deposit
390,05/02/2026,IT4567,1477.86,EUR,transfer
391,19/02/2026,IT8901,23%02))12,EUR,deposit
392,01/01/2026,IT2345,1880.62,EUR,deposit
393,21/01/2026,IT4567,-615.56,EUR,transfer
394,07/04/2026,IT7890,-757.38,EUR,withdrawal
395,10/02/2026,IT3456,937.11,EUR,transfer
396,07/05/2026,IT2345,2448.25,EUR,deposit
397,10/03/2026,IT4567,-273.71,EUR,transfer
398,16/04/2026,IT3456,-69.28,EUR,transfer
399,09/01/2026,IT3456,-1205.88,EUR,withdrawal
400,07/02/2026,IT7890,-209.28,EUR,withdrawal
401,03/01/2026,IT4567,-1507.41,EUR,withdrawal
402,04/02/2026,IT6789,317.29,EUR,transfer
403,02/04/2026,IT5678,-1908.06,EUR,withdrawal
404,19/04/2026,IT3456,-411.97,EUR,transfer
405,23/02/2026,IT3456,-1936.46,EUR,withdrawal
406,21/05/2026,IT2345,1929.62,EUR,deposit
407,04/05/2026,IT5678,599.27,EUR,transfer
408,02/03/2026,IT7890,-1467.77,EUR,withdrawal
409,30/04/2026,IT3456,-1032.8,EUR,withdrawal
410,01/02/2026,IT4567,-96.12,EUR,transfer
411,26/03/2026,IT7890,-1056.41,EUR,withdrawal
412,14/04/2026,IT5678,-255.41,EUR,withdrawal
413,15/01/2026,IT4567,-326.83,EUR,transfer
414,25/01/2026,IT4567,-1468.22,EUR,transfer
415,19/04/2026,IT5678,23%02))12,EUR,deposit
416,03/04/2026,IT4567,4000.61,EUR,deposit
417,,IT1234,1036.78,EUR,transfer
418,16/01/2026,IT8901,-1738.49,EUR,withdrawal
419,15/04/2026,IT1234,-152.42,EUR,withdrawal
420,22/01/2026,IT1234,-295.82,EUR,withdrawal
421,27/02/2026,IT5678,2520.98,EUR,deposit
422,12/05/2026,IT5678,-1674.35,EUR,withdrawal
423,03/05/2026,IT8901,-487.01,EUR,withdrawal
424,28/01/2026,IT4567,-334.58,EUR,withdrawal
425,17/04/2026,IT4567,-353.97,EUR,transfer
426,01/03/2026,IT1234,-832.38,EUR,withdrawal
427,16/02/2026,IT1234,2471.97,EUR,deposit
428,13/03/2026,IT7890,-1696.61,EUR,withdrawal
429,25/05/2026,IT4567,-1607.15,EUR,withdrawal
430,14/05/2026,IT3456,909.77,EUR,transfer
431,10/05/2026,IT4567,3551.16,EUR,deposit
432,04/03/2026,IT5678,168.17,EUR,deposit
433,07/02/2026,IT1234,-836.1,EUR,transfer
434,04/04/2026,IT3456,-1062.22,EUR,withdrawal
435,09/05/2026,IT1234,-272.76,EUR,withdrawal
436,26/03/2026,IT8901,-1452.47,EUR,withdrawal
437,09/05/2026,IT4567,-1566.21,EUR,withdrawal
438,02/04/2026,IT3456,-1151.76,EUR,withdrawal
439,21/05/2026,IT2345,1321.84,EUR,transfer
440,24/04/2026,IT4567,356.63,EUR,deposit
441,23/01/2026,IT4567,23%02))12,EUR,withdrawal
442,21/01/2026,IT1234,703.64,EUR,deposit
443,09/05/2026,IT2345,690.17,EUR,deposit
444,03/04/2026,IT8901,-388.41,EUR,withdrawal
445,09/03/2026,IT3456,4681.76,EUR,deposit
446,10/04/2026,IT1234,80.56,EUR,transfer
447,13/05/2026,IT3456,-226.75,EUR,withdrawal
448,14/02/2026,IT7890,1018.46,EUR,deposit
449,04/05/2026,IT8901,-1299.78,EUR,transfer
450,24/05/2026,IT5678,-1640.18,EUR,withdrawal
451,28/02/2026,IT5678,277.37,EUR,transfer
452,07/03/2026,IT1234,-1329.26,EUR,transfer
453,13/01/2026,IT8901,-1095.19,EUR,transfer
454,10/01/2026,IT5678,-369.09,EUR,withdrawal
455,31/05/2026,IT1234,1325.36,EUR,deposit
456,29/04/2026,IT6789,4463.54,EUR,deposit
457,11/05/2026,IT6789,-817.34,EUR,transfer
458,29/04/2026,IT2345,-106.83,EUR,transfer
459,23/03/2026,IT1234,-345.08,EUR,withdrawal
460,29/03/2026,IT7890,941.23,EUR,deposit
461,29/05/2026,IT8901,-99.25,EUR,withdrawal
462,28/04/2026,IT4567,-154.92,EUR,withdrawal
463,02/01/2026,IT7890,-245.71,EUR,withdrawal
464,21/03/2026,IT3456,-1665.16,EUR,withdrawal
465,10/05/2026,IT3456,4834.11,EUR,deposit
466,01/03/2026,IT4567,719.48,EUR,transfer
467,23/02/2026,IT2345,-42.07,EUR,withdrawal
468,02/04/2026,IT4567,-271.34,EUR,withdrawal
469,23/01/2026,IT7890,-136.88,EUR,withdrawal
470,23/04/2026,IT1234,1398.0,EUR,transfer
471,22/02/2026,IT7890,-483.88,EUR,withdrawal
472,13/03/2026,IT7890,-1903.02,EUR,withdrawal
473,14/05/2026,IT2345,2617.01,EUR,deposit
474,17/03/2026,IT3456,-518.83,EUR,transfer
475,26/05/2026,IT8901,-1681.23,EUR,withdrawal
476,13/03/2026,IT7890,2531.71,EUR,deposit
477,19/04/2026,IT4567,-1654.46,EUR,withdrawal
478,02/03/2026,IT7890,-1166.48,EUR,withdrawal
479,13/04/2026,IT7890,-1163.89,EUR,transfer
480,29/05/2026,IT7890,-486.96,EUR,withdrawal
481,23/05/2026,IT1234,2969.76,EUR,deposit
482,23/01/2026,IT3456,-965.12,EUR,withdrawal
483,01/01/2026,IT3456,915.56,EUR,deposit
484,06/05/2026,IT5678,3359.13,EUR,deposit
485,07/04/2026,IT1234,3280.14,EUR,deposit
486,06/03/2026,IT5678,-1096.49,EUR,transfer
487,28/03/2026,IT5678,-973.02,EUR,transfer
488,24/04/2026,IT2345,3190.31,EUR,deposit
489,23/04/2026,IT4567,-1521.44,EUR,withdrawal
490,03/05/2026,IT2345,3623.83,EUR,deposit
491,27/05/2026,IT3456,130.11,EUR,deposit
492,07/04/2026,IT6789,2226.2,EUR,deposit
493,09/03/2026,IT1234,3677.19,EUR,deposit
494,25/04/2026,IT7890,-818.1,EUR,withdrawal
495,19/02/2026,IT8901,-754.73,EUR,withdrawal
496,10/03/2026,IT1234,-808.82,EUR,withdrawal
497,08/05/2026,IT3456,1402.75,EUR,transfer
498,18/02/2026,IT8901,-419.93,EUR,withdrawal
499,25/02/2026,IT7890,-1233.59,EUR,withdrawal
500,01/01/1750,IT1234,-1484.33,EUR,transfer
501,09/04/2026,IT5678,-405.27,EUR,withdrawal
502,04/04/2026,IT7890,2196.18,EUR,deposit
503,18/01/2026,IT8901,555.69,EUR,transfer
504,18/01/2026,IT6789,-626.81,EUR,transfer
505,13/05/2026,IT4567,2248.46,EUR,deposit
506,27/04/2026,IT7890,3411.97,EUR,deposit
507,12/04/2026,IT2345,-672.41,EUR,withdrawal
508,14/01/2026,IT8901,-246.71,EUR,transfer
509,07/02/2026,IT8901,-1446.83,EUR,withdrawal
510,27/02/2026,IT1234,4800.25,EUR,deposit
511,09/03/2026,IT5678,-312.04,EUR,withdrawal
512,31/03/2026,IT7890,-1506.42,EUR,withdrawal
513,02/02/2026,IT4567,-1042.54,EUR,transfer
514,15/05/2026,IT7890,224.06,EUR,deposit
515,24/05/2026,IT4567,-1841.36,EUR,withdrawal
516,28/04/2026,IT3456,93.08,EUR,transfer
517,16/04/2026,IT3456,-1155.31,EUR,withdrawal
518,07/05/2026,IT3456,744.64,EUR,transfer
519,16/04/2026,IT2345,1522.0,EUR,deposit
520,02/04/2026,IT7890,727.99,EUR,deposit
521,16/05/2026,IT5678,-1818.22,EUR,withdrawal
522,31/01/2026,IT5678,4295.12,EUR,deposit
523,14/03/2026,IT5678,-1146.01,EUR,withdrawal
524,28/01/2026,IT8901,1198.76,EUR,transfer
525,01/01/1750,IT2345,-1289.52,EUR,transfer
526,18/03/2026,IT6789,-910.69,EUR,transfer
527,07/05/2026,IT4567,326.92,EUR,transfer
528,08/02/2026,IT4567,1367.67,EUR,transfer
529,24/04/2026,IT5678,3527.5,EUR,deposit
530,19/04/2026,IT1234,-379.02,EUR,withdrawal
531,18/02/2026,IT7890,401.83,EUR,transfer
532,11/03/2026,IT8901,3269.51,EUR,deposit
533,03/02/2026,IT2345,2758.09,EUR,deposit
534,02/01/2026,IT7890,1112.37,EUR,transfer
535,27/05/2026,IT5678,657.9,EUR,deposit
536,20/03/2026,IT4567,-184.19,EUR,transfer
537,01/01/1750,IT6789,1292.21,EUR,transfer
538,28/04/2026,IT4567,2.53,EUR,transfer
539,03/01/2026,IT7890,-862.35,EUR,transfer
540,22/01/2026,IT1234,263.88,EUR,transfer
541,19/05/2026,IT3456,-23.51,EUR,withdrawal
542,17/05/2026,IT8901,-109.32,EUR,transfer
543,18/04/2026,IT8901,-981.35,EUR,transfer
544,11/01/2026,IT3456,-586.79,EUR,withdrawal
545,22/03/2026,IT4567,-1082.37,EUR,withdrawal
546,04/04/2026,IT1234,1255.87,EUR,transfer
547,07/02/2026,IT2345,958.39,EUR,deposit
548,26/04/2026,IT6789,-1342.53,EUR,withdrawal
549,10/04/2026,IT7890,-336.25,EUR,withdrawal
550,26/02/2026,IT5678,2865.51,EUR,deposit
551,16/01/2026,IT3456,-323.71,EUR,withdrawal
552,11/04/2026,IT7890,2046.2,EUR,deposit
553,28/03/2026,IT1234,2599.75,EUR,deposit
554,01/01/1750,IT1234,2386.86,EUR,deposit
555,12/02/2026,IT8901,-1912.34,EUR,withdrawal
556,12/01/2026,IT1234,-1826.94,EUR,withdrawal
557,21/02/2026,IT1234,659.42,EUR,deposit
558,23/02/2026,IT8901,-668.18,EUR,withdrawal
559,09/02/2026,IT8901,4738.66,EUR,deposit
560,08/01/2026,IT5678,-751.44,EUR,transfer
561,03/04/2026,IT1234,23%02))12,EUR,transfer
562,28/04/2026,IT3456,1112.43,EUR,deposit
563,07/01/2026,IT3456,996.21,EUR,transfer
564,16/05/2026,IT2345,-321.57,EUR,withdrawal
565,07/04/2026,IT6789,1883.09,EUR,deposit
566,,IT8901,355.63,EUR,deposit
567,18/03/2026,IT4567,473.25,EUR,transfer
568,15/04/2026,IT1234,23%02))12,EUR,withdrawal
569,16/04/2026,IT8901,1578.11,EUR,deposit
570,02/04/2026,IT2345,-47.77,EUR,transfer
571,17/03/2026,IT7890,3310.72,EUR,deposit
572,18/04/2026,IT5678,-188.9,EUR,withdrawal
573,01/03/2026,IT2345,23%02))12,EUR,withdrawal
574,14/01/2026,IT2345,-1266.28,EUR,withdrawal
575,26/01/2026,IT3456,2160.52,EUR,deposit
576,27/04/2026,IT8901,-378.56,EUR,transfer
577,02/05/2026,IT5678,2007.15,EUR,deposit
578,13/01/2026,IT3456,582.14,EUR,deposit
579,08/04/2026,IT5678,-112.69,EUR,withdrawal
580,10/05/2026,IT3456,-1908.15,EUR,withdrawal
581,14/05/2026,IT6789,-1699.39,EUR,withdrawal
582,01/01/1750,IT7890,4209.62,EUR,deposit
583,22/04/2026,IT1234,3888.1,EUR,deposit
584,11/05/2026,IT6789,-1351.69,EUR,withdrawal
585,04/01/2026,IT7890,-369.39,EUR,transfer
586,04/02/2026,IT4567,-1346.45,EUR,withdrawal
587,25/01/2026,IT1234,-782.37,EUR,transfer
588,29/01/2026,IT2345,-557.19,EUR,withdrawal
589,10/02/2026,IT7890,23%02))12,EUR,deposit
590,27/03/2026,IT3456,-1731.8,EUR,withdrawal
591,29/04/2026,IT5678,-241.84,EUR,withdrawal
592,15/02/2026,IT3456,-972.22,EUR,transfer
593,13/05/2026,IT7890,385.07,EUR,transfer
594,10/03/2026,IT4567,-114.44,EUR,withdrawal
595,26/01/2026,IT4567,297.86,EUR,transfer
596,25/02/2026,IT5678,-20.62,EUR,transfer
597,28/02/2026,IT8901,-1604.07,EUR,withdrawal
598,09/03/2026,IT8901,2163.33,EUR,deposit
599,25/03/2026,IT7890,3409.86,EUR,deposit
600,18/05/2026,IT7890,-1475.44,EUR,withdrawal
601,27/02/2026,IT1234,1332.98,EUR,transfer
602,29/04/2026,IT2345,2630.34,EUR,deposit
603,19/01/2026,IT1234,-1787.23,EUR,withdrawal
604,07/02/2026,IT3456,285.49,EUR,transfer
605,21/05/2026,IT2345,3814.43,EUR,deposit
606,02/01/2026,IT3456,3295.26,EUR,deposit
607,19/03/2026,IT2345,-698.22,EUR,transfer
608,21/03/2026,IT8901,-868.12,EUR,withdrawal
609,20/04/2026,IT2345,623.9,EUR,deposit
610,29/01/2026,IT3456,1026.5,EUR,transfer
611,19/01/2026,IT1234,-1908.96,EUR,withdrawal
612,24/04/2026,IT8901,1372.97,EUR,transfer
613,21/03/2026,IT2345,-46.61,EUR,withdrawal
614,24/05/2026,IT7890,-1117.39,EUR,transfer
615,05/01/2026,IT3456,908.64,EUR,deposit
616,13/04/2026,IT6789,-1775.44,EUR,withdrawal
617,28/03/2026,IT8901,-1616.51,EUR,withdrawal
618,11/03/2026,IT6789,-958.57,EUR,transfer
619,28/05/2026,IT8901,-1975.69,EUR,withdrawal
620,24/02/2026,IT8901,-1378.81,EUR,transfer
621,12/05/2026,IT6789,3721.23,EUR,deposit
622,25/05/2026,IT8901,2158.62,EUR,deposit
623,14/05/2026,IT8901,1091.08,EUR,deposit
624,12/01/2026,IT7890,-1009.3,EUR,withdrawal
625,08/03/2026,IT7890,-1603.22,EUR,withdrawal
626,27/03/2026,IT4567,2240.99,EUR,deposit
627,26/03/2026,IT5678,281.97,EUR,transfer
628,09/02/2026,IT3456,-419.52,EUR,withdrawal
629,23/02/2026,IT7890,1130.69,EUR,transfer
630,17/01/2026,IT8901,60.04,EUR,transfer
631,18/02/2026,IT1234,690.19,EUR,deposit
632,06/02/2026,IT4567,-403.6,EUR,withdrawal
633,04/05/2026,IT1234,-340.82,EUR,transfer
634,11/05/2026,IT4567,363.41,EUR,transfer
635,02/02/2026,IT2345,3600.87,EUR,deposit
636,18/02/2026,IT6789,206.37,EUR,transfer
637,19/05/2026,IT6789,-297.8,EUR,withdrawal
638,08/02/2026,IT2345,-1478.99,EUR,transfer
639,30/04/2026,IT8901,-274.28,EUR,withdrawal
640,15/04/2026,IT5678,-1586.94,EUR,withdrawal
641,14/02/2026,IT4567,-1681.7,EUR,withdrawal
642,04/04/2026,IT8901,-813.81,EUR,withdrawal
643,07/03/2026,IT1234,988.6,EUR,transfer
644,22/05/2026,IT6789,-1032.22,EUR,withdrawal
645,16/01/2026,IT6789,3005.57,EUR,deposit
646,15/04/2026,IT3456,-444.73,EUR,withdrawal
647,29/05/2026,IT7890,-409.63,EUR,withdrawal
648,30/03/2026,IT1234,-1834.31,EUR,withdrawal
649,22/02/2026,IT7890,-1903.2,EUR,withdrawal
650,27/03/2026,IT7890,-1877.19,EUR,withdrawal
651,27/01/2026,IT7890,-1204.12,EUR,transfer
652,10/02/2026,IT5678,-1738.2,EUR,withdrawal
653,01/02/2026,IT5678,-2.95,EUR,transfer
654,06/01/2026,IT3456,4391.8,EUR,deposit
655,01/02/2026,IT8901,500.14,EUR,transfer
656,17/01/2026,IT6789,-1052.92,EUR,transfer
657,02/01/2026,IT1234,1921.93,EUR,deposit
658,15/02/2026,IT1234,-1796.56,EUR,withdrawal
659,14/03/2026,IT7890,-1589.01,EUR,withdrawal
660,20/03/2026,IT2345,-1792.56,EUR,withdrawal
661,24/05/2026,IT6789,-1589.68,EUR,withdrawal
662,20/02/2026,IT5678,2564.41,EUR,deposit
663,15/02/2026,IT8901,4556.55,EUR,deposit
664,03/04/2026,IT3456,-625.68,EUR,transfer
665,03/03/2026,IT4567,-1252.65,EUR,withdrawal
666,07/03/2026,IT1234,1509.67,EUR,deposit
667,27/02/2026,IT1234,2259.65,EUR,deposit
668,11/04/2026,IT4567,-1823.89,EUR,withdrawal
669,06/05/2026,IT1234,-546.39,EUR,transfer
670,12/01/2026,IT8901,-131.95,EUR,withdrawal
671,11/04/2026,IT1234,3824.41,EUR,deposit
672,21/05/2026,IT6789,2254.1,EUR,deposit
673,15/04/2026,IT6789,129.62,EUR,deposit
674,08/05/2026,IT3456,1250.65,EUR,transfer
675,13/01/2026,IT7890,-882.75,EUR,withdrawal
676,20/02/2026,IT8901,-608.82,EUR,transfer
677,11/02/2026,IT2345,268.88,EUR,deposit
678,24/02/2026,IT6789,4392.98,EUR,deposit
679,16/05/2026,IT2345,1439.49,EUR,deposit
680,08/05/2026,IT8901,-1805.61,EUR,withdrawal
681,31/01/2026,IT1234,-1444.72,EUR,withdrawal
682,09/01/2026,IT2345,-1308.21,EUR,withdrawal
683,12/03/2026,IT6789,-1171.41,EUR,transfer
684,,IT3456,399.79,EUR,transfer
685,19/01/2026,IT1234,1780.48,EUR,deposit
686,21/01/2026,IT6789,-730.68,EUR,transfer
687,13/04/2026,IT2345,-856.37,EUR,withdrawal
688,26/03/2026,IT7890,4809.25,EUR,deposit
689,14/01/2026,IT7890,49.25,EUR,transfer
690,07/01/2026,IT5678,4492.63,EUR,deposit
691,08/05/2026,IT2345,-1874.15,EUR,withdrawal
692,25/02/2026,IT2345,-1489.88,EUR,transfer
693,29/05/2026,IT1234,-837.26,EUR,transfer
694,03/05/2026,IT2345,-802.37,EUR,transfer
695,09/03/2026,IT4567,-63.7,EUR,withdrawal
696,12/02/2026,IT8901,3007.18,EUR,deposit
697,02/01/2026,IT7890,-1999.88,EUR,withdrawal
698,22/05/2026,IT7890,-1448.8,EUR,transfer
699,09/02/2026,IT6789,-948.68,EUR,withdrawal
700,27/04/2026,IT8901,222.22,EUR,deposit
701,15/02/2026,IT7890,4822.53,EUR,deposit
702,18/01/2026,IT5678,-1486.91,EUR,transfer
703,12/02/2026,IT1234,1429.12,EUR,transfer
704,02/04/2026,IT5678,854.65,EUR,deposit
705,20/03/2026,IT8901,-898.83,EUR,transfer
706,19/05/2026,IT3456,-900.93,EUR,withdrawal
707,15/04/2026,IT2345,2037.01,EUR,deposit
708,26/05/2026,IT3456,815.38,EUR,deposit
709,25/02/2026,IT3456,-690.81,EUR,transfer
710,16/05/2026,IT8901,-658.16,EUR,withdrawal
711,27/03/2026,IT1234,-497.46,EUR,withdrawal
712,25/02/2026,IT6789,-1301.8,EUR,withdrawal
713,16/04/2026,IT2345,-913.87,EUR,withdrawal
714,09/01/2026,IT5678,3737.4,EUR,deposit
715,04/04/2026,IT1234,3658.05,EUR,deposit
716,01/04/2026,IT6789,3909.59,EUR,deposit
717,28/01/2026,IT1234,-917.35,EUR,withdrawal
718,06/02/2026,IT3456,1355.56,EUR,transfer
719,22/02/2026,IT5678,-672.54,EUR,withdrawal
720,08/02/2026,IT4567,295.13,EUR,transfer
721,21/01/2026,IT2345,4314.42,EUR,deposit
722,21/03/2026,IT7890,656.29,EUR,deposit
723,23/02/2026,IT2345,1354.58,EUR,transfer
724,18/01/2026,IT3456,-869.11,EUR,withdrawal
725,31/01/2026,IT1234,-1136.11,EUR,withdrawal
726,17/04/2026,IT7890,-1727.42,EUR,withdrawal
727,11/05/2026,IT5678,-1024.98,EUR,withdrawal
728,19/04/2026,IT2345,-1676.8,EUR,withdrawal
729,16/02/2026,IT8901,2321.37,EUR,deposit
730,21/05/2026,IT4567,-716.25,EUR,transfer
731,01/02/2026,IT8901,-877.02,EUR,transfer
732,13/02/2026,IT3456,1302.31,EUR,transfer
733,10/01/2026,IT3456,-671.95,EUR,withdrawal
734,24/05/2026,IT7890,-287.7,EUR,withdrawal
735,22/03/2026,IT2345,-32.05,EUR,withdrawal
736,12/04/2026,IT2345,-219.14,EUR,withdrawal
737,29/05/2026,IT2345,23%02))12,EUR,deposit
738,26/02/2026,IT3456,-1998.61,EUR,withdrawal
739,27/03/2026,IT3456,374.08,EUR,transfer
740,27/05/2026,IT2345,4866.04,EUR,deposit
741,17/01/2026,IT5678,-1490.55,EUR,withdrawal
742,05/02/2026,IT5678,-1022.79,EUR,transfer
743,22/02/2026,IT8901,-1293.03,EUR,transfer
744,24/02/2026,IT7890,2719.23,EUR,deposit
745,20/05/2026,IT3456,3060.72,EUR,deposit
746,03/02/2026,IT3456,1947.22,EUR,deposit
747,23/02/2026,IT3456,440.34,EUR,deposit
748,22/03/2026,IT7890,758.57,EUR,transfer
749,07/04/2026,IT2345,-695.73,EUR,withdrawal
750,07/03/2026,IT2345,3745.05,EUR,deposit
751,11/02/2026,IT1234,171.36,EUR,deposit
752,22/05/2026,IT7890,-1828.0,EUR,withdrawal
753,06/03/2026,IT7890,1879.32,EUR,deposit
754,05/04/2026,IT5678,-1066.43,EUR,withdrawal
755,16/04/2026,IT7890,-253.06,EUR,withdrawal
756,20/04/2026,IT5678,2812.88,EUR,deposit
757,07/05/2026,IT3456,-656.14,EUR,withdrawal
758,18/02/2026,IT8901,-287.78,EUR,transfer
759,09/05/2026,IT3456,4985.67,EUR,deposit
760,25/02/2026,IT3456,4748.68,EUR,deposit
761,25/02/2026,IT2345,3955.14,EUR,deposit
762,01/03/2026,IT8901,1693.15,EUR,deposit
763,04/01/2026,IT8901,2677.13,EUR,deposit
764,02/01/2026,IT5678,-1189.76,EUR,transfer
765,11/04/2026,IT5678,4845.49,EUR,deposit
766,13/03/2026,IT7890,-1918.72,EUR,withdrawal
767,08/05/2026,IT8901,353.81,EUR,deposit
768,28/01/2026,IT8901,-735.21,EUR,transfer
769,26/04/2026,IT3456,4932.18,EUR,deposit
770,28/02/2026,IT7890,-140.63,EUR,withdrawal
771,20/03/2026,IT1234,1135.83,EUR,transfer
772,05/01/2026,IT4567,-888.55,EUR,transfer
773,30/01/2026,IT7890,3583.41,EUR,deposit
774,03/04/2026,IT3456,3246.4,EUR,deposit
775,09/01/2026,IT4567,4858.14,EUR,deposit
776,12/05/2026,IT8901,561.27,EUR,deposit
777,13/02/2026,IT5678,2562.05,EUR,deposit
778,04/05/2026,IT6789,-456.18,EUR,withdrawal
779,16/05/2026,IT8901,786.39,EUR,transfer
780,27/03/2026,IT3456,-1362.55,EUR,withdrawal
781,14/05/2026,IT4567,1727.98,EUR,deposit
782,22/02/2026,IT1234,894.41,EUR,transfer
783,23/04/2026,IT6789,-58.25,EUR,transfer
784,21/03/2026,IT4567,-1270.9,EUR,withdrawal
785,24/04/2026,IT4567,2249.82,EUR,deposit
786,24/02/2026,IT4567,856.62,EUR,transfer
787,22/05/2026,IT7890,-154.97,EUR,withdrawal
788,09/04/2026,IT3456,-1739.82,EUR,withdrawal
789,26/03/2026,IT2345,883.16,EUR,transfer
790,16/05/2026,IT7890,3536.94,EUR,deposit
791,02/04/2026,IT7890,1717.76,EUR,deposit
792,07/05/2026,IT2345,1596.44,EUR,deposit
793,31/05/2026,IT7890,-320.53,EUR,withdrawal
794,07/05/2026,IT4567,1932.07,EUR,deposit
795,08/01/2026,IT8901,23%02))12,EUR,deposit
796,11/03/2026,IT4567,-1880.52,EUR,withdrawal
797,01/01/1750,IT2345,588.52,EUR,transfer
798,28/01/2026,IT6789,-526.9,EUR,withdrawal
799,02/02/2026,IT2345,128.98,EUR,deposit
800,26/04/2026,IT2345,2997.77,EUR,deposit
801,,IT4567,-1425.86,EUR,transfer
802,23/02/2026,IT1234,-445.58,EUR,transfer
803,22/05/2026,IT8901,-1951.66,EUR,withdrawal
804,23/04/2026,IT6789,-1290.14,EUR,transfer
805,25/03/2026,IT3456,-66.94,EUR,withdrawal
806,15/05/2026,IT4567,3158.99,EUR,deposit
807,31/05/2026,IT5678,2682.18,EUR,deposit
808,28/02/2026,IT5678,2549.5,EUR,deposit
809,01/05/2026,IT1234,337.63,EUR,deposit
810,04/04/2026,IT1234,-1531.07,EUR,withdrawal
811,28/02/2026,IT8901,4860.05,EUR,deposit
812,11/03/2026,IT2345,2770.8,EUR,deposit
813,10/01/2026,IT3456,1458.63,EUR,transfer
814,02/01/2026,IT6789,2441.46,EUR,deposit
815,23/05/2026,IT6789,1021.74,EUR,transfer
816,06/03/2026,IT2345,-382.9,EUR,withdrawal
817,10/03/2026,IT3456,-1651.08,EUR,withdrawal
818,30/04/2026,IT5678,191.41,EUR,transfer
819,08/02/2026,IT5678,256.98,EUR,transfer
820,28/04/2026,IT5678,1203.1,EUR,deposit
821,02/04/2026,IT8901,-28.19,EUR,withdrawal
822,05/01/2026,IT6789,1105.05,EUR,transfer
823,25/05/2026,IT3456,-863.21,EUR,transfer
824,10/01/2026,IT4567,4934.5,EUR,deposit
825,13/03/2026,IT7890,-1987.53,EUR,withdrawal
826,08/04/2026,IT1234,-843.29,EUR,transfer
827,29/04/2026,IT4567,-280.38,EUR,transfer
828,01/04/2026,IT7890,4914.43,EUR,deposit
829,26/03/2026,IT6789,-1311.34,EUR,withdrawal
830,21/04/2026,IT5678,671.97,EUR,deposit
831,19/03/2026,IT4567,23%02))12,EUR,transfer
832,20/04/2026,IT1234,1984.72,EUR,deposit
833,09/05/2026,IT8901,-965.66,EUR,transfer
834,16/03/2026,IT1234,-1654.7,EUR,withdrawal
835,30/05/2026,IT8901,-1194.43,EUR,transfer
836,15/05/2026,IT2345,4542.88,EUR,deposit
837,28/02/2026,IT5678,-661.66,EUR,withdrawal
838,,IT7890,-793.64,EUR,withdrawal
839,14/03/2026,IT3456,4451.85,EUR,deposit
840,04/01/2026,IT7890,-191.88,EUR,withdrawal
841,21/04/2026,IT3456,-64.43,EUR,withdrawal
842,21/02/2026,IT2345,3478.44,EUR,deposit
843,01/01/1750,IT2345,2179.56,EUR,deposit
844,23/03/2026,IT4567,-369.76,EUR,transfer
845,13/05/2026,IT1234,-1405.13,EUR,transfer
846,10/02/2026,IT5678,-1527.43,EUR,withdrawal
847,20/02/2026,IT2345,4966.67,EUR,deposit
848,13/05/2026,IT1234,-591.81,EUR,withdrawal
849,14/05/2026,IT7890,292.65,EUR,transfer
850,29/03/2026,IT7890,938.92,EUR,transfer
851,14/04/2026,IT1234,-203.46,EUR,transfer
852,29/04/2026,IT3456,2172.71,EUR,deposit
853,15/01/2026,IT1234,774.42,EUR,transfer
854,27/05/2026,IT2345,4973.03,EUR,deposit
855,25/01/2026,IT2345,1025.48,EUR,transfer
856,23/03/2026,IT4567,-1219.78,EUR,withdrawal
857,28/04/2026,IT2345,3.99,EUR,transfer
858,31/03/2026,IT1234,926.05,EUR,transfer
859,28/05/2026,IT3456,-185.61,EUR,withdrawal
860,14/02/2026,IT2345,-1263.88,EUR,withdrawal
861,30/03/2026,IT1234,3838.72,EUR,deposit
862,27/02/2026,IT5678,96.95,EUR,transfer
863,04/05/2026,IT1234,-766.48,EUR,transfer
864,17/01/2026,IT4567,4402.75,EUR,deposit
865,23/05/2026,IT7890,-1185.43,EUR,withdrawal
866,06/04/2026,IT7890,1006.43,EUR,transfer
867,28/04/2026,IT7890,2867.6,EUR,deposit
868,01/02/2026,IT3456,-1981.2,EUR,withdrawal
869,25/03/2026,IT8901,1566.18,EUR,deposit
870,14/03/2026,IT7890,-1708.14,EUR,withdrawal
871,18/02/2026,IT6789,1328.34,EUR,deposit
872,24/04/2026,IT3456,1384.84,EUR,transfer
873,07/04/2026,IT7890,-224.25,EUR,withdrawal
874,13/01/2026,IT3456,1059.51,EUR,transfer
875,,IT8901,-1421.88,EUR,transfer
876,03/03/2026,IT2345,1359.4,EUR,deposit
877,17/03/2026,IT5678,3620.67,EUR,deposit
878,01/05/2026,IT4567,-51.45,EUR,transfer
879,11/03/2026,IT8901,-376.81,EUR,transfer
880,10/05/2026,IT7890,135.15,EUR,deposit
881,04/04/2026,IT4567,2240.8,EUR,deposit
882,11/01/2026,IT1234,3330.27,EUR,deposit
883,19/02/2026,IT4567,1352.34,EUR,deposit
884,27/01/2026,IT1234,-1439.95,EUR,transfer
885,30/03/2026,IT4567,-108.75,EUR,withdrawal
886,22/03/2026,IT8901,-918.93,EUR,transfer
887,28/05/2026,IT7890,4916.84,EUR,deposit
888,10/05/2026,IT7890,-1633.17,EUR,withdrawal
889,08/04/2026,IT7890,4618.47,EUR,deposit
890,25/03/2026,IT4567,-375.62,EUR,withdrawal
891,05/02/2026,IT7890,4456.03,EUR,deposit
892,18/01/2026,IT8901,143.37,EUR,transfer
893,02/01/2026,IT7890,3388.02,EUR,deposit
894,26/04/2026,IT1234,-1160.9,EUR,withdrawal
895,15/02/2026,IT3456,-1741.08,EUR,withdrawal
896,12/04/2026,IT5678,-1625.88,EUR,withdrawal
897,03/02/2026,IT1234,1476.79,EUR,deposit
898,14/05/2026,IT8901,-573.61,EUR,withdrawal
899,12/02/2026,IT8901,-1445.1,EUR,transfer
900,24/01/2026,IT5678,-328.07,EUR,withdrawal
901,17/03/2026,IT4567,1830.54,EUR,deposit
902,10/01/2026,IT1234,-375.61,EUR,transfer
903,23/05/2026,IT1234,4133.46,EUR,deposit
904,16/04/2026,IT7890,-1211.31,EUR,withdrawal
905,06/03/2026,IT2345,-414.45,EUR,transfer
906,23/04/2026,IT4567,219.49,EUR,deposit
907,27/01/2026,IT7890,-454.02,EUR,withdrawal
908,14/04/2026,IT5678,-1044.3,EUR,withdrawal
909,10/02/2026,IT3456,-1807.91,EUR,withdrawal
910,04/03/2026,IT3456,3289.99,EUR,deposit
911,11/03/2026,IT3456,717.94,EUR,transfer
912,21/01/2026,IT6789,1961.72,EUR,deposit
913,11/03/2026,IT7890,-834.2,EUR,withdrawal
914,22/05/2026,IT2345,1237.48,EUR,deposit
915,08/04/2026,IT4567,-1297.09,EUR,withdrawal
916,08/05/2026,IT1234,557.45,EUR,deposit
917,21/05/2026,IT2345,108.4,EUR,deposit
918,28/05/2026,IT7890,-380.84,EUR,transfer
919,14/03/2026,IT8901,-1686.12,EUR,withdrawal
920,06/02/2026,IT2345,-1928.56,EUR,withdrawal
921,08/03/2026,IT4567,-1704.38,EUR,withdrawal
922,22/02/2026,IT4567,3463.44,EUR,deposit
923,12/04/2026,IT2345,-225.51,EUR,withdrawal
924,27/03/2026,IT6789,-1655.95,EUR,withdrawal
925,09/05/2026,IT8901,-71.74,EUR,withdrawal
926,28/04/2026,IT8901,752.83,EUR,transfer
927,28/04/2026,IT4567,441.12,EUR,transfer
928,13/05/2026,IT6789,266.57,EUR,deposit
929,30/03/2026,IT5678,-1347.25,EUR,withdrawal
930,04/05/2026,IT3456,4808.41,EUR,deposit
931,09/04/2026,IT7890,-709.46,EUR,withdrawal
932,24/02/2026,IT4567,-250.71,EUR,transfer
933,13/04/2026,IT7890,-324.72,EUR,transfer
934,26/05/2026,IT2345,4404.23,EUR,deposit
935,03/03/2026,IT1234,-880.9,EUR,transfer
936,27/04/2026,IT4567,4441.32,EUR,deposit
937,12/03/2026,IT5678,-640.75,EUR,withdrawal
938,05/05/2026,IT6789,1359.79,EUR,transfer
939,22/02/2026,IT8901,2278.62,EUR,deposit
940,24/02/2026,IT5678,3640.19,EUR,deposit
941,08/01/2026,IT7890,39.52,EUR,transfer
942,14/04/2026,IT1234,871.39,EUR,deposit
943,28/05/2026,IT1234,-48.65,EUR,transfer
944,23/02/2026,IT5678,818.26,EUR,transfer
945,17/01/2026,IT6789,3332.63,EUR,deposit
946,07/03/2026,IT5678,3262.02,EUR,deposit
947,26/02/2026,IT5678,3086.97,EUR,deposit
948,02/05/2026,IT7890,1309.11,EUR,transfer
949,,IT7890,-596.71,EUR,transfer
950,24/05/2026,IT2345,4124.47,EUR,deposit
951,31/05/2026,IT4567,1073.01,EUR,transfer
952,03/04/2026,IT6789,-556.73,EUR,transfer
953,05/04/2026,IT8901,-777.49,EUR,withdrawal
954,20/05/2026,IT6789,-286.48,EUR,withdrawal
955,21/04/2026,IT6789,-918.38,EUR,withdrawal
956,17/02/2026,IT3456,27.46,EUR,transfer
957,02/05/2026,IT6789,3288.24,EUR,deposit
958,12/03/2026,IT8901,-1441.26,EUR,transfer
959,10/02/2026,IT8901,-1480.77,EUR,withdrawal
960,05/02/2026,IT6789,204.1,EUR,deposit
961,14/01/2026,IT7890,1101.05,EUR,transfer
962,21/04/2026,IT4567,-1370.92,EUR,transfer
963,25/02/2026,IT1234,-1093.55,EUR,withdrawal
964,25/02/2026,IT3456,4034.16,EUR,deposit
965,02/02/2026,IT1234,2071.03,EUR,deposit
966,12/04/2026,IT2345,-995.57,EUR,withdrawal
967,02/04/2026,IT3456,-1674.82,EUR,withdrawal
968,27/04/2026,IT8901,2391.55,EUR,deposit
969,27/03/2026,IT7890,894.14,EUR,transfer
970,22/01/2026,IT5678,988.72,EUR,transfer
971,23/02/2026,IT4567,23%02))12,EUR,withdrawal
972,26/05/2026,IT1234,-41.18,EUR,transfer
973,08/03/2026,IT7890,-828.56,EUR,transfer
974,12/05/2026,IT2345,-1369.52,EUR,withdrawal
975,06/02/2026,IT5678,2767.77,EUR,deposit
976,29/05/2026,IT7890,1976.9,EUR,deposit
977,10/03/2026,IT1234,2174.23,EUR,deposit
978,01/02/2026,IT4567,2566.84,EUR,deposit
979,05/03/2026,IT4567,1355.86,EUR,deposit
980,16/04/2026,IT5678,2623.56,EUR,deposit
981,23/02/2026,IT6789,573.92,EUR,deposit
982,27/02/2026,IT1234,738.75,EUR,deposit
983,25/03/2026,IT1234,-879.52,EUR,transfer
984,01/02/2026,IT7890,-290.62,EUR,withdrawal
985,01/01/1750,IT2345,830.84,EUR,transfer
986,09/05/2026,IT8901,456.53,EUR,transfer
987,05/04/2026,IT6789,-763.1,EUR,withdrawal
988,08/05/2026,IT8901,1041.14,EUR,transfer
989,22/05/2026,IT7890,842.29,EUR,deposit
990,09/02/2026,IT1234,23%02))12,EUR,deposit
991,12/05/2026,IT2345,1308.75,EUR,deposit
992,30/05/2026,IT8901,3943.77,EUR,deposit
993,09/04/2026,IT8901,1939.28,EUR,deposit
994,24/03/2026,IT2345,4439.73,EUR,deposit
995,27/01/2026,IT3456,153.06,EUR,transfer
996,19/01/2026,IT3456,-100.73,EUR,transfer
997,07/03/2026,IT7890,51.25,EUR,deposit
998,24/05/2026,IT5678,929.94,EUR,deposit
999,28/03/2026,IT7890,-893.44,EUR,transfer
1000,30/04/2026,IT5678,-903.5,EUR,transfer
1001,16/04/2026,IT3456,-425.62,EUR,withdrawal
1002,06/02/2026,IT6789,1793.93,EUR,deposit
1003,08/02/2026,IT1234,-1363.14,EUR,transfer
1004,06/03/2026,IT8901,-1350.59,EUR,withdrawal
1005,17/04/2026,IT1234,3618.65,EUR,deposit
1006,03/04/2026,IT6789,-1467.55,EUR,transfer
1007,10/04/2026,IT1234,148.67,EUR,transfer
1008,09/05/2026,IT7890,-55.47,EUR,withdrawal
1009,13/03/2026,IT8901,-408.3,EUR,withdrawal
1010,24/02/2026,IT7890,-32.1,EUR,withdrawal
1011,22/02/2026,IT4567,-1680.8,EUR,withdrawal
1012,01/05/2026,IT1234,-1236.95,EUR,transfer
1013,04/01/2026,IT4567,2424.94,EUR,deposit
1014,18/01/2026,IT8901,-173.66,EUR,withdrawal
1015,05/04/2026,IT6789,-1280.43,EUR,transfer
1016,09/03/2026,IT8901,-1055.08,EUR,transfer
1017,08/02/2026,IT5678,2271.31,EUR,deposit
1018,01/04/2026,IT1234,-997.61,EUR,withdrawal
1019,05/04/2026,IT4567,-1428.78,EUR,withdrawal
1020,14/03/2026,IT7890,3880.65,EUR,deposit
1021,29/01/2026,IT6789,3235.93,EUR,deposit
1022,14/04/2026,IT2345,-831.79,EUR,transfer
1023,02/05/2026,IT6789,-954.87,EUR,transfer
1024,24/02/2026,IT7890,329.29,EUR,transfer
1025,06/03/2026,IT5678,1549.26,EUR,deposit
1026,06/02/2026,IT4567,4625.07,EUR,deposit
1027,22/05/2026,IT4567,859.35,EUR,transfer
1028,23/03/2026,IT8901,-724.43,EUR,transfer
1029,31/01/2026,IT4567,-979.92,EUR,withdrawal
1030,12/05/2026,IT2345,1542.06,EUR,deposit
1031,09/03/2026,IT6789,1080.74,EUR,transfer
1032,19/01/2026,IT1234,1189.53,EUR,deposit
1033,25/04/2026,IT3456,-943.5,EUR,withdrawal
1034,10/05/2026,IT7890,585.45,EUR,transfer
1035,27/03/2026,IT4567,-1863.29,EUR,withdrawal
1036,27/02/2026,IT8901,4309.2,EUR,deposit
1037,26/04/2026,IT2345,-190.16,EUR,withdrawal
1038,20/01/2026,IT3456,2443.81,EUR,deposit
1039,24/02/2026,IT7890,-1111.89,EUR,withdrawal
1040,07/04/2026,IT3456,1592.65,EUR,deposit
1041,03/04/2026,IT7890,1439.68,EUR,deposit
1042,02/05/2026,IT7890,3793.77,EUR,deposit
1043,01/02/2026,IT5678,-1037.81,EUR,withdrawal
1044,21/03/2026,IT5678,-1259.43,EUR,withdrawal
1045,13/02/2026,IT3456,2354.37,EUR,deposit
1046,03/03/2026,IT6789,2643.62,EUR,deposit
1047,09/04/2026,IT3456,1173.52,EUR,deposit
1048,03/05/2026,IT8901,1468.72,EUR,deposit
1049,19/05/2026,IT2345,-1304.46,EUR,withdrawal
1050,05/05/2026,IT8901,-1103.18,EUR,transfer
1051,03/02/2026,IT6789,207.66,EUR,transfer
1052,15/03/2026,IT7890,-1372.48,EUR,withdrawal
1053,20/02/2026,IT7890,-1591.16,EUR,withdrawal
1054,26/03/2026,IT8901,664.16,EUR,deposit
1055,14/03/2026,IT2345,4381.87,EUR,deposit
1056,19/05/2026,IT5678,2461.16,EUR,deposit
1057,29/03/2026,IT3456,-958.93,EUR,withdrawal
1058,12/04/2026,IT1234,803.18,EUR,deposit
1059,23/02/2026,IT2345,-173.52,EUR,withdrawal
1060,08/02/2026,IT8901,-1693.4,EUR,withdrawal
1061,12/03/2026,IT6789,-1367.29,EUR,transfer
1062,20/03/2026,IT2345,-526.73,EUR,transfer
1063,15/05/2026,IT1234,-239.51,EUR,withdrawal
1064,24/02/2026,IT4567,511.5,EUR,transfer
1065,03/04/2026,IT4567,-591.93,EUR,withdrawal
1066,15/04/2026,IT6789,4754.42,EUR,deposit
1067,07/01/2026,IT2345,23%02))12,EUR,transfer
1068,25/02/2026,IT2345,773.11,EUR,transfer
1069,03/01/2026,IT6789,4433.32,EUR,deposit
1070,05/03/2026,IT4567,-1334.67,EUR,withdrawal
1071,30/04/2026,IT2345,1059.8,EUR,transfer
1072,19/05/2026,IT3456,-778.49,EUR,transfer
1073,07/02/2026,IT4567,1061.33,EUR,transfer
1074,12/05/2026,IT3456,-975.56,EUR,withdrawal
1075,31/03/2026,IT1234,23%02))12,EUR,withdrawal
1076,09/05/2026,IT4567,-1372.78,EUR,withdrawal
1077,13/05/2026,IT2345,-1082.41,EUR,transfer
1078,20/03/2026,IT3456,-631.03,EUR,withdrawal
1079,06/01/2026,IT6789,-1041.36,EUR,withdrawal
1080,08/02/2026,IT5678,-1590.62,EUR,withdrawal
1081,20/02/2026,IT6789,-845.72,EUR,withdrawal
1082,13/05/2026,IT1234,-1478.41,EUR,transfer
1083,16/04/2026,IT7890,694.57,EUR,transfer
1084,07/05/2026,IT4567,-967.26,EUR,transfer
1085,19/02/2026,IT2345,3581.56,EUR,deposit
1086,25/04/2026,IT3456,-1702.59,EUR,withdrawal
1087,13/01/2026,IT8901,530.05,EUR,transfer
1088,16/04/2026,IT6789,88.12,EUR,transfer
1089,,IT6789,23%02))12,EUR,withdrawal
1090,,IT1234,275.3,EUR,transfer
1091,01/01/1750,IT8901,887.98,EUR,transfer
1092,12/05/2026,IT7890,212.75,EUR,transfer
1093,22/04/2026,IT4567,446.39,EUR,transfer
1094,08/04/2026,IT3456,3149.07,EUR,deposit
1095,18/04/2026,IT5678,-122.72,EUR,transfer
1096,19/04/2026,IT2345,-1155.73,EUR,withdrawal
1097,13/05/2026,IT2345,-1303.23,EUR,withdrawal
1098,08/04/2026,IT7890,791.63,EUR,transfer
1099,19/02/2026,IT8901,621.24,EUR,deposit
1100,08/01/2026,IT8901,3174.08,EUR,deposit
1101,19/02/2026,IT2345,-1225.85,EUR,transfer
1102,01/01/1750,IT1234,-117.03,EUR,transfer
1103,14/02/2026,IT2345,-1739.48,EUR,withdrawal
1104,08/05/2026,IT7890,282.99,EUR,transfer
1105,31/01/2026,IT6789,3705.78,EUR,deposit
1106,23/01/2026,IT4567,-527.26,EUR,withdrawal
1107,02/01/2026,IT3456,62.59,EUR,transfer
1108,19/05/2026,IT6789,1091.16,EUR,transfer
1109,20/01/2026,IT6789,2010.38,EUR,deposit
1110,02/01/2026,IT5678,4294.57,EUR,deposit
1111,25/05/2026,IT5678,23%02))12,EUR,transfer
1112,07/05/2026,IT8901,631.66,EUR,deposit
1113,19/01/2026,IT4567,-1561.17,EUR,withdrawal
1114,28/03/2026,IT4567,403.12,EUR,transfer
1115,07/02/2026,IT6789,4352.18,EUR,deposit
1116,07/01/2026,IT8901,-582.36,EUR,withdrawal
1117,05/03/2026,IT5678,-531.02,EUR,withdrawal
1118,14/04/2026,IT2345,-1985.42,EUR,withdrawal
1119,05/02/2026,IT7890,548.97,EUR,transfer
1120,01/04/2026,IT8901,-177.21,EUR,transfer
1121,16/04/2026,IT7890,-813.61,EUR,transfer
1122,10/05/2026,IT2345,2247.74,EUR,deposit
1123,08/03/2026,IT8901,-1053.9,EUR,withdrawal
1124,22/04/2026,IT3456,508.02,EUR,transfer
1125,02/03/2026,IT6789,3683.42,EUR,deposit
1126,12/03/2026,IT5678,4871.94,EUR,deposit
1127,03/05/2026,IT4567,529.19,EUR,deposit
1128,21/05/2026,IT6789,398.39,EUR,deposit
1129,27/01/2026,IT3456,4184.93,EUR,deposit
1130,18/02/2026,IT7890,-1558.64,EUR,withdrawal
1131,19/04/2026,IT4567,975.97,EUR,deposit
1132,04/04/2026,IT4567,-570.31,EUR,withdrawal
1133,05/02/2026,IT2345,1399.89,EUR,deposit
1134,26/04/2026,IT8901,838.77,EUR,transfer
1135,22/01/2026,IT8901,1450.11,EUR,deposit
1136,23/01/2026,IT5678,23%02))12,EUR,withdrawal
1137,03/05/2026,IT3456,-1036.1,EUR,transfer
1138,29/05/2026,IT1234,4600.66,EUR,deposit
1139,10/03/2026,IT7890,1409.95,EUR,transfer
1140,12/02/2026,IT6789,4053.43,EUR,deposit
1141,15/01/2026,IT8901,532.83,EUR,transfer
1142,04/03/2026,IT5678,-1150.8,EUR,withdrawal
1143,20/01/2026,IT6789,-1534.71,EUR,withdrawal
1144,04/03/2026,IT3456,690.21,EUR,deposit
1145,13/03/2026,IT4567,-1484.04,EUR,withdrawal
1146,25/01/2026,IT8901,-296.9,EUR,withdrawal
1147,08/01/2026,IT3456,1751.18,EUR,deposit
1148,03/05/2026,IT2345,-433.31,EUR,transfer
1149,27/03/2026,IT3456,2005.86,EUR,deposit
1150,05/05/2026,IT6789,2238.55,EUR,deposit
1151,16/01/2026,IT2345,871.17,EUR,transfer
1152,11/01/2026,IT3456,4722.76,EUR,deposit
1153,15/02/2026,IT4567,-1181.7,EUR,withdrawal
1154,16/03/2026,IT8901,-872.23,EUR,transfer
1155,31/01/2026,IT7890,-1976.55,EUR,withdrawal
1156,31/05/2026,IT8901,-95.39,EUR,withdrawal
1157,12/05/2026,IT4567,667.46,EUR,transfer
1158,13/02/2026,IT2345,-344.07,EUR,withdrawal
1159,,IT7890,379.08,EUR,deposit
1160,21/05/2026,IT3456,4026.79,EUR,deposit
1161,05/02/2026,IT4567,2821.72,EUR,deposit
1162,20/01/2026,IT2345,-1054.67,EUR,transfer
1163,23/02/2026,IT1234,4193.54,EUR,deposit
1164,17/01/2026,IT6789,2858.46,EUR,deposit
1165,,IT2345,4894.69,EUR,deposit
1166,10/05/2026,IT7890,2421.96,EUR,deposit
1167,20/01/2026,IT4567,-49.72,EUR,withdrawal
1168,06/01/2026,IT6789,-442.68,EUR,withdrawal
1169,27/03/2026,IT1234,-794.57,EUR,withdrawal
1170,11/01/2026,IT1234,-383.96,EUR,transfer
1171,26/01/2026,IT2345,-793.72,EUR,transfer
1172,10/05/2026,IT4567,4380.88,EUR,deposit
1173,22/02/2026,IT2345,-1026.38,EUR,withdrawal
1174,09/03/2026,IT6789,861.38,EUR,deposit
1175,04/03/2026,IT5678,3108.36,EUR,deposit
1176,12/01/2026,IT7890,1664.99,EUR,deposit
1177,07/01/2026,IT5678,-1424.83,EUR,transfer
1178,31/05/2026,IT4567,3503.94,EUR,deposit
1179,31/01/2026,IT8901,-917.96,EUR,withdrawal
1180,29/03/2026,IT2345,-165.47,EUR,transfer
1181,19/02/2026,IT7890,1358.86,EUR,transfer
1182,24/04/2026,IT5678,-1438.22,EUR,withdrawal
1183,29/05/2026,IT1234,533.37,EUR,deposit
1184,01/01/1750,IT7890,-1127.42,EUR,withdrawal
1185,10/02/2026,IT5678,-1152.01,EUR,withdrawal
1186,25/05/2026,IT4567,-1797.76,EUR,withdrawal
1187,01/01/1750,IT7890,-280.16,EUR,withdrawal
1188,11/05/2026,IT4567,2014.42,EUR,deposit
1189,20/05/2026,IT2345,3812.99,EUR,deposit
1190,19/05/2026,IT6789,3942.46,EUR,deposit
1191,29/03/2026,IT5678,-277.45,EUR,withdrawal
1192,18/02/2026,IT6789,4753.41,EUR,deposit
1193,27/04/2026,IT8901,771.62,EUR,transfer
1194,17/05/2026,IT3456,2092.71,EUR,deposit
1195,02/02/2026,IT5678,-481.55,EUR,withdrawal
1196,20/01/2026,IT1234,2355.31,EUR,deposit
1197,06/04/2026,IT6789,-571.68,EUR,withdrawal
1198,26/01/2026,IT3456,-241.54,EUR,withdrawal
1199,28/02/2026,IT3456,-944.74,EUR,transfer
1200,08/01/2026,IT6789,838.2,EUR,transfer
1201,04/02/2026,IT8901,1257.66,EUR,deposit
1202,03/04/2026,IT1234,1265.71,EUR,deposit
1203,08/03/2026,IT1234,4925.39,EUR,deposit
1204,,IT5678,-1527.3,EUR,withdrawal
1205,08/04/2026,IT4567,-1550.2,EUR,withdrawal
1206,30/01/2026,IT3456,1389.0,EUR,deposit
1207,10/05/2026,IT3456,-702.13,EUR,transfer
1208,01/02/2026,IT3456,-436.64,EUR,withdrawal
1209,25/05/2026,IT3456,-369.71,EUR,transfer
1210,16/05/2026,IT2345,-644.64,EUR,withdrawal
1211,27/04/2026,IT7890,2346.49,EUR,deposit
1212,21/05/2026,IT1234,3281.55,EUR,deposit
1213,01/04/2026,IT5678,-288.58,EUR,withdrawal
1214,22/03/2026,IT4567,3978.53,EUR,deposit
1215,07/03/2026,IT7890,1373.69,EUR,transfer
1216,16/01/2026,IT1234,-918.34,EUR,transfer
1217,29/04/2026,IT6789,1242.09,EUR,transfer
1218,31/05/2026,IT5678,149.97,EUR,deposit
1219,20/02/2026,IT6789,-141.06,EUR,withdrawal
1220,14/03/2026,IT4567,561.1,EUR,deposit
1221,06/03/2026,IT8901,4925.99,EUR,deposit
1222,12/01/2026,IT8901,-1407.56,EUR,transfer
1223,15/02/2026,IT2345,1074.1,EUR,transfer
1224,13/01/2026,IT1234,1036.27,EUR,deposit
1225,08/04/2026,IT6789,-1108.19,EUR,withdrawal
1226,25/05/2026,IT4567,-928.34,EUR,transfer
1227,20/01/2026,IT5678,-1952.33,EUR,withdrawal
1228,04/01/2026,IT7890,-1380.71,EUR,withdrawal
1229,14/03/2026,IT4567,430.22,EUR,transfer
1230,08/03/2026,IT4567,1379.34,EUR,transfer
1231,05/02/2026,IT7890,-468.0,EUR,transfer
1232,12/05/2026,IT1234,-160.28,EUR,transfer
1233,31/03/2026,IT1234,190.41,EUR,deposit
1234,06/03/2026,IT7890,-337.73,EUR,withdrawal
1235,13/04/2026,IT7890,1546.91,EUR,deposit
1236,17/02/2026,IT7890,-1386.37,EUR,withdrawal
1237,06/01/2026,IT8901,3518.9,EUR,deposit
1238,24/01/2026,IT1234,-738.3,EUR,transfer
1239,29/03/2026,IT2345,1274.15,EUR,deposit
1240,10/02/2026,IT4567,668.04,EUR,deposit
1241,21/04/2026,IT7890,-1520.02,EUR,withdrawal
1242,01/04/2026,IT6789,515.81,EUR,transfer
1243,08/05/2026,IT3456,-673.31,EUR,transfer
1244,03/04/2026,IT2345,-1113.54,EUR,withdrawal
1245,01/04/2026,IT4567,-1399.09,EUR,withdrawal
1246,03/02/2026,IT1234,4901.23,EUR,deposit
1247,01/02/2026,IT5678,-1997.08,EUR,withdrawal
1248,09/01/2026,IT3456,702.75,EUR,transfer
1249,09/02/2026,IT5678,53.37,EUR,deposit
1250,21/04/2026,IT3456,-142.19,EUR,withdrawal
1251,03/05/2026,IT3456,-1375.65,EUR,withdrawal
1252,21/01/2026,IT2345,-325.09,EUR,transfer
1253,10/02/2026,IT8901,-1231.49,EUR,withdrawal
1254,05/05/2026,IT1234,811.2,EUR,deposit
1255,03/04/2026,IT6789,995.54,EUR,transfer
1256,25/03/2026,IT1234,3714.19,EUR,deposit
1257,11/05/2026,IT8901,1310.71,EUR,deposit
1258,27/02/2026,IT3456,-1287.19,EUR,withdrawal
1259,03/01/2026,IT6789,2183.16,EUR,deposit
1260,18/03/2026,IT1234,4410.46,EUR,deposit
1261,20/02/2026,IT2345,-680.46,EUR,transfer
1262,17/02/2026,IT6789,1671.21,EUR,deposit
1263,13/05/2026,IT6789,-963.45,EUR,withdrawal
1264,22/02/2026,IT5678,-1944.08,EUR,withdrawal
1265,04/03/2026,IT2345,-1030.85,EUR,withdrawal
1266,15/03/2026,IT7890,-1399.2,EUR,withdrawal
1267,22/04/2026,IT2345,386.24,EUR,transfer
1268,31/05/2026,IT8901,4385.16,EUR,deposit
1269,12/05/2026,IT4567,-530.87,EUR,withdrawal
1270,01/04/2026,IT1234,3046.18,EUR,deposit
1271,16/03/2026,IT2345,3806.76,EUR,deposit
1272,05/02/2026,IT3456,1388.34,EUR,deposit
1273,30/04/2026,IT1234,-1904.04,EUR,withdrawal
1274,15/02/2026,IT4567,908.04,EUR,deposit
1275,10/04/2026,IT8901,-515.42,EUR,transfer
1276,09/02/2026,IT1234,610.69,EUR,transfer
1277,19/04/2026,IT6789,308.08,EUR,transfer
1278,27/03/2026,IT2345,-1990.42,EUR,withdrawal
1279,09/01/2026,IT5678,2999.54,EUR,deposit
1280,12/03/2026,IT7890,4258.6,EUR,deposit
1281,31/05/2026,IT4567,-846.38,EUR,transfer
1282,03/01/2026,IT7890,1467.61,EUR,deposit
1283,19/02/2026,IT5678,2651.91,EUR,deposit
1284,10/03/2026,IT8901,1194.45,EUR,transfer
1285,18/02/2026,IT6789,-819.73,EUR,withdrawal
1286,02/03/2026,IT3456,2764.52,EUR,deposit
1287,04/05/2026,IT6789,3061.87,EUR,deposit
1288,12/04/2026,IT2345,4622.27,EUR,deposit
1289,28/03/2026,IT7890,204.2,EUR,transfer
1290,09/01/2026,IT5678,244.71,EUR,transfer
1291,14/02/2026,IT7890,-1430.07,EUR,transfer
1292,30/01/2026,IT6789,1392.73,EUR,transfer
1293,27/05/2026,IT7890,-118.57,EUR,withdrawal
1294,20/05/2026,IT1234,1333.66,EUR,deposit
1295,31/01/2026,IT2345,-447.89,EUR,withdrawal
1296,10/02/2026,IT4567,-1813.35,EUR,withdrawal
1297,08/05/2026,IT1234,590.67,EUR,deposit
1298,21/02/2026,IT1234,-1449.89,EUR,withdrawal
1299,13/01/2026,IT8901,229.85,EUR,transfer
1300,10/01/2026,IT1234,2350.26,EUR,deposit
1301,20/03/2026,IT2345,1171.97,EUR,deposit
1302,24/01/2026,IT8901,1039.44,EUR,transfer
1303,08/03/2026,IT3456,-684.4,EUR,withdrawal
1304,01/03/2026,IT5678,-1691.16,EUR,withdrawal
1305,12/02/2026,IT2345,-1588.41,EUR,withdrawal
1306,17/05/2026,IT3456,2835.95,EUR,deposit
1307,07/02/2026,IT2345,2856.45,EUR,deposit
1308,27/02/2026,IT2345,2667.28,EUR,deposit
1309,25/02/2026,IT2345,-634.17,EUR,withdrawal
1310,20/03/2026,IT7890,-740.51,EUR,withdrawal
1311,15/02/2026,IT5678,2139.8,EUR,deposit
1312,23/01/2026,IT8901,-32.14,EUR,transfer
1313,10/01/2026,IT8901,3054.1,EUR,deposit
1314,27/01/2026,IT7890,2605.74,EUR,deposit
1315,19/05/2026,IT7890,-879.14,EUR,transfer
1316,01/01/2026,IT1234,-1139.13,EUR,withdrawal
1317,16/02/2026,IT7890,4141.34,EUR,deposit
1318,02/02/2026,IT4567,-1307.55,EUR,withdrawal
1319,11/03/2026,IT3456,-1747.91,EUR,withdrawal
1320,17/02/2026,IT8901,-498.87,EUR,withdrawal
1321,17/04/2026,IT8901,3318.76,EUR,deposit
1322,19/02/2026,IT1234,-905.92,EUR,withdrawal
1323,22/01/2026,IT4567,2942.69,EUR,deposit
1324,11/03/2026,IT4567,2565.14,EUR,deposit
1325,28/05/2026,IT3456,-664.25,EUR,transfer
1326,05/05/2026,IT7890,1029.27,EUR,transfer
1327,08/03/2026,IT5678,-601.57,EUR,transfer
1328,11/04/2026,IT8901,1063.51,EUR,transfer
1329,30/04/2026,IT6789,-250.34,EUR,transfer
1330,30/03/2026,IT7890,-293.14,EUR,withdrawal
1331,21/02/2026,IT5678,-567.27,EUR,withdrawal
1332,24/01/2026,IT4567,1236.03,EUR,deposit
1333,24/04/2026,IT3456,3868.9,EUR,deposit
1334,12/01/2026,IT1234,-506.41,EUR,withdrawal
1335,13/02/2026,IT2345,3382.06,EUR,deposit
1336,15/02/2026,IT8901,3950.92,EUR,deposit
1337,22/05/2026,IT8901,1502.42,EUR,deposit
1338,04/01/2026,IT6789,2759.46,EUR,deposit
1339,08/04/2026,IT4567,3345.87,EUR,deposit
1340,10/02/2026,IT4567,-1543.34,EUR,withdrawal
1341,20/01/2026,IT6789,774.35,EUR,deposit
1342,16/01/2026,IT7890,-270.01,EUR,withdrawal
1343,08/02/2026,IT1234,-954.58,EUR,withdrawal
1344,31/01/2026,IT5678,958.32,EUR,transfer
1345,20/03/2026,IT4567,23%02))12,EUR,deposit
1346,09/02/2026,IT1234,2668.84,EUR,deposit
1347,15/05/2026,IT3456,-185.46,EUR,transfer
1348,21/01/2026,IT5678,-1869.75,EUR,withdrawal
1349,24/02/2026,IT6789,-1740.7,EUR,withdrawal
1350,30/05/2026,IT2345,-1340.28,EUR,withdrawal
1351,02/01/2026,IT3456,2726.88,EUR,deposit
1352,03/05/2026,IT6789,-849.1,EUR,transfer
1353,07/04/2026,IT3456,-217.42,EUR,withdrawal
1354,09/03/2026,IT3456,-941.43,EUR,withdrawal
1355,13/01/2026,IT7890,-1035.75,EUR,withdrawal
1356,16/05/2026,IT5678,2252.1,EUR,deposit
1357,25/03/2026,IT1234,122.96,EUR,transfer
1358,16/03/2026,IT1234,-1679.58,EUR,withdrawal
1359,01/01/1750,IT8901,-933.58,EUR,transfer
1360,26/01/2026,IT7890,-46.77,EUR,transfer
1361,14/05/2026,IT4567,656.88,EUR,deposit
1362,05/03/2026,IT3456,1469.13,EUR,deposit
1363,08/05/2026,IT4567,3185.86,EUR,deposit
1364,14/03/2026,IT1234,529.89,EUR,deposit
1365,18/04/2026,IT7890,-1063.59,EUR,withdrawal
1366,25/02/2026,IT4567,-490.99,EUR,transfer
1367,19/01/2026,IT7890,-823.15,EUR,transfer
1368,24/02/2026,IT5678,593.24,EUR,deposit
1369,11/05/2026,IT3456,4129.59,EUR,deposit
1370,24/01/2026,IT8901,-811.33,EUR,withdrawal
1371,16/03/2026,IT3456,-119.73,EUR,withdrawal
1372,19/02/2026,IT3456,13.41,EUR,transfer
1373,14/05/2026,IT7890,258.62,EUR,transfer
1374,25/01/2026,IT6789,-1487.1,EUR,transfer
1375,11/03/2026,IT7890,4495.91,EUR,deposit
1376,29/05/2026,IT6789,4264.91,EUR,deposit
1377,19/04/2026,IT5678,-342.66,EUR,transfer
1378,11/03/2026,IT7890,-1045.0,EUR,transfer
1379,16/03/2026,IT7890,2852.55,EUR,deposit
1380,04/02/2026,IT8901,-309.06,EUR,withdrawal
1381,10/03/2026,IT3456,4420.79,EUR,deposit
1382,20/04/2026,IT4567,-464.13,EUR,withdrawal
1383,05/04/2026,IT6789,-336.0,EUR,withdrawal
1384,18/01/2026,IT2345,-1327.62,EUR,withdrawal
1385,16/03/2026,IT7890,1184.59,EUR,transfer
1386,10/01/2026,IT8901,3282.75,EUR,deposit
1387,28/03/2026,IT6789,963.61,EUR,transfer
1388,18/05/2026,IT2345,1380.19,EUR,transfer
1389,12/05/2026,IT1234,2357.2,EUR,deposit
1390,23/02/2026,IT5678,-85.86,EUR,transfer
1391,24/01/2026,IT1234,3266.01,EUR,deposit
1392,15/04/2026,IT6789,530.59,EUR,deposit
1393,23/01/2026,IT6789,-1238.19,EUR,transfer
1394,11/04/2026,IT6789,-1142.69,EUR,withdrawal
1395,01/02/2026,IT5678,1224.74,EUR,transfer
1396,31/01/2026,IT5678,4668.47,EUR,deposit
1397,07/04/2026,IT6789,2631.62,EUR,deposit
1398,16/01/2026,IT4567,-24.09,EUR,withdrawal
1399,26/05/2026,IT3456,1296.08,EUR,transfer
1400,21/03/2026,IT7890,-695.11,EUR,withdrawal
1401,10/05/2026,IT8901,2212.76,EUR,deposit
1402,06/05/2026,IT1234,1397.93,EUR,deposit
1403,28/02/2026,IT2345,-370.09,EUR,withdrawal
1404,,IT7890,2782.61,EUR,deposit
1405,24/05/2026,IT3456,-1030.01,EUR,withdrawal
1406,14/01/2026,IT6789,-1104.59,EUR,withdrawal
1407,24/01/2026,IT4567,-659.26,EUR,withdrawal
1408,11/03/2026,IT8901,-283.79,EUR,transfer
1409,26/05/2026,IT2345,1023.62,EUR,deposit
1410,24/05/2026,IT2345,-0.65,EUR,transfer
1411,05/03/2026,IT5678,3104.78,EUR,deposit
1412,04/02/2026,IT6789,4123.92,EUR,deposit
1413,14/04/2026,IT8901,258.71,EUR,transfer
1414,31/01/2026,IT4567,23%02))12,EUR,withdrawal
1415,23/04/2026,IT7890,1056.27,EUR,transfer
1416,29/01/2026,IT2345,2355.52,EUR,deposit
1417,08/01/2026,IT5678,116.84,EUR,deposit
1418,13/02/2026,IT7890,-1633.96,EUR,withdrawal
1419,14/01/2026,IT4567,946.75,EUR,transfer
1420,24/03/2026,IT5678,3127.29,EUR,deposit
1421,24/01/2026,IT5678,-413.54,EUR,transfer
1422,12/05/2026,IT2345,23%02))12,EUR,transfer
1423,02/04/2026,IT4567,-1861.08,EUR,withdrawal
1424,22/04/2026,IT1234,-303.76,EUR,transfer
1425,04/04/2026,IT5678,2564.66,EUR,deposit
1426,23/02/2026,IT4567,991.37,EUR,transfer
1427,16/02/2026,IT2345,1428.89,EUR,transfer
1428,22/04/2026,IT4567,1447.06,EUR,transfer
1429,22/01/2026,IT6789,2763.93,EUR,deposit
1430,01/01/2026,IT4567,246.41,EUR,transfer
1431,23/01/2026,IT6789,4890.43,EUR,deposit
1432,30/04/2026,IT2345,456.32,EUR,transfer
1433,06/05/2026,IT1234,-916.07,EUR,withdrawal
1434,19/01/2026,IT7890,-602.85,EUR,withdrawal
1435,03/04/2026,IT6789,1023.52,EUR,transfer
1436,01/01/1750,IT2345,-1432.32,EUR,withdrawal
1437,11/01/2026,IT2345,3271.74,EUR,deposit
1438,30/05/2026,IT7890,893.31,EUR,transfer
1439,16/05/2026,IT3456,523.06,EUR,deposit
1440,05/02/2026,IT6789,-183.68,EUR,transfer
1441,15/03/2026,IT4567,-1837.19,EUR,withdrawal
1442,16/05/2026,IT8901,-186.54,EUR,transfer
1443,17/04/2026,IT5678,2782.6,EUR,deposit
1444,30/03/2026,IT1234,1497.07,EUR,transfer
1445,11/02/2026,IT3456,3761.13,EUR,deposit
1446,16/03/2026,IT3456,-1158.36,EUR,transfer
1447,22/01/2026,IT6789,-1955.2,EUR,withdrawal
1448,19/01/2026,IT5678,-378.36,EUR,withdrawal
1449,23/01/2026,IT8901,65.67,EUR,transfer
1450,11/04/2026,IT6789,-747.8,EUR,withdrawal
1451,30/03/2026,IT3456,165.85,EUR,transfer
1452,17/03/2026,IT6789,3067.42,EUR,deposit
1453,19/04/2026,IT1234,1514.33,EUR,deposit
1454,26/03/2026,IT1234,876.76,EUR,deposit
1455,23/02/2026,IT6789,-1592.79,EUR,withdrawal
1456,12/01/2026,IT7890,-362.6,EUR,withdrawal
1457,01/03/2026,IT7890,1715.66,EUR,deposit
1458,07/03/2026,IT5678,-1451.28,EUR,withdrawal
1459,04/03/2026,IT8901,178.68,EUR,transfer
1460,12/01/2026,IT4567,1437.86,EUR,transfer
1461,11/05/2026,IT5678,3643.5,EUR,deposit
1462,13/01/2026,IT2345,-50.82,EUR,withdrawal
1463,18/04/2026,IT7890,3430.91,EUR,deposit
1464,06/04/2026,IT1234,-172.17,EUR,transfer
1465,02/05/2026,IT3456,3897.14,EUR,deposit
1466,12/04/2026,IT4567,1270.46,EUR,transfer
1467,04/02/2026,IT6789,-943.45,EUR,withdrawal
1468,05/03/2026,IT8901,275.99,EUR,deposit
1469,22/04/2026,IT1234,-507.4,EUR,transfer
1470,18/05/2026,IT6789,-894.68,EUR,transfer
1471,28/05/2026,IT4567,-44.82,EUR,transfer
1472,17/05/2026,IT8901,840.13,EUR,deposit
1473,16/01/2026,IT3456,4225.02,EUR,deposit
1474,27/04/2026,IT4567,-799.7,EUR,withdrawal
1475,11/05/2026,IT4567,-691.41,EUR,withdrawal
1476,16/03/2026,IT8901,786.9,EUR,transfer
1477,27/01/2026,IT4567,-110.17,EUR,transfer
1478,06/04/2026,IT1234,404.26,EUR,deposit
1479,25/03/2026,IT3456,-223.09,EUR,transfer
1480,11/02/2026,IT6789,1302.28,EUR,deposit
1481,07/05/2026,IT7890,-467.07,EUR,withdrawal
1482,28/02/2026,IT4567,2057.34,EUR,deposit
1483,08/02/2026,IT7890,-167.2,EUR,withdrawal
1484,21/03/2026,IT7890,-1036.55,EUR,transfer
1485,21/02/2026,IT3456,3733.28,EUR,deposit
1486,25/02/2026,IT5678,1041.36,EUR,deposit
1487,16/05/2026,IT4567,-1355.55,EUR,withdrawal
1488,09/04/2026,IT2345,-415.88,EUR,withdrawal
1489,12/05/2026,IT2345,4964.25,EUR,deposit
1490,03/04/2026,IT7890,-1252.7,EUR,transfer
1491,30/04/2026,IT6789,291.6,EUR,transfer
1492,29/03/2026,IT4567,-507.8,EUR,transfer
1493,21/05/2026,IT7890,2814.62,EUR,deposit
1494,12/04/2026,IT1234,4418.55,EUR,deposit
1495,25/03/2026,IT8901,-688.71,EUR,withdrawal
1496,20/05/2026,IT2345,-1639.08,EUR,withdrawal
1497,26/03/2026,IT6789,2430.23,EUR,deposit
1498,07/05/2026,IT1234,-556.19,EUR,withdrawal
1499,26/05/2026,IT3456,-676.24,EUR,withdrawal
1500,11/05/2026,IT7890,2049.53,EUR,deposit
1501,29/03/2026,IT3456,1533.21,EUR,deposit
1502,05/04/2026,IT5678,962.37,EUR,transfer
1503,09/03/2026,IT3456,1261.37,EUR,transfer
1504,19/04/2026,IT7890,1088.32,EUR,deposit
1505,02/05/2026,IT7890,564.14,EUR,transfer
1506,18/03/2026,IT2345,-1145.21,EUR,withdrawal
1507,11/03/2026,IT8901,-50.02,EUR,transfer
1508,16/04/2026,IT8901,1181.32,EUR,transfer
1509,10/02/2026,IT3456,-1699.28,EUR,withdrawal
1510,19/01/2026,IT1234,1401.73,EUR,transfer
1511,16/02/2026,IT4567,951.77,EUR,transfer
1512,02/05/2026,IT2345,1592.58,EUR,deposit
1513,11/01/2026,IT2345,-1803.0,EUR,withdrawal
1514,17/02/2026,IT7890,950.84,EUR,deposit
1515,02/05/2026,IT3456,-1428.51,EUR,withdrawal
1516,14/05/2026,IT1234,-783.57,EUR,transfer
1517,15/02/2026,IT6789,-1758.57,EUR,withdrawal
1518,14/01/2026,IT7890,493.15,EUR,deposit
1519,27/04/2026,IT2345,-1318.27,EUR,withdrawal
1520,19/03/2026,IT3456,149.95,EUR,deposit
1521,12/04/2026,IT2345,256.38,EUR,deposit
1522,12/01/2026,IT5678,-928.04,EUR,transfer
1523,29/01/2026,IT8901,-226.24,EUR,transfer
1524,12/04/2026,IT1234,4825.07,EUR,deposit
1525,24/05/2026,IT7890,2612.56,EUR,deposit
1526,16/02/2026,IT3456,4677.68,EUR,deposit
1527,13/03/2026,IT1234,-223.18,EUR,withdrawal
1528,15/04/2026,IT2345,-1575.41,EUR,withdrawal
1529,23/03/2026,IT5678,4996.53,EUR,deposit
1530,01/05/2026,IT7890,3297.54,EUR,deposit
1531,29/05/2026,IT1234,2698.66,EUR,deposit
1532,08/05/2026,IT8901,2687.67,EUR,deposit
1533,04/05/2026,IT2345,267.54,EUR,transfer
1534,26/04/2026,IT1234,-874.49,EUR,withdrawal
1535,27/04/2026,IT2345,949.87,EUR,deposit
1536,20/02/2026,IT5678,1013.56,EUR,transfer
1537,19/04/2026,IT2345,-690.72,EUR,withdrawal
1538,28/02/2026,IT7890,4012.68,EUR,deposit
1539,06/02/2026,IT7890,-1410.96,EUR,withdrawal
1540,15/02/2026,IT5678,1456.47,EUR,transfer
1541,05/04/2026,IT4567,-1493.24,EUR,withdrawal
1542,08/01/2026,IT5678,357.16,EUR,transfer
1543,07/04/2026,IT7890,4183.83,EUR,deposit
1544,27/04/2026,IT8901,-624.61,EUR,transfer
1545,20/01/2026,IT8901,933.9,EUR,transfer
1546,19/04/2026,IT8901,53.95,EUR,deposit
1547,12/04/2026,IT6789,-88.74,EUR,transfer
1548,23/04/2026,IT2345,716.16,EUR,transfer
1549,24/02/2026,IT8901,-1405.41,EUR,withdrawal
1550,08/02/2026,IT2345,-1278.61,EUR,withdrawal
1551,31/03/2026,IT2345,3955.51,EUR,deposit
1552,12/02/2026,IT8901,-208.59,EUR,transfer
1553,15/05/2026,IT1234,-923.85,EUR,withdrawal
1554,25/03/2026,IT8901,-166.78,EUR,withdrawal
1555,18/03/2026,IT2345,-505.56,EUR,withdrawal
1556,01/01/1750,IT8901,454.25,EUR,transfer
1557,27/02/2026,IT4567,-504.28,EUR,withdrawal
1558,30/04/2026,IT4567,-1441.58,EUR,transfer
1559,19/02/2026,IT6789,303.39,EUR,transfer
1560,16/04/2026,IT5678,955.6,EUR,transfer
1561,20/01/2026,IT8901,3261.56,EUR,deposit
1562,18/03/2026,IT6789,4536.61,EUR,deposit
1563,16/05/2026,IT3456,-83.04,EUR,withdrawal
1564,05/03/2026,IT2345,-1428.18,EUR,transfer
1565,20/02/2026,IT8901,534.43,EUR,transfer
1566,02/04/2026,IT1234,-542.59,EUR,transfer
1567,23/04/2026,IT4567,-199.86,EUR,withdrawal
1568,07/05/2026,IT5678,-1580.04,EUR,withdrawal
1569,18/03/2026,IT1234,-1581.39,EUR,withdrawal
1570,07/02/2026,IT6789,-1758.17,EUR,withdrawal
1571,16/04/2026,IT3456,1399.79,EUR,transfer
1572,15/01/2026,IT4567,-1431.04,EUR,withdrawal
1573,07/02/2026,IT1234,296.01,EUR,deposit
1574,17/04/2026,IT2345,-414.61,EUR,withdrawal
1575,22/05/2026,IT3456,1275.62,EUR,deposit
1576,17/01/2026,IT6789,-710.67,EUR,withdrawal
1577,08/02/2026,IT5678,-818.14,EUR,transfer
1578,09/04/2026,IT3456,-1560.98,EUR,withdrawal
1579,01/03/2026,IT8901,1745.2,EUR,deposit
1580,13/05/2026,IT4567,-454.21,EUR,withdrawal
1581,25/02/2026,IT2345,36.61,EUR,transfer
1582,31/03/2026,IT3456,-61.22,EUR,transfer
1583,17/04/2026,IT1234,-380.37,EUR,transfer
1584,18/01/2026,IT5678,-1283.07,EUR,withdrawal
1585,25/04/2026,IT3456,3129.24,EUR,deposit
1586,10/01/2026,IT8901,2160.65,EUR,deposit
1587,14/01/2026,IT1234,1089.54,EUR,deposit
1588,28/01/2026,IT2345,-1237.02,EUR,withdrawal
1589,12/05/2026,IT6789,-1642.5,EUR,withdrawal
1590,02/01/2026,IT5678,116.47,EUR,transfer
1591,06/03/2026,IT8901,-1484.33,EUR,transfer
1592,18/04/2026,IT4567,-333.36,EUR,withdrawal
1593,26/05/2026,IT1234,-1102.04,EUR,transfer
1594,17/03/2026,IT6789,-1417.93,EUR,transfer
1595,18/03/2026,IT5678,2320.09,EUR,deposit
1596,23/03/2026,IT6789,-663.52,EUR,withdrawal
1597,01/05/2026,IT7890,1449.35,EUR,transfer
1598,10/05/2026,IT5678,-166.1,EUR,withdrawal
1599,24/02/2026,IT8901,-441.1,EUR,withdrawal
1600,10/05/2026,IT4567,1383.24,EUR,transfer
1601,09/03/2026,IT1234,-853.03,EUR,withdrawal
1602,25/02/2026,IT6789,2834.95,EUR,deposit
1603,10/04/2026,IT6789,3891.84,EUR,deposit
1604,09/03/2026,IT3456,-479.53,EUR,transfer
1605,29/04/2026,IT5678,1192.96,EUR,deposit
1606,20/05/2026,IT5678,4342.76,EUR,deposit
1607,02/01/2026,IT3456,1555.76,EUR,deposit
1608,16/01/2026,IT1234,4050.4,EUR,deposit
1609,13/04/2026,IT7890,1185.59,EUR,deposit
1610,21/02/2026,IT6789,1144.6,EUR,transfer
1611,13/04/2026,IT3456,-893.39,EUR,transfer
1612,04/01/2026,IT3456,-860.95,EUR,transfer
1613,15/03/2026,IT3456,2704.53,EUR,deposit
1614,06/04/2026,IT4567,-523.42,EUR,withdrawal
1615,17/02/2026,IT7890,835.52,EUR,deposit
1616,18/03/2026,IT1234,-604.03,EUR,withdrawal
1617,16/04/2026,IT5678,4862.18,EUR,deposit
1618,23/02/2026,IT7890,164.39,EUR,transfer
1619,11/05/2026,IT1234,3157.0,EUR,deposit
1620,19/02/2026,IT4567,2866.41,EUR,deposit
1621,12/05/2026,IT2345,-1164.45,EUR,transfer
1622,26/05/2026,IT3456,2406.91,EUR,deposit
1623,25/03/2026,IT2345,-1194.85,EUR,transfer
1624,10/01/2026,IT4567,-385.25,EUR,withdrawal
1625,22/01/2026,IT7890,-135.6,EUR,transfer
1626,14/01/2026,IT7890,-1306.76,EUR,transfer
1627,23/02/2026,IT8901,2591.52,EUR,deposit
1628,19/02/2026,IT6789,-1982.7,EUR,withdrawal
1629,08/03/2026,IT5678,-425.6,EUR,transfer
1630,12/02/2026,IT6789,-1364.74,EUR,withdrawal
1631,11/04/2026,IT4567,4627.03,EUR,deposit
1632,01/03/2026,IT7890,23%02))12,EUR,deposit
1633,15/05/2026,IT6789,-1138.01,EUR,withdrawal
1634,10/01/2026,IT1234,841.07,EUR,transfer
1635,09/01/2026,IT5678,-676.97,EUR,transfer
1636,02/03/2026,IT4567,-223.26,EUR,withdrawal
1637,08/01/2026,IT3456,-178.57,EUR,transfer
1638,17/01/2026,IT7890,1942.46,EUR,deposit
1639,15/04/2026,IT1234,-1881.55,EUR,withdrawal
1640,20/02/2026,IT7890,-643.97,EUR,transfer
1641,10/03/2026,IT8901,-272.23,EUR,withdrawal
1642,15/04/2026,IT6789,4574.47,EUR,deposit
1643,29/03/2026,IT5678,-458.67,EUR,transfer
1644,15/02/2026,IT4567,-1855.72,EUR,withdrawal
1645,26/01/2026,IT4567,-1212.96,EUR,transfer
1646,19/02/2026,IT7890,62.52,EUR,deposit
1647,21/01/2026,IT6789,-1526.0,EUR,withdrawal
1648,01/01/2026,IT4567,-490.07,EUR,transfer
1649,08/05/2026,IT3456,-1182.95,EUR,withdrawal
1650,18/05/2026,IT1234,1463.85,EUR,deposit
1651,20/05/2026,IT4567,892.18,EUR,transfer
1652,11/03/2026,IT6789,3672.39,EUR,deposit
1653,28/04/2026,IT4567,-356.43,EUR,transfer
1654,20/03/2026,IT2345,-896.68,EUR,withdrawal
1655,09/01/2026,IT5678,814.73,EUR,transfer
1656,26/03/2026,IT3456,-1735.43,EUR,withdrawal
1657,01/02/2026,IT1234,-1063.94,EUR,transfer
1658,29/03/2026,IT3456,-1088.07,EUR,withdrawal
1659,30/05/2026,IT2345,4610.72,EUR,deposit
1660,28/02/2026,IT8901,23%02))12,EUR,deposit
1661,12/03/2026,IT2345,-1625.22,EUR,withdrawal
1662,09/02/2026,IT5678,4870.14,EUR,deposit
1663,03/01/2026,IT2345,-241.67,EUR,withdrawal
1664,06/01/2026,IT4567,3925.08,EUR,deposit
1665,31/01/2026,IT3456,1604.23,EUR,deposit
1666,11/04/2026,IT3456,-1360.46,EUR,transfer
1667,05/02/2026,IT4567,-470.34,EUR,withdrawal
1668,08/03/2026,IT6789,4995.4,EUR,deposit
1669,02/04/2026,IT5678,1021.74,EUR,transfer
1670,14/02/2026,IT4567,-195.08,EUR,transfer
1671,15/01/2026,IT7890,861.28,EUR,deposit
1672,14/02/2026,IT2345,254.94,EUR,deposit
1673,13/03/2026,IT6789,-1757.2,EUR,withdrawal
1674,15/02/2026,IT5678,-512.94,EUR,withdrawal
1675,31/05/2026,IT6789,4698.93,EUR,deposit
1676,05/03/2026,IT6789,3582.39,EUR,deposit
1677,21/01/2026,IT4567,-1485.0,EUR,transfer
1678,31/03/2026,IT8901,557.76,EUR,deposit
1679,09/01/2026,IT5678,381.81,EUR,deposit
1680,17/03/2026,IT5678,-291.43,EUR,withdrawal
1681,19/05/2026,IT8901,-1280.86,EUR,transfer
1682,31/03/2026,IT2345,-1397.17,EUR,transfer
1683,09/05/2026,IT5678,-1196.66,EUR,withdrawal
1684,28/01/2026,IT2345,-661.0,EUR,withdrawal
1685,24/04/2026,IT6789,23%02))12,EUR,transfer
1686,20/05/2026,IT5678,-574.92,EUR,transfer
1687,23/03/2026,IT8901,-285.72,EUR,transfer
1688,19/01/2026,IT1234,-1239.24,EUR,withdrawal
1689,07/05/2026,IT1234,1182.38,EUR,transfer
1690,23/05/2026,IT7890,2906.25,EUR,deposit
1691,23/04/2026,IT1234,-1989.37,EUR,withdrawal
1692,08/03/2026,IT7890,-1377.11,EUR,withdrawal
1693,30/05/2026,IT3456,3202.56,EUR,deposit
1694,08/01/2026,IT3456,-829.35,EUR,withdrawal
1695,16/03/2026,IT2345,4839.19,EUR,deposit
1696,23/04/2026,IT3456,-930.5,EUR,withdrawal
1697,05/01/2026,IT3456,-1473.9,EUR,withdrawal
1698,17/02/2026,IT4567,-1118.92,EUR,transfer
1699,05/03/2026,IT3456,-216.79,EUR,withdrawal
1700,09/04/2026,IT4567,-1168.2,EUR,transfer
1701,19/03/2026,IT2345,1362.89,EUR,deposit
1702,17/02/2026,IT2345,843.25,EUR,deposit
1703,29/03/2026,IT7890,-814.94,EUR,transfer
1704,19/02/2026,IT3456,-911.15,EUR,withdrawal
1705,23/03/2026,IT8901,-290.59,EUR,withdrawal
1706,16/03/2026,IT2345,-367.52,EUR,withdrawal
1707,02/03/2026,IT8901,-1515.66,EUR,withdrawal
1708,26/03/2026,IT7890,-450.76,EUR,transfer
1709,11/01/2026,IT4567,-1479.9,EUR,withdrawal
1710,01/03/2026,IT2345,1188.27,EUR,transfer
1711,22/04/2026,IT4567,-1442.26,EUR,withdrawal
1712,27/03/2026,IT1234,-1186.77,EUR,withdrawal
1713,14/05/2026,IT1234,3809.3,EUR,deposit
1714,30/03/2026,IT7890,232.21,EUR,transfer
1715,31/03/2026,IT5678,-1909.94,EUR,withdrawal
1716,24/03/2026,IT8901,-1842.92,EUR,withdrawal
1717,28/03/2026,IT6789,1384.28,EUR,transfer
1718,10/05/2026,IT6789,-1117.48,EUR,withdrawal
1719,22/04/2026,IT2345,2563.04,EUR,deposit
1720,31/01/2026,IT4567,-1278.45,EUR,withdrawal
1721,16/05/2026,IT8901,4337.53,EUR,deposit
1722,13/02/2026,IT1234,1395.48,EUR,deposit
1723,26/01/2026,IT7890,144.63,EUR,deposit
1724,06/01/2026,IT3456,-1018.57,EUR,withdrawal
1725,30/05/2026,IT6789,629.1,EUR,transfer
1726,18/04/2026,IT5678,2605.63,EUR,deposit
1727,05/05/2026,IT3456,1127.61,EUR,transfer
1728,29/01/2026,IT8901,-1709.6,EUR,withdrawal
1729,21/01/2026,IT5678,-1167.67,EUR,withdrawal
1730,27/05/2026,IT2345,-991.81,EUR,withdrawal
1731,24/05/2026,IT5678,-1358.89,EUR,transfer
1732,10/05/2026,IT1234,4226.44,EUR,deposit
1733,06/02/2026,IT2345,-1040.26,EUR,transfer
1734,25/04/2026,IT4567,-363.88,EUR,transfer
1735,19/04/2026,IT2345,-1151.61,EUR,withdrawal
1736,19/04/2026,IT2345,-497.29,EUR,transfer
1737,26/02/2026,IT6789,-1272.23,EUR,withdrawal
1738,09/04/2026,IT6789,675.55,EUR,deposit
1739,30/05/2026,IT3456,-53.17,EUR,withdrawal
1740,11/05/2026,IT6789,289.53,EUR,transfer
1741,20/02/2026,IT5678,23%02))12,EUR,withdrawal
1742,15/04/2026,IT2345,2070.83,EUR,deposit
1743,01/01/1750,IT3456,-350.45,EUR,withdrawal
1744,25/02/2026,IT5678,1329.54,EUR,deposit
1745,03/02/2026,IT2345,-1134.02,EUR,transfer
1746,18/05/2026,IT6789,-1159.97,EUR,transfer
1747,20/05/2026,IT7890,3182.94,EUR,deposit
1748,10/03/2026,IT8901,3453.46,EUR,deposit
1749,11/05/2026,IT4567,4181.99,EUR,deposit
1750,18/04/2026,IT3456,271.62,EUR,transfer
1751,04/05/2026,IT8901,-204.41,EUR,transfer
1752,04/01/2026,IT2345,1284.27,EUR,transfer
1753,17/02/2026,IT3456,-1819.17,EUR,withdrawal
1754,12/03/2026,IT6789,-973.56,EUR,transfer
1755,20/02/2026,IT4567,405.76,EUR,deposit
1756,08/01/2026,IT6789,-1825.09,EUR,withdrawal
1757,16/03/2026,IT5678,-392.29,EUR,withdrawal
1758,22/04/2026,IT8901,2118.9,EUR,deposit
1759,26/04/2026,IT7890,1475.44,EUR,transfer
1760,21/02/2026,IT3456,-393.85,EUR,withdrawal
1761,22/04/2026,IT2345,-1182.07,EUR,transfer
1762,24/02/2026,IT3456,611.27,EUR,transfer
1763,02/04/2026,IT4567,1092.51,EUR,transfer
1764,28/04/2026,IT5678,-1478.58,EUR,withdrawal
1765,21/01/2026,IT3456,-727.76,EUR,transfer
1766,10/04/2026,IT6789,-1116.16,EUR,withdrawal
1767,17/04/2026,IT1234,-964.52,EUR,transfer
1768,01/02/2026,IT2345,3378.06,EUR,deposit
1769,03/02/2026,IT7890,-66.23,EUR,withdrawal
1770,18/03/2026,IT2345,2105.83,EUR,deposit
1771,02/03/2026,IT6789,-483.78,EUR,transfer
1772,20/04/2026,IT6789,4360.8,EUR,deposit
1773,22/03/2026,IT8901,3393.68,EUR,deposit
1774,04/04/2026,IT8901,-931.2,EUR,transfer
1775,06/01/2026,IT5678,-1215.08,EUR,transfer
1776,23/03/2026,IT3456,2030.64,EUR,deposit
1777,15/03/2026,IT6789,3936.11,EUR,deposit
1778,16/02/2026,IT1234,4251.02,EUR,deposit
1779,01/03/2026,IT3456,3003.0,EUR,deposit
1780,24/04/2026,IT8901,-1561.67,EUR,withdrawal
1781,30/04/2026,IT3456,-425.31,EUR,transfer
1782,18/01/2026,IT6789,3298.05,EUR,deposit
1783,30/05/2026,IT6789,595.04,EUR,transfer
1784,02/03/2026,IT1234,1636.76,EUR,deposit
1785,21/05/2026,IT2345,-1361.18,EUR,withdrawal
1786,17/04/2026,IT2345,-815.21,EUR,transfer
1787,12/03/2026,IT4567,4570.81,EUR,deposit
1788,17/05/2026,IT3456,644.39,EUR,deposit
1789,28/01/2026,IT7890,-337.37,EUR,withdrawal
1790,03/05/2026,IT5678,1505.4,EUR,deposit
1791,18/05/2026,IT8901,3376.86,EUR,deposit
1792,02/01/2026,IT4567,1989.24,EUR,deposit
1793,18/03/2026,IT4567,-1481.35,EUR,withdrawal
1794,19/04/2026,IT3456,-57.06,EUR,withdrawal
1795,08/02/2026,IT7890,-1086.5,EUR,withdrawal
1796,01/05/2026,IT4567,-881.08,EUR,transfer
1797,18/02/2026,IT7890,-1905.07,EUR,withdrawal
1798,23/02/2026,IT7890,-1181.83,EUR,withdrawal
1799,12/03/2026,IT3456,-1912.63,EUR,withdrawal
1800,01/02/2026,IT5678,1085.94,EUR,deposit
1801,09/05/2026,IT5678,1105.47,EUR,transfer
1802,04/04/2026,IT8901,294.79,EUR,transfer
1803,21/05/2026,IT1234,-405.33,EUR,transfer
1804,25/05/2026,IT1234,2856.35,EUR,deposit
1805,13/05/2026,IT4567,-1952.09,EUR,withdrawal
1806,28/04/2026,IT1234,-970.59,EUR,withdrawal
1807,23/04/2026,IT7890,23%02))12,EUR,deposit
1808,30/04/2026,IT3456,-876.31,EUR,transfer
1809,24/02/2026,IT4567,-579.67,EUR,withdrawal
1810,05/03/2026,IT7890,1337.57,EUR,transfer
1811,26/05/2026,IT6789,2966.84,EUR,deposit
1812,05/02/2026,IT1234,-148.98,EUR,withdrawal
1813,16/04/2026,IT3456,4140.83,EUR,deposit
1814,09/02/2026,IT5678,3444.64,EUR,deposit
1815,07/05/2026,IT4567,3958.64,EUR,deposit
1816,15/02/2026,IT2345,-1031.68,EUR,withdrawal
1817,16/02/2026,IT7890,-258.08,EUR,withdrawal
1818,25/03/2026,IT3456,428.46,EUR,deposit
1819,18/05/2026,IT1234,1330.49,EUR,transfer
1820,09/04/2026,IT5678,362.37,EUR,transfer
1821,23/01/2026,IT2345,-96.91,EUR,withdrawal
1822,17/04/2026,IT7890,23%02))12,EUR,withdrawal
1823,31/01/2026,IT8901,-1269.62,EUR,transfer
1824,05/01/2026,IT8901,1092.16,EUR,transfer
1825,24/02/2026,IT7890,1483.49,EUR,transfer
1826,19/05/2026,IT7890,738.15,EUR,transfer
1827,23/03/2026,IT5678,711.64,EUR,deposit
1828,08/05/2026,IT2345,3839.29,EUR,deposit
1829,27/03/2026,IT5678,-763.08,EUR,transfer
1830,06/03/2026,IT2345,-705.87,EUR,transfer
1831,27/05/2026,IT3456,1176.5,EUR,transfer
1832,20/03/2026,IT2345,-853.87,EUR,withdrawal
1833,22/01/2026,IT8901,-951.36,EUR,withdrawal
1834,23/03/2026,IT2345,-1244.91,EUR,withdrawal
1835,25/02/2026,IT3456,-650.06,EUR,transfer
1836,18/03/2026,IT4567,495.66,EUR,transfer
1837,16/04/2026,IT2345,1144.58,EUR,transfer
1838,22/05/2026,IT5678,4132.3,EUR,deposit
1839,01/04/2026,IT8901,-1171.8,EUR,transfer
1840,15/01/2026,IT2345,1193.28,EUR,transfer
1841,01/01/1750,IT4567,-892.97,EUR,withdrawal
1842,08/01/2026,IT1234,-1657.33,EUR,withdrawal
1843,20/04/2026,IT1234,3825.08,EUR,deposit
1844,25/03/2026,IT2345,1158.32,EUR,deposit
1845,15/01/2026,IT3456,1949.15,EUR,deposit
1846,07/05/2026,IT6789,-1811.39,EUR,withdrawal
1847,20/04/2026,IT7890,2851.22,EUR,deposit
1848,07/02/2026,IT6789,1032.38,EUR,deposit
1849,13/01/2026,IT1234,767.35,EUR,deposit
1850,22/04/2026,IT5678,-1457.24,EUR,withdrawal
1851,29/03/2026,IT5678,258.42,EUR,transfer
1852,04/05/2026,IT1234,110.18,EUR,deposit
1853,23/03/2026,IT7890,-1118.22,EUR,withdrawal
1854,24/03/2026,IT2345,-1510.02,EUR,withdrawal
1855,08/02/2026,IT4567,167.16,EUR,transfer
1856,24/01/2026,IT2345,-435.94,EUR,withdrawal
1857,23/02/2026,IT4567,452.39,EUR,deposit
1858,25/05/2026,IT4567,-1605.06,EUR,withdrawal
1859,13/05/2026,IT6789,-1200.81,EUR,transfer
1860,24/04/2026,IT5678,1321.29,EUR,transfer
1861,12/05/2026,IT5678,10.32,EUR,transfer
1862,27/02/2026,IT2345,1024.34,EUR,deposit
1863,19/04/2026,IT6789,-573.32,EUR,withdrawal
1864,28/01/2026,IT4567,940.25,EUR,transfer
1865,09/03/2026,IT1234,-1056.28,EUR,transfer
1866,26/05/2026,IT7890,3895.21,EUR,deposit
1867,02/01/2026,IT1234,-314.03,EUR,withdrawal
1868,16/03/2026,IT7890,1151.86,EUR,transfer
1869,05/03/2026,IT7890,1162.17,EUR,deposit
1870,06/05/2026,IT8901,4286.59,EUR,deposit
1871,14/02/2026,IT7890,-242.49,EUR,withdrawal
1872,21/02/2026,IT8901,-186.48,EUR,transfer
1873,22/01/2026,IT5678,-840.52,EUR,withdrawal
1874,24/03/2026,IT4567,-1271.54,EUR,withdrawal
1875,23/05/2026,IT1234,-787.16,EUR,transfer
1876,07/05/2026,IT7890,792.97,EUR,transfer
1877,12/02/2026,IT4567,1311.28,EUR,transfer
1878,15/03/2026,IT2345,1205.2,EUR,transfer
1879,28/02/2026,IT4567,776.55,EUR,transfer
1880,05/04/2026,IT7890,-545.87,EUR,withdrawal
1881,02/03/2026,IT2345,350.57,EUR,transfer
1882,11/04/2026,IT3456,-352.46,EUR,transfer
1883,22/05/2026,IT8901,532.97,EUR,transfer
1884,04/03/2026,IT3456,-1706.85,EUR,withdrawal
1885,28/01/2026,IT7890,-1810.2,EUR,withdrawal
1886,11/05/2026,IT5678,4742.39,EUR,deposit
1887,10/03/2026,IT1234,-1403.13,EUR,withdrawal
1888,29/05/2026,IT1234,-711.07,EUR,withdrawal
1889,03/02/2026,IT4567,1993.39,EUR,deposit
1890,10/02/2026,IT7890,-185.28,EUR,withdrawal
1891,08/05/2026,IT4567,-1833.01,EUR,withdrawal
1892,10/04/2026,IT3456,-41.4,EUR,withdrawal
1893,03/05/2026,IT7890,516.8,EUR,transfer
1894,16/02/2026,IT4567,-1582.14,EUR,withdrawal
1895,22/02/2026,IT4567,-985.51,EUR,transfer
1896,31/03/2026,IT2345,-1707.06,EUR,withdrawal
1897,07/03/2026,IT4567,3653.03,EUR,deposit
1898,29/04/2026,IT4567,-704.22,EUR,transfer
1899,05/02/2026,IT2345,-89.81,EUR,transfer
1900,11/01/2026,IT8901,-1275.64,EUR,withdrawal
1901,27/05/2026,IT6789,2315.89,EUR,deposit
1902,04/02/2026,IT1234,266.92,EUR,deposit
1903,25/01/2026,IT3456,4060.69,EUR,deposit
1904,04/02/2026,IT5678,-1522.4,EUR,withdrawal
1905,07/03/2026,IT6789,324.11,EUR,deposit
1906,02/05/2026,IT2345,-1287.74,EUR,withdrawal
1907,15/05/2026,IT4567,-765.08,EUR,withdrawal
1908,12/01/2026,IT3456,-937.41,EUR,withdrawal
1909,15/04/2026,IT2345,-727.81,EUR,transfer
1910,31/03/2026,IT3456,23%02))12,EUR,transfer
1911,28/05/2026,IT4567,4897.92,EUR,deposit
1912,27/03/2026,IT8901,1897.44,EUR,deposit
1913,22/05/2026,IT6789,3278.8,EUR,deposit
1914,02/03/2026,IT4567,880.48,EUR,transfer
1915,28/03/2026,IT7890,-17.37,EUR,transfer
1916,13/01/2026,IT5678,356.82,EUR,transfer
1917,05/02/2026,IT4567,-354.38,EUR,withdrawal
1918,08/01/2026,IT7890,1924.8,EUR,deposit
1919,02/01/2026,IT2345,-1936.21,EUR,withdrawal
1920,05/01/2026,IT3456,3595.44,EUR,deposit
1921,28/05/2026,IT4567,1706.39,EUR,deposit
1922,11/03/2026,IT4567,-933.99,EUR,transfer
1923,08/05/2026,IT6789,-685.79,EUR,withdrawal
1924,13/01/2026,IT2345,977.52,EUR,deposit
1925,13/04/2026,IT3456,1643.82,EUR,deposit
1926,06/04/2026,IT7890,4733.8,EUR,deposit
1927,15/03/2026,IT2345,-829.6,EUR,transfer
1928,22/04/2026,IT3456,-1211.36,EUR,withdrawal
1929,21/03/2026,IT3456,1314.98,EUR,transfer
1930,22/04/2026,IT8901,3280.28,EUR,deposit
1931,05/04/2026,IT8901,-1563.25,EUR,withdrawal
1932,20/05/2026,IT2345,1033.4,EUR,transfer
1933,10/01/2026,IT1234,-732.2,EUR,transfer
1934,20/01/2026,IT7890,2792.51,EUR,deposit
1935,22/03/2026,IT1234,730.63,EUR,transfer
1936,24/03/2026,IT3456,68.3,EUR,transfer
1937,07/04/2026,IT2345,762.93,EUR,transfer
1938,12/03/2026,IT3456,1644.99,EUR,deposit
1939,02/02/2026,IT7890,-554.5,EUR,withdrawal
1940,17/05/2026,IT5678,-1419.34,EUR,transfer
1941,20/03/2026,IT5678,-395.77,EUR,withdrawal
1942,17/05/2026,IT8901,-1021.41,EUR,transfer
1943,04/04/2026,IT2345,-140.51,EUR,withdrawal
1944,19/01/2026,IT3456,1654.27,EUR,deposit
1945,27/02/2026,IT4567,-518.04,EUR,withdrawal
1946,23/03/2026,IT6789,53.0,EUR,deposit
1947,07/05/2026,IT1234,-820.0,EUR,transfer
1948,18/05/2026,IT1234,-1338.3,EUR,withdrawal
1949,16/04/2026,IT5678,-1064.02,EUR,withdrawal
1950,11/03/2026,IT1234,-648.63,EUR,withdrawal
1951,17/02/2026,IT7890,-39.59,EUR,withdrawal
1952,01/04/2026,IT6789,12.99,EUR,transfer
1953,20/05/2026,IT2345,181.55,EUR,deposit
1954,04/03/2026,IT1234,-442.8,EUR,withdrawal
1955,12/05/2026,IT3456,509.44,EUR,transfer
1956,15/03/2026,IT6789,-1238.5,EUR,withdrawal
1957,07/03/2026,IT3456,-1239.77,EUR,withdrawal
1958,18/03/2026,IT6789,1073.63,EUR,deposit
1959,20/05/2026,IT1234,3177.1,EUR,deposit
1960,11/03/2026,IT6789,4332.39,EUR,deposit
1961,02/05/2026,IT5678,-618.55,EUR,transfer
1962,05/02/2026,IT8901,1184.05,EUR,transfer
1963,10/05/2026,IT5678,-1916.46,EUR,withdrawal
1964,14/05/2026,IT1234,-343.72,EUR,withdrawal
1965,15/04/2026,IT6789,368.67,EUR,transfer
1966,25/05/2026,IT7890,3548.03,EUR,deposit
1967,06/03/2026,IT6789,-563.98,EUR,withdrawal
1968,02/02/2026,IT2345,1174.43,EUR,deposit
1969,23/03/2026,IT8901,4671.92,EUR,deposit
1970,17/04/2026,IT6789,3994.67,EUR,deposit
1971,13/05/2026,IT7890,-1327.92,EUR,withdrawal
1972,27/05/2026,IT1234,-378.28,EUR,transfer
1973,13/04/2026,IT2345,510.62,EUR,transfer
1974,18/02/2026,IT8901,-1699.68,EUR,withdrawal
1975,17/02/2026,IT4567,1779.04,EUR,deposit
1976,06/02/2026,IT4567,-808.34,EUR,transfer
1977,18/02/2026,IT6789,-1210.19,EUR,withdrawal
1978,17/02/2026,IT7890,-301.12,EUR,withdrawal
1979,20/03/2026,IT5678,-1237.61,EUR,withdrawal
1980,22/04/2026,IT1234,1244.17,EUR,transfer
1981,09/05/2026,IT3456,2351.52,EUR,deposit
1982,04/02/2026,IT8901,-1962.7,EUR,withdrawal
1983,15/05/2026,IT6789,-755.45,EUR,withdrawal
1984,16/02/2026,IT3456,685.98,EUR,deposit
1985,09/02/2026,IT4567,-276.43,EUR,withdrawal
1986,17/05/2026,IT6789,-289.3,EUR,withdrawal
1987,18/05/2026,IT4567,3603.18,EUR,deposit
1988,02/05/2026,IT4567,661.02,EUR,transfer
1989,27/03/2026,IT7890,-1159.13,EUR,withdrawal
1990,28/02/2026,IT8901,100.7,EUR,transfer
1991,12/05/2026,IT3456,-1817.31,EUR,withdrawal
1992,30/01/2026,IT2345,-50.75,EUR,withdrawal
1993,19/04/2026,IT1234,-1971.85,EUR,withdrawal
1994,29/01/2026,IT3456,-1513.12,EUR,withdrawal
1995,16/01/2026,IT7890,735.11,EUR,deposit
1996,23/03/2026,IT5678,3981.16,EUR,deposit
1997,19/01/2026,IT8901,-677.39,EUR,withdrawal
1998,21/02/2026,IT5678,412.74,EUR,deposit
1999,13/04/2026,IT1234,483.97,EUR,transfer
2000,30/04/2026,IT3456,-1378.88,EUR,withdrawal
2001,01/01/1750,IT1234,-507.02,EUR,withdrawal
2002,22/03/2026,IT4567,-621.28,EUR,withdrawal
2003,18/01/2026,IT1234,-1557.78,EUR,withdrawal
2004,23/02/2026,IT8901,-1292.48,EUR,transfer
2005,24/03/2026,IT4567,-1027.97,EUR,withdrawal
2006,12/04/2026,IT8901,347.86,EUR,transfer
2007,03/02/2026,IT5678,2579.7,EUR,deposit
2008,27/02/2026,IT7890,11.7,EUR,transfer
2009,18/05/2026,IT4567,-590.09,EUR,withdrawal
2010,27/01/2026,IT5678,1195.79,EUR,transfer
2011,05/03/2026,IT2345,4203.02,EUR,deposit
2012,06/02/2026,IT3456,3261.83,EUR,deposit
2013,29/01/2026,IT6789,-236.97,EUR,withdrawal
2014,24/01/2026,IT3456,-868.41,EUR,withdrawal
2015,17/02/2026,IT2345,2703.73,EUR,deposit
2016,03/05/2026,IT6789,-93.64,EUR,transfer
2017,21/02/2026,IT8901,1064.81,EUR,transfer
2018,01/01/2026,IT6789,-4.56,EUR,transfer
2019,11/01/2026,IT8901,1027.66,EUR,transfer
2020,18/02/2026,IT5678,649.19,EUR,transfer
2021,24/01/2026,IT5678,-1964.31,EUR,withdrawal
2022,28/04/2026,IT4567,-952.97,EUR,transfer
2023,02/05/2026,IT6789,-393.02,EUR,withdrawal
2024,10/05/2026,IT3456,2050.12,EUR,deposit
2025,11/05/2026,IT4567,-979.16,EUR,withdrawal
2026,04/04/2026,IT5678,-819.97,EUR,withdrawal
2027,07/02/2026,IT1234,-447.95,EUR,transfer
2028,04/01/2026,IT5678,-1472.61,EUR,withdrawal
2029,01/05/2026,IT4567,3382.86,EUR,deposit
2030,16/01/2026,IT6789,-617.55,EUR,transfer
2031,31/05/2026,IT3456,1549.02,EUR,deposit
2032,26/04/2026,IT4567,-992.24,EUR,transfer
2033,09/05/2026,IT2345,219.2,EUR,transfer
2034,24/05/2026,IT5678,670.82,EUR,transfer
2035,12/05/2026,IT3456,1439.19,EUR,deposit
2036,14/05/2026,IT8901,1439.62,EUR,deposit
2037,23/04/2026,IT3456,-1493.78,EUR,withdrawal
2038,17/05/2026,IT8901,-1460.17,EUR,withdrawal
2039,17/01/2026,IT6789,-1051.05,EUR,withdrawal
2040,13/04/2026,IT1234,175.35,EUR,transfer
2041,,IT6789,1316.11,EUR,deposit
2042,04/04/2026,IT8901,-36.67,EUR,transfer
2043,19/04/2026,IT8901,336.56,EUR,deposit
2044,12/05/2026,IT3456,-1341.62,EUR,withdrawal
2045,01/01/2026,IT5678,71.89,EUR,transfer
2046,16/05/2026,IT6789,2247.62,EUR,deposit
2047,18/01/2026,IT8901,-1629.52,EUR,withdrawal
2048,01/03/2026,IT4567,3610.22,EUR,deposit
2049,24/05/2026,IT1234,3163.25,EUR,deposit
2050,16/04/2026,IT4567,908.64,EUR,transfer
2051,05/05/2026,IT6789,-1099.98,EUR,transfer
2052,23/01/2026,IT1234,2164.56,EUR,deposit
2053,10/01/2026,IT7890,-1142.75,EUR,withdrawal
2054,14/03/2026,IT3456,4128.71,EUR,deposit
2055,09/04/2026,IT5678,-1419.72,EUR,transfer
2056,24/02/2026,IT6789,261.13,EUR,transfer
2057,12/05/2026,IT7890,-1865.79,EUR,withdrawal
2058,22/03/2026,IT3456,-1182.57,EUR,withdrawal
2059,,IT7890,23%02))12,EUR,withdrawal
2060,24/04/2026,IT6789,-32.53,EUR,withdrawal
2061,18/05/2026,IT5678,3455.46,EUR,deposit
2062,03/05/2026,IT8901,23%02))12,EUR,transfer
2063,07/04/2026,IT6789,-49.66,EUR,withdrawal
2064,06/03/2026,IT5678,-885.46,EUR,transfer
2065,27/02/2026,IT3456,-1483.04,EUR,withdrawal
2066,06/04/2026,IT8901,-760.69,EUR,withdrawal
2067,23/03/2026,IT6789,1834.03,EUR,deposit
2068,06/03/2026,IT2345,-62.84,EUR,transfer
2069,29/01/2026,IT6789,-78.1,EUR,withdrawal
2070,16/03/2026,IT1234,-986.24,EUR,withdrawal
2071,19/03/2026,IT6789,-1865.03,EUR,withdrawal
2072,28/05/2026,IT6789,-916.29,EUR,transfer
2073,15/03/2026,IT1234,-1489.91,EUR,withdrawal
2074,26/05/2026,IT6789,-995.54,EUR,withdrawal
2075,21/03/2026,IT6789,1397.87,EUR,deposit
2076,22/01/2026,IT5678,-1578.51,EUR,withdrawal
2077,25/02/2026,IT4567,854.03,EUR,deposit
2078,04/05/2026,IT5678,-1813.83,EUR,withdrawal
2079,20/03/2026,IT7890,-21.58,EUR,transfer
2080,26/01/2026,IT1234,530.96,EUR,deposit
2081,05/04/2026,IT6789,-260.03,EUR,transfer
2082,16/05/2026,IT6789,-1380.45,EUR,transfer
2083,27/05/2026,IT6789,23%02))12,EUR,withdrawal
2084,04/02/2026,IT2345,846.82,EUR,deposit
2085,,IT3456,-254.68,EUR,withdrawal
2086,18/03/2026,IT4567,3403.64,EUR,deposit
2087,11/05/2026,IT4567,-831.6,EUR,transfer
2088,16/01/2026,IT4567,-1380.91,EUR,transfer
2089,25/01/2026,IT7890,2060.92,EUR,deposit
2090,08/01/2026,IT2345,3801.9,EUR,deposit
2091,07/03/2026,IT8901,4631.2,EUR,deposit
2092,13/02/2026,IT3456,2720.77,EUR,deposit
2093,27/01/2026,IT2345,4901.08,EUR,deposit
2094,21/02/2026,IT6789,-1944.23,EUR,withdrawal
2095,07/02/2026,IT6789,1444.39,EUR,transfer
2096,04/01/2026,IT8901,-480.91,EUR,withdrawal
2097,06/02/2026,IT2345,4042.08,EUR,deposit
2098,30/04/2026,IT7890,-1567.42,EUR,withdrawal
2099,23/03/2026,IT3456,-1217.02,EUR,transfer
2100,08/01/2026,IT1234,-1689.04,EUR,withdrawal
2101,10/01/2026,IT2345,-171.13,EUR,transfer
2102,19/05/2026,IT8901,3816.7,EUR,deposit
2103,29/03/2026,IT4567,4098.34,EUR,deposit
2104,08/03/2026,IT1234,34.83,EUR,transfer
2105,09/05/2026,IT7890,377.03,EUR,transfer
2106,06/03/2026,IT2345,-839.33,EUR,transfer
2107,05/01/2026,IT3456,-1758.49,EUR,withdrawal
2108,27/04/2026,IT2345,-285.63,EUR,transfer
2109,15/01/2026,IT2345,1497.96,EUR,deposit
2110,01/04/2026,IT7890,675.0,EUR,transfer
2111,04/05/2026,IT8901,-434.78,EUR,withdrawal
2112,01/05/2026,IT7890,-655.75,EUR,withdrawal
2113,14/01/2026,IT7890,1127.1,EUR,deposit
2114,21/03/2026,IT5678,2086.3,EUR,deposit
2115,19/03/2026,IT3456,810.85,EUR,transfer
2116,12/01/2026,IT2345,904.64,EUR,transfer
2117,22/02/2026,IT6789,-671.92,EUR,transfer
2118,22/01/2026,IT3456,-972.43,EUR,transfer
2119,14/01/2026,IT7890,1087.07,EUR,deposit
2120,17/04/2026,IT3456,-1283.06,EUR,transfer
2121,14/04/2026,IT2345,-775.98,EUR,transfer
2122,07/04/2026,IT8901,3627.27,EUR,deposit
2123,14/05/2026,IT8901,-168.12,EUR,withdrawal
2124,22/03/2026,IT3456,2818.05,EUR,deposit
2125,31/05/2026,IT7890,1192.09,EUR,deposit
2126,15/04/2026,IT7890,463.08,EUR,deposit
2127,17/01/2026,IT2345,4162.17,EUR,deposit
2128,22/03/2026,IT6789,735.41,EUR,deposit
2129,14/05/2026,IT3456,-501.33,EUR,transfer
2130,09/03/2026,IT2345,-612.46,EUR,withdrawal
2131,16/02/2026,IT7890,4630.69,EUR,deposit
2132,27/05/2026,IT8901,4661.34,EUR,deposit
2133,09/03/2026,IT3456,-602.76,EUR,withdrawal
2134,23/01/2026,IT1234,3946.7,EUR,deposit
2135,09/03/2026,IT2345,-1450.05,EUR,transfer
2136,12/02/2026,IT8901,390.25,EUR,deposit
2137,01/03/2026,IT4567,2904.51,EUR,deposit
2138,09/04/2026,IT5678,-1859.29,EUR,withdrawal
2139,26/05/2026,IT8901,23%02))12,EUR,transfer
2140,04/01/2026,IT6789,-1164.49,EUR,withdrawal
2141,18/04/2026,IT1234,676.14,EUR,transfer
2142,19/05/2026,IT6789,-1715.8,EUR,withdrawal
2143,26/05/2026,IT8901,4257.42,EUR,deposit
2144,08/04/2026,IT4567,-799.43,EUR,transfer
2145,21/01/2026,IT5678,2750.06,EUR,deposit
2146,01/02/2026,IT1234,2284.29,EUR,deposit
2147,20/01/2026,IT4567,-129.15,EUR,transfer
2148,03/02/2026,IT1234,1862.07,EUR,deposit
2149,08/02/2026,IT8901,3634.09,EUR,deposit
2150,08/05/2026,IT3456,-77.5,EUR,transfer
2151,23/03/2026,IT2345,1926.63,EUR,deposit
2152,11/04/2026,IT8901,-27.35,EUR,transfer
2153,14/05/2026,IT3456,-343.96,EUR,withdrawal
2154,27/03/2026,IT6789,-699.62,EUR,withdrawal
2155,12/03/2026,IT3456,-1689.36,EUR,withdrawal
2156,07/01/2026,IT7890,-30.76,EUR,withdrawal
2157,19/02/2026,IT5678,4686.04,EUR,deposit
2158,16/04/2026,IT4567,-864.49,EUR,withdrawal
2159,12/01/2026,IT5678,-787.01,EUR,transfer
2160,06/05/2026,IT8901,326.05,EUR,transfer
2161,03/03/2026,IT4567,-36.93,EUR,transfer
2162,20/05/2026,IT7890,-1354.63,EUR,transfer
2163,12/04/2026,IT2345,310.66,EUR,transfer
2164,19/02/2026,IT8901,-571.98,EUR,withdrawal
2165,21/05/2026,IT1234,2893.29,EUR,deposit
2166,14/05/2026,IT6789,176.79,EUR,transfer
2167,23/01/2026,IT5678,-961.97,EUR,withdrawal
2168,01/03/2026,IT5678,699.13,EUR,transfer
2169,26/01/2026,IT2345,671.9,EUR,transfer
2170,07/04/2026,IT3456,-1009.37,EUR,transfer
2171,12/02/2026,IT5678,-1048.22,EUR,withdrawal
2172,05/04/2026,IT6789,1052.49,EUR,deposit
2173,16/04/2026,IT2345,-1927.15,EUR,withdrawal
2174,06/01/2026,IT4567,146.23,EUR,transfer
2175,15/03/2026,IT5678,516.2,EUR,transfer
2176,28/01/2026,IT8901,1184.12,EUR,deposit
2177,12/01/2026,IT6789,751.81,EUR,transfer
2178,12/01/2026,IT6789,-488.18,EUR,transfer
2179,18/03/2026,IT4567,-69.52,EUR,transfer
2180,29/05/2026,IT1234,881.75,EUR,transfer
2181,14/04/2026,IT3456,-1039.39,EUR,withdrawal
2182,15/05/2026,IT3456,1893.69,EUR,deposit
2183,28/03/2026,IT7890,-294.37,EUR,withdrawal
2184,05/04/2026,IT2345,-438.23,EUR,withdrawal
2185,28/03/2026,IT2345,-534.84,EUR,transfer
2186,06/01/2026,IT1234,4701.97,EUR,deposit
2187,09/04/2026,IT8901,2986.39,EUR,deposit
2188,02/01/2026,IT2345,1406.72,EUR,transfer
2189,20/05/2026,IT8901,-1141.31,EUR,transfer
2190,25/01/2026,IT2345,-1759.45,EUR,withdrawal
2191,09/01/2026,IT6789,23%02))12,EUR,transfer
2192,15/02/2026,IT5678,-340.42,EUR,withdrawal
2193,05/01/2026,IT1234,213.98,EUR,deposit
2194,14/01/2026,IT2345,2414.64,EUR,deposit
2195,02/04/2026,IT1234,-1505.72,EUR,withdrawal
2196,07/03/2026,IT8901,-1840.21,EUR,withdrawal
2197,06/05/2026,IT2345,-988.87,EUR,withdrawal
2198,01/04/2026,IT4567,-315.37,EUR,withdrawal
2199,07/01/2026,IT1234,23%02))12,EUR,deposit
2200,06/03/2026,IT8901,1364.0,EUR,transfer
2201,29/01/2026,IT2345,-1734.52,EUR,withdrawal
2202,01/04/2026,IT6789,-1938.36,EUR,withdrawal
2203,20/03/2026,IT8901,611.34,EUR,deposit
2204,,IT7890,4721.91,EUR,deposit
2205,23/02/2026,IT5678,736.32,EUR,transfer
2206,04/01/2026,IT5678,-1581.52,EUR,withdrawal
2207,18/04/2026,IT3456,-1227.6,EUR,transfer
2208,27/01/2026,IT4567,-186.89,EUR,withdrawal
2209,27/04/2026,IT7890,-1332.71,EUR,transfer
2210,24/04/2026,IT2345,-211.66,EUR,withdrawal
2211,15/03/2026,IT6789,-1665.0,EUR,withdrawal
2212,11/04/2026,IT2345,684.71,EUR,deposit
2213,02/05/2026,IT5678,-257.02,EUR,withdrawal
2214,23/04/2026,IT1234,1018.75,EUR,transfer
2215,30/03/2026,IT6789,-130.52,EUR,withdrawal
2216,19/05/2026,IT2345,798.63,EUR,transfer
2217,20/01/2026,IT6789,-1342.98,EUR,transfer
2218,05/02/2026,IT3456,270.76,EUR,transfer
2219,01/03/2026,IT7890,741.99,EUR,transfer
2220,05/05/2026,IT4567,259.12,EUR,transfer
2221,15/05/2026,IT1234,-1384.73,EUR,withdrawal
2222,05/02/2026,IT7890,-1349.7,EUR,transfer
2223,13/01/2026,IT1234,-525.01,EUR,withdrawal
2224,05/05/2026,IT7890,-1384.2,EUR,withdrawal
2225,03/01/2026,IT5678,-832.89,EUR,withdrawal
2226,22/04/2026,IT2345,4635.74,EUR,deposit
2227,21/02/2026,IT6789,-1599.36,EUR,withdrawal
2228,09/04/2026,IT3456,-682.5,EUR,withdrawal
2229,06/05/2026,IT5678,2455.37,EUR,deposit
2230,06/01/2026,IT5678,1014.55,EUR,transfer
2231,01/04/2026,IT3456,2808.85,EUR,deposit
2232,02/03/2026,IT4567,967.88,EUR,transfer
2233,26/05/2026,IT3456,-987.13,EUR,withdrawal
2234,27/04/2026,IT7890,-1556.74,EUR,withdrawal
2235,25/03/2026,IT3456,-1029.49,EUR,withdrawal
2236,07/02/2026,IT5678,-1828.99,EUR,withdrawal
2237,12/05/2026,IT2345,3721.09,EUR,deposit
2238,03/04/2026,IT4567,-904.31,EUR,withdrawal
2239,27/02/2026,IT3456,-168.36,EUR,withdrawal
2240,15/04/2026,IT5678,-1948.23,EUR,withdrawal
2241,24/03/2026,IT5678,-529.71,EUR,transfer
2242,22/03/2026,IT6789,924.39,EUR,transfer
2243,31/05/2026,IT7890,436.04,EUR,transfer
2244,29/04/2026,IT7890,2713.03,EUR,deposit
2245,16/01/2026,IT4567,-1451.17,EUR,transfer
2246,11/03/2026,IT3456,-470.77,EUR,withdrawal
2247,20/04/2026,IT3456,-1206.75,EUR,withdrawal
2248,28/01/2026,IT2345,988.68,EUR,transfer
2249,30/03/2026,IT8901,3690.92,EUR,deposit
2250,09/01/2026,IT8901,2752.51,EUR,deposit
2251,15/04/2026,IT5678,348.32,EUR,deposit
2252,01/02/2026,IT7890,-1966.95,EUR,withdrawal
2253,22/05/2026,IT4567,172.19,EUR,transfer
2254,09/02/2026,IT2345,-1975.02,EUR,withdrawal
2255,22/05/2026,IT2345,542.25,EUR,transfer
2256,22/02/2026,IT1234,686.13,EUR,transfer
2257,26/04/2026,IT1234,1184.38,EUR,transfer
2258,02/04/2026,IT7890,3695.33,EUR,deposit
2259,25/02/2026,IT3456,2080.45,EUR,deposit
2260,25/03/2026,IT7890,-851.09,EUR,withdrawal
2261,31/01/2026,IT8901,3675.61,EUR,deposit
2262,04/04/2026,IT2345,-1481.86,EUR,transfer
2263,12/01/2026,IT4567,-419.57,EUR,withdrawal
2264,11/03/2026,IT2345,-431.79,EUR,withdrawal
2265,16/02/2026,IT4567,-849.83,EUR,withdrawal
2266,01/01/1750,IT2345,812.0,EUR,deposit
2267,18/03/2026,IT1234,1753.72,EUR,deposit
2268,24/04/2026,IT6789,3024.78,EUR,deposit
2269,20/01/2026,IT3456,1419.88,EUR,transfer
2270,26/03/2026,IT1234,1514.53,EUR,deposit
2271,16/05/2026,IT8901,-1434.61,EUR,transfer
2272,27/02/2026,IT1234,719.75,EUR,deposit
2273,13/01/2026,IT2345,354.73,EUR,deposit
2274,31/01/2026,IT8901,3322.64,EUR,deposit
2275,01/04/2026,IT1234,-745.51,EUR,withdrawal
2276,28/01/2026,IT4567,3626.22,EUR,deposit
2277,08/02/2026,IT7890,4269.06,EUR,deposit
2278,11/05/2026,IT6789,-1721.06,EUR,withdrawal
2279,19/03/2026,IT4567,1544.07,EUR,deposit
2280,28/01/2026,IT3456,-239.61,EUR,withdrawal
2281,23/05/2026,IT6789,4706.43,EUR,deposit
2282,16/03/2026,IT2345,-1577.25,EUR,withdrawal
2283,24/01/2026,IT3456,-1308.56,EUR,transfer
2284,05/01/2026,IT1234,-1595.96,EUR,withdrawal
2285,22/01/2026,IT1234,1121.84,EUR,transfer
2286,06/02/2026,IT5678,-1882.48,EUR,withdrawal
2287,25/04/2026,IT8901,1481.92,EUR,transfer
2288,19/02/2026,IT3456,-1585.37,EUR,withdrawal
2289,10/04/2026,IT8901,-1196.08,EUR,transfer
2290,06/05/2026,IT5678,4311.28,EUR,deposit
2291,23/05/2026,IT2345,-1331.94,EUR,transfer
2292,29/04/2026,IT1234,-1415.68,EUR,withdrawal
2293,06/02/2026,IT6789,3640.55,EUR,deposit
2294,23/04/2026,IT1234,-1831.37,EUR,withdrawal
2295,29/04/2026,IT2345,-210.41,EUR,withdrawal
2296,12/05/2026,IT2345,-1955.63,EUR,withdrawal
2297,06/05/2026,IT6789,1350.34,EUR,transfer
2298,10/03/2026,IT7890,3474.43,EUR,deposit
2299,10/03/2026,IT6789,530.01,EUR,deposit
2300,22/02/2026,IT8901,-600.89,EUR,withdrawal
2301,30/03/2026,IT1234,-591.4,EUR,withdrawal
2302,29/04/2026,IT3456,-1483.57,EUR,withdrawal
2303,08/01/2026,IT5678,-273.57,EUR,withdrawal
2304,05/04/2026,IT1234,518.02,EUR,transfer
2305,04/02/2026,IT5678,2380.37,EUR,deposit
2306,06/03/2026,IT8901,4229.54,EUR,deposit
2307,08/04/2026,IT7890,-370.76,EUR,transfer
2308,11/04/2026,IT8901,-952.01,EUR,transfer
2309,21/02/2026,IT1234,-828.22,EUR,withdrawal
2310,16/05/2026,IT2345,-611.88,EUR,transfer
2311,10/05/2026,IT2345,-727.38,EUR,withdrawal
2312,25/02/2026,IT5678,-413.75,EUR,withdrawal
2313,18/03/2026,IT6789,-817.85,EUR,withdrawal
2314,28/04/2026,IT1234,-1357.69,EUR,transfer
2315,27/03/2026,IT2345,-58.16,EUR,withdrawal
2316,01/01/1750,IT5678,-1868.78,EUR,withdrawal
2317,09/02/2026,IT7890,3321.13,EUR,deposit
2318,20/05/2026,IT8901,118.57,EUR,transfer
2319,26/03/2026,IT3456,-1479.61,EUR,withdrawal
2320,25/04/2026,IT7890,-1369.87,EUR,transfer
2321,24/01/2026,IT2345,-281.3,EUR,transfer
2322,04/04/2026,IT2345,-1766.05,EUR,withdrawal
2323,06/04/2026,IT6789,-1532.16,EUR,withdrawal
2324,07/03/2026,IT8901,1403.39,EUR,transfer
2325,11/03/2026,IT4567,-279.04,EUR,withdrawal
2326,07/04/2026,IT2345,1566.76,EUR,deposit
2327,24/02/2026,IT6789,-1245.84,EUR,transfer
2328,03/01/2026,IT1234,2073.6,EUR,deposit
2329,04/05/2026,IT4567,-191.89,EUR,withdrawal
2330,03/02/2026,IT5678,3230.42,EUR,deposit
2331,14/01/2026,IT5678,-830.41,EUR,transfer
2332,03/02/2026,IT6789,525.17,EUR,transfer
2333,02/05/2026,IT1234,4055.36,EUR,deposit
2334,19/04/2026,IT6789,1383.44,EUR,transfer
2335,29/05/2026,IT1234,-1563.59,EUR,withdrawal
2336,28/03/2026,IT1234,-1346.98,EUR,withdrawal
2337,18/03/2026,IT2345,-1454.14,EUR,withdrawal
2338,15/02/2026,IT1234,378.63,EUR,transfer
2339,24/04/2026,IT1234,-1925.44,EUR,withdrawal
2340,03/05/2026,IT1234,-156.92,EUR,transfer
2341,26/01/2026,IT7890,1203.55,EUR,transfer
2342,07/03/2026,IT4567,1192.48,EUR,deposit
2343,26/05/2026,IT6789,-1382.3,EUR,transfer
2344,15/01/2026,IT4567,-736.97,EUR,withdrawal
2345,07/01/2026,IT3456,-833.51,EUR,withdrawal
2346,16/03/2026,IT5678,-846.65,EUR,withdrawal
2347,06/02/2026,IT6789,1186.87,EUR,transfer
2348,25/04/2026,IT3456,-674.66,EUR,withdrawal
2349,14/02/2026,IT6789,-1890.32,EUR,withdrawal
2350,02/04/2026,IT5678,-1396.12,EUR,withdrawal
2351,10/02/2026,IT6789,2753.39,EUR,deposit
2352,09/02/2026,IT8901,761.52,EUR,transfer
2353,29/05/2026,IT2345,-750.97,EUR,withdrawal
2354,10/01/2026,IT8901,-1619.3,EUR,withdrawal
2355,15/01/2026,IT7890,2599.11,EUR,deposit
2356,07/01/2026,IT6789,-577.08,EUR,transfer
2357,07/03/2026,IT6789,-924.28,EUR,withdrawal
2358,24/02/2026,IT6789,3721.52,EUR,deposit
2359,02/05/2026,IT2345,4895.95,EUR,deposit
2360,26/03/2026,IT5678,2088.61,EUR,deposit
2361,15/02/2026,IT8901,2077.48,EUR,deposit
2362,18/04/2026,IT4567,-1242.51,EUR,withdrawal
2363,29/05/2026,IT7890,-202.07,EUR,withdrawal
2364,06/02/2026,IT7890,1327.56,EUR,transfer
2365,28/01/2026,IT5678,727.91,EUR,transfer
2366,23/01/2026,IT8901,1178.06,EUR,transfer
2367,10/01/2026,IT8901,1899.8,EUR,deposit
2368,10/02/2026,IT5678,3480.82,EUR,deposit
2369,26/01/2026,IT2345,-713.79,EUR,transfer
2370,09/01/2026,IT7890,-981.63,EUR,withdrawal
2371,01/02/2026,IT4567,857.18,EUR,transfer
2372,30/03/2026,IT2345,3205.23,EUR,deposit
2373,22/01/2026,IT7890,1369.23,EUR,deposit
2374,20/04/2026,IT2345,646.63,EUR,transfer
2375,21/05/2026,IT6789,-1376.26,EUR,transfer
2376,06/02/2026,IT8901,3288.42,EUR,deposit
2377,11/05/2026,IT5678,-984.65,EUR,transfer
2378,27/03/2026,IT2345,-847.03,EUR,transfer
2379,25/01/2026,IT2345,4650.31,EUR,deposit
2380,05/02/2026,IT3456,-1734.67,EUR,withdrawal
2381,31/05/2026,IT5678,-125.61,EUR,withdrawal
2382,15/05/2026,IT4567,-973.1,EUR,transfer
2383,01/04/2026,IT7890,-1656.14,EUR,withdrawal
2384,28/05/2026,IT2345,3135.17,EUR,deposit
2385,29/05/2026,IT8901,-461.63,EUR,transfer
2386,29/01/2026,IT5678,-314.89,EUR,transfer
2387,08/03/2026,IT4567,1693.57,EUR,deposit
2388,27/05/2026,IT8901,-1636.44,EUR,withdrawal
2389,08/02/2026,IT3456,23%02))12,EUR,withdrawal
2390,28/01/2026,IT6789,2921.98,EUR,deposit
2391,26/02/2026,IT7890,-1121.89,EUR,withdrawal
2392,16/05/2026,IT5678,4398.38,EUR,deposit
2393,19/03/2026,IT8901,-247.2,EUR,withdrawal
2394,08/02/2026,IT3456,-505.83,EUR,withdrawal
2395,16/01/2026,IT8901,-252.97,EUR,withdrawal
2396,27/03/2026,IT1234,419.27,EUR,deposit
2397,20/05/2026,IT1234,2222.58,EUR,deposit
2398,09/05/2026,IT8901,3684.61,EUR,deposit
2399,14/01/2026,IT4567,2395.93,EUR,deposit
2400,20/01/2026,IT5678,4307.86,EUR,deposit
2401,02/03/2026,IT8901,3735.45,EUR,deposit
2402,,IT7890,-841.74,EUR,withdrawal
2403,21/04/2026,IT3456,933.92,EUR,deposit
2404,01/04/2026,IT2345,2087.39,EUR,deposit
2405,23/02/2026,IT4567,4759.02,EUR,deposit
2406,23/01/2026,IT5678,3270.45,EUR,deposit
2407,24/03/2026,IT2345,893.52,EUR,deposit
2408,18/01/2026,IT4567,2620.94,EUR,deposit
2409,24/03/2026,IT5678,1059.71,EUR,deposit
2410,31/01/2026,IT8901,1017.46,EUR,transfer
2411,18/04/2026,IT1234,-1704.85,EUR,withdrawal
2412,28/05/2026,IT1234,370.11,EUR,transfer
2413,01/05/2026,IT5678,1180.23,EUR,transfer
2414,20/03/2026,IT4567,-555.14,EUR,withdrawal
2415,17/02/2026,IT3456,2081.97,EUR,deposit
2416,03/05/2026,IT5678,-809.66,EUR,transfer
2417,09/03/2026,IT1234,-582.53,EUR,withdrawal
2418,04/01/2026,IT1234,4914.78,EUR,deposit
2419,24/05/2026,IT5678,3470.66,EUR,deposit
2420,10/02/2026,IT2345,23%02))12,EUR,withdrawal
2421,20/01/2026,IT2345,3796.79,EUR,deposit
2422,18/02/2026,IT5678,4935.27,EUR,deposit
2423,09/05/2026,IT4567,1361.56,EUR,transfer
2424,26/01/2026,IT3456,23%02))12,EUR,deposit
2425,05/02/2026,IT2345,917.64,EUR,transfer
2426,24/01/2026,IT1234,1141.58,EUR,transfer
2427,22/01/2026,IT5678,-1492.2,EUR,withdrawal
2428,13/05/2026,IT6789,-1729.71,EUR,withdrawal
2429,04/05/2026,IT8901,-466.1,EUR,transfer
2430,05/04/2026,IT8901,-1641.71,EUR,withdrawal
2431,03/02/2026,IT8901,1661.05,EUR,deposit
2432,05/01/2026,IT1234,1004.76,EUR,deposit
2433,14/02/2026,IT6789,-1196.3,EUR,withdrawal
2434,11/04/2026,IT1234,681.19,EUR,deposit
2435,04/04/2026,IT7890,-1540.0,EUR,withdrawal
2436,13/01/2026,IT3456,4905.7,EUR,deposit
2437,09/04/2026,IT3456,-1214.46,EUR,withdrawal
2438,07/03/2026,IT5678,4764.25,EUR,deposit
2439,19/04/2026,IT7890,1173.19,EUR,transfer
2440,09/01/2026,IT3456,522.91,EUR,transfer
2441,12/01/2026,IT1234,-1936.72,EUR,withdrawal
2442,,IT8901,1295.9,EUR,deposit
2443,29/05/2026,IT3456,4596.82,EUR,deposit
2444,02/03/2026,IT7890,908.81,EUR,deposit
2445,15/04/2026,IT2345,3591.09,EUR,deposit
2446,22/03/2026,IT4567,-869.06,EUR,withdrawal
2447,15/04/2026,IT7890,-387.17,EUR,withdrawal
2448,07/02/2026,IT3456,-1617.46,EUR,withdrawal
2449,05/05/2026,IT4567,486.46,EUR,transfer
2450,15/01/2026,IT6789,-1179.02,EUR,transfer
2451,20/02/2026,IT2345,-1535.37,EUR,withdrawal
2452,10/01/2026,IT8901,-980.76,EUR,withdrawal
2453,22/02/2026,IT3456,148.3,EUR,transfer
2454,09/01/2026,IT7890,3663.9,EUR,deposit
2455,27/04/2026,IT8901,1076.63,EUR,transfer
2456,04/03/2026,IT1234,4599.91,EUR,deposit
2457,11/03/2026,IT8901,1391.6,EUR,deposit
2458,24/02/2026,IT2345,218.26,EUR,transfer
2459,07/04/2026,IT2345,-603.16,EUR,withdrawal
2460,15/01/2026,IT6789,-1447.27,EUR,withdrawal
2461,02/02/2026,IT6789,2991.57,EUR,deposit
2462,03/01/2026,IT5678,2578.63,EUR,deposit
2463,15/05/2026,IT6789,-1930.35,EUR,withdrawal
2464,03/02/2026,IT4567,-1577.99,EUR,withdrawal
2465,15/03/2026,IT3456,-190.2,EUR,withdrawal
2466,16/01/2026,IT3456,-1597.16,EUR,withdrawal
2467,29/01/2026,IT7890,1231.22,EUR,transfer
2468,01/05/2026,IT1234,3083.99,EUR,deposit
2469,29/01/2026,IT4567,473.32,EUR,transfer
2470,16/04/2026,IT1234,1054.37,EUR,deposit
2471,21/04/2026,IT6789,4333.51,EUR,deposit
2472,28/02/2026,IT7890,4138.3,EUR,deposit
2473,17/01/2026,IT3456,192.63,EUR,transfer
2474,28/02/2026,IT3456,-581.13,EUR,withdrawal
2475,02/03/2026,IT1234,-1475.77,EUR,transfer
2476,01/01/2026,IT5678,946.51,EUR,deposit
2477,06/02/2026,IT4567,65.98,EUR,transfer
2478,05/03/2026,IT4567,-424.65,EUR,withdrawal
2479,13/02/2026,IT1234,406.47,EUR,transfer
2480,01/05/2026,IT4567,551.97,EUR,deposit
2481,27/01/2026,IT5678,4907.69,EUR,deposit
2482,29/03/2026,IT3456,-283.44,EUR,transfer
2483,02/02/2026,IT6789,-1758.84,EUR,withdrawal
2484,02/03/2026,IT7890,-302.84,EUR,withdrawal
2485,22/01/2026,IT1234,3040.28,EUR,deposit
2486,14/05/2026,IT5678,1505.51,EUR,deposit
2487,31/05/2026,IT3456,250.99,EUR,transfer
2488,27/03/2026,IT1234,3528.66,EUR,deposit
2489,09/04/2026,IT7890,-1763.71,EUR,withdrawal
2490,16/02/2026,IT7890,-793.77,EUR,withdrawal
2491,06/01/2026,IT1234,-211.55,EUR,withdrawal
2492,29/03/2026,IT6789,-695.08,EUR,withdrawal
2493,30/01/2026,IT8901,-508.52,EUR,transfer
2494,03/03/2026,IT3456,-1373.39,EUR,withdrawal
2495,03/01/2026,IT5678,-1044.63,EUR,transfer
2496,10/04/2026,IT1234,740.63,EUR,transfer
2497,22/05/2026,IT6789,-1254.78,EUR,withdrawal
2498,11/03/2026,IT5678,-1827.38,EUR,withdrawal
2499,10/05/2026,IT2345,517.75,EUR,transfer
2500,12/02/2026,IT1234,-347.07,EUR,transfer
2501,22/02/2026,IT4567,-637.49,EUR,transfer
2502,21/04/2026,IT7890,-610.72,EUR,withdrawal
2503,19/05/2026,IT2345,1575.92,EUR,deposit
2504,22/03/2026,IT1234,-1382.21,EUR,withdrawal
2505,21/01/2026,IT7890,-1255.02,EUR,withdrawal
2506,23/04/2026,IT7890,-572.11,EUR,transfer
2507,04/01/2026,IT3456,1689.0,EUR,deposit
2508,10/03/2026,IT7890,-1212.75,EUR,transfer
2509,22/03/2026,IT6789,-1188.99,EUR,withdrawal
2510,17/02/2026,IT6789,1764.35,EUR,deposit
2511,13/03/2026,IT3456,-375.9,EUR,transfer
2512,14/03/2026,IT4567,-208.23,EUR,withdrawal
2513,08/01/2026,IT7890,953.79,EUR,transfer
2514,20/02/2026,IT1234,1487.85,EUR,deposit
2515,24/03/2026,IT3456,1486.5,EUR,deposit
2516,25/04/2026,IT6789,276.34,EUR,transfer
2517,23/01/2026,IT6789,-255.6,EUR,withdrawal
2518,07/05/2026,IT8901,4723.85,EUR,deposit
2519,25/05/2026,IT7890,3483.81,EUR,deposit
2520,07/05/2026,IT7890,-1516.77,EUR,withdrawal
2521,11/02/2026,IT4567,-1358.85,EUR,transfer
2522,04/04/2026,IT1234,1645.59,EUR,deposit
2523,09/04/2026,IT7890,1220.66,EUR,transfer
2524,12/03/2026,IT7890,1434.29,EUR,transfer
2525,27/01/2026,IT3456,155.61,EUR,deposit
2526,14/04/2026,IT1234,-201.66,EUR,transfer
2527,13/03/2026,IT5678,936.28,EUR,transfer
2528,24/04/2026,IT6789,579.75,EUR,transfer
2529,09/01/2026,IT3456,-45.41,EUR,withdrawal
2530,16/02/2026,IT4567,2470.5,EUR,deposit
2531,06/02/2026,IT4567,2848.37,EUR,deposit
2532,12/01/2026,IT3456,3233.32,EUR,deposit
2533,02/05/2026,IT2345,-1175.68,EUR,withdrawal
2534,28/02/2026,IT2345,2651.19,EUR,deposit
2535,30/03/2026,IT5678,-1817.87,EUR,withdrawal
2536,28/01/2026,IT7890,-1673.12,EUR,withdrawal
2537,23/03/2026,IT3456,1271.8,EUR,deposit
2538,18/03/2026,IT5678,23%02))12,EUR,transfer
2539,10/05/2026,IT4567,-1488.01,EUR,transfer
2540,03/04/2026,IT5678,-386.59,EUR,transfer
2541,06/03/2026,IT3456,3797.83,EUR,deposit
2542,01/03/2026,IT5678,2844.28,EUR,deposit
2543,09/02/2026,IT7890,1945.79,EUR,deposit
2544,23/05/2026,IT5678,343.33,EUR,deposit
2545,14/01/2026,IT3456,-1422.57,EUR,transfer
2546,28/03/2026,IT7890,-1161.43,EUR,withdrawal
2547,28/01/2026,IT6789,-1140.04,EUR,withdrawal
2548,24/04/2026,IT2345,676.1,EUR,transfer
2549,03/01/2026,IT2345,425.28,EUR,transfer
2550,31/05/2026,IT7890,-1160.14,EUR,transfer
2551,24/02/2026,IT7890,777.59,EUR,transfer
2552,01/01/1750,IT4567,-763.9,EUR,transfer
2553,02/01/2026,IT2345,742.12,EUR,transfer
2554,07/03/2026,IT6789,1155.68,EUR,deposit
2555,06/03/2026,IT6789,248.19,EUR,transfer
2556,17/02/2026,IT2345,1454.1,EUR,transfer
2557,14/04/2026,IT3456,4893.41,EUR,deposit
2558,20/05/2026,IT1234,138.29,EUR,transfer
2559,11/05/2026,IT8901,-1645.56,EUR,withdrawal
2560,13/04/2026,IT4567,1698.93,EUR,deposit
2561,24/02/2026,IT2345,-1053.17,EUR,transfer
2562,25/05/2026,IT6789,-718.26,EUR,withdrawal
2563,29/05/2026,IT3456,20.76,EUR,transfer
2564,15/04/2026,IT7890,765.29,EUR,transfer
2565,30/05/2026,IT7890,-25.14,EUR,withdrawal
2566,03/01/2026,IT5678,413.51,EUR,deposit
2567,31/05/2026,IT1234,2618.49,EUR,deposit
2568,30/03/2026,IT5678,1688.31,EUR,deposit
2569,17/01/2026,IT4567,402.08,EUR,transfer
2570,15/04/2026,IT1234,582.03,EUR,deposit
2571,28/01/2026,IT6789,-945.43,EUR,withdrawal
2572,16/05/2026,IT6789,508.58,EUR,transfer
2573,20/01/2026,IT8901,676.49,EUR,deposit
2574,14/04/2026,IT1234,1134.04,EUR,deposit
2575,30/05/2026,IT6789,27.44,EUR,transfer
2576,01/04/2026,IT2345,1245.89,EUR,transfer
2577,31/01/2026,IT4567,-1359.78,EUR,withdrawal
2578,06/05/2026,IT2345,2338.32,EUR,deposit
2579,11/02/2026,IT7890,-1201.52,EUR,transfer
2580,16/01/2026,IT1234,1804.21,EUR,deposit
2581,25/02/2026,IT3456,-1337.61,EUR,withdrawal
2582,15/05/2026,IT5678,-812.53,EUR,transfer
2583,20/04/2026,IT4567,2526.3,EUR,deposit
2584,06/01/2026,IT4567,3585.28,EUR,deposit
2585,,IT6789,-1768.76,EUR,withdrawal
2586,18/01/2026,IT3456,3235.31,EUR,deposit
2587,26/05/2026,IT3456,556.81,EUR,deposit
2588,26/01/2026,IT2345,2920.4,EUR,deposit
2589,23/01/2026,IT2345,2939.43,EUR,deposit
2590,16/04/2026,IT4567,1491.56,EUR,transfer
2591,25/02/2026,IT8901,-110.48,EUR,withdrawal
2592,28/03/2026,IT8901,-1861.93,EUR,withdrawal
2593,15/02/2026,IT2345,-432.46,EUR,withdrawal
2594,03/04/2026,IT7890,1486.74,EUR,deposit
2595,02/03/2026,IT2345,-1574.46,EUR,withdrawal
2596,10/05/2026,IT4567,137.22,EUR,transfer
2597,03/05/2026,IT8901,-1215.39,EUR,transfer
2598,26/04/2026,IT4567,2615.74,EUR,deposit
2599,27/05/2026,IT3456,4507.32,EUR,deposit
2600,30/03/2026,IT5678,-398.96,EUR,withdrawal
2601,20/02/2026,IT5678,-1726.91,EUR,withdrawal
2602,31/05/2026,IT2345,23%02))12,EUR,deposit
2603,19/03/2026,IT7890,2375.69,EUR,deposit
2604,17/03/2026,IT4567,3059.62,EUR,deposit
2605,09/01/2026,IT4567,-1331.72,EUR,withdrawal
2606,10/03/2026,IT2345,1476.82,EUR,deposit
2607,27/03/2026,IT4567,1075.95,EUR,transfer
2608,29/03/2026,IT8901,-971.99,EUR,withdrawal
2609,11/05/2026,IT5678,1480.15,EUR,transfer
2610,24/01/2026,IT1234,-842.55,EUR,withdrawal
2611,16/04/2026,IT4567,-714.31,EUR,withdrawal
2612,12/02/2026,IT6789,-279.5,EUR,withdrawal
2613,28/01/2026,IT6789,-1315.87,EUR,withdrawal
2614,16/04/2026,IT4567,-1179.5,EUR,withdrawal
2615,05/03/2026,IT6789,23%02))12,EUR,transfer
2616,01/01/2026,IT6789,-1181.76,EUR,transfer
2617,01/01/1750,IT3456,-61.38,EUR,transfer
2618,05/04/2026,IT4567,-288.38,EUR,withdrawal
2619,01/03/2026,IT6789,-315.36,EUR,transfer
2620,11/04/2026,IT4567,4529.56,EUR,deposit
2621,04/01/2026,IT8901,-1486.29,EUR,withdrawal
2622,15/03/2026,IT8901,4653.85,EUR,deposit
2623,16/01/2026,IT1234,1770.09,EUR,deposit
2624,16/02/2026,IT4567,-276.13,EUR,transfer
2625,21/05/2026,IT3456,2111.87,EUR,deposit
2626,05/05/2026,IT5678,-1934.41,EUR,withdrawal
2627,03/03/2026,IT2345,363.25,EUR,transfer
2628,04/03/2026,IT5678,1364.55,EUR,deposit
2629,14/03/2026,IT2345,161.21,EUR,deposit
2630,08/01/2026,IT8901,-1799.41,EUR,withdrawal
2631,12/02/2026,IT7890,347.87,EUR,deposit
2632,29/04/2026,IT8901,-717.07,EUR,withdrawal
2633,14/04/2026,IT4567,419.91,EUR,transfer
2634,16/05/2026,IT8901,-1615.8,EUR,withdrawal
2635,14/03/2026,IT5678,1179.2,EUR,transfer
2636,02/01/2026,IT8901,126.64,EUR,deposit
2637,28/03/2026,IT3456,-1749.66,EUR,withdrawal
2638,22/04/2026,IT1234,-678.7,EUR,withdrawal
2639,01/05/2026,IT5678,1658.07,EUR,deposit
2640,,IT4567,-1962.26,EUR,withdrawal
2641,15/02/2026,IT4567,-1684.42,EUR,withdrawal
2642,05/03/2026,IT7890,-1117.71,EUR,withdrawal
2643,26/02/2026,IT4567,-651.63,EUR,transfer
2644,25/03/2026,IT4567,-251.84,EUR,transfer
2645,27/02/2026,IT5678,714.03,EUR,transfer
2646,22/05/2026,IT5678,-584.28,EUR,transfer
2647,22/02/2026,IT7890,1474.94,EUR,deposit
2648,24/01/2026,IT6789,-848.03,EUR,transfer
2649,29/04/2026,IT1234,3783.68,EUR,deposit
2650,27/05/2026,IT3456,904.61,EUR,deposit
2651,,IT8901,-640.54,EUR,withdrawal
2652,27/04/2026,IT5678,-1659.66,EUR,withdrawal
2653,05/01/2026,IT1234,-352.3,EUR,withdrawal
2654,15/01/2026,IT3456,372.24,EUR,transfer
2655,06/04/2026,IT1234,201.28,EUR,deposit
2656,28/04/2026,IT7890,-1392.6,EUR,withdrawal
2657,30/03/2026,IT7890,-1787.8,EUR,withdrawal
2658,22/05/2026,IT2345,4191.89,EUR,deposit
2659,04/05/2026,IT3456,-741.24,EUR,withdrawal
2660,18/03/2026,IT4567,-421.73,EUR,withdrawal
2661,08/03/2026,IT2345,-1897.78,EUR,withdrawal
2662,25/01/2026,IT6789,23%02))12,EUR,deposit
2663,20/01/2026,IT3456,-465.07,EUR,transfer
2664,25/01/2026,IT3456,1808.82,EUR,deposit
2665,09/02/2026,IT4567,3570.95,EUR,deposit
2666,31/05/2026,IT6789,-541.29,EUR,withdrawal
2667,08/01/2026,IT3456,986.14,EUR,deposit
2668,06/01/2026,IT8901,-925.88,EUR,withdrawal
2669,21/01/2026,IT5678,-986.93,EUR,withdrawal
2670,07/04/2026,IT6789,-829.35,EUR,withdrawal
2671,24/04/2026,IT8901,2363.02,EUR,deposit
2672,06/02/2026,IT6789,-566.93,EUR,transfer
2673,03/03/2026,IT5678,3500.55,EUR,deposit
2674,29/05/2026,IT1234,-499.71,EUR,transfer
2675,14/04/2026,IT6789,-1468.71,EUR,withdrawal
2676,31/05/2026,IT6789,-596.86,EUR,withdrawal
2677,25/01/2026,IT1234,2160.52,EUR,deposit
2678,15/05/2026,IT1234,-1340.24,EUR,transfer
2679,12/02/2026,IT7890,3677.24,EUR,deposit
2680,31/03/2026,IT4567,-661.87,EUR,withdrawal
2681,06/05/2026,IT8901,1068.47,EUR,deposit
2682,12/01/2026,IT3456,1395.04,EUR,deposit
2683,02/02/2026,IT7890,1227.91,EUR,deposit
2684,09/03/2026,IT6789,3612.36,EUR,deposit
2685,18/05/2026,IT1234,1346.6,EUR,transfer
2686,02/04/2026,IT8901,-1254.65,EUR,transfer
2687,18/01/2026,IT4567,-108.2,EUR,transfer
2688,10/02/2026,IT4567,1466.35,EUR,transfer
2689,16/01/2026,IT8901,1598.08,EUR,deposit
2690,05/02/2026,IT8901,895.5,EUR,transfer
2691,27/04/2026,IT3456,-1785.6,EUR,withdrawal
2692,30/03/2026,IT3456,1388.96,EUR,deposit
2693,05/01/2026,IT2345,1044.52,EUR,transfer
2694,27/03/2026,IT7890,-1849.85,EUR,withdrawal
2695,09/03/2026,IT4567,-1026.51,EUR,withdrawal
2696,09/03/2026,IT7890,-1366.26,EUR,withdrawal
2697,28/05/2026,IT3456,-875.02,EUR,transfer
2698,05/04/2026,IT8901,-1109.92,EUR,transfer
2699,21/05/2026,IT3456,1673.37,EUR,deposit
2700,09/01/2026,IT4567,-591.7,EUR,withdrawal
2701,13/03/2026,IT3456,-1301.66,EUR,withdrawal
2702,07/02/2026,IT7890,-582.63,EUR,withdrawal
2703,03/03/2026,IT6789,716.62,EUR,transfer
2704,10/01/2026,IT2345,1883.16,EUR,deposit
2705,16/03/2026,IT1234,-969.85,EUR,withdrawal
2706,25/05/2026,IT4567,-1660.87,EUR,withdrawal
2707,05/03/2026,IT6789,2230.73,EUR,deposit
2708,06/02/2026,IT6789,4581.97,EUR,deposit
2709,29/04/2026,IT6789,-1723.33,EUR,withdrawal
2710,25/04/2026,IT7890,1193.03,EUR,transfer
2711,05/05/2026,IT8901,-374.37,EUR,transfer
2712,24/05/2026,IT4567,23%02))12,EUR,deposit
2713,30/03/2026,IT6789,1203.35,EUR,deposit
2714,30/03/2026,IT7890,-1777.86,EUR,withdrawal
2715,27/02/2026,IT7890,-45.64,EUR,transfer
2716,05/04/2026,IT3456,-1291.98,EUR,transfer
2717,06/01/2026,IT6789,-1308.34,EUR,withdrawal
2718,20/03/2026,IT8901,-149.19,EUR,withdrawal
2719,01/02/2026,IT8901,6.34,EUR,transfer
2720,06/03/2026,IT7890,-132.52,EUR,transfer
2721,24/05/2026,IT1234,559.05,EUR,deposit
2722,26/05/2026,IT4567,-507.32,EUR,withdrawal
2723,08/04/2026,IT6789,-1357.74,EUR,withdrawal
2724,,IT5678,-1077.38,EUR,withdrawal
2725,17/02/2026,IT5678,-745.72,EUR,transfer
2726,02/05/2026,IT4567,2868.32,EUR,deposit
2727,23/04/2026,IT5678,1508.95,EUR,deposit
2728,09/04/2026,IT1234,4358.85,EUR,deposit
2729,11/01/2026,IT5678,-1186.76,EUR,withdrawal
2730,27/02/2026,IT8901,-1050.8,EUR,withdrawal
2731,24/01/2026,IT8901,998.35,EUR,deposit
2732,02/01/2026,IT4567,-1001.1,EUR,transfer
2733,02/05/2026,IT2345,-1771.56,EUR,withdrawal
2734,16/05/2026,IT8901,4728.66,EUR,deposit
2735,22/03/2026,IT4567,1864.06,EUR,deposit
2736,01/02/2026,IT6789,3786.53,EUR,deposit
2737,30/03/2026,IT1234,2746.03,EUR,deposit
2738,22/02/2026,IT8901,-754.0,EUR,withdrawal
2739,23/01/2026,IT3456,1140.43,EUR,transfer
2740,11/01/2026,IT7890,-587.68,EUR,transfer
2741,20/02/2026,IT6789,-1691.68,EUR,withdrawal
2742,13/03/2026,IT7890,-162.23,EUR,withdrawal
2743,02/02/2026,IT8901,223.19,EUR,deposit
2744,20/03/2026,IT1234,-900.39,EUR,transfer
2745,14/03/2026,IT3456,1948.16,EUR,deposit
2746,09/01/2026,IT3456,3887.59,EUR,deposit
2747,17/03/2026,IT7890,-1600.62,EUR,withdrawal
2748,14/03/2026,IT5678,592.16,EUR,transfer
2749,31/01/2026,IT1234,23%02))12,EUR,deposit
2750,03/01/2026,IT5678,-674.0,EUR,transfer
2751,24/02/2026,IT1234,-1906.14,EUR,withdrawal
2752,21/01/2026,IT1234,724.87,EUR,deposit
2753,17/04/2026,IT5678,3024.25,EUR,deposit
2754,01/03/2026,IT7890,344.25,EUR,deposit
2755,13/05/2026,IT7890,1553.29,EUR,deposit
2756,22/04/2026,IT8901,-888.04,EUR,transfer
2757,18/01/2026,IT2345,-1059.08,EUR,transfer
2758,02/01/2026,IT7890,1104.44,EUR,transfer
2759,06/05/2026,IT1234,959.27,EUR,transfer
2760,12/04/2026,IT5678,-692.61,EUR,withdrawal
2761,13/04/2026,IT5678,-685.6,EUR,transfer
2762,14/03/2026,IT6789,-950.34,EUR,transfer
2763,13/03/2026,IT5678,-800.52,EUR,withdrawal
2764,22/01/2026,IT3456,1370.69,EUR,transfer
2765,01/02/2026,IT8901,1372.69,EUR,transfer
2766,02/03/2026,IT5678,-1142.94,EUR,withdrawal
2767,14/04/2026,IT1234,4436.83,EUR,deposit
2768,30/04/2026,IT6789,210.19,EUR,deposit
2769,01/01/1750,IT7890,-1878.94,EUR,withdrawal
2770,26/05/2026,IT4567,141.17,EUR,deposit
2771,23/04/2026,IT3456,-312.02,EUR,transfer
2772,01/02/2026,IT4567,-1743.67,EUR,withdrawal
2773,19/02/2026,IT2345,1883.65,EUR,deposit
2774,18/04/2026,IT1234,909.02,EUR,deposit
2775,08/05/2026,IT6789,1186.26,EUR,transfer
2776,14/04/2026,IT4567,1442.64,EUR,deposit
2777,12/03/2026,IT2345,-830.05,EUR,transfer
2778,14/02/2026,IT1234,2291.64,EUR,deposit
2779,27/02/2026,IT4567,441.63,EUR,transfer
2780,23/01/2026,IT8901,-558.45,EUR,withdrawal
2781,01/02/2026,IT8901,-947.82,EUR,withdrawal
2782,,IT7890,4641.16,EUR,deposit
2783,23/03/2026,IT3456,-1293.68,EUR,withdrawal
2784,30/05/2026,IT6789,-261.3,EUR,withdrawal
2785,29/04/2026,IT2345,198.2,EUR,transfer
2786,13/01/2026,IT2345,-1803.34,EUR,withdrawal
2787,22/05/2026,IT7890,369.8,EUR,transfer
2788,24/05/2026,IT7890,984.64,EUR,deposit
2789,09/05/2026,IT5678,3839.69,EUR,deposit
2790,25/01/2026,IT4567,260.05,EUR,deposit
2791,20/01/2026,IT4567,-1186.94,EUR,transfer
2792,31/05/2026,IT7890,-658.64,EUR,withdrawal
2793,15/01/2026,IT8901,2232.89,EUR,deposit
2794,26/05/2026,IT8901,880.94,EUR,transfer
2795,01/05/2026,IT7890,1411.0,EUR,deposit
2796,06/02/2026,IT5678,-69.35,EUR,withdrawal
2797,21/03/2026,IT3456,1449.29,EUR,transfer
2798,07/04/2026,IT2345,-134.57,EUR,transfer
2799,06/02/2026,IT5678,4217.76,EUR,deposit
2800,07/02/2026,IT7890,-24.41,EUR,withdrawal
2801,14/02/2026,IT3456,-894.46,EUR,withdrawal
2802,27/01/2026,IT7890,840.28,EUR,transfer
2803,09/01/2026,IT8901,4880.81,EUR,deposit
2804,11/01/2026,IT6789,4626.5,EUR,deposit
2805,15/03/2026,IT8901,-748.44,EUR,transfer
2806,04/02/2026,IT5678,1313.78,EUR,transfer
2807,18/01/2026,IT7890,-50.99,EUR,transfer
2808,16/03/2026,IT3456,1791.23,EUR,deposit
2809,19/03/2026,IT8901,1202.62,EUR,transfer
2810,11/05/2026,IT1234,-884.8,EUR,withdrawal
2811,10/05/2026,IT3456,992.43,EUR,transfer
2812,03/05/2026,IT4567,23%02))12,EUR,deposit
2813,01/03/2026,IT8901,-121.6,EUR,transfer
2814,22/05/2026,IT8901,-1863.49,EUR,withdrawal
2815,07/02/2026,IT8901,-1250.68,EUR,withdrawal
2816,01/03/2026,IT5678,1313.55,EUR,transfer
2817,11/05/2026,IT5678,845.54,EUR,transfer
2818,01/02/2026,IT5678,808.0,EUR,transfer
2819,14/04/2026,IT3456,426.13,EUR,deposit
2820,15/04/2026,IT4567,-1123.85,EUR,transfer
2821,04/04/2026,IT7890,-28.48,EUR,withdrawal
2822,17/02/2026,IT6789,-509.54,EUR,withdrawal
2823,05/02/2026,IT1234,-1837.52,EUR,withdrawal
2824,04/05/2026,IT7890,-270.1,EUR,withdrawal
2825,19/01/2026,IT2345,3748.57,EUR,deposit
2826,10/01/2026,IT3456,1314.35,EUR,deposit
2827,13/02/2026,IT3456,23%02))12,EUR,withdrawal
2828,01/03/2026,IT4567,3517.3,EUR,deposit
2829,17/03/2026,IT3456,-951.52,EUR,withdrawal
2830,09/03/2026,IT2345,3068.88,EUR,deposit
2831,05/04/2026,IT3456,1114.89,EUR,deposit
2832,04/05/2026,IT7890,-1436.87,EUR,withdrawal
2833,18/03/2026,IT7890,-1034.17,EUR,transfer
2834,21/03/2026,IT1234,-1852.53,EUR,withdrawal
2835,03/04/2026,IT5678,-1026.78,EUR,transfer
2836,03/01/2026,IT2345,528.92,EUR,transfer
2837,12/02/2026,IT7890,4791.92,EUR,deposit
2838,08/05/2026,IT5678,-1011.45,EUR,transfer
2839,27/04/2026,IT6789,2323.7,EUR,deposit
2840,04/01/2026,IT7890,-1457.16,EUR,transfer
2841,23/02/2026,IT2345,768.42,EUR,transfer
2842,15/02/2026,IT3456,4211.34,EUR,deposit
2843,07/03/2026,IT4567,4750.28,EUR,deposit
2844,20/02/2026,IT1234,401.38,EUR,transfer
2845,05/03/2026,IT4567,2683.1,EUR,deposit
2846,18/04/2026,IT6789,732.82,EUR,transfer
2847,05/01/2026,IT1234,3409.72,EUR,deposit
2848,06/05/2026,IT5678,-383.81,EUR,transfer
2849,10/05/2026,IT6789,2201.04,EUR,deposit
2850,22/04/2026,IT2345,-1690.9,EUR,withdrawal
2851,13/04/2026,IT5678,-589.52,EUR,transfer
2852,16/03/2026,IT6789,-984.14,EUR,transfer
2853,09/01/2026,IT7890,-1799.42,EUR,withdrawal
2854,26/05/2026,IT5678,-1913.58,EUR,withdrawal
2855,01/01/2026,IT3456,-1444.91,EUR,withdrawal
2856,28/03/2026,IT4567,-1403.72,EUR,transfer
2857,21/04/2026,IT4567,-81.85,EUR,transfer
2858,21/03/2026,IT5678,4399.5,EUR,deposit
2859,29/05/2026,IT5678,1417.43,EUR,deposit
2860,28/01/2026,IT2345,-1348.59,EUR,withdrawal
2861,11/04/2026,IT6789,-1035.04,EUR,withdrawal
2862,16/01/2026,IT7890,-486.26,EUR,transfer
2863,25/04/2026,IT4567,-789.51,EUR,withdrawal
2864,04/02/2026,IT1234,2792.25,EUR,deposit
2865,29/03/2026,IT2345,2224.42,EUR,deposit
2866,14/04/2026,IT6789,-1080.08,EUR,withdrawal
2867,27/02/2026,IT4567,-1767.95,EUR,withdrawal
2868,14/04/2026,IT8901,-743.97,EUR,withdrawal
2869,31/01/2026,IT1234,862.34,EUR,transfer
2870,23/01/2026,IT5678,1352.53,EUR,transfer
2871,02/01/2026,IT6789,-112.8,EUR,withdrawal
2872,09/02/2026,IT8901,-1207.5,EUR,withdrawal
2873,11/05/2026,IT8901,23%02))12,EUR,withdrawal
2874,09/01/2026,IT6789,-854.18,EUR,transfer
2875,03/01/2026,IT7890,-1870.3,EUR,withdrawal
2876,10/02/2026,IT6789,1116.79,EUR,transfer
2877,25/03/2026,IT1234,-1050.81,EUR,transfer
2878,24/05/2026,IT5678,-243.56,EUR,transfer
2879,01/03/2026,IT3456,949.35,EUR,deposit
2880,11/03/2026,IT8901,-187.91,EUR,withdrawal
2881,09/02/2026,IT5678,-1807.57,EUR,withdrawal
2882,06/05/2026,IT1234,1665.62,EUR,deposit
2883,15/04/2026,IT6789,3503.4,EUR,deposit
2884,30/04/2026,IT2345,2576.19,EUR,deposit
2885,19/03/2026,IT6789,196.69,EUR,transfer
2886,20/02/2026,IT7890,-805.24,EUR,transfer
2887,20/01/2026,IT4567,-1742.44,EUR,withdrawal
2888,26/01/2026,IT7890,3750.4,EUR,deposit
2889,04/05/2026,IT8901,-512.23,EUR,transfer
2890,24/01/2026,IT4567,218.45,EUR,transfer
2891,03/04/2026,IT3456,-779.16,EUR,withdrawal
2892,03/01/2026,IT4567,2638.83,EUR,deposit
2893,30/01/2026,IT2345,-156.03,EUR,withdrawal
2894,22/05/2026,IT1234,2703.04,EUR,deposit
2895,07/02/2026,IT8901,2149.01,EUR,deposit
2896,03/05/2026,IT4567,-1903.59,EUR,withdrawal
2897,23/01/2026,IT6789,2561.03,EUR,deposit
2898,13/04/2026,IT4567,-1098.5,EUR,transfer
2899,30/03/2026,IT5678,-1391.18,EUR,withdrawal
2900,12/01/2026,IT1234,141.54,EUR,transfer
2901,09/05/2026,IT7890,-232.83,EUR,transfer
2902,06/04/2026,IT6789,-768.11,EUR,withdrawal
2903,02/04/2026,IT5678,-1614.57,EUR,withdrawal
2904,20/03/2026,IT7890,77.66,EUR,transfer
2905,06/04/2026,IT8901,3873.39,EUR,deposit
2906,19/01/2026,IT8901,295.37,EUR,transfer
2907,27/01/2026,IT4567,3573.61,EUR,deposit
2908,05/02/2026,IT2345,594.32,EUR,transfer
2909,20/05/2026,IT1234,1439.84,EUR,transfer
2910,07/02/2026,IT6789,3.42,EUR,transfer
2911,21/02/2026,IT2345,2489.78,EUR,deposit
2912,04/04/2026,IT1234,1446.07,EUR,deposit
2913,31/05/2026,IT5678,-725.44,EUR,withdrawal
2914,04/02/2026,IT1234,-1753.56,EUR,withdrawal
2915,14/02/2026,IT2345,273.8,EUR,transfer
2916,07/01/2026,IT7890,1264.62,EUR,deposit
2917,01/01/1750,IT7890,1297.63,EUR,deposit
2918,20/03/2026,IT3456,-614.95,EUR,withdrawal
2919,13/02/2026,IT5678,-718.02,EUR,withdrawal
2920,15/05/2026,IT2345,36.79,EUR,transfer
2921,09/04/2026,IT2345,3618.27,EUR,deposit
2922,27/02/2026,IT6789,-900.55,EUR,withdrawal
2923,24/01/2026,IT6789,1469.0,EUR,transfer
2924,22/01/2026,IT3456,-814.92,EUR,withdrawal
2925,23/05/2026,IT2345,-79.56,EUR,withdrawal
2926,23/05/2026,IT7890,1224.22,EUR,deposit
2927,06/02/2026,IT2345,426.72,EUR,transfer
2928,01/03/2026,IT5678,-1404.29,EUR,transfer
2929,27/05/2026,IT7890,2250.86,EUR,deposit
2930,26/01/2026,IT4567,907.66,EUR,transfer
2931,06/01/2026,IT4567,4821.75,EUR,deposit
2932,25/04/2026,IT1234,-1727.61,EUR,withdrawal
2933,05/02/2026,IT5678,-876.47,EUR,withdrawal
2934,28/02/2026,IT1234,454.14,EUR,transfer
2935,14/04/2026,IT8901,447.86,EUR,deposit
2936,04/04/2026,IT6789,4737.33,EUR,deposit
2937,05/05/2026,IT7890,3368.51,EUR,deposit
2938,22/05/2026,IT5678,115.27,EUR,deposit
2939,26/01/2026,IT2345,1033.38,EUR,transfer
2940,16/03/2026,IT2345,-601.97,EUR,withdrawal
2941,16/04/2026,IT3456,-74.87,EUR,withdrawal
2942,24/02/2026,IT6789,-1159.58,EUR,withdrawal
2943,18/04/2026,IT2345,1145.83,EUR,deposit
2944,22/02/2026,IT2345,3115.1,EUR,deposit
2945,18/05/2026,IT5678,-1006.0,EUR,transfer
2946,18/03/2026,IT8901,-1924.55,EUR,withdrawal
2947,27/01/2026,IT6789,2152.15,EUR,deposit
2948,30/04/2026,IT5678,-1838.43,EUR,withdrawal
2949,02/03/2026,IT8901,925.15,EUR,deposit
2950,17/05/2026,IT6789,-1340.66,EUR,transfer
2951,20/04/2026,IT5678,511.76,EUR,deposit
2952,09/02/2026,IT7890,-1873.0,EUR,withdrawal
2953,15/04/2026,IT7890,956.49,EUR,transfer
2954,23/04/2026,IT4567,-1255.53,EUR,transfer
2955,22/01/2026,IT8901,-1098.44,EUR,withdrawal
2956,31/05/2026,IT1234,-1341.43,EUR,withdrawal
2957,23/02/2026,IT4567,653.31,EUR,transfer
2958,18/02/2026,IT5678,100.46,EUR,deposit
2959,11/01/2026,IT2345,-824.62,EUR,transfer
2960,15/01/2026,IT7890,3961.35,EUR,deposit
2961,18/03/2026,IT1234,-201.48,EUR,withdrawal
2962,25/04/2026,IT5678,-283.88,EUR,transfer
2963,25/01/2026,IT3456,-1408.61,EUR,withdrawal
2964,23/03/2026,IT5678,-731.68,EUR,transfer
2965,28/01/2026,IT6789,401.7,EUR,deposit
2966,07/04/2026,IT5678,-1082.59,EUR,withdrawal
2967,22/01/2026,IT2345,2459.56,EUR,deposit
2968,19/05/2026,IT3456,1125.52,EUR,transfer
2969,19/03/2026,IT4567,1103.66,EUR,transfer
2970,23/03/2026,IT5678,-824.42,EUR,withdrawal
2971,17/05/2026,IT4567,-22.11,EUR,withdrawal
2972,15/05/2026,IT5678,-446.42,EUR,transfer
2973,15/03/2026,IT6789,-1192.52,EUR,transfer
2974,19/05/2026,IT7890,-790.97,EUR,transfer
2975,28/02/2026,IT2345,289.38,EUR,transfer
2976,12/05/2026,IT6789,-1680.45,EUR,withdrawal
2977,05/02/2026,IT3456,-737.91,EUR,transfer
2978,30/05/2026,IT1234,1486.65,EUR,transfer
2979,26/04/2026,IT2345,3023.89,EUR,deposit
2980,18/03/2026,IT4567,-160.1,EUR,transfer
2981,28/03/2026,IT3456,-1199.36,EUR,transfer
2982,01/05/2026,IT2345,1332.49,EUR,transfer
2983,22/04/2026,IT3456,1640.82,EUR,deposit
2984,11/01/2026,IT3456,-1293.18,EUR,withdrawal
2985,06/02/2026,IT8901,2510.28,EUR,deposit
2986,10/01/2026,IT1234,1075.07,EUR,transfer
2987,15/04/2026,IT3456,-185.89,EUR,transfer
2988,14/02/2026,IT1234,-700.29,EUR,withdrawal
2989,14/05/2026,IT1234,-1079.47,EUR,withdrawal
2990,29/04/2026,IT4567,-1483.23,EUR,withdrawal
2991,03/03/2026,IT2345,-1913.29,EUR,withdrawal
2992,14/01/2026,IT3456,721.16,EUR,deposit
2993,05/01/2026,IT1234,-214.38,EUR,transfer
2994,15/03/2026,IT8901,306.91,EUR,transfer
2995,08/03/2026,IT1234,1104.97,EUR,deposit
2996,27/04/2026,IT7890,3024.05,EUR,deposit
2997,03/05/2026,IT1234,767.26,EUR,deposit
2998,25/05/2026,IT6789,47.88,EUR,transfer
2999,13/02/2026,IT8901,-646.24,EUR,transfer
3000,13/03/2026,IT8901,-1733.34,EUR,withdrawal
3001,04/04/2026,IT5678,-431.08,EUR,withdrawal
3002,21/03/2026,IT5678,1902.79,EUR,deposit
3003,25/01/2026,IT5678,1019.57,EUR,deposit
3004,31/03/2026,IT8901,-1996.45,EUR,withdrawal
3005,30/03/2026,IT6789,100.23,EUR,transfer
3006,17/02/2026,IT5678,-1042.48,EUR,transfer
3007,15/05/2026,IT5678,1805.05,EUR,deposit
3008,01/02/2026,IT1234,86.48,EUR,transfer
3009,15/01/2026,IT1234,681.3,EUR,transfer
3010,02/03/2026,IT2345,-178.82,EUR,withdrawal
3011,21/05/2026,IT4567,486.59,EUR,deposit
3012,10/01/2026,IT6789,2135.56,EUR,deposit
3013,07/02/2026,IT1234,1697.74,EUR,deposit
3014,18/02/2026,IT7890,1142.72,EUR,transfer
3015,09/04/2026,IT4567,599.39,EUR,transfer
3016,09/02/2026,IT6789,840.02,EUR,transfer
3017,09/05/2026,IT3456,2227.17,EUR,deposit
3018,04/03/2026,IT2345,1086.61,EUR,deposit
3019,03/05/2026,IT6789,-1427.62,EUR,withdrawal
3020,01/01/1750,IT5678,-1018.79,EUR,withdrawal
3021,23/02/2026,IT3456,-1092.38,EUR,withdrawal
3022,19/01/2026,IT6789,-117.49,EUR,withdrawal
3023,31/05/2026,IT1234,-272.53,EUR,withdrawal
3024,13/03/2026,IT8901,-1395.45,EUR,withdrawal
3025,27/05/2026,IT1234,-312.65,EUR,withdrawal
3026,19/02/2026,IT3456,-1417.63,EUR,withdrawal
3027,24/04/2026,IT3456,4857.07,EUR,deposit
3028,24/04/2026,IT5678,384.47,EUR,deposit
3029,31/03/2026,IT5678,-258.01,EUR,withdrawal
3030,03/02/2026,IT6789,2040.4,EUR,deposit
3031,05/05/2026,IT6789,4753.69,EUR,deposit
3032,13/02/2026,IT6789,3025.74,EUR,deposit
3033,27/04/2026,IT8901,-557.94,EUR,transfer
3034,04/05/2026,IT3456,4324.73,EUR,deposit
3035,20/02/2026,IT2345,1529.5,EUR,deposit
3036,14/03/2026,IT1234,1101.91,EUR,transfer
3037,04/05/2026,IT8901,-1505.42,EUR,withdrawal
3038,03/04/2026,IT2345,-1930.6,EUR,withdrawal
3039,01/03/2026,IT5678,-1778.14,EUR,withdrawal
3040,24/04/2026,IT2345,4262.1,EUR,deposit
3041,29/04/2026,IT2345,-1534.7,EUR,withdrawal
3042,19/03/2026,IT7890,1427.55,EUR,deposit
3043,27/01/2026,IT6789,875.08,EUR,transfer
3044,14/05/2026,IT7890,793.29,EUR,transfer
3045,21/03/2026,IT4567,-1152.32,EUR,withdrawal
3046,20/04/2026,IT2345,2703.96,EUR,deposit
3047,07/03/2026,IT6789,-27.44,EUR,transfer
3048,21/05/2026,IT5678,649.91,EUR,transfer
3049,25/05/2026,IT4567,-1077.32,EUR,withdrawal
3050,06/02/2026,IT3456,1280.93,EUR,deposit
3051,08/03/2026,IT2345,448.61,EUR,transfer
3052,12/01/2026,IT4567,-369.11,EUR,withdrawal
3053,11/02/2026,IT7890,1291.83,EUR,transfer
3054,01/01/2026,IT2345,-106.03,EUR,transfer
3055,17/01/2026,IT2345,-905.01,EUR,transfer
3056,28/03/2026,IT5678,-1936.19,EUR,withdrawal
3057,20/05/2026,IT6789,-109.57,EUR,withdrawal
3058,21/03/2026,IT1234,23%02))12,EUR,withdrawal
3059,29/03/2026,IT7890,-777.47,EUR,withdrawal
3060,19/04/2026,IT6789,-1059.88,EUR,withdrawal
3061,03/02/2026,IT6789,-1043.23,EUR,withdrawal
3062,25/03/2026,IT3456,159.62,EUR,deposit
3063,27/04/2026,IT8901,783.98,EUR,deposit
3064,11/04/2026,IT8901,-1051.77,EUR,transfer
3065,19/05/2026,IT1234,4656.91,EUR,deposit
3066,02/02/2026,IT5678,-910.77,EUR,transfer
3067,17/05/2026,IT6789,1475.43,EUR,deposit
3068,28/04/2026,IT1234,4501.27,EUR,deposit
3069,15/05/2026,IT5678,-717.87,EUR,transfer
3070,24/01/2026,IT7890,373.88,EUR,deposit
3071,07/02/2026,IT4567,581.29,EUR,deposit
3072,28/05/2026,IT1234,850.72,EUR,transfer
3073,15/05/2026,IT5678,-143.78,EUR,transfer
3074,11/04/2026,IT3456,-1631.83,EUR,withdrawal
3075,01/04/2026,IT3456,-1364.89,EUR,transfer
3076,18/04/2026,IT6789,-1480.82,EUR,withdrawal
3077,12/02/2026,IT1234,4391.48,EUR,deposit
3078,13/04/2026,IT5678,466.76,EUR,transfer
3079,20/04/2026,IT1234,269.32,EUR,transfer
3080,11/03/2026,IT8901,1596.51,EUR,deposit
3081,05/01/2026,IT6789,-719.51,EUR,transfer
3082,02/03/2026,IT3456,-1393.33,EUR,withdrawal
3083,05/01/2026,IT2345,-1668.34,EUR,withdrawal
3084,10/05/2026,IT3456,1291.78,EUR,transfer
3085,19/04/2026,IT1234,-1236.17,EUR,withdrawal
3086,22/02/2026,IT5678,-1757.15,EUR,withdrawal
3087,14/05/2026,IT1234,23%02))12,EUR,withdrawal
3088,29/01/2026,IT5678,354.12,EUR,deposit
3089,07/03/2026,IT3456,-1440.03,EUR,transfer
3090,29/05/2026,IT8901,-948.93,EUR,transfer
3091,18/04/2026,IT3456,3394.94,EUR,deposit
3092,05/02/2026,IT8901,626.55,EUR,transfer
3093,01/02/2026,IT4567,-550.9,EUR,withdrawal
3094,14/04/2026,IT7890,-110.08,EUR,transfer
3095,22/01/2026,IT5678,-1546.41,EUR,withdrawal
3096,03/05/2026,IT8901,-375.77,EUR,withdrawal
3097,24/05/2026,IT3456,-834.04,EUR,withdrawal
3098,06/01/2026,IT3456,511.8,EUR,transfer
3099,24/04/2026,IT6789,2617.85,EUR,deposit
3100,07/05/2026,IT8901,422.06,EUR,transfer
3101,29/01/2026,IT7890,-816.87,EUR,transfer
3102,23/05/2026,IT7890,1499.27,EUR,transfer
3103,21/05/2026,IT2345,-1679.76,EUR,withdrawal
3104,25/01/2026,IT5678,2687.08,EUR,deposit
3105,03/01/2026,IT6789,3834.44,EUR,deposit
3106,23/04/2026,IT4567,-1679.93,EUR,withdrawal
3107,23/03/2026,IT1234,4539.37,EUR,deposit
3108,15/05/2026,IT2345,-504.12,EUR,withdrawal
3109,05/05/2026,IT1234,1561.62,EUR,deposit
3110,31/03/2026,IT5678,-1001.65,EUR,withdrawal
3111,10/04/2026,IT7890,594.88,EUR,transfer
3112,29/05/2026,IT6789,-1973.72,EUR,withdrawal
3113,22/05/2026,IT6789,938.71,EUR,transfer
3114,29/03/2026,IT8901,4425.43,EUR,deposit
3115,23/05/2026,IT2345,1434.14,EUR,deposit
3116,04/03/2026,IT6789,3422.53,EUR,deposit
3117,22/04/2026,IT5678,-1172.89,EUR,withdrawal
3118,03/05/2026,IT2345,402.77,EUR,deposit
3119,13/05/2026,IT2345,-1639.69,EUR,withdrawal
3120,02/05/2026,IT7890,-157.6,EUR,transfer
3121,12/04/2026,IT7890,-920.96,EUR,transfer
3122,21/05/2026,IT5678,-499.25,EUR,withdrawal
3123,01/01/2026,IT4567,1929.28,EUR,deposit
3124,13/02/2026,IT8901,3912.14,EUR,deposit
3125,12/01/2026,IT6789,531.49,EUR,transfer
3126,27/04/2026,IT7890,630.37,EUR,transfer
3127,26/03/2026,IT3456,3502.43,EUR,deposit
3128,30/03/2026,IT5678,-362.68,EUR,withdrawal
3129,16/04/2026,IT5678,-272.76,EUR,withdrawal
3130,06/03/2026,IT3456,485.13,EUR,transfer
3131,12/02/2026,IT7890,-418.04,EUR,transfer
3132,15/02/2026,IT3456,-540.9,EUR,withdrawal
3133,16/04/2026,IT1234,222.99,EUR,deposit
3134,03/01/2026,IT5678,-1148.69,EUR,withdrawal
3135,25/02/2026,IT2345,-1858.47,EUR,withdrawal
3136,18/04/2026,IT6789,2174.17,EUR,deposit
3137,11/01/2026,IT3456,3180.54,EUR,deposit
3138,18/01/2026,IT6789,-1164.99,EUR,withdrawal
3139,14/02/2026,IT5678,3899.3,EUR,deposit
3140,27/03/2026,IT5678,-1922.68,EUR,withdrawal
3141,29/05/2026,IT7890,-1545.73,EUR,withdrawal
3142,17/01/2026,IT1234,1296.89,EUR,deposit
3143,08/04/2026,IT8901,-1156.22,EUR,withdrawal
3144,09/02/2026,IT6789,2921.06,EUR,deposit
3145,29/01/2026,IT8901,-1055.5,EUR,withdrawal
3146,10/05/2026,IT1234,-400.67,EUR,withdrawal
3147,19/01/2026,IT3456,4560.68,EUR,deposit
3148,21/05/2026,IT8901,758.01,EUR,transfer
3149,11/01/2026,IT6789,-232.74,EUR,transfer
3150,26/03/2026,IT1234,2041.08,EUR,deposit
3151,29/03/2026,IT5678,4731.7,EUR,deposit
3152,02/03/2026,IT7890,1670.65,EUR,deposit
3153,31/05/2026,IT5678,4819.64,EUR,deposit
3154,09/04/2026,IT3456,-313.81,EUR,transfer
3155,27/01/2026,IT5678,693.21,EUR,deposit
3156,01/03/2026,IT3456,-412.06,EUR,transfer
3157,20/04/2026,IT8901,857.31,EUR,deposit
3158,12/04/2026,IT6789,2049.61,EUR,deposit
3159,10/02/2026,IT3456,4677.03,EUR,deposit
3160,10/04/2026,IT8901,-635.03,EUR,transfer
3161,15/04/2026,IT6789,1496.59,EUR,deposit
3162,06/03/2026,IT4567,977.15,EUR,deposit
3163,23/04/2026,IT8901,-918.25,EUR,transfer
3164,25/03/2026,IT6789,-1301.49,EUR,withdrawal
3165,27/04/2026,IT5678,-340.04,EUR,withdrawal
3166,26/04/2026,IT6789,-174.44,EUR,transfer
3167,06/01/2026,IT5678,1213.67,EUR,transfer
3168,29/01/2026,IT2345,-416.47,EUR,withdrawal
3169,,IT1234,2357.88,EUR,deposit
3170,19/05/2026,IT5678,-1375.35,EUR,withdrawal
3171,21/01/2026,IT2345,1250.33,EUR,transfer
3172,01/04/2026,IT5678,-569.94,EUR,withdrawal
3173,16/03/2026,IT3456,1563.8,EUR,deposit
3174,09/01/2026,IT8901,4158.51,EUR,deposit
3175,12/03/2026,IT2345,2807.34,EUR,deposit
3176,09/03/2026,IT5678,-1487.89,EUR,withdrawal
3177,08/04/2026,IT4567,-299.96,EUR,transfer
3178,21/04/2026,IT4567,4412.62,EUR,deposit
3179,01/05/2026,IT5678,-1492.54,EUR,transfer
3180,16/04/2026,IT4567,-1935.07,EUR,withdrawal
3181,01/01/2026,IT4567,-143.83,EUR,withdrawal
3182,02/02/2026,IT3456,-1270.89,EUR,withdrawal
3183,09/02/2026,IT5678,-1877.47,EUR,withdrawal
3184,27/01/2026,IT5678,-537.02,EUR,transfer
3185,30/05/2026,IT3456,-1182.35,EUR,transfer
3186,26/01/2026,IT1234,2858.49,EUR,deposit
3187,12/05/2026,IT1234,3289.23,EUR,deposit
3188,24/03/2026,IT1234,-700.42,EUR,withdrawal
3189,03/04/2026,IT4567,356.62,EUR,deposit
3190,06/02/2026,IT2345,1075.29,EUR,transfer
3191,04/03/2026,IT6789,348.59,EUR,transfer
3192,15/04/2026,IT5678,504.28,EUR,deposit
3193,22/03/2026,IT6789,-218.24,EUR,transfer
3194,30/03/2026,IT7890,2705.6,EUR,deposit
3195,22/02/2026,IT2345,486.16,EUR,transfer
3196,24/03/2026,IT8901,-941.75,EUR,withdrawal
3197,01/01/1750,IT2345,-485.16,EUR,withdrawal
3198,28/01/2026,IT5678,1146.92,EUR,transfer
3199,14/03/2026,IT5678,-1286.52,EUR,transfer
3200,06/05/2026,IT6789,-1467.25,EUR,withdrawal
3201,04/04/2026,IT2345,-486.71,EUR,withdrawal
3202,26/02/2026,IT2345,658.62,EUR,deposit
3203,26/02/2026,IT6789,963.38,EUR,deposit
3204,16/02/2026,IT6789,478.59,EUR,transfer
3205,22/03/2026,IT6789,905.6,EUR,transfer
3206,29/04/2026,IT1234,-1085.47,EUR,transfer
3207,20/04/2026,IT3456,3357.16,EUR,deposit
3208,02/04/2026,IT5678,1157.23,EUR,deposit
3209,24/01/2026,IT2345,1342.19,EUR,transfer
3210,26/05/2026,IT1234,3229.95,EUR,deposit
3211,28/01/2026,IT6789,-1084.79,EUR,withdrawal
3212,31/05/2026,IT3456,-700.09,EUR,withdrawal
3213,26/04/2026,IT1234,-92.07,EUR,withdrawal
3214,23/04/2026,IT2345,1367.05,EUR,transfer
3215,30/03/2026,IT3456,320.13,EUR,transfer
3216,21/03/2026,IT7890,-305.02,EUR,withdrawal
3217,10/04/2026,IT1234,2281.09,EUR,deposit
3218,19/04/2026,IT1234,-573.97,EUR,transfer
3219,31/05/2026,IT3456,-1050.81,EUR,transfer
3220,21/02/2026,IT6789,819.28,EUR,transfer
3221,18/01/2026,IT7890,4181.48,EUR,deposit
3222,13/05/2026,IT7890,4478.34,EUR,deposit
3223,17/04/2026,IT4567,591.38,EUR,deposit
3224,17/01/2026,IT7890,-477.47,EUR,transfer
3225,16/02/2026,IT1234,-1701.16,EUR,withdrawal
3226,17/03/2026,IT8901,-669.53,EUR,transfer
3227,04/05/2026,IT5678,-44.39,EUR,transfer
3228,02/01/2026,IT4567,2805.23,EUR,deposit
3229,13/03/2026,IT4567,-1032.54,EUR,withdrawal
3230,01/05/2026,IT5678,3567.77,EUR,deposit
3231,17/05/2026,IT2345,-1477.32,EUR,withdrawal
3232,09/02/2026,IT2345,-1769.3,EUR,withdrawal
3233,21/04/2026,IT1234,-1494.77,EUR,transfer
3234,02/04/2026,IT8901,594.35,EUR,deposit
3235,08/02/2026,IT7890,-294.53,EUR,withdrawal
3236,14/05/2026,IT4567,83.94,EUR,deposit
3237,25/04/2026,IT1234,-802.87,EUR,withdrawal
3238,11/05/2026,IT1234,-171.19,EUR,withdrawal
3239,10/04/2026,IT4567,-20.01,EUR,withdrawal
3240,02/04/2026,IT4567,-956.99,EUR,transfer
3241,03/05/2026,IT8901,2327.57,EUR,deposit
3242,08/01/2026,IT7890,840.33,EUR,transfer
3243,18/02/2026,IT1234,-1839.22,EUR,withdrawal
3244,12/01/2026,IT3456,-1067.3,EUR,withdrawal
3245,10/05/2026,IT4567,486.2,EUR,deposit
3246,04/04/2026,IT4567,-689.52,EUR,withdrawal
3247,20/01/2026,IT5678,-298.6,EUR,withdrawal
3248,30/04/2026,IT6789,1943.03,EUR,deposit
3249,01/02/2026,IT1234,4518.61,EUR,deposit
3250,12/02/2026,IT3456,-484.98,EUR,transfer
3251,12/04/2026,IT7890,-1521.62,EUR,withdrawal
3252,26/03/2026,IT6789,-1927.43,EUR,withdrawal
3253,08/05/2026,IT2345,-1057.09,EUR,withdrawal
3254,05/04/2026,IT2345,-712.15,EUR,transfer
3255,17/05/2026,IT5678,-903.68,EUR,withdrawal
3256,04/01/2026,IT5678,2012.04,EUR,deposit
3257,20/01/2026,IT7890,-1120.47,EUR,withdrawal
3258,17/04/2026,IT2345,-308.64,EUR,withdrawal
3259,02/03/2026,IT7890,-713.21,EUR,transfer
3260,12/04/2026,IT8901,-1312.3,EUR,transfer
3261,08/01/2026,IT1234,-616.6,EUR,transfer
3262,06/03/2026,IT3456,-840.67,EUR,transfer
3263,03/02/2026,IT4567,-24.07,EUR,transfer
3264,19/01/2026,IT5678,262.06,EUR,transfer
3265,03/02/2026,IT3456,-145.3,EUR,withdrawal
3266,20/02/2026,IT2345,-1049.51,EUR,transfer
3267,16/01/2026,IT3456,4812.63,EUR,deposit
3268,02/05/2026,IT1234,-1319.08,EUR,withdrawal
3269,05/04/2026,IT6789,-1757.13,EUR,withdrawal
3270,12/01/2026,IT2345,-813.94,EUR,transfer
3271,03/04/2026,IT8901,-221.05,EUR,withdrawal
3272,10/03/2026,IT7890,23%02))12,EUR,transfer
3273,28/04/2026,IT8901,-1980.19,EUR,withdrawal
3274,21/04/2026,IT8901,-373.76,EUR,withdrawal
3275,14/02/2026,IT6789,4489.03,EUR,deposit
3276,08/05/2026,IT5678,1311.52,EUR,deposit
3277,17/05/2026,IT3456,-87.03,EUR,withdrawal
3278,30/03/2026,IT3456,186.3,EUR,transfer
3279,19/01/2026,IT4567,-1957.31,EUR,withdrawal
3280,06/01/2026,IT3456,-566.75,EUR,transfer
3281,29/04/2026,IT8901,3923.19,EUR,deposit
3282,07/04/2026,IT3456,3118.71,EUR,deposit
3283,15/01/2026,IT5678,-383.62,EUR,transfer
3284,27/01/2026,IT3456,920.2,EUR,transfer
3285,01/03/2026,IT4567,-601.59,EUR,transfer
3286,22/05/2026,IT7890,-200.29,EUR,withdrawal
3287,04/05/2026,IT6789,-314.56,EUR,withdrawal
3288,13/04/2026,IT6789,-614.37,EUR,transfer
3289,25/03/2026,IT6789,-1803.76,EUR,withdrawal
3290,23/01/2026,IT1234,-890.81,EUR,withdrawal
3291,13/04/2026,IT7890,1046.97,EUR,deposit
3292,05/03/2026,IT6789,-1633.87,EUR,withdrawal
3293,29/01/2026,IT8901,2711.48,EUR,deposit
3294,14/04/2026,IT1234,277.18,EUR,deposit
3295,10/01/2026,IT4567,23%02))12,EUR,transfer
3296,20/05/2026,IT4567,-902.67,EUR,withdrawal
3297,13/04/2026,IT5678,-263.74,EUR,withdrawal
3298,12/02/2026,IT4567,267.28,EUR,transfer
3299,08/05/2026,IT3456,220.89,EUR,transfer
3300,29/05/2026,IT7890,-298.61,EUR,withdrawal
3301,31/01/2026,IT3456,-1133.23,EUR,withdrawal
3302,12/02/2026,IT5678,241.07,EUR,transfer
3303,14/02/2026,IT7890,-892.55,EUR,transfer
3304,04/04/2026,IT4567,2591.9,EUR,deposit
3305,19/05/2026,IT4567,1965.14,EUR,deposit
3306,15/05/2026,IT5678,-1133.54,EUR,withdrawal
3307,04/03/2026,IT3456,1003.89,EUR,transfer
3308,22/05/2026,IT6789,-93.66,EUR,transfer
3309,20/02/2026,IT3456,2174.48,EUR,deposit
3310,15/04/2026,IT3456,2318.44,EUR,deposit
3311,18/03/2026,IT6789,-1386.01,EUR,transfer
3312,15/02/2026,IT3456,2235.61,EUR,deposit
3313,14/03/2026,IT7890,-1740.0,EUR,withdrawal
3314,24/01/2026,IT8901,-1733.28,EUR,withdrawal
3315,11/03/2026,IT2345,-283.78,EUR,withdrawal
3316,04/04/2026,IT6789,-1276.33,EUR,transfer
3317,07/02/2026,IT2345,2675.72,EUR,deposit
3318,27/01/2026,IT4567,58.35,EUR,transfer
3319,02/02/2026,IT1234,405.45,EUR,transfer
3320,16/02/2026,IT8901,1528.76,EUR,deposit
3321,12/01/2026,IT7890,1291.71,EUR,deposit
3322,01/03/2026,IT6789,62.2,EUR,transfer
3323,30/03/2026,IT5678,2886.42,EUR,deposit
3324,07/04/2026,IT5678,3747.15,EUR,deposit
3325,29/04/2026,IT1234,-728.08,EUR,withdrawal
3326,07/02/2026,IT2345,368.37,EUR,transfer
3327,30/04/2026,IT1234,-238.16,EUR,withdrawal
3328,06/01/2026,IT7890,-1923.15,EUR,withdrawal
3329,24/03/2026,IT7890,23%02))12,EUR,withdrawal
3330,09/03/2026,IT5678,40.07,EUR,transfer
3331,20/04/2026,IT3456,-1997.84,EUR,withdrawal
3332,08/01/2026,IT3456,-1672.93,EUR,withdrawal
3333,18/05/2026,IT6789,3175.36,EUR,deposit
3334,22/04/2026,IT3456,332.58,EUR,deposit
3335,01/05/2026,IT3456,2822.68,EUR,deposit
3336,19/02/2026,IT1234,1859.21,EUR,deposit
3337,19/05/2026,IT4567,1221.07,EUR,transfer
3338,01/04/2026,IT8901,399.83,EUR,deposit
3339,05/04/2026,IT4567,1298.17,EUR,deposit
3340,27/03/2026,IT4567,-702.19,EUR,transfer
3341,15/03/2026,IT2345,-686.48,EUR,withdrawal
3342,01/01/1750,IT2345,2242.27,EUR,deposit
3343,15/05/2026,IT3456,-1358.97,EUR,withdrawal
3344,17/04/2026,IT4567,2287.46,EUR,deposit
3345,12/03/2026,IT2345,-1424.05,EUR,withdrawal
3346,16/05/2026,IT5678,777.7,EUR,deposit
3347,10/02/2026,IT2345,-869.12,EUR,withdrawal
3348,31/05/2026,IT8901,-1872.01,EUR,withdrawal
3349,17/02/2026,IT6789,-855.87,EUR,withdrawal
3350,02/01/2026,IT2345,-1285.94,EUR,transfer
3351,,IT1234,113.47,EUR,deposit
3352,25/05/2026,IT4567,-1181.78,EUR,withdrawal
3353,06/02/2026,IT1234,871.14,EUR,transfer
3354,07/05/2026,IT2345,-803.8,EUR,transfer
3355,15/03/2026,IT2345,2674.55,EUR,deposit
3356,15/05/2026,IT4567,3663.85,EUR,deposit
3357,07/01/2026,IT2345,-811.19,EUR,transfer
3358,07/02/2026,IT5678,-709.81,EUR,withdrawal
3359,22/02/2026,IT8901,882.6,EUR,transfer
3360,04/05/2026,IT1234,23%02))12,EUR,deposit
3361,08/04/2026,IT8901,-1446.39,EUR,withdrawal
3362,03/01/2026,IT7890,23%02))12,EUR,deposit
3363,24/04/2026,IT1234,2651.81,EUR,deposit
3364,05/04/2026,IT6789,1081.27,EUR,transfer
3365,05/02/2026,IT6789,2780.82,EUR,deposit
3366,05/01/2026,IT4567,-1324.32,EUR,withdrawal
3367,30/04/2026,IT8901,4380.08,EUR,deposit
3368,27/01/2026,IT7890,23%02))12,EUR,deposit
3369,06/01/2026,IT5678,-151.98,EUR,withdrawal
3370,17/04/2026,IT5678,-1566.04,EUR,withdrawal
3371,31/01/2026,IT6789,-164.39,EUR,withdrawal
3372,01/03/2026,IT4567,-902.14,EUR,withdrawal
3373,16/03/2026,IT8901,846.0,EUR,transfer
3374,02/04/2026,IT7890,807.36,EUR,transfer
3375,,IT5678,-818.0,EUR,withdrawal
3376,08/04/2026,IT4567,169.45,EUR,deposit
3377,21/03/2026,IT1234,-1429.58,EUR,withdrawal
3378,17/05/2026,IT8901,-409.83,EUR,withdrawal
3379,31/05/2026,IT3456,-236.14,EUR,transfer
3380,05/01/2026,IT3456,-287.1,EUR,withdrawal
3381,08/04/2026,IT2345,4314.81,EUR,deposit
3382,26/01/2026,IT7890,-1343.81,EUR,withdrawal
3383,03/05/2026,IT4567,23%02))12,EUR,deposit
3384,12/04/2026,IT4567,-630.47,EUR,withdrawal
3385,17/04/2026,IT4567,-1413.89,EUR,transfer
3386,01/03/2026,IT8901,-1837.58,EUR,withdrawal
3387,11/05/2026,IT5678,-24.3,EUR,transfer
3388,08/01/2026,IT4567,-1078.67,EUR,transfer
3389,03/02/2026,IT4567,480.69,EUR,deposit
3390,05/05/2026,IT4567,4517.05,EUR,deposit
3391,13/05/2026,IT6789,-344.53,EUR,withdrawal
3392,05/02/2026,IT5678,2281.53,EUR,deposit
3393,11/01/2026,IT4567,-712.07,EUR,transfer
3394,07/03/2026,IT4567,4911.89,EUR,deposit
3395,12/03/2026,IT6789,764.48,EUR,transfer
3396,07/02/2026,IT2345,3416.91,EUR,deposit
3397,05/03/2026,IT7890,-506.7,EUR,transfer
3398,16/04/2026,IT5678,-151.95,EUR,withdrawal
3399,05/03/2026,IT1234,1287.64,EUR,transfer
3400,24/04/2026,IT3456,653.65,EUR,transfer
3401,25/03/2026,IT4567,-1086.48,EUR,transfer
3402,18/03/2026,IT4567,917.47,EUR,deposit
3403,26/03/2026,IT7890,1100.3,EUR,deposit
3404,04/01/2026,IT6789,-414.25,EUR,withdrawal
3405,04/04/2026,IT4567,-723.69,EUR,withdrawal
3406,31/05/2026,IT1234,4331.3,EUR,deposit
3407,03/02/2026,IT7890,-1687.17,EUR,withdrawal
3408,12/02/2026,IT3456,952.95,EUR,transfer
3409,24/05/2026,IT3456,-1987.38,EUR,withdrawal
3410,13/05/2026,IT2345,-1099.66,EUR,transfer
3411,01/04/2026,IT3456,-1745.19,EUR,withdrawal
3412,12/01/2026,IT7890,184.15,EUR,deposit
3413,06/05/2026,IT7890,3600.48,EUR,deposit
3414,28/01/2026,IT5678,-234.63,EUR,withdrawal
3415,24/05/2026,IT8901,-955.71,EUR,withdrawal
3416,21/03/2026,IT7890,1670.55,EUR,deposit
3417,20/01/2026,IT1234,-1016.45,EUR,transfer
3418,07/03/2026,IT4567,339.72,EUR,deposit
3419,21/05/2026,IT4567,-854.26,EUR,withdrawal
3420,14/04/2026,IT8901,300.94,EUR,transfer
3421,03/01/2026,IT1234,1997.81,EUR,deposit
3422,12/02/2026,IT1234,-1961.91,EUR,withdrawal
3423,15/01/2026,IT8901,2496.78,EUR,deposit
3424,10/01/2026,IT6789,-459.11,EUR,transfer
3425,16/05/2026,IT7890,-1829.57,EUR,withdrawal
3426,18/02/2026,IT3456,-846.17,EUR,withdrawal
3427,24/03/2026,IT8901,420.88,EUR,transfer
3428,26/05/2026,IT3456,1460.99,EUR,transfer
3429,01/01/1750,IT4567,-570.3,EUR,transfer
3430,29/05/2026,IT6789,2252.51,EUR,deposit
3431,24/04/2026,IT6789,1733.63,EUR,deposit
3432,16/04/2026,IT2345,3079.38,EUR,deposit
3433,10/05/2026,IT4567,-775.54,EUR,transfer
3434,15/01/2026,IT4567,789.97,EUR,transfer
3435,02/03/2026,IT1234,-901.65,EUR,transfer
3436,20/04/2026,IT8901,-362.09,EUR,withdrawal
3437,22/02/2026,IT8901,4035.26,EUR,deposit
3438,19/04/2026,IT5678,1556.68,EUR,deposit
3439,08/03/2026,IT3456,900.29,EUR,transfer
3440,21/04/2026,IT7890,3702.76,EUR,deposit
3441,28/04/2026,IT4567,-1364.25,EUR,withdrawal
3442,15/03/2026,IT1234,-421.89,EUR,transfer
3443,25/03/2026,IT7890,-1323.26,EUR,withdrawal
3444,24/02/2026,IT7890,-1940.27,EUR,withdrawal
3445,06/01/2026,IT8901,181.58,EUR,transfer
3446,29/01/2026,IT7890,749.49,EUR,deposit
3447,06/04/2026,IT7890,-1378.99,EUR,transfer
3448,26/05/2026,IT4567,3783.43,EUR,deposit
3449,07/02/2026,IT3456,-739.94,EUR,withdrawal
3450,09/05/2026,IT4567,735.0,EUR,transfer
3451,17/03/2026,IT8901,1326.46,EUR,transfer
3452,03/04/2026,IT3456,-1247.85,EUR,transfer
3453,25/02/2026,IT4567,4839.8,EUR,deposit
3454,10/02/2026,IT1234,885.2,EUR,transfer
3455,21/02/2026,IT4567,1318.51,EUR,transfer
3456,22/01/2026,IT7890,-199.3,EUR,withdrawal
3457,01/02/2026,IT1234,1512.19,EUR,deposit
3458,15/05/2026,IT5678,3009.56,EUR,deposit
3459,23/04/2026,IT3456,-315.36,EUR,withdrawal
3460,,IT4567,504.64,EUR,deposit
3461,11/05/2026,IT7890,4229.94,EUR,deposit
3462,08/04/2026,IT5678,1706.77,EUR,deposit
3463,20/04/2026,IT2345,2441.32,EUR,deposit
3464,02/04/2026,IT6789,-129.0,EUR,transfer
3465,,IT1234,783.42,EUR,transfer
3466,24/04/2026,IT8901,3969.79,EUR,deposit
3467,04/05/2026,IT8901,2573.45,EUR,deposit
3468,10/01/2026,IT7890,58.93,EUR,transfer
3469,24/01/2026,IT2345,-1086.45,EUR,transfer
3470,25/05/2026,IT2345,183.28,EUR,transfer
3471,25/05/2026,IT3456,-1967.69,EUR,withdrawal
3472,03/05/2026,IT1234,1327.53,EUR,transfer
3473,23/02/2026,IT7890,1459.02,EUR,transfer
3474,18/02/2026,IT3456,-797.6,EUR,withdrawal
3475,24/03/2026,IT2345,-1335.32,EUR,transfer
3476,01/02/2026,IT7890,-1449.26,EUR,transfer
3477,08/01/2026,IT3456,-521.03,EUR,withdrawal
3478,05/04/2026,IT5678,4293.39,EUR,deposit
3479,03/02/2026,IT4567,2182.48,EUR,deposit
3480,24/04/2026,IT4567,1476.11,EUR,transfer
3481,01/02/2026,IT8901,3579.37,EUR,deposit
3482,15/01/2026,IT5678,1472.14,EUR,transfer
3483,15/02/2026,IT7890,-628.84,EUR,transfer
3484,08/03/2026,IT6789,1321.6,EUR,transfer
3485,24/01/2026,IT8901,-152.94,EUR,withdrawal
3486,19/05/2026,IT3456,-455.95,EUR,withdrawal
3487,14/03/2026,IT6789,-1166.05,EUR,transfer
3488,27/02/2026,IT3456,-1928.27,EUR,withdrawal
3489,11/03/2026,IT2345,-382.05,EUR,transfer
3490,07/01/2026,IT3456,1329.12,EUR,transfer
3491,23/01/2026,IT5678,3385.05,EUR,deposit
3492,17/04/2026,IT5678,3472.56,EUR,deposit
3493,28/01/2026,IT8901,23%02))12,EUR,deposit
3494,24/05/2026,IT1234,-720.73,EUR,withdrawal
3495,25/05/2026,IT2345,-1155.56,EUR,withdrawal
3496,30/03/2026,IT6789,1038.65,EUR,transfer
3497,21/03/2026,IT4567,4149.08,EUR,deposit
3498,03/01/2026,IT3456,1682.65,EUR,deposit
3499,30/05/2026,IT4567,561.97,EUR,deposit
3500,06/01/2026,IT8901,-1327.13,EUR,transfer
3501,26/03/2026,IT7890,142.82,EUR,transfer
3502,25/01/2026,IT8901,-910.31,EUR,transfer
3503,12/03/2026,IT2345,1170.78,EUR,transfer
3504,22/02/2026,IT5678,-1792.01,EUR,withdrawal
3505,04/03/2026,IT8901,-784.29,EUR,withdrawal
3506,30/01/2026,IT6789,-1381.73,EUR,transfer
3507,16/01/2026,IT1234,309.72,EUR,transfer
3508,07/05/2026,IT8901,2434.15,EUR,deposit
3509,05/04/2026,IT6789,-1293.86,EUR,transfer
3510,15/02/2026,IT2345,-189.15,EUR,withdrawal
3511,17/05/2026,IT1234,2225.81,EUR,deposit
3512,07/03/2026,IT5678,-1032.31,EUR,withdrawal
3513,,IT1234,-1520.93,EUR,withdrawal
3514,10/02/2026,IT7890,1100.45,EUR,deposit
3515,23/01/2026,IT6789,1073.86,EUR,deposit
3516,07/01/2026,IT4567,-489.02,EUR,withdrawal
3517,18/01/2026,IT1234,1650.36,EUR,deposit
3518,24/03/2026,IT4567,-291.55,EUR,withdrawal
3519,26/01/2026,IT1234,-186.36,EUR,transfer
3520,07/01/2026,IT7890,-979.83,EUR,transfer
3521,19/03/2026,IT3456,923.17,EUR,transfer
3522,05/01/2026,IT3456,-1237.14,EUR,transfer
3523,25/05/2026,IT3456,3963.48,EUR,deposit
3524,26/04/2026,IT6789,263.37,EUR,transfer
3525,23/01/2026,IT2345,477.05,EUR,deposit
3526,26/05/2026,IT2345,-45.78,EUR,withdrawal
3527,19/01/2026,IT2345,4147.83,EUR,deposit
3528,31/05/2026,IT2345,-801.22,EUR,withdrawal
3529,21/03/2026,IT3456,1190.77,EUR,deposit
3530,15/05/2026,IT3456,-584.25,EUR,transfer
3531,14/04/2026,IT6789,-1043.35,EUR,withdrawal
3532,08/02/2026,IT7890,-1748.86,EUR,withdrawal
3533,05/03/2026,IT2345,1315.78,EUR,transfer
3534,06/05/2026,IT6789,3656.05,EUR,deposit
3535,04/01/2026,IT1234,-677.42,EUR,transfer
3536,21/03/2026,IT7890,-263.85,EUR,withdrawal
3537,21/03/2026,IT5678,-1337.42,EUR,transfer
3538,12/02/2026,IT3456,955.25,EUR,deposit
3539,25/04/2026,IT6789,-384.34,EUR,withdrawal
3540,09/02/2026,IT8901,3876.13,EUR,deposit
3541,20/01/2026,IT3456,23%02))12,EUR,deposit
3542,19/04/2026,IT3456,1075.16,EUR,transfer
3543,09/04/2026,IT1234,3029.55,EUR,deposit
3544,05/03/2026,IT3456,-35.5,EUR,withdrawal
3545,01/01/2026,IT8901,-862.41,EUR,withdrawal
3546,24/01/2026,IT1234,-1377.48,EUR,withdrawal
3547,08/02/2026,IT1234,916.43,EUR,transfer
3548,01/05/2026,IT4567,-1592.88,EUR,withdrawal
3549,03/03/2026,IT2345,947.34,EUR,transfer
3550,10/01/2026,IT4567,974.8,EUR,transfer
3551,04/02/2026,IT1234,-1711.24,EUR,withdrawal
3552,19/05/2026,IT6789,727.93,EUR,transfer
3553,31/05/2026,IT5678,4050.51,EUR,deposit
3554,08/05/2026,IT6789,887.02,EUR,transfer
3555,25/01/2026,IT8901,3177.98,EUR,deposit
3556,13/03/2026,IT7890,-1707.66,EUR,withdrawal
3557,28/04/2026,IT1234,-1463.26,EUR,withdrawal
3558,06/03/2026,IT5678,-1284.18,EUR,transfer
3559,23/02/2026,IT5678,-1070.12,EUR,withdrawal
3560,31/05/2026,IT7890,4693.83,EUR,deposit
3561,25/02/2026,IT5678,1651.72,EUR,deposit
3562,11/05/2026,IT1234,-845.02,EUR,withdrawal
3563,22/04/2026,IT6789,-1133.62,EUR,withdrawal
3564,18/01/2026,IT7890,2596.57,EUR,deposit
3565,14/05/2026,IT7890,-893.41,EUR,withdrawal
3566,06/05/2026,IT7890,664.39,EUR,deposit
3567,14/05/2026,IT7890,-755.13,EUR,transfer
3568,25/05/2026,IT2345,1462.31,EUR,deposit
3569,17/03/2026,IT8901,787.93,EUR,deposit
3570,09/03/2026,IT5678,2006.26,EUR,deposit
3571,25/04/2026,IT5678,125.79,EUR,deposit
3572,17/05/2026,IT4567,72.6,EUR,deposit
3573,16/02/2026,IT8901,443.85,EUR,transfer
3574,04/01/2026,IT7890,563.65,EUR,deposit
3575,18/01/2026,IT6789,3700.98,EUR,deposit
3576,14/02/2026,IT1234,-851.69,EUR,transfer
3577,02/05/2026,IT1234,-1377.29,EUR,withdrawal
3578,12/04/2026,IT2345,-1252.55,EUR,transfer
3579,08/01/2026,IT8901,777.91,EUR,deposit
3580,12/05/2026,IT8901,-2.55,EUR,transfer
3581,29/01/2026,IT7890,-1424.94,EUR,withdrawal
3582,04/01/2026,IT5678,-1350.02,EUR,withdrawal
3583,16/05/2026,IT2345,-348.85,EUR,withdrawal
3584,23/01/2026,IT6789,1579.31,EUR,deposit
3585,12/05/2026,IT2345,2103.99,EUR,deposit
3586,18/01/2026,IT2345,-418.3,EUR,withdrawal
3587,05/04/2026,IT7890,-1529.87,EUR,withdrawal
3588,21/02/2026,IT8901,-770.08,EUR,withdrawal
3589,31/03/2026,IT1234,-177.51,EUR,withdrawal
3590,01/01/2026,IT7890,4212.44,EUR,deposit
3591,07/01/2026,IT3456,2376.53,EUR,deposit
3592,19/05/2026,IT2345,-1988.98,EUR,withdrawal
3593,19/03/2026,IT6789,-1451.55,EUR,withdrawal
3594,09/03/2026,IT6789,4895.24,EUR,deposit
3595,09/05/2026,IT5678,-281.61,EUR,withdrawal
3596,19/02/2026,IT8901,-574.28,EUR,withdrawal
3597,11/05/2026,IT5678,1077.67,EUR,deposit
3598,02/02/2026,IT7890,1430.48,EUR,transfer
3599,17/01/2026,IT4567,2386.43,EUR,deposit
3600,03/01/2026,IT8901,1113.22,EUR,deposit
3601,17/02/2026,IT3456,1651.07,EUR,deposit
3602,28/01/2026,IT8901,59.33,EUR,transfer
3603,14/01/2026,IT7890,-1291.72,EUR,withdrawal
3604,28/04/2026,IT7890,-60.77,EUR,withdrawal
3605,08/01/2026,IT4567,1144.81,EUR,deposit
3606,24/04/2026,IT5678,-869.15,EUR,transfer
3607,14/03/2026,IT4567,-1130.18,EUR,withdrawal
3608,04/04/2026,IT8901,-67.82,EUR,withdrawal
3609,14/05/2026,IT4567,23%02))12,EUR,deposit
3610,07/04/2026,IT3456,338.76,EUR,deposit
3611,22/04/2026,IT2345,-553.22,EUR,withdrawal
3612,04/04/2026,IT5678,-330.51,EUR,transfer
3613,17/03/2026,IT6789,1449.03,EUR,transfer
3614,28/04/2026,IT7890,488.72,EUR,deposit
3615,01/01/1750,IT3456,-217.48,EUR,transfer
3616,25/01/2026,IT2345,23%02))12,EUR,transfer
3617,24/05/2026,IT4567,-1372.23,EUR,withdrawal
3618,24/04/2026,IT6789,794.47,EUR,deposit
3619,26/02/2026,IT5678,396.81,EUR,transfer
3620,29/03/2026,IT8901,1214.9,EUR,deposit
3621,26/01/2026,IT2345,-175.08,EUR,withdrawal
3622,18/05/2026,IT4567,-64.92,EUR,withdrawal
3623,09/05/2026,IT8901,878.33,EUR,transfer
3624,29/05/2026,IT4567,-1294.06,EUR,withdrawal
3625,28/02/2026,IT1234,-378.95,EUR,transfer
3626,01/03/2026,IT8901,4202.37,EUR,deposit
3627,07/02/2026,IT6789,-855.01,EUR,transfer
3628,,IT7890,323.32,EUR,transfer
3629,23/01/2026,IT4567,1676.54,EUR,deposit
3630,25/04/2026,IT3456,1256.85,EUR,deposit
3631,08/03/2026,IT1234,-1699.75,EUR,withdrawal
3632,17/03/2026,IT7890,1018.22,EUR,deposit
3633,25/02/2026,IT5678,407.06,EUR,deposit
3634,29/05/2026,IT4567,-733.37,EUR,transfer
3635,26/05/2026,IT2345,-1034.16,EUR,withdrawal
3636,31/03/2026,IT3456,-1731.73,EUR,withdrawal
3637,11/02/2026,IT4567,3306.97,EUR,deposit
3638,26/04/2026,IT5678,1127.72,EUR,transfer
3639,05/05/2026,IT5678,2441.16,EUR,deposit
3640,02/02/2026,IT6789,-1166.54,EUR,transfer
3641,21/03/2026,IT6789,-283.38,EUR,withdrawal
3642,13/03/2026,IT5678,-1456.78,EUR,transfer
3643,17/05/2026,IT6789,4722.48,EUR,deposit
3644,25/04/2026,IT6789,-709.35,EUR,transfer
3645,25/03/2026,IT2345,-885.58,EUR,transfer
3646,09/05/2026,IT4567,2097.46,EUR,deposit
3647,01/03/2026,IT2345,-332.22,EUR,withdrawal
3648,08/04/2026,IT8901,157.44,EUR,deposit
3649,05/04/2026,IT6789,604.75,EUR,transfer
3650,05/05/2026,IT5678,977.68,EUR,deposit
3651,03/01/2026,IT3456,-784.66,EUR,withdrawal
3652,14/02/2026,IT4567,3792.83,EUR,deposit
3653,30/01/2026,IT7890,591.83,EUR,transfer
3654,03/04/2026,IT7890,1026.96,EUR,transfer
3655,22/05/2026,IT3456,-1252.99,EUR,withdrawal
3656,08/01/2026,IT3456,13.45,EUR,transfer
3657,08/03/2026,IT3456,4009.98,EUR,deposit
3658,21/04/2026,IT6789,251.57,EUR,transfer
3659,09/03/2026,IT2345,-1065.03,EUR,transfer
3660,16/04/2026,IT1234,1157.36,EUR,transfer
3661,28/05/2026,IT7890,3783.48,EUR,deposit
3662,23/04/2026,IT7890,-830.02,EUR,transfer
3663,13/01/2026,IT3456,-1732.74,EUR,withdrawal
3664,11/05/2026,IT5678,977.16,EUR,deposit
3665,19/05/2026,IT4567,336.3,EUR,transfer
3666,30/01/2026,IT6789,1252.34,EUR,transfer
3667,29/03/2026,IT1234,-1324.75,EUR,transfer
3668,07/05/2026,IT6789,-1057.22,EUR,transfer
3669,22/04/2026,IT6789,670.35,EUR,transfer
3670,08/05/2026,IT6789,23%02))12,EUR,transfer
3671,10/04/2026,IT2345,1446.21,EUR,deposit
3672,30/01/2026,IT7890,-149.97,EUR,withdrawal
3673,28/03/2026,IT7890,235.37,EUR,deposit
3674,18/02/2026,IT3456,-1198.95,EUR,withdrawal
3675,01/05/2026,IT8901,2126.95,EUR,deposit
3676,09/03/2026,IT7890,3856.53,EUR,deposit
3677,04/02/2026,IT1234,4476.27,EUR,deposit
3678,22/05/2026,IT8901,-1762.15,EUR,withdrawal
3679,27/05/2026,IT2345,-1401.74,EUR,transfer
3680,27/03/2026,IT1234,-1465.4,EUR,transfer
3681,10/03/2026,IT2345,-817.37,EUR,transfer
3682,16/04/2026,IT5678,646.63,EUR,transfer
3683,05/01/2026,IT7890,-1065.51,EUR,withdrawal
3684,27/05/2026,IT2345,-596.46,EUR,withdrawal
3685,20/05/2026,IT4567,4515.28,EUR,deposit
3686,23/05/2026,IT4567,-248.68,EUR,withdrawal
3687,23/04/2026,IT3456,-1409.98,EUR,transfer
3688,19/01/2026,IT3456,-1715.87,EUR,withdrawal
3689,18/03/2026,IT2345,-302.03,EUR,transfer
3690,19/05/2026,IT7890,-1051.25,EUR,transfer
3691,01/01/1750,IT1234,274.49,EUR,transfer
3692,21/01/2026,IT3456,-114.35,EUR,withdrawal
3693,13/04/2026,IT4567,178.98,EUR,transfer
3694,03/03/2026,IT2345,-686.15,EUR,withdrawal
3695,23/01/2026,IT3456,3174.57,EUR,deposit
3696,17/05/2026,IT8901,3831.57,EUR,deposit
3697,25/01/2026,IT1234,3918.68,EUR,deposit
3698,05/04/2026,IT3456,696.95,EUR,transfer
3699,03/03/2026,IT2345,697.02,EUR,transfer
3700,04/02/2026,IT2345,1098.74,EUR,transfer
3701,29/01/2026,IT2345,-1573.32,EUR,withdrawal
3702,02/04/2026,IT4567,-916.73,EUR,withdrawal
3703,02/04/2026,IT2345,903.29,EUR,transfer
3704,02/05/2026,IT3456,-739.27,EUR,withdrawal
3705,08/03/2026,IT1234,-954.52,EUR,transfer
3706,07/02/2026,IT5678,3803.16,EUR,deposit
3707,01/02/2026,IT4567,-849.21,EUR,transfer
3708,20/02/2026,IT3456,-282.12,EUR,withdrawal
3709,30/04/2026,IT8901,-223.42,EUR,withdrawal
3710,22/02/2026,IT6789,830.09,EUR,transfer
3711,05/02/2026,IT6789,-1459.58,EUR,withdrawal
3712,28/02/2026,IT3456,4937.87,EUR,deposit
3713,30/05/2026,IT4567,427.69,EUR,deposit
3714,11/03/2026,IT1234,158.55,EUR,deposit
3715,28/03/2026,IT3456,4399.69,EUR,deposit
3716,15/03/2026,IT8901,834.81,EUR,transfer
3717,04/03/2026,IT8901,-343.23,EUR,withdrawal
3718,01/03/2026,IT5678,-1043.79,EUR,transfer
3719,10/02/2026,IT1234,-107.29,EUR,withdrawal
3720,23/02/2026,IT3456,1051.35,EUR,deposit
3721,19/04/2026,IT7890,1572.03,EUR,deposit
3722,22/02/2026,IT2345,439.8,EUR,transfer
3723,19/02/2026,IT7890,2693.59,EUR,deposit
3724,14/02/2026,IT4567,2282.33,EUR,deposit
3725,10/03/2026,IT3456,23%02))12,EUR,transfer
3726,07/02/2026,IT5678,-1710.79,EUR,withdrawal
3727,28/04/2026,IT8901,-679.1,EUR,withdrawal
3728,16/03/2026,IT3456,248.28,EUR,transfer
3729,17/05/2026,IT5678,-557.75,EUR,transfer
3730,30/01/2026,IT1234,-854.09,EUR,withdrawal
3731,26/03/2026,IT8901,-608.48,EUR,transfer
3732,10/03/2026,IT3456,3655.82,EUR,deposit
3733,02/04/2026,IT1234,483.09,EUR,transfer
3734,19/04/2026,IT5678,-466.3,EUR,withdrawal
3735,19/03/2026,IT8901,23%02))12,EUR,transfer
3736,31/03/2026,IT7890,832.37,EUR,deposit
3737,21/05/2026,IT7890,2836.81,EUR,deposit
3738,17/03/2026,IT3456,-1756.48,EUR,withdrawal
3739,21/04/2026,IT7890,-1115.04,EUR,withdrawal
3740,08/02/2026,IT4567,4609.59,EUR,deposit
3741,07/05/2026,IT2345,232.01,EUR,transfer
3742,14/05/2026,IT1234,-672.01,EUR,transfer
3743,12/02/2026,IT1234,-1962.9,EUR,withdrawal
3744,09/04/2026,IT1234,-311.17,EUR,withdrawal
3745,22/01/2026,IT5678,399.5,EUR,transfer
3746,26/03/2026,IT6789,2016.51,EUR,deposit
3747,08/04/2026,IT1234,-1423.18,EUR,withdrawal
3748,12/04/2026,IT4567,587.49,EUR,transfer
3749,04/01/2026,IT6789,2240.52,EUR,deposit
3750,05/03/2026,IT6789,610.69,EUR,transfer
3751,12/04/2026,IT3456,322.65,EUR,deposit
3752,11/02/2026,IT4567,4662.92,EUR,deposit
3753,16/03/2026,IT6789,389.73,EUR,transfer
3754,17/02/2026,IT6789,-347.37,EUR,transfer
3755,15/02/2026,IT8901,882.99,EUR,deposit
3756,17/05/2026,IT3456,-1485.0,EUR,withdrawal
3757,12/02/2026,IT5678,659.48,EUR,deposit
3758,12/03/2026,IT6789,-1174.41,EUR,transfer
3759,28/03/2026,IT5678,-895.91,EUR,transfer
3760,04/01/2026,IT1234,2524.84,EUR,deposit
3761,30/04/2026,IT7890,-247.43,EUR,withdrawal
3762,15/05/2026,IT1234,-1706.15,EUR,withdrawal
3763,24/02/2026,IT2345,-719.47,EUR,withdrawal
3764,07/05/2026,IT4567,-206.29,EUR,withdrawal
3765,14/05/2026,IT7890,-1158.22,EUR,transfer
3766,11/03/2026,IT7890,2716.01,EUR,deposit
3767,30/05/2026,IT5678,-264.79,EUR,withdrawal
3768,09/02/2026,IT3456,-700.67,EUR,withdrawal
3769,30/03/2026,IT3456,-182.51,EUR,transfer
3770,27/03/2026,IT4567,3787.57,EUR,deposit
3771,03/03/2026,IT5678,-925.09,EUR,transfer
3772,30/01/2026,IT1234,-88.22,EUR,withdrawal
3773,06/04/2026,IT7890,-39.23,EUR,transfer
3774,04/05/2026,IT3456,-1879.95,EUR,withdrawal
3775,26/02/2026,IT4567,680.18,EUR,transfer
3776,17/05/2026,IT5678,2962.4,EUR,deposit
3777,12/03/2026,IT3456,4960.72,EUR,deposit
3778,16/04/2026,IT5678,23%02))12,EUR,deposit
3779,09/05/2026,IT4567,-51.35,EUR,transfer
3780,07/05/2026,IT8901,1396.94,EUR,transfer
3781,06/02/2026,IT1234,-904.94,EUR,withdrawal
3782,02/03/2026,IT3456,-608.74,EUR,withdrawal
3783,08/04/2026,IT1234,2716.03,EUR,deposit
3784,05/04/2026,IT3456,-1587.77,EUR,withdrawal
3785,06/03/2026,IT4567,219.14,EUR,deposit
3786,08/02/2026,IT7890,972.57,EUR,transfer
3787,07/03/2026,IT1234,-1301.07,EUR,transfer
3788,17/04/2026,IT2345,509.41,EUR,deposit
3789,04/01/2026,IT8901,-1433.1,EUR,withdrawal
3790,18/03/2026,IT5678,-845.19,EUR,withdrawal
3791,04/01/2026,IT8901,-1261.89,EUR,transfer
3792,17/02/2026,IT1234,1427.55,EUR,transfer
3793,12/01/2026,IT6789,-798.22,EUR,withdrawal
3794,21/02/2026,IT5678,4779.15,EUR,deposit
3795,07/03/2026,IT8901,707.85,EUR,transfer
3796,18/02/2026,IT4567,3668.08,EUR,deposit
3797,16/05/2026,IT2345,-298.54,EUR,transfer
3798,18/04/2026,IT1234,-1571.7,EUR,withdrawal
3799,12/04/2026,IT7890,378.2,EUR,transfer
3800,04/01/2026,IT1234,901.65,EUR,deposit
3801,05/03/2026,IT2345,-342.19,EUR,withdrawal
3802,10/04/2026,IT2345,-1827.51,EUR,withdrawal
3803,06/05/2026,IT2345,-94.03,EUR,withdrawal
3804,02/05/2026,IT8901,2257.06,EUR,deposit
3805,14/03/2026,IT7890,-1069.69,EUR,withdrawal
3806,13/02/2026,IT6789,3816.24,EUR,deposit
3807,30/01/2026,IT3456,23%02))12,EUR,transfer
3808,28/04/2026,IT3456,-1146.74,EUR,withdrawal
3809,20/02/2026,IT7890,-34.98,EUR,withdrawal
3810,11/03/2026,IT5678,169.87,EUR,transfer
3811,06/05/2026,IT3456,2442.31,EUR,deposit
3812,31/01/2026,IT6789,1477.3,EUR,transfer
3813,13/03/2026,IT8901,2876.08,EUR,deposit
3814,15/03/2026,IT7890,1024.6,EUR,transfer
3815,04/04/2026,IT1234,925.96,EUR,deposit
3816,20/05/2026,IT1234,-397.29,EUR,withdrawal
3817,15/04/2026,IT1234,-793.36,EUR,transfer
3818,01/05/2026,IT6789,1261.74,EUR,transfer
3819,19/02/2026,IT4567,536.79,EUR,deposit
3820,15/03/2026,IT6789,-597.45,EUR,withdrawal
3821,06/05/2026,IT2345,4395.34,EUR,deposit
3822,29/05/2026,IT7890,-868.65,EUR,withdrawal
3823,23/02/2026,IT6789,-1375.82,EUR,transfer
3824,28/01/2026,IT3456,1624.67,EUR,deposit
3825,05/03/2026,IT7890,535.21,EUR,transfer
3826,09/01/2026,IT3456,-906.46,EUR,withdrawal
3827,11/04/2026,IT1234,-568.6,EUR,withdrawal
3828,10/02/2026,IT7890,-151.6,EUR,withdrawal
3829,05/04/2026,IT5678,436.8,EUR,deposit
3830,20/05/2026,IT6789,-140.72,EUR,transfer
3831,30/04/2026,IT3456,-351.35,EUR,transfer
3832,07/05/2026,IT8901,173.63,EUR,transfer
3833,24/02/2026,IT1234,-212.06,EUR,withdrawal
3834,02/02/2026,IT6789,-216.7,EUR,transfer
3835,26/05/2026,IT7890,1001.35,EUR,transfer
3836,05/04/2026,IT6789,-1179.05,EUR,withdrawal
3837,15/03/2026,IT7890,978.56,EUR,deposit
3838,15/03/2026,IT5678,-1956.04,EUR,withdrawal
3839,14/05/2026,IT1234,917.16,EUR,deposit
3840,15/01/2026,IT1234,873.55,EUR,transfer
3841,23/04/2026,IT4567,-1587.78,EUR,withdrawal
3842,31/03/2026,IT3456,-629.97,EUR,withdrawal
3843,10/04/2026,IT4567,-400.19,EUR,transfer
3844,08/05/2026,IT1234,1395.91,EUR,transfer
3845,09/03/2026,IT3456,-1262.84,EUR,withdrawal
3846,02/02/2026,IT2345,-777.79,EUR,transfer
3847,09/03/2026,IT3456,2788.3,EUR,deposit
3848,05/01/2026,IT6789,3910.59,EUR,deposit
3849,03/03/2026,IT2345,-1106.57,EUR,withdrawal
3850,04/02/2026,IT3456,-1895.17,EUR,withdrawal
3851,,IT5678,-1545.17,EUR,withdrawal
3852,03/04/2026,IT2345,2761.69,EUR,deposit
3853,19/03/2026,IT7890,-738.65,EUR,withdrawal
3854,12/04/2026,IT1234,-678.69,EUR,withdrawal
3855,17/04/2026,IT5678,-821.64,EUR,transfer
3856,22/04/2026,IT1234,-1295.96,EUR,withdrawal
3857,07/02/2026,IT8901,-1866.39,EUR,withdrawal
3858,08/03/2026,IT5678,1393.53,EUR,deposit
3859,24/04/2026,IT3456,1367.78,EUR,deposit
3860,25/05/2026,IT6789,-1039.13,EUR,withdrawal
3861,01/02/2026,IT3456,1011.31,EUR,transfer
3862,17/05/2026,IT1234,4010.91,EUR,deposit
3863,23/04/2026,IT5678,-75.85,EUR,transfer
3864,23/03/2026,IT4567,4291.15,EUR,deposit
3865,02/02/2026,IT7890,1299.35,EUR,transfer
3866,31/01/2026,IT7890,32.39,EUR,transfer
3867,07/03/2026,IT5678,-3.87,EUR,transfer
3868,08/01/2026,IT3456,2353.37,EUR,deposit
3869,04/01/2026,IT1234,1164.89,EUR,deposit
3870,27/04/2026,IT8901,-723.11,EUR,transfer
3871,04/05/2026,IT7890,-1363.35,EUR,withdrawal
3872,,IT2345,-1384.09,EUR,withdrawal
3873,23/02/2026,IT8901,-1665.78,EUR,withdrawal
3874,23/05/2026,IT1234,-715.75,EUR,withdrawal
3875,01/01/2026,IT5678,-830.27,EUR,withdrawal
3876,15/01/2026,IT6789,242.23,EUR,transfer
3877,19/04/2026,IT8901,-636.38,EUR,withdrawal
3878,03/01/2026,IT3456,-1101.15,EUR,transfer
3879,04/04/2026,IT5678,3990.22,EUR,deposit
3880,29/04/2026,IT2345,956.81,EUR,transfer
3881,07/03/2026,IT1234,-352.56,EUR,transfer
3882,17/03/2026,IT6789,-558.52,EUR,transfer
3883,18/04/2026,IT8901,-313.65,EUR,withdrawal
3884,01/01/1750,IT7890,-193.33,EUR,withdrawal
3885,27/04/2026,IT8901,-1014.88,EUR,withdrawal
3886,28/02/2026,IT2345,4515.98,EUR,deposit
3887,08/03/2026,IT3456,-112.53,EUR,transfer
3888,13/02/2026,IT4567,-1439.75,EUR,withdrawal
3889,09/03/2026,IT6789,3242.5,EUR,deposit
3890,02/05/2026,IT1234,-504.36,EUR,transfer
3891,20/03/2026,IT5678,733.53,EUR,transfer
3892,15/01/2026,IT4567,17.0,EUR,transfer
3893,04/04/2026,IT1234,3661.32,EUR,deposit
3894,27/02/2026,IT4567,-1561.09,EUR,withdrawal
3895,10/04/2026,IT1234,314.41,EUR,deposit
3896,23/05/2026,IT3456,-77.32,EUR,transfer
3897,19/01/2026,IT8901,3118.05,EUR,deposit
3898,22/02/2026,IT3456,-56.1,EUR,withdrawal
3899,22/01/2026,IT5678,-1287.64,EUR,withdrawal
3900,12/02/2026,IT1234,520.85,EUR,deposit
3901,01/02/2026,IT8901,-1893.45,EUR,withdrawal
3902,22/03/2026,IT5678,854.92,EUR,deposit
3903,16/04/2026,IT6789,-1992.7,EUR,withdrawal
3904,18/04/2026,IT3456,-1204.52,EUR,transfer
3905,05/01/2026,IT4567,3454.98,EUR,deposit
3906,25/01/2026,IT6789,869.69,EUR,transfer
3907,30/04/2026,IT2345,1918.66,EUR,deposit
3908,17/03/2026,IT1234,566.47,EUR,transfer
3909,10/01/2026,IT7890,-1941.55,EUR,withdrawal
3910,22/02/2026,IT4567,550.14,EUR,deposit
3911,04/01/2026,IT7890,-380.62,EUR,transfer
3912,09/02/2026,IT4567,1156.29,EUR,deposit
3913,27/03/2026,IT5678,3792.77,EUR,deposit
3914,30/04/2026,IT7890,-457.84,EUR,withdrawal
3915,09/03/2026,IT3456,2769.28,EUR,deposit
3916,02/05/2026,IT4567,-1352.53,EUR,withdrawal
3917,28/04/2026,IT8901,1519.38,EUR,deposit
3918,20/04/2026,IT4567,-1179.87,EUR,transfer
3919,27/05/2026,IT5678,-1541.04,EUR,withdrawal
3920,17/04/2026,IT8901,397.27,EUR,deposit
3921,12/01/2026,IT4567,524.34,EUR,transfer
3922,13/05/2026,IT6789,-107.23,EUR,withdrawal
3923,27/05/2026,IT7890,-1318.17,EUR,withdrawal
3924,01/03/2026,IT3456,-815.14,EUR,withdrawal
3925,05/02/2026,IT2345,650.24,EUR,transfer
3926,09/03/2026,IT6789,949.56,EUR,transfer
3927,06/03/2026,IT1234,3177.2,EUR,deposit
3928,14/05/2026,IT3456,23%02))12,EUR,deposit
3929,24/01/2026,IT1234,596.0,EUR,deposit
3930,27/03/2026,IT8901,2699.39,EUR,deposit
3931,11/02/2026,IT6789,2458.77,EUR,deposit
3932,13/02/2026,IT4567,4145.96,EUR,deposit
3933,28/05/2026,IT8901,42.42,EUR,transfer
3934,20/02/2026,IT7890,-147.47,EUR,withdrawal
3935,23/01/2026,IT7890,-916.81,EUR,withdrawal
3936,25/03/2026,IT2345,-1372.68,EUR,transfer
3937,09/01/2026,IT7890,3133.26,EUR,deposit
3938,23/04/2026,IT7890,-1420.8,EUR,withdrawal
3939,04/03/2026,IT5678,-576.12,EUR,transfer
3940,06/04/2026,IT1234,3521.76,EUR,deposit
3941,05/04/2026,IT4567,-104.91,EUR,transfer
3942,14/02/2026,IT3456,153.23,EUR,transfer
3943,05/05/2026,IT6789,-522.63,EUR,withdrawal
3944,17/01/2026,IT8901,-702.64,EUR,withdrawal
3945,15/01/2026,IT1234,-1050.47,EUR,withdrawal
3946,19/04/2026,IT3456,4947.59,EUR,deposit
3947,13/05/2026,IT7890,506.81,EUR,deposit
3948,13/02/2026,IT7890,-843.37,EUR,withdrawal
3949,01/03/2026,IT7890,-586.11,EUR,withdrawal
3950,28/03/2026,IT5678,-1690.15,EUR,withdrawal
3951,27/05/2026,IT1234,-238.5,EUR,transfer
3952,15/05/2026,IT5678,-119.61,EUR,withdrawal
3953,26/04/2026,IT2345,-575.55,EUR,withdrawal
3954,28/03/2026,IT6789,-258.89,EUR,withdrawal
3955,13/05/2026,IT8901,1221.99,EUR,transfer
3956,03/02/2026,IT6789,75.09,EUR,transfer
3957,07/02/2026,IT6789,-835.52,EUR,transfer
3958,24/03/2026,IT1234,582.61,EUR,deposit
3959,01/01/1750,IT1234,-609.29,EUR,withdrawal
3960,27/01/2026,IT1234,-1041.98,EUR,transfer
3961,30/04/2026,IT1234,238.29,EUR,deposit
3962,13/05/2026,IT3456,-503.31,EUR,withdrawal
3963,09/02/2026,IT2345,1793.52,EUR,deposit
3964,06/02/2026,IT3456,1012.18,EUR,transfer
3965,09/05/2026,IT4567,94.54,EUR,transfer
3966,26/05/2026,IT8901,-35.23,EUR,withdrawal
3967,05/05/2026,IT2345,-1034.57,EUR,withdrawal
3968,28/02/2026,IT2345,-1363.59,EUR,transfer
3969,03/04/2026,IT2345,-131.21,EUR,withdrawal
3970,10/05/2026,IT4567,1042.0,EUR,transfer
3971,07/04/2026,IT2345,1418.96,EUR,transfer
3972,17/03/2026,IT3456,-191.13,EUR,transfer
3973,08/05/2026,IT4567,-1338.61,EUR,withdrawal
3974,26/03/2026,IT2345,3279.21,EUR,deposit
3975,22/04/2026,IT3456,1242.35,EUR,transfer
3976,09/01/2026,IT1234,1374.48,EUR,transfer
3977,14/04/2026,IT5678,755.71,EUR,transfer
3978,15/05/2026,IT5678,4546.54,EUR,deposit
3979,19/01/2026,IT6789,355.42,EUR,transfer
3980,23/02/2026,IT6789,751.77,EUR,deposit
3981,18/05/2026,IT4567,-279.54,EUR,withdrawal
3982,03/02/2026,IT7890,-493.18,EUR,transfer
3983,11/04/2026,IT3456,-1601.4,EUR,withdrawal
3984,19/02/2026,IT4567,273.12,EUR,transfer
3985,06/05/2026,IT6789,1661.04,EUR,deposit
3986,01/01/1750,IT6789,-943.25,EUR,withdrawal
3987,20/01/2026,IT2345,2113.02,EUR,deposit
3988,,IT4567,-404.57,EUR,transfer
3989,20/04/2026,IT3456,-1102.56,EUR,transfer
3990,25/03/2026,IT3456,-833.88,EUR,withdrawal
3991,02/01/2026,IT5678,3756.1,EUR,deposit
3992,09/05/2026,IT2345,1149.2,EUR,deposit
3993,10/02/2026,IT2345,218.86,EUR,deposit
3994,24/02/2026,IT7890,-733.74,EUR,withdrawal
3995,21/01/2026,IT8901,-1484.47,EUR,withdrawal
3996,31/01/2026,IT5678,1357.21,EUR,transfer
3997,19/04/2026,IT8901,-1480.24,EUR,transfer
3998,10/03/2026,IT3456,-277.63,EUR,transfer
3999,09/02/2026,IT2345,748.69,EUR,deposit
4000,13/01/2026,IT5678,1654.58,EUR,deposit
4001,14/04/2026,IT1234,609.27,EUR,deposit
4002,26/04/2026,IT4567,3797.4,EUR,deposit
4003,22/05/2026,IT1234,201.64,EUR,transfer
4004,27/04/2026,IT5678,885.86,EUR,transfer
4005,13/02/2026,IT6789,-240.48,EUR,withdrawal
4006,19/01/2026,IT3456,2127.13,EUR,deposit
4007,09/04/2026,IT5678,2065.68,EUR,deposit
4008,30/03/2026,IT3456,-981.44,EUR,transfer
4009,25/03/2026,IT5678,1444.3,EUR,transfer
4010,03/04/2026,IT3456,-1433.7,EUR,transfer
4011,18/01/2026,IT6789,-1139.12,EUR,transfer
4012,03/04/2026,IT8901,-1295.97,EUR,withdrawal
4013,06/01/2026,IT5678,-1872.89,EUR,withdrawal
4014,08/01/2026,IT5678,-1069.79,EUR,withdrawal
4015,21/01/2026,IT3456,-728.93,EUR,transfer
4016,11/01/2026,IT6789,-408.51,EUR,transfer
4017,08/03/2026,IT2345,-1277.93,EUR,withdrawal
4018,23/01/2026,IT8901,774.57,EUR,transfer
4019,11/03/2026,IT7890,-1920.54,EUR,withdrawal
4020,29/01/2026,IT3456,2748.04,EUR,deposit
4021,06/04/2026,IT5678,866.64,EUR,transfer
4022,01/01/2026,IT2345,-1500.56,EUR,withdrawal
4023,16/01/2026,IT8901,-1396.44,EUR,withdrawal
4024,01/04/2026,IT4567,-311.72,EUR,withdrawal
4025,07/02/2026,IT6789,3351.77,EUR,deposit
4026,21/05/2026,IT7890,1285.31,EUR,transfer
4027,26/02/2026,IT5678,-1758.08,EUR,withdrawal
4028,18/05/2026,IT1234,-1772.28,EUR,withdrawal
4029,25/01/2026,IT6789,177.94,EUR,deposit
4030,14/05/2026,IT1234,-57.67,EUR,transfer
4031,27/05/2026,IT5678,1320.67,EUR,transfer
4032,04/04/2026,IT2345,-1377.86,EUR,transfer
4033,06/05/2026,IT8901,23%02))12,EUR,transfer
4034,30/04/2026,IT7890,-1314.4,EUR,transfer
4035,25/05/2026,IT1234,627.37,EUR,transfer
4036,25/04/2026,IT1234,740.74,EUR,deposit
4037,25/04/2026,IT5678,557.87,EUR,deposit
4038,,IT4567,3242.01,EUR,deposit
4039,02/02/2026,IT4567,6.99,EUR,transfer
4040,07/03/2026,IT4567,-72.48,EUR,transfer
4041,16/03/2026,IT6789,-357.11,EUR,transfer
4042,25/02/2026,IT3456,-1078.92,EUR,transfer
4043,28/03/2026,IT4567,592.39,EUR,transfer
4044,09/01/2026,IT8901,1244.69,EUR,deposit
4045,23/01/2026,IT4567,-1598.03,EUR,withdrawal
4046,22/02/2026,IT6789,1053.33,EUR,transfer
4047,22/03/2026,IT5678,-471.77,EUR,withdrawal
4048,15/03/2026,IT7890,-1973.92,EUR,withdrawal
4049,20/04/2026,IT8901,-1722.27,EUR,withdrawal
4050,20/03/2026,IT7890,-394.81,EUR,transfer
4051,26/04/2026,IT2345,23%02))12,EUR,deposit
4052,25/01/2026,IT2345,-937.18,EUR,transfer
4053,15/03/2026,IT8901,3974.63,EUR,deposit
4054,11/05/2026,IT7890,-244.67,EUR,transfer
4055,28/01/2026,IT1234,-1626.28,EUR,withdrawal
4056,01/01/1750,IT4567,1400.48,EUR,deposit
4057,07/04/2026,IT2345,4803.48,EUR,deposit
4058,05/05/2026,IT6789,-1359.95,EUR,withdrawal
4059,09/01/2026,IT8901,-783.42,EUR,withdrawal
4060,06/02/2026,IT6789,-941.06,EUR,transfer
4061,14/01/2026,IT2345,-155.8,EUR,withdrawal
4062,18/02/2026,IT2345,-1609.86,EUR,withdrawal
4063,18/04/2026,IT5678,-895.41,EUR,withdrawal
4064,31/03/2026,IT5678,4976.02,EUR,deposit
4065,18/01/2026,IT7890,967.15,EUR,deposit
4066,06/01/2026,IT5678,858.24,EUR,transfer
4067,23/05/2026,IT4567,1143.1,EUR,deposit
4068,25/03/2026,IT1234,-1189.69,EUR,transfer
4069,19/05/2026,IT2345,680.3,EUR,deposit
4070,24/04/2026,IT1234,1009.2,EUR,deposit
4071,28/03/2026,IT2345,2465.36,EUR,deposit
4072,01/01/1750,IT6789,-1282.36,EUR,withdrawal
4073,01/02/2026,IT2345,691.97,EUR,transfer
4074,18/03/2026,IT2345,2200.2,EUR,deposit
4075,20/05/2026,IT3456,-87.72,EUR,transfer
4076,01/02/2026,IT4567,2922.16,EUR,deposit
4077,23/04/2026,IT6789,751.59,EUR,transfer
4078,15/02/2026,IT8901,3582.29,EUR,deposit
4079,29/01/2026,IT6789,44.39,EUR,transfer
4080,21/04/2026,IT2345,-410.15,EUR,withdrawal
4081,03/01/2026,IT3456,-706.09,EUR,transfer
4082,05/02/2026,IT5678,3719.8,EUR,deposit
4083,29/04/2026,IT7890,1460.15,EUR,transfer
4084,05/01/2026,IT3456,-725.18,EUR,transfer
4085,01/02/2026,IT4567,-682.49,EUR,withdrawal
4086,22/04/2026,IT8901,-55.15,EUR,transfer
4087,16/04/2026,IT2345,885.72,EUR,deposit
4088,07/05/2026,IT2345,25.28,EUR,transfer
4089,02/01/2026,IT7890,-1093.43,EUR,transfer
4090,30/01/2026,IT1234,776.74,EUR,deposit
4091,20/01/2026,IT4567,-879.33,EUR,withdrawal
4092,26/01/2026,IT5678,-1181.46,EUR,transfer
4093,24/04/2026,IT5678,1023.65,EUR,transfer
4094,09/01/2026,IT5678,-1603.17,EUR,withdrawal
4095,28/02/2026,IT4567,109.9,EUR,deposit
4096,08/01/2026,IT5678,4983.18,EUR,deposit
4097,22/04/2026,IT7890,2301.61,EUR,deposit
4098,23/03/2026,IT6789,3766.3,EUR,deposit
4099,13/01/2026,IT4567,-453.5,EUR,withdrawal
4100,15/04/2026,IT7890,-1483.59,EUR,transfer
4101,14/03/2026,IT7890,2992.38,EUR,deposit
4102,10/03/2026,IT7890,2110.78,EUR,deposit
4103,10/05/2026,IT2345,-1152.78,EUR,withdrawal
4104,04/01/2026,IT7890,-183.55,EUR,transfer
4105,19/02/2026,IT3456,2475.61,EUR,deposit
4106,15/01/2026,IT4567,-939.78,EUR,withdrawal
4107,03/01/2026,IT2345,-1230.05,EUR,transfer
4108,04/02/2026,IT5678,790.54,EUR,transfer
4109,10/03/2026,IT6789,-1017.96,EUR,transfer
4110,19/03/2026,IT2345,-1527.73,EUR,withdrawal
4111,11/02/2026,IT5678,-941.15,EUR,withdrawal
4112,04/02/2026,IT6789,1326.17,EUR,transfer
4113,15/01/2026,IT4567,-681.75,EUR,transfer
4114,18/03/2026,IT4567,-1591.7,EUR,withdrawal
4115,01/05/2026,IT3456,-107.18,EUR,withdrawal
4116,23/02/2026,IT7890,3897.15,EUR,deposit
4117,28/01/2026,IT8901,4386.99,EUR,deposit
4118,30/04/2026,IT1234,2881.38,EUR,deposit
4119,04/01/2026,IT7890,3683.22,EUR,deposit
4120,03/04/2026,IT3456,132.41,EUR,transfer
4121,10/04/2026,IT7890,3965.48,EUR,deposit
4122,22/03/2026,IT5678,-1065.15,EUR,withdrawal
4123,26/03/2026,IT5678,911.6,EUR,deposit
4124,18/02/2026,IT6789,-177.18,EUR,transfer
4125,14/02/2026,IT6789,-299.56,EUR,transfer
4126,29/01/2026,IT6789,3820.59,EUR,deposit
4127,01/03/2026,IT8901,4547.16,EUR,deposit
4128,30/01/2026,IT7890,3696.71,EUR,deposit
4129,23/05/2026,IT3456,2464.34,EUR,deposit
4130,23/04/2026,IT7890,3053.45,EUR,deposit
4131,24/02/2026,IT7890,2607.5,EUR,deposit
4132,02/03/2026,IT5678,-1185.0,EUR,withdrawal
4133,01/03/2026,IT5678,488.63,EUR,transfer
4134,20/04/2026,IT6789,3017.89,EUR,deposit
4135,06/04/2026,IT8901,1335.96,EUR,deposit
4136,16/01/2026,IT1234,-1305.23,EUR,withdrawal
4137,04/04/2026,IT8901,3261.55,EUR,deposit
4138,20/05/2026,IT2345,-1005.2,EUR,withdrawal
4139,28/03/2026,IT6789,1131.69,EUR,transfer
4140,15/03/2026,IT2345,517.05,EUR,transfer
4141,01/01/1750,IT5678,617.82,EUR,transfer
4142,26/04/2026,IT7890,4659.64,EUR,deposit
4143,26/02/2026,IT7890,-948.51,EUR,transfer
4144,05/04/2026,IT8901,-609.82,EUR,withdrawal
4145,22/01/2026,IT7890,-904.33,EUR,transfer
4146,,IT5678,1377.79,EUR,transfer
4147,26/04/2026,IT8901,-178.57,EUR,withdrawal
4148,19/02/2026,IT1234,-340.29,EUR,transfer
4149,16/03/2026,IT7890,-1993.89,EUR,withdrawal
4150,22/05/2026,IT6789,-1144.9,EUR,withdrawal
4151,10/05/2026,IT5678,-864.43,EUR,transfer
4152,26/01/2026,IT6789,-1028.72,EUR,transfer
4153,16/04/2026,IT1234,-1047.51,EUR,withdrawal
4154,02/03/2026,IT7890,73.7,EUR,transfer
4155,25/02/2026,IT4567,369.14,EUR,deposit
4156,04/05/2026,IT8901,-152.1,EUR,withdrawal
4157,18/03/2026,IT7890,4443.64,EUR,deposit
4158,12/04/2026,IT7890,3999.36,EUR,deposit
4159,23/03/2026,IT1234,4891.95,EUR,deposit
4160,01/05/2026,IT4567,1054.72,EUR,transfer
4161,12/05/2026,IT8901,-1056.45,EUR,withdrawal
4162,12/02/2026,IT2345,4897.14,EUR,deposit
4163,07/04/2026,IT7890,3384.45,EUR,deposit
4164,05/03/2026,IT3456,-318.11,EUR,withdrawal
4165,19/05/2026,IT6789,73.04,EUR,deposit
4166,31/03/2026,IT3456,-620.69,EUR,withdrawal
4167,07/03/2026,IT4567,-941.48,EUR,transfer
4168,25/02/2026,IT4567,-450.53,EUR,withdrawal
4169,04/05/2026,IT3456,-469.23,EUR,withdrawal
4170,19/03/2026,IT7890,155.56,EUR,transfer
4171,24/01/2026,IT7890,-517.03,EUR,transfer
4172,23/01/2026,IT1234,1522.74,EUR,deposit
4173,19/02/2026,IT1234,-322.41,EUR,withdrawal
4174,08/03/2026,IT7890,344.04,EUR,transfer
4175,10/05/2026,IT5678,245.96,EUR,transfer
4176,20/01/2026,IT1234,-812.24,EUR,transfer
4177,01/01/2026,IT7890,1434.88,EUR,transfer
4178,18/01/2026,IT3456,-1179.04,EUR,withdrawal
4179,12/04/2026,IT8901,-1319.49,EUR,transfer
4180,02/02/2026,IT7890,1041.98,EUR,transfer
4181,13/01/2026,IT6789,-1476.07,EUR,withdrawal
4182,08/05/2026,IT5678,-1426.26,EUR,transfer
4183,18/01/2026,IT1234,1274.02,EUR,transfer
4184,27/05/2026,IT1234,-257.28,EUR,withdrawal
4185,20/02/2026,IT8901,-73.86,EUR,transfer
4186,08/04/2026,IT8901,-1399.9,EUR,transfer
4187,01/04/2026,IT6789,3498.71,EUR,deposit
4188,21/05/2026,IT3456,-1474.28,EUR,transfer
4189,19/02/2026,IT2345,-1182.02,EUR,transfer
4190,16/05/2026,IT6789,-364.22,EUR,withdrawal
4191,06/04/2026,IT7890,3268.57,EUR,deposit
4192,12/01/2026,IT3456,-1507.64,EUR,withdrawal
4193,24/01/2026,IT5678,-901.19,EUR,transfer
4194,19/01/2026,IT8901,-770.11,EUR,withdrawal
4195,18/05/2026,IT4567,-1317.63,EUR,withdrawal
4196,13/01/2026,IT1234,-64.95,EUR,transfer
4197,17/05/2026,IT4567,527.57,EUR,deposit
4198,06/05/2026,IT7890,4843.93,EUR,deposit
4199,24/01/2026,IT1234,-457.27,EUR,withdrawal
4200,20/03/2026,IT1234,-287.08,EUR,transfer
4201,16/02/2026,IT6789,-1485.68,EUR,transfer
4202,15/03/2026,IT7890,395.09,EUR,transfer
4203,20/05/2026,IT5678,-941.07,EUR,withdrawal
4204,23/02/2026,IT2345,-1580.35,EUR,withdrawal
4205,11/01/2026,IT3456,2748.31,EUR,deposit
4206,23/02/2026,IT2345,-70.16,EUR,transfer
4207,26/04/2026,IT4567,1389.38,EUR,transfer
4208,20/01/2026,IT3456,-458.24,EUR,withdrawal
4209,26/05/2026,IT7890,2181.17,EUR,deposit
4210,25/04/2026,IT8901,572.13,EUR,deposit
4211,07/03/2026,IT7890,-187.78,EUR,withdrawal
4212,06/01/2026,IT7890,1119.47,EUR,deposit
4213,09/05/2026,IT1234,4160.02,EUR,deposit
4214,03/04/2026,IT4567,-1085.51,EUR,withdrawal
4215,28/01/2026,IT4567,-206.98,EUR,withdrawal
4216,13/05/2026,IT4567,-1747.59,EUR,withdrawal
4217,01/04/2026,IT1234,3562.2,EUR,deposit
4218,12/02/2026,IT3456,-463.98,EUR,withdrawal
4219,19/03/2026,IT3456,-1235.86,EUR,transfer
4220,07/05/2026,IT3456,328.01,EUR,transfer
4221,31/03/2026,IT6789,-1010.93,EUR,withdrawal
4222,29/05/2026,IT8901,2419.11,EUR,deposit
4223,23/02/2026,IT6789,-568.12,EUR,withdrawal
4224,23/03/2026,IT8901,-601.21,EUR,transfer
4225,16/03/2026,IT8901,2026.38,EUR,deposit
4226,02/01/2026,IT7890,396.68,EUR,transfer
4227,26/02/2026,IT3456,235.65,EUR,transfer
4228,07/02/2026,IT6789,-859.25,EUR,transfer
4229,22/04/2026,IT3456,-70.61,EUR,transfer
4230,04/01/2026,IT4567,1751.38,EUR,deposit
4231,14/01/2026,IT2345,665.91,EUR,transfer
4232,01/05/2026,IT7890,-174.41,EUR,transfer
4233,19/02/2026,IT1234,-325.12,EUR,withdrawal
4234,30/01/2026,IT6789,-1138.04,EUR,withdrawal
4235,18/04/2026,IT4567,-22.85,EUR,transfer
4236,26/01/2026,IT8901,-1198.0,EUR,withdrawal
4237,17/05/2026,IT7890,-1239.45,EUR,withdrawal
4238,04/01/2026,IT2345,-582.46,EUR,transfer
4239,01/01/1750,IT6789,23%02))12,EUR,deposit
4240,25/05/2026,IT1234,3502.26,EUR,deposit
4241,13/03/2026,IT6789,-662.45,EUR,withdrawal
4242,20/04/2026,IT7890,534.2,EUR,transfer
4243,19/03/2026,IT3456,-1913.15,EUR,withdrawal
4244,18/02/2026,IT4567,-1010.96,EUR,withdrawal
4245,03/05/2026,IT7890,-1588.14,EUR,withdrawal
4246,16/03/2026,IT8901,-639.06,EUR,transfer
4247,24/05/2026,IT2345,-384.87,EUR,transfer
4248,05/01/2026,IT1234,-1332.83,EUR,withdrawal
4249,16/05/2026,IT5678,-1809.83,EUR,withdrawal
4250,04/01/2026,IT4567,4491.15,EUR,deposit
4251,17/01/2026,IT6789,-222.56,EUR,transfer
4252,21/02/2026,IT5678,4690.5,EUR,deposit
4253,26/03/2026,IT3456,23%02))12,EUR,deposit
4254,18/02/2026,IT1234,-307.67,EUR,transfer
4255,10/01/2026,IT7890,-1595.5,EUR,withdrawal
4256,08/02/2026,IT2345,1555.53,EUR,deposit
4257,09/05/2026,IT7890,-1465.68,EUR,withdrawal
4258,02/03/2026,IT2345,-1988.91,EUR,withdrawal
4259,15/01/2026,IT4567,-312.53,EUR,withdrawal
4260,07/04/2026,IT6789,3979.77,EUR,deposit
4261,23/01/2026,IT8901,-1293.22,EUR,transfer
4262,10/05/2026,IT4567,179.45,EUR,transfer
4263,06/05/2026,IT2345,-332.87,EUR,withdrawal
4264,03/03/2026,IT8901,621.7,EUR,deposit
4265,28/05/2026,IT3456,-577.13,EUR,withdrawal
4266,10/03/2026,IT7890,240.63,EUR,deposit
4267,24/05/2026,IT2345,2212.93,EUR,deposit
4268,11/03/2026,IT3456,1020.27,EUR,transfer
4269,24/05/2026,IT1234,-1220.79,EUR,transfer
4270,27/05/2026,IT5678,-820.9,EUR,withdrawal
4271,09/01/2026,IT7890,-1375.67,EUR,withdrawal
4272,06/02/2026,IT4567,-454.58,EUR,withdrawal
4273,29/05/2026,IT5678,1441.24,EUR,deposit
4274,31/01/2026,IT5678,1736.37,EUR,deposit
4275,26/04/2026,IT3456,113.41,EUR,transfer
4276,19/01/2026,IT7890,-1369.58,EUR,transfer
4277,14/03/2026,IT6789,-1014.43,EUR,transfer
4278,10/01/2026,IT4567,282.05,EUR,deposit
4279,11/02/2026,IT1234,492.61,EUR,deposit
4280,01/04/2026,IT1234,-311.33,EUR,withdrawal
4281,29/05/2026,IT8901,275.72,EUR,transfer
4282,,IT7890,-200.02,EUR,withdrawal
4283,11/01/2026,IT4567,-1635.07,EUR,withdrawal
4284,30/05/2026,IT6789,-846.99,EUR,withdrawal
4285,21/03/2026,IT7890,4658.59,EUR,deposit
4286,22/03/2026,IT5678,3957.04,EUR,deposit
4287,11/02/2026,IT8901,1773.49,EUR,deposit
4288,04/01/2026,IT5678,2565.47,EUR,deposit
4289,16/05/2026,IT5678,-301.03,EUR,transfer
4290,13/01/2026,IT3456,1033.7,EUR,transfer
4291,04/02/2026,IT4567,3444.44,EUR,deposit
4292,28/05/2026,IT8901,23%02))12,EUR,withdrawal
4293,06/01/2026,IT2345,-407.46,EUR,transfer
4294,12/01/2026,IT2345,252.99,EUR,transfer
4295,15/02/2026,IT3456,2400.76,EUR,deposit
4296,18/04/2026,IT4567,2053.18,EUR,deposit
4297,21/01/2026,IT4567,2935.68,EUR,deposit
4298,24/04/2026,IT8901,266.65,EUR,transfer
4299,23/02/2026,IT8901,-459.44,EUR,transfer
4300,16/05/2026,IT1234,-1495.93,EUR,transfer
4301,05/01/2026,IT8901,-1608.94,EUR,withdrawal
4302,13/05/2026,IT7890,-1157.61,EUR,transfer
4303,24/03/2026,IT1234,-1446.16,EUR,transfer
4304,04/02/2026,IT4567,-1530.22,EUR,withdrawal
4305,25/01/2026,IT8901,1018.17,EUR,transfer
4306,21/03/2026,IT5678,-364.58,EUR,withdrawal
4307,27/02/2026,IT5678,4929.15,EUR,deposit
4308,03/02/2026,IT1234,-515.55,EUR,withdrawal
4309,15/02/2026,IT5678,1017.97,EUR,transfer
4310,05/01/2026,IT8901,-1133.49,EUR,withdrawal
4311,30/04/2026,IT7890,231.51,EUR,transfer
4312,28/05/2026,IT4567,419.02,EUR,transfer
4313,09/01/2026,IT7890,-1364.07,EUR,withdrawal
4314,18/04/2026,IT3456,426.87,EUR,transfer
4315,10/03/2026,IT8901,-1009.19,EUR,withdrawal
4316,30/03/2026,IT4567,1714.24,EUR,deposit
4317,07/03/2026,IT3456,-970.35,EUR,transfer
4318,01/05/2026,IT5678,-1323.76,EUR,withdrawal
4319,27/03/2026,IT7890,2953.09,EUR,deposit
4320,20/04/2026,IT7890,23%02))12,EUR,deposit
4321,17/01/2026,IT4567,380.67,EUR,deposit
4322,,IT8901,-769.26,EUR,withdrawal
4323,22/05/2026,IT4567,-49.07,EUR,transfer
4324,21/03/2026,IT8901,-1079.37,EUR,withdrawal
4325,29/03/2026,IT5678,938.34,EUR,transfer
4326,18/02/2026,IT6789,575.38,EUR,transfer
4327,15/01/2026,IT8901,1395.68,EUR,transfer
4328,04/03/2026,IT2345,435.44,EUR,transfer
4329,27/02/2026,IT3456,503.75,EUR,deposit
4330,20/01/2026,IT4567,3129.4,EUR,deposit
4331,23/04/2026,IT6789,789.23,EUR,transfer
4332,17/01/2026,IT7890,835.06,EUR,transfer
4333,25/03/2026,IT3456,1197.43,EUR,deposit
4334,11/04/2026,IT1234,-1478.15,EUR,withdrawal
4335,05/04/2026,IT8901,456.06,EUR,deposit
4336,17/04/2026,IT6789,452.12,EUR,deposit
4337,01/02/2026,IT1234,1865.35,EUR,deposit
4338,06/04/2026,IT3456,1770.1,EUR,deposit
4339,25/01/2026,IT6789,1947.08,EUR,deposit
4340,08/02/2026,IT5678,2100.27,EUR,deposit
4341,23/04/2026,IT5678,4510.83,EUR,deposit
4342,13/01/2026,IT3456,3092.54,EUR,deposit
4343,06/03/2026,IT5678,951.17,EUR,transfer
4344,22/01/2026,IT2345,-539.64,EUR,transfer
4345,01/01/2026,IT5678,23%02))12,EUR,deposit
4346,04/05/2026,IT6789,-1796.69,EUR,withdrawal
4347,25/01/2026,IT2345,-606.72,EUR,transfer
4348,23/05/2026,IT4567,660.63,EUR,transfer
4349,24/03/2026,IT7890,-1714.7,EUR,withdrawal
4350,15/03/2026,IT8901,4592.33,EUR,deposit
4351,17/04/2026,IT7890,1939.15,EUR,deposit
4352,01/03/2026,IT4567,1344.7,EUR,deposit
4353,11/04/2026,IT8901,-453.1,EUR,withdrawal
4354,12/02/2026,IT8901,1013.66,EUR,deposit
4355,12/04/2026,IT6789,-1905.47,EUR,withdrawal
4356,18/03/2026,IT7890,3953.81,EUR,deposit
4357,18/01/2026,IT3456,-1537.09,EUR,withdrawal
4358,20/05/2026,IT5678,-467.08,EUR,withdrawal
4359,04/01/2026,IT1234,2288.55,EUR,deposit
4360,22/03/2026,IT5678,2474.2,EUR,deposit
4361,14/01/2026,IT5678,-1176.14,EUR,withdrawal
4362,30/03/2026,IT2345,-1758.14,EUR,withdrawal
4363,22/03/2026,IT3456,-1819.69,EUR,withdrawal
4364,15/05/2026,IT2345,2091.55,EUR,deposit
4365,02/02/2026,IT3456,95.7,EUR,transfer
4366,23/01/2026,IT2345,3553.91,EUR,deposit
4367,16/02/2026,IT6789,4373.69,EUR,deposit
4368,28/02/2026,IT5678,2776.44,EUR,deposit
4369,31/03/2026,IT3456,813.64,EUR,deposit
4370,14/02/2026,IT8901,773.13,EUR,transfer
4371,25/05/2026,IT7890,1238.01,EUR,transfer
4372,26/05/2026,IT4567,3415.91,EUR,deposit
4373,06/05/2026,IT7890,-15.91,EUR,transfer
4374,28/05/2026,IT8901,-1410.53,EUR,withdrawal
4375,27/01/2026,IT3456,-1318.16,EUR,withdrawal
4376,24/03/2026,IT5678,-678.74,EUR,transfer
4377,24/04/2026,IT3456,531.88,EUR,deposit
4378,24/03/2026,IT8901,162.7,EUR,transfer
4379,05/04/2026,IT5678,-469.31,EUR,transfer
4380,05/01/2026,IT2345,1455.56,EUR,transfer
4381,07/04/2026,IT2345,-21.12,EUR,withdrawal
4382,07/05/2026,IT2345,-529.39,EUR,transfer
4383,,IT5678,1029.32,EUR,transfer
4384,31/01/2026,IT6789,-926.55,EUR,withdrawal
4385,29/01/2026,IT2345,-1254.42,EUR,withdrawal
4386,09/04/2026,IT4567,-1160.35,EUR,withdrawal
4387,29/01/2026,IT1234,-1147.57,EUR,withdrawal
4388,15/04/2026,IT8901,1353.74,EUR,deposit
4389,11/02/2026,IT3456,-76.09,EUR,withdrawal
4390,26/05/2026,IT4567,4881.4,EUR,deposit
4391,19/01/2026,IT4567,-1433.51,EUR,transfer
4392,17/04/2026,IT1234,849.09,EUR,deposit
4393,23/03/2026,IT2345,-133.75,EUR,transfer
4394,23/02/2026,IT4567,-1425.36,EUR,transfer
4395,25/03/2026,IT8901,1022.47,EUR,transfer
4396,21/01/2026,IT8901,-1446.55,EUR,transfer
4397,11/01/2026,IT6789,-1357.16,EUR,transfer
4398,27/02/2026,IT5678,484.27,EUR,transfer
4399,24/02/2026,IT2345,1056.44,EUR,transfer
4400,01/02/2026,IT4567,-904.26,EUR,transfer
4401,08/05/2026,IT4567,-1566.62,EUR,withdrawal
4402,29/01/2026,IT2345,-554.09,EUR,transfer
4403,23/01/2026,IT1234,1892.65,EUR,deposit
4404,24/03/2026,IT4567,-994.79,EUR,withdrawal
4405,08/02/2026,IT5678,-1720.28,EUR,withdrawal
4406,05/02/2026,IT7890,-294.13,EUR,withdrawal
4407,28/04/2026,IT3456,-504.08,EUR,withdrawal
4408,11/02/2026,IT5678,1417.11,EUR,transfer
4409,02/04/2026,IT6789,462.2,EUR,transfer
4410,10/02/2026,IT8901,-1963.73,EUR,withdrawal
4411,26/02/2026,IT2345,700.35,EUR,transfer
4412,17/02/2026,IT7890,905.08,EUR,transfer
4413,24/02/2026,IT8901,78.86,EUR,transfer
4414,03/02/2026,IT6789,3749.69,EUR,deposit
4415,27/05/2026,IT2345,3670.95,EUR,deposit
4416,05/01/2026,IT3456,-1361.82,EUR,withdrawal
4417,03/05/2026,IT1234,3245.28,EUR,deposit
4418,16/03/2026,IT3456,-1528.97,EUR,withdrawal
4419,17/05/2026,IT8901,2126.57,EUR,deposit
4420,26/04/2026,IT1234,-661.72,EUR,transfer
4421,20/02/2026,IT2345,-1444.13,EUR,transfer
4422,07/01/2026,IT3456,-1719.04,EUR,withdrawal
4423,22/04/2026,IT2345,-1442.24,EUR,withdrawal
4424,16/03/2026,IT1234,3293.05,EUR,deposit
4425,08/05/2026,IT7890,-1896.66,EUR,withdrawal
4426,28/04/2026,IT4567,3313.31,EUR,deposit
4427,17/05/2026,IT3456,3683.89,EUR,deposit
4428,21/02/2026,IT3456,-1842.63,EUR,withdrawal
4429,23/05/2026,IT8901,1710.41,EUR,deposit
4430,12/01/2026,IT8901,-698.3,EUR,withdrawal
4431,22/02/2026,IT6789,-902.52,EUR,withdrawal
4432,25/02/2026,IT1234,999.45,EUR,transfer
4433,08/04/2026,IT3456,2455.72,EUR,deposit
4434,02/04/2026,IT4567,-1807.18,EUR,withdrawal
4435,27/01/2026,IT8901,-154.86,EUR,withdrawal
4436,22/01/2026,IT1234,127.12,EUR,deposit
4437,04/05/2026,IT3456,-759.61,EUR,transfer
4438,04/04/2026,IT7890,-533.45,EUR,withdrawal
4439,05/03/2026,IT5678,-1074.89,EUR,withdrawal
4440,20/03/2026,IT8901,-1715.31,EUR,withdrawal
4441,06/02/2026,IT3456,1773.28,EUR,deposit
4442,02/02/2026,IT7890,-347.7,EUR,transfer
4443,05/05/2026,IT3456,999.93,EUR,deposit
4444,29/05/2026,IT4567,4219.31,EUR,deposit
4445,22/03/2026,IT2345,-572.29,EUR,transfer
4446,17/03/2026,IT7890,-1061.96,EUR,withdrawal
4447,30/01/2026,IT3456,-364.29,EUR,withdrawal
4448,25/04/2026,IT1234,-174.69,EUR,withdrawal
4449,24/02/2026,IT6789,-1991.82,EUR,withdrawal
4450,30/03/2026,IT1234,4321.55,EUR,deposit
4451,15/03/2026,IT7890,23%02))12,EUR,deposit
4452,04/04/2026,IT7890,340.85,EUR,deposit
4453,05/04/2026,IT1234,1422.57,EUR,deposit
4454,16/04/2026,IT8901,-1675.02,EUR,withdrawal
4455,28/04/2026,IT5678,-1455.33,EUR,transfer
4456,09/05/2026,IT2345,2858.83,EUR,deposit
4457,29/04/2026,IT2345,861.61,EUR,transfer
4458,30/03/2026,IT6789,-938.94,EUR,withdrawal
4459,21/01/2026,IT7890,-693.79,EUR,withdrawal
4460,03/01/2026,IT5678,1023.72,EUR,deposit
4461,04/05/2026,IT2345,-1402.34,EUR,withdrawal
4462,02/02/2026,IT6789,-44.28,EUR,withdrawal
4463,29/04/2026,IT4567,281.05,EUR,transfer
4464,10/01/2026,IT3456,-1087.25,EUR,withdrawal
4465,29/05/2026,IT5678,-589.24,EUR,withdrawal
4466,05/05/2026,IT5678,2838.5,EUR,deposit
4467,19/01/2026,IT1234,-1759.0,EUR,withdrawal
4468,24/02/2026,IT7890,4047.47,EUR,deposit
4469,25/03/2026,IT2345,-490.83,EUR,transfer
4470,26/03/2026,IT4567,3888.82,EUR,deposit
4471,05/04/2026,IT3456,-893.81,EUR,transfer
4472,06/03/2026,IT1234,-268.97,EUR,transfer
4473,26/05/2026,IT1234,-1654.18,EUR,withdrawal
4474,01/02/2026,IT3456,2650.96,EUR,deposit
4475,26/05/2026,IT3456,-898.69,EUR,withdrawal
4476,09/03/2026,IT4567,-1856.85,EUR,withdrawal
4477,13/03/2026,IT4567,904.76,EUR,transfer
4478,27/01/2026,IT7890,3219.8,EUR,deposit
4479,24/04/2026,IT7890,-704.88,EUR,transfer
4480,02/03/2026,IT5678,635.97,EUR,transfer
4481,06/05/2026,IT2345,1571.53,EUR,deposit
4482,22/04/2026,IT8901,1414.44,EUR,transfer
4483,26/03/2026,IT8901,-944.4,EUR,transfer
4484,07/03/2026,IT1234,-1040.39,EUR,withdrawal
4485,08/03/2026,IT8901,-1253.71,EUR,withdrawal
4486,07/03/2026,IT2345,-1254.02,EUR,withdrawal
4487,09/01/2026,IT3456,2382.85,EUR,deposit
4488,31/03/2026,IT2345,1356.29,EUR,transfer
4489,14/04/2026,IT5678,866.76,EUR,transfer
4490,29/03/2026,IT5678,-1246.19,EUR,transfer
4491,30/03/2026,IT8901,569.12,EUR,deposit
4492,01/02/2026,IT6789,-1041.56,EUR,transfer
4493,18/05/2026,IT4567,-760.76,EUR,withdrawal
4494,31/01/2026,IT3456,2840.08,EUR,deposit
4495,15/01/2026,IT7890,-206.51,EUR,transfer
4496,29/01/2026,IT2345,927.26,EUR,deposit
4497,13/05/2026,IT7890,4184.17,EUR,deposit
4498,12/02/2026,IT1234,3414.24,EUR,deposit
4499,10/05/2026,IT4567,2145.21,EUR,deposit
4500,14/04/2026,IT2345,-262.32,EUR,withdrawal
4501,11/01/2026,IT7890,-310.82,EUR,withdrawal
4502,17/03/2026,IT5678,1193.32,EUR,transfer
4503,31/05/2026,IT2345,23%02))12,EUR,withdrawal
4504,17/05/2026,IT5678,3229.54,EUR,deposit
4505,07/01/2026,IT3456,-1198.05,EUR,transfer
4506,,IT3456,-1426.7,EUR,withdrawal
4507,09/04/2026,IT2345,-1381.34,EUR,transfer
4508,29/01/2026,IT8901,-1813.91,EUR,withdrawal
4509,05/03/2026,IT1234,-472.69,EUR,withdrawal
4510,28/05/2026,IT6789,-287.1,EUR,withdrawal
4511,26/03/2026,IT8901,1454.61,EUR,transfer
4512,15/01/2026,IT3456,4983.52,EUR,deposit
4513,03/04/2026,IT1234,1207.72,EUR,transfer
4514,01/01/1750,IT5678,4416.97,EUR,deposit
4515,01/03/2026,IT7890,-127.24,EUR,transfer
4516,09/01/2026,IT5678,-427.77,EUR,withdrawal
4517,29/01/2026,IT3456,757.94,EUR,deposit
4518,01/04/2026,IT3456,178.48,EUR,deposit
4519,06/04/2026,IT5678,1150.29,EUR,transfer
4520,23/02/2026,IT6789,-289.67,EUR,transfer
4521,13/02/2026,IT3456,-1128.06,EUR,withdrawal
4522,,IT6789,-1448.85,EUR,transfer
4523,14/02/2026,IT3456,-788.22,EUR,transfer
4524,05/02/2026,IT4567,-283.9,EUR,withdrawal
4525,27/03/2026,IT1234,23%02))12,EUR,withdrawal
4526,24/02/2026,IT5678,3507.44,EUR,deposit
4527,21/05/2026,IT6789,-886.85,EUR,withdrawal
4528,12/04/2026,IT3456,3686.47,EUR,deposit
4529,20/05/2026,IT2345,1244.31,EUR,transfer
4530,25/01/2026,IT5678,4595.47,EUR,deposit
4531,,IT4567,4392.02,EUR,deposit
4532,20/03/2026,IT6789,858.76,EUR,transfer
4533,27/02/2026,IT8901,1413.22,EUR,transfer
4534,25/03/2026,IT1234,3469.07,EUR,deposit
4535,11/03/2026,IT4567,1173.82,EUR,deposit
4536,31/01/2026,IT3456,-1641.19,EUR,withdrawal
4537,28/02/2026,IT1234,3459.01,EUR,deposit
4538,12/05/2026,IT3456,1239.44,EUR,transfer
4539,18/05/2026,IT3456,-1608.14,EUR,withdrawal
4540,27/03/2026,IT5678,2203.79,EUR,deposit
4541,09/05/2026,IT2345,1168.48,EUR,transfer
4542,23/04/2026,IT2345,211.85,EUR,deposit
4543,02/01/2026,IT1234,-1088.55,EUR,withdrawal
4544,14/02/2026,IT4567,2093.54,EUR,deposit
4545,07/05/2026,IT7890,-1159.78,EUR,transfer
4546,17/03/2026,IT1234,1370.39,EUR,deposit
4547,31/03/2026,IT5678,-745.91,EUR,withdrawal
4548,10/01/2026,IT4567,3112.56,EUR,deposit
4549,15/03/2026,IT3456,-6.31,EUR,transfer
4550,17/05/2026,IT3456,777.88,EUR,transfer
4551,25/02/2026,IT3456,171.33,EUR,transfer
4552,28/03/2026,IT6789,566.09,EUR,deposit
4553,20/01/2026,IT1234,4360.64,EUR,deposit
4554,02/02/2026,IT6789,-300.46,EUR,withdrawal
4555,27/05/2026,IT2345,-163.42,EUR,withdrawal
4556,01/01/1750,IT6789,2583.53,EUR,deposit
4557,23/05/2026,IT6789,4962.2,EUR,deposit
4558,20/03/2026,IT8901,3551.41,EUR,deposit
4559,07/03/2026,IT8901,-1760.32,EUR,withdrawal
4560,02/04/2026,IT2345,3191.17,EUR,deposit
4561,08/04/2026,IT1234,-874.41,EUR,withdrawal
4562,29/03/2026,IT8901,-518.75,EUR,withdrawal
4563,28/02/2026,IT1234,-1140.4,EUR,transfer
4564,01/02/2026,IT1234,1044.17,EUR,transfer
4565,16/02/2026,IT7890,-343.23,EUR,transfer
4566,24/04/2026,IT1234,-669.33,EUR,transfer
4567,12/05/2026,IT6789,-1618.0,EUR,withdrawal
4568,13/03/2026,IT5678,-867.44,EUR,transfer
4569,23/01/2026,IT2345,4970.25,EUR,deposit
4570,21/04/2026,IT5678,1327.71,EUR,transfer
4571,21/01/2026,IT8901,3982.04,EUR,deposit
4572,30/05/2026,IT3456,-591.49,EUR,withdrawal
4573,20/02/2026,IT3456,-459.44,EUR,transfer
4574,19/05/2026,IT6789,275.42,EUR,deposit
4575,03/05/2026,IT7890,2708.67,EUR,deposit
4576,24/01/2026,IT6789,-939.54,EUR,withdrawal
4577,16/04/2026,IT5678,-681.27,EUR,transfer
4578,06/04/2026,IT6789,1878.98,EUR,deposit
4579,31/05/2026,IT1234,-517.1,EUR,transfer
4580,12/05/2026,IT3456,-35.59,EUR,withdrawal
4581,18/03/2026,IT2345,1384.97,EUR,deposit
4582,01/03/2026,IT3456,-1529.7,EUR,withdrawal
4583,16/04/2026,IT4567,1175.98,EUR,transfer
4584,01/05/2026,IT5678,-1370.45,EUR,withdrawal
4585,24/01/2026,IT3456,3570.75,EUR,deposit
4586,01/02/2026,IT2345,-1510.42,EUR,withdrawal
4587,16/03/2026,IT6789,382.6,EUR,transfer
4588,12/05/2026,IT8901,2350.62,EUR,deposit
4589,25/05/2026,IT3456,1197.43,EUR,transfer
4590,07/01/2026,IT2345,332.2,EUR,transfer
4591,20/05/2026,IT2345,23%02))12,EUR,withdrawal
4592,27/02/2026,IT8901,-1331.22,EUR,withdrawal
4593,03/04/2026,IT3456,3041.73,EUR,deposit
4594,30/04/2026,IT6789,91.96,EUR,transfer
4595,29/03/2026,IT2345,-1429.65,EUR,withdrawal
4596,26/01/2026,IT5678,-1179.45,EUR,withdrawal
4597,07/02/2026,IT6789,-367.65,EUR,withdrawal
4598,18/01/2026,IT8901,174.18,EUR,deposit
4599,26/04/2026,IT6789,-1070.98,EUR,transfer
4600,20/03/2026,IT4567,-140.86,EUR,withdrawal
4601,14/03/2026,IT3456,-1225.3,EUR,withdrawal
4602,12/05/2026,IT6789,3297.69,EUR,deposit
4603,03/05/2026,IT1234,2337.42,EUR,deposit
4604,08/04/2026,IT7890,-592.65,EUR,transfer
4605,18/04/2026,IT6789,-1021.98,EUR,withdrawal
4606,17/05/2026,IT5678,23%02))12,EUR,deposit
4607,27/04/2026,IT8901,-1280.48,EUR,transfer
4608,01/01/1750,IT5678,-1746.51,EUR,withdrawal
4609,26/01/2026,IT4567,3073.6,EUR,deposit
4610,05/05/2026,IT5678,-22.14,EUR,transfer
4611,27/01/2026,IT2345,-221.98,EUR,withdrawal
4612,20/05/2026,IT5678,650.89,EUR,transfer
4613,24/05/2026,IT5678,-470.89,EUR,withdrawal
4614,16/04/2026,IT1234,-1062.12,EUR,withdrawal
4615,01/04/2026,IT5678,4600.9,EUR,deposit
4616,01/03/2026,IT2345,-1984.71,EUR,withdrawal
4617,08/03/2026,IT3456,-967.49,EUR,withdrawal
4618,08/05/2026,IT6789,-947.92,EUR,transfer
4619,25/01/2026,IT4567,378.23,EUR,deposit
4620,30/04/2026,IT1234,-1462.24,EUR,withdrawal
4621,29/01/2026,IT4567,4771.87,EUR,deposit
4622,24/04/2026,IT3456,-856.53,EUR,withdrawal
4623,09/05/2026,IT8901,-557.0,EUR,withdrawal
4624,05/02/2026,IT7890,248.39,EUR,transfer
4625,10/04/2026,IT8901,165.23,EUR,transfer
4626,21/03/2026,IT8901,84.54,EUR,deposit
4627,24/03/2026,IT6789,723.39,EUR,transfer
4628,18/05/2026,IT5678,1131.9,EUR,transfer
4629,11/02/2026,IT7890,-863.53,EUR,transfer
4630,02/03/2026,IT2345,23%02))12,EUR,transfer
4631,17/01/2026,IT8901,-869.35,EUR,withdrawal
4632,09/04/2026,IT8901,2855.15,EUR,deposit
4633,26/04/2026,IT8901,1638.02,EUR,deposit
4634,06/04/2026,IT7890,-1810.28,EUR,withdrawal
4635,12/01/2026,IT6789,-1716.88,EUR,withdrawal
4636,15/05/2026,IT4567,-536.84,EUR,withdrawal
4637,17/03/2026,IT2345,798.85,EUR,transfer
4638,25/05/2026,IT8901,1237.99,EUR,deposit
4639,09/01/2026,IT7890,1145.66,EUR,transfer
4640,28/04/2026,IT3456,-105.08,EUR,transfer
4641,11/03/2026,IT1234,1191.69,EUR,transfer
4642,13/02/2026,IT7890,-1415.01,EUR,withdrawal
4643,25/02/2026,IT7890,-624.97,EUR,withdrawal
4644,15/03/2026,IT5678,-236.64,EUR,withdrawal
4645,11/01/2026,IT5678,-1219.89,EUR,transfer
4646,21/04/2026,IT4567,612.49,EUR,transfer
4647,23/04/2026,IT2345,2925.28,EUR,deposit
4648,19/03/2026,IT3456,2955.92,EUR,deposit
4649,15/01/2026,IT4567,66.54,EUR,transfer
4650,14/03/2026,IT3456,3327.2,EUR,deposit
4651,19/03/2026,IT2345,-779.17,EUR,withdrawal
4652,13/05/2026,IT2345,2238.03,EUR,deposit
4653,11/02/2026,IT5678,-1480.37,EUR,withdrawal
4654,11/04/2026,IT2345,-966.32,EUR,transfer
4655,28/03/2026,IT6789,315.18,EUR,deposit
4656,05/04/2026,IT6789,1857.16,EUR,deposit
4657,08/03/2026,IT2345,-375.95,EUR,withdrawal
4658,23/04/2026,IT3456,-887.34,EUR,withdrawal
4659,05/04/2026,IT2345,-1000.21,EUR,withdrawal
4660,14/05/2026,IT1234,23%02))12,EUR,withdrawal
4661,24/05/2026,IT4567,1267.81,EUR,transfer
4662,15/02/2026,IT1234,3929.24,EUR,deposit
4663,18/05/2026,IT5678,658.48,EUR,deposit
4664,26/01/2026,IT7890,-1941.64,EUR,withdrawal
4665,17/05/2026,IT5678,594.01,EUR,deposit
4666,19/04/2026,IT6789,-994.68,EUR,withdrawal
4667,21/03/2026,IT6789,23%02))12,EUR,transfer
4668,05/02/2026,IT2345,-623.64,EUR,withdrawal
4669,25/04/2026,IT2345,1385.26,EUR,deposit
4670,15/01/2026,IT4567,1398.97,EUR,transfer
4671,03/03/2026,IT7890,287.54,EUR,transfer
4672,23/02/2026,IT6789,1443.73,EUR,deposit
4673,03/03/2026,IT7890,-738.88,EUR,withdrawal
4674,22/02/2026,IT2345,2072.47,EUR,deposit
4675,30/05/2026,IT3456,647.28,EUR,transfer
4676,,IT5678,-325.35,EUR,withdrawal
4677,02/03/2026,IT2345,1831.0,EUR,deposit
4678,09/02/2026,IT6789,1073.04,EUR,transfer
4679,26/03/2026,IT3456,-831.66,EUR,withdrawal
4680,07/04/2026,IT8901,1864.54,EUR,deposit
4681,22/04/2026,IT7890,-1158.05,EUR,withdrawal
4682,02/02/2026,IT5678,-452.29,EUR,withdrawal
4683,24/02/2026,IT1234,445.99,EUR,deposit
4684,02/02/2026,IT4567,2208.68,EUR,deposit
4685,11/04/2026,IT4567,-212.87,EUR,withdrawal
4686,06/04/2026,IT5678,-1303.32,EUR,transfer
4687,09/03/2026,IT5678,379.28,EUR,transfer
4688,14/01/2026,IT7890,595.19,EUR,transfer
4689,09/05/2026,IT8901,2094.3,EUR,deposit
4690,16/03/2026,IT1234,-466.82,EUR,withdrawal
4691,15/05/2026,IT5678,1054.99,EUR,transfer
4692,22/02/2026,IT3456,-1561.4,EUR,withdrawal
4693,11/02/2026,IT7890,1091.96,EUR,transfer
4694,21/05/2026,IT7890,-606.54,EUR,withdrawal
4695,04/03/2026,IT3456,1624.94,EUR,deposit
4696,09/04/2026,IT8901,4898.92,EUR,deposit
4697,24/02/2026,IT1234,-815.05,EUR,withdrawal
4698,20/05/2026,IT4567,-283.88,EUR,withdrawal
4699,08/05/2026,IT8901,-1152.44,EUR,transfer
4700,11/04/2026,IT7890,-1139.21,EUR,withdrawal
4701,01/05/2026,IT3456,1128.57,EUR,deposit
4702,20/01/2026,IT8901,-1115.27,EUR,transfer
4703,12/01/2026,IT7890,2944.41,EUR,deposit
4704,10/05/2026,IT4567,3777.31,EUR,deposit
4705,29/01/2026,IT3456,-1355.95,EUR,withdrawal
4706,24/02/2026,IT2345,4032.83,EUR,deposit
4707,23/01/2026,IT4567,116.93,EUR,transfer
4708,03/02/2026,IT6789,626.8,EUR,transfer
4709,08/04/2026,IT8901,880.29,EUR,deposit
4710,05/03/2026,IT1234,4903.06,EUR,deposit
4711,08/05/2026,IT5678,-640.63,EUR,transfer
4712,27/01/2026,IT5678,-1521.11,EUR,withdrawal
4713,15/01/2026,IT6789,-740.56,EUR,withdrawal
4714,22/02/2026,IT5678,494.5,EUR,deposit
4715,25/05/2026,IT7890,-1269.08,EUR,withdrawal
4716,01/01/2026,IT3456,203.91,EUR,transfer
4717,09/05/2026,IT2345,-734.77,EUR,withdrawal
4718,11/01/2026,IT8901,422.11,EUR,deposit
4719,29/04/2026,IT7890,-1213.0,EUR,withdrawal
4720,20/03/2026,IT7890,-1584.01,EUR,withdrawal
4721,24/01/2026,IT2345,-399.1,EUR,transfer
4722,08/04/2026,IT4567,-921.26,EUR,transfer
4723,31/05/2026,IT6789,875.75,EUR,transfer
4724,27/04/2026,IT6789,492.34,EUR,transfer
4725,23/01/2026,IT5678,2402.95,EUR,deposit
4726,06/01/2026,IT4567,23%02))12,EUR,transfer
4727,26/02/2026,IT8901,4648.92,EUR,deposit
4728,09/03/2026,IT3456,-1390.37,EUR,transfer
4729,20/02/2026,IT8901,-1046.95,EUR,transfer
4730,12/01/2026,IT5678,1117.85,EUR,deposit
4731,01/01/2026,IT3456,1179.88,EUR,transfer
4732,13/01/2026,IT2345,-1360.82,EUR,withdrawal
4733,03/02/2026,IT2345,-848.49,EUR,transfer
4734,18/02/2026,IT6789,2784.54,EUR,deposit
4735,06/05/2026,IT6789,-1402.7,EUR,withdrawal
4736,21/05/2026,IT8901,-1130.2,EUR,transfer
4737,03/01/2026,IT6789,1289.61,EUR,deposit
4738,01/01/1750,IT6789,1478.64,EUR,deposit
4739,18/01/2026,IT6789,898.48,EUR,transfer
4740,,IT5678,1646.51,EUR,deposit
4741,24/05/2026,IT6789,2076.8,EUR,deposit
4742,11/01/2026,IT7890,-1315.0,EUR,withdrawal
4743,28/01/2026,IT4567,2138.13,EUR,deposit
4744,26/03/2026,IT6789,4713.97,EUR,deposit
4745,13/05/2026,IT7890,-814.95,EUR,transfer
4746,31/05/2026,IT2345,480.56,EUR,transfer
4747,25/01/2026,IT5678,2412.0,EUR,deposit
4748,13/01/2026,IT7890,4988.03,EUR,deposit
4749,27/01/2026,IT1234,724.94,EUR,transfer
4750,13/03/2026,IT2345,-37.06,EUR,withdrawal
4751,16/01/2026,IT2345,-935.73,EUR,withdrawal
4752,31/03/2026,IT1234,2999.5,EUR,deposit
4753,15/04/2026,IT7890,915.35,EUR,transfer
4754,28/05/2026,IT5678,4636.96,EUR,deposit
4755,23/05/2026,IT1234,-1307.06,EUR,withdrawal
4756,20/05/2026,IT5678,-697.01,EUR,withdrawal
4757,23/03/2026,IT6789,-122.37,EUR,withdrawal
4758,07/01/2026,IT4567,4152.21,EUR,deposit
4759,30/05/2026,IT8901,23%02))12,EUR,transfer
4760,18/01/2026,IT3456,-88.63,EUR,withdrawal
4761,19/03/2026,IT7890,-440.52,EUR,withdrawal
4762,25/05/2026,IT6789,4071.58,EUR,deposit
4763,27/05/2026,IT5678,1236.29,EUR,deposit
4764,28/02/2026,IT8901,-227.45,EUR,transfer
4765,18/01/2026,IT4567,1014.44,EUR,deposit
4766,04/04/2026,IT3456,3179.08,EUR,deposit
4767,06/05/2026,IT3456,62.98,EUR,transfer
4768,04/02/2026,IT5678,-288.87,EUR,withdrawal
4769,06/01/2026,IT1234,-673.68,EUR,transfer
4770,15/04/2026,IT1234,-252.95,EUR,transfer
4771,26/04/2026,IT8901,23%02))12,EUR,withdrawal
4772,25/04/2026,IT3456,-1593.79,EUR,withdrawal
4773,08/04/2026,IT3456,3889.45,EUR,deposit
4774,26/05/2026,IT2345,3609.96,EUR,deposit
4775,13/04/2026,IT4567,-397.37,EUR,withdrawal
4776,29/04/2026,IT8901,-1469.47,EUR,transfer
4777,03/02/2026,IT8901,-1756.9,EUR,withdrawal
4778,01/04/2026,IT7890,-52.72,EUR,withdrawal
4779,05/03/2026,IT7890,3016.11,EUR,deposit
4780,13/05/2026,IT2345,1265.98,EUR,transfer
4781,08/01/2026,IT5678,-1947.86,EUR,withdrawal
4782,06/02/2026,IT8901,3313.82,EUR,deposit
4783,30/03/2026,IT8901,-591.76,EUR,withdrawal
4784,27/03/2026,IT3456,-1693.07,EUR,withdrawal
4785,25/05/2026,IT8901,23%02))12,EUR,transfer
4786,28/05/2026,IT7890,235.59,EUR,deposit
4787,08/05/2026,IT1234,-1396.8,EUR,withdrawal
4788,06/01/2026,IT7890,3901.96,EUR,deposit
4789,17/01/2026,IT4567,-1470.52,EUR,withdrawal
4790,01/01/2026,IT8901,-1682.55,EUR,withdrawal
4791,29/03/2026,IT6789,-1762.81,EUR,withdrawal
4792,10/04/2026,IT3456,3.69,EUR,transfer
4793,12/02/2026,IT6789,-1157.55,EUR,withdrawal
4794,07/01/2026,IT7890,4861.95,EUR,deposit
4795,30/05/2026,IT6789,2650.77,EUR,deposit
4796,30/04/2026,IT1234,4666.65,EUR,deposit
4797,14/02/2026,IT3456,-1640.67,EUR,withdrawal
4798,30/04/2026,IT5678,-922.05,EUR,withdrawal
4799,13/03/2026,IT5678,23%02))12,EUR,deposit
4800,10/02/2026,IT4567,-1117.74,EUR,transfer
4801,11/01/2026,IT8901,2565.19,EUR,deposit
4802,25/05/2026,IT1234,-338.33,EUR,withdrawal
4803,16/02/2026,IT2345,-816.59,EUR,transfer
4804,27/01/2026,IT4567,1443.86,EUR,deposit
4805,31/03/2026,IT6789,3304.35,EUR,deposit
4806,17/01/2026,IT1234,-646.82,EUR,transfer
4807,,IT5678,3445.16,EUR,deposit
4808,14/03/2026,IT3456,-1022.57,EUR,withdrawal
4809,21/02/2026,IT6789,-1203.06,EUR,withdrawal
4810,05/05/2026,IT2345,-788.6,EUR,withdrawal
4811,06/03/2026,IT4567,154.0,EUR,deposit
4812,16/03/2026,IT4567,623.43,EUR,transfer
4813,20/02/2026,IT1234,-1137.38,EUR,withdrawal
4814,03/02/2026,IT4567,51.99,EUR,deposit
4815,09/04/2026,IT4567,-875.02,EUR,withdrawal
4816,26/02/2026,IT6789,-921.76,EUR,transfer
4817,11/01/2026,IT2345,-787.66,EUR,withdrawal
4818,08/02/2026,IT2345,4440.71,EUR,deposit
4819,07/02/2026,IT5678,-1755.86,EUR,withdrawal
4820,01/01/1750,IT8901,2133.47,EUR,deposit
4821,19/01/2026,IT6789,-1690.58,EUR,withdrawal
4822,18/02/2026,IT6789,-1451.27,EUR,withdrawal
4823,02/03/2026,IT1234,270.65,EUR,deposit
4824,26/02/2026,IT8901,3455.63,EUR,deposit
4825,21/03/2026,IT3456,1090.6,EUR,transfer
4826,21/02/2026,IT2345,-830.87,EUR,withdrawal
4827,26/04/2026,IT8901,-1226.57,EUR,withdrawal
4828,13/01/2026,IT4567,3295.33,EUR,deposit
4829,26/02/2026,IT3456,-1525.88,EUR,withdrawal
4830,08/01/2026,IT7890,-1246.49,EUR,withdrawal
4831,03/02/2026,IT6789,4442.51,EUR,deposit
4832,06/05/2026,IT7890,464.26,EUR,transfer
4833,22/01/2026,IT3456,-1069.47,EUR,transfer
4834,07/01/2026,IT4567,-267.18,EUR,withdrawal
4835,31/03/2026,IT8901,840.37,EUR,deposit
4836,08/05/2026,IT7890,1170.55,EUR,transfer
4837,21/01/2026,IT3456,-796.89,EUR,withdrawal
4838,21/05/2026,IT1234,-810.87,EUR,transfer
4839,30/01/2026,IT5678,541.82,EUR,transfer
4840,06/05/2026,IT7890,144.8,EUR,deposit
4841,21/04/2026,IT8901,3787.62,EUR,deposit
4842,11/02/2026,IT3456,-1153.75,EUR,withdrawal
4843,24/03/2026,IT1234,746.65,EUR,transfer
4844,27/03/2026,IT5678,-1570.14,EUR,withdrawal
4845,06/01/2026,IT7890,3604.18,EUR,deposit
4846,15/05/2026,IT3456,1396.81,EUR,transfer
4847,05/04/2026,IT7890,276.81,EUR,transfer
4848,09/04/2026,IT8901,3938.64,EUR,deposit
4849,13/01/2026,IT6789,-167.55,EUR,transfer
4850,09/05/2026,IT7890,1013.49,EUR,transfer
4851,18/03/2026,IT2345,742.37,EUR,deposit
4852,30/03/2026,IT2345,2852.47,EUR,deposit
4853,04/04/2026,IT5678,307.71,EUR,transfer
4854,25/02/2026,IT2345,1187.94,EUR,transfer
4855,22/01/2026,IT7890,2417.69,EUR,deposit
4856,04/01/2026,IT2345,-630.91,EUR,withdrawal
4857,16/03/2026,IT1234,220.49,EUR,transfer
4858,19/01/2026,IT8901,-95.11,EUR,withdrawal
4859,30/01/2026,IT7890,-463.01,EUR,withdrawal
4860,14/01/2026,IT2345,-1019.05,EUR,withdrawal
4861,15/03/2026,IT4567,-1054.5,EUR,withdrawal
4862,03/03/2026,IT2345,570.34,EUR,deposit
4863,25/05/2026,IT1234,1265.55,EUR,transfer
4864,14/04/2026,IT1234,-1038.97,EUR,withdrawal
4865,22/04/2026,IT5678,-1571.2,EUR,withdrawal
4866,05/02/2026,IT4567,-487.65,EUR,transfer
4867,09/02/2026,IT5678,-641.8,EUR,transfer
4868,09/03/2026,IT7890,-187.36,EUR,transfer
4869,30/03/2026,IT1234,503.59,EUR,deposit
4870,18/01/2026,IT7890,23%02))12,EUR,withdrawal
4871,01/01/1750,IT1234,1483.39,EUR,transfer
4872,01/05/2026,IT8901,730.6,EUR,transfer
4873,06/05/2026,IT4567,104.85,EUR,deposit
4874,28/02/2026,IT2345,-1225.23,EUR,withdrawal
4875,30/05/2026,IT1234,-724.92,EUR,withdrawal
4876,16/04/2026,IT1234,-1971.5,EUR,withdrawal
4877,08/05/2026,IT2345,-17.22,EUR,transfer
4878,09/03/2026,IT6789,4103.46,EUR,deposit
4879,16/01/2026,IT8901,-1481.8,EUR,withdrawal
4880,25/05/2026,IT2345,3099.14,EUR,deposit
4881,01/01/2026,IT3456,-1660.12,EUR,withdrawal
4882,14/04/2026,IT5678,-374.55,EUR,withdrawal
4883,12/04/2026,IT5678,975.04,EUR,transfer
4884,06/02/2026,IT4567,828.61,EUR,transfer
4885,10/02/2026,IT8901,-1714.01,EUR,withdrawal
4886,30/04/2026,IT3456,968.92,EUR,deposit
4887,24/04/2026,IT6789,4552.5,EUR,deposit
4888,27/01/2026,IT8901,1660.65,EUR,deposit
4889,01/03/2026,IT3456,678.81,EUR,transfer
4890,17/03/2026,IT2345,-342.49,EUR,transfer
4891,08/05/2026,IT3456,261.96,EUR,transfer
4892,21/02/2026,IT5678,-1212.02,EUR,transfer
4893,18/01/2026,IT7890,74.23,EUR,transfer
4894,10/05/2026,IT8901,-1701.78,EUR,withdrawal
4895,06/02/2026,IT7890,-233.38,EUR,transfer
4896,10/05/2026,IT3456,-542.36,EUR,withdrawal
4897,03/01/2026,IT2345,-1315.73,EUR,withdrawal
4898,22/04/2026,IT5678,1365.56,EUR,deposit
4899,23/03/2026,IT1234,67.33,EUR,transfer
4900,19/02/2026,IT4567,1249.51,EUR,transfer
4901,30/05/2026,IT1234,4622.68,EUR,deposit
4902,28/04/2026,IT4567,1330.82,EUR,deposit
4903,27/04/2026,IT4567,597.25,EUR,transfer
4904,08/01/2026,IT8901,-922.4,EUR,withdrawal
4905,02/05/2026,IT5678,4962.03,EUR,deposit
4906,29/01/2026,IT6789,-18.1,EUR,transfer
4907,02/04/2026,IT6789,899.11,EUR,deposit
4908,03/04/2026,IT8901,544.9,EUR,transfer
4909,27/04/2026,IT8901,-1838.54,EUR,withdrawal
4910,26/04/2026,IT7890,-1090.19,EUR,transfer
4911,28/02/2026,IT5678,-161.39,EUR,transfer
4912,17/03/2026,IT7890,-121.73,EUR,transfer
4913,04/03/2026,IT6789,1256.39,EUR,transfer
4914,19/04/2026,IT6789,1155.0,EUR,transfer
4915,30/03/2026,IT7890,-872.87,EUR,transfer
4916,23/03/2026,IT1234,941.84,EUR,deposit
4917,28/03/2026,IT8901,-792.09,EUR,withdrawal
4918,12/01/2026,IT5678,4526.66,EUR,deposit
4919,19/05/2026,IT7890,2824.41,EUR,deposit
4920,19/04/2026,IT2345,-1459.14,EUR,transfer
4921,30/04/2026,IT6789,2418.0,EUR,deposit
4922,12/04/2026,IT7890,-1250.35,EUR,transfer
4923,02/04/2026,IT5678,-977.3,EUR,withdrawal
4924,17/02/2026,IT3456,1729.02,EUR,deposit
4925,18/04/2026,IT3456,2259.19,EUR,deposit
4926,30/01/2026,IT5678,-1629.58,EUR,withdrawal
4927,27/03/2026,IT1234,4982.26,EUR,deposit
4928,18/04/2026,IT4567,3460.8,EUR,deposit
4929,28/02/2026,IT6789,2967.58,EUR,deposit
4930,30/04/2026,IT7890,-1339.06,EUR,withdrawal
4931,23/05/2026,IT3456,4629.48,EUR,deposit
4932,23/03/2026,IT7890,3152.05,EUR,deposit
4933,24/01/2026,IT1234,582.5,EUR,deposit
4934,08/03/2026,IT8901,992.09,EUR,transfer
4935,05/05/2026,IT3456,-1252.49,EUR,transfer
4936,07/01/2026,IT2345,-484.13,EUR,transfer
4937,21/05/2026,IT6789,-1441.81,EUR,transfer
4938,27/05/2026,IT7890,743.53,EUR,deposit
4939,22/04/2026,IT7890,765.68,EUR,transfer
4940,24/02/2026,IT4567,-1703.27,EUR,withdrawal
4941,20/02/2026,IT8901,-476.4,EUR,withdrawal
4942,13/02/2026,IT2345,-500.02,EUR,transfer
4943,01/01/1750,IT3456,-427.59,EUR,withdrawal
4944,03/03/2026,IT8901,-1290.89,EUR,withdrawal
4945,09/03/2026,IT7890,-894.96,EUR,transfer
4946,16/01/2026,IT4567,104.56,EUR,deposit
4947,14/02/2026,IT3456,3189.06,EUR,deposit
4948,09/04/2026,IT3456,80.42,EUR,deposit
4949,01/05/2026,IT7890,2562.42,EUR,deposit
4950,23/04/2026,IT3456,4107.13,EUR,deposit
4951,01/01/2026,IT5678,1073.91,EUR,transfer
4952,23/04/2026,IT6789,2557.12,EUR,deposit
4953,01/04/2026,IT7890,-1810.59,EUR,withdrawal
4954,02/03/2026,IT8901,1473.82,EUR,deposit
4955,06/04/2026,IT5678,398.47,EUR,transfer
4956,30/04/2026,IT8901,120.18,EUR,deposit
4957,10/03/2026,IT5678,3291.29,EUR,deposit
4958,15/05/2026,IT5678,2499.85,EUR,deposit
4959,19/04/2026,IT3456,-571.45,EUR,transfer
4960,25/03/2026,IT1234,350.62,EUR,deposit
4961,21/05/2026,IT4567,225.91,EUR,transfer
4962,25/04/2026,IT6789,-112.14,EUR,withdrawal
4963,17/04/2026,IT8901,-596.53,EUR,transfer
4964,13/05/2026,IT3456,1162.96,EUR,transfer
4965,02/02/2026,IT3456,984.8,EUR,transfer
4966,24/04/2026,IT2345,2058.02,EUR,deposit
4967,24/03/2026,IT1234,-506.33,EUR,transfer
4968,19/02/2026,IT3456,-1155.0,EUR,withdrawal
4969,25/01/2026,IT2345,-1104.64,EUR,withdrawal
4970,12/04/2026,IT5678,-1558.45,EUR,withdrawal
4971,05/02/2026,IT4567,531.77,EUR,transfer
4972,22/01/2026,IT8901,-463.54,EUR,withdrawal
4973,15/02/2026,IT3456,-1966.57,EUR,withdrawal
4974,15/04/2026,IT4567,2233.41,EUR,deposit
4975,22/03/2026,IT8901,-1312.98,EUR,withdrawal
4976,27/02/2026,IT3456,4590.3,EUR,deposit
4977,30/01/2026,IT3456,970.29,EUR,deposit
4978,02/04/2026,IT8901,3120.87,EUR,deposit
4979,28/01/2026,IT5678,4093.09,EUR,deposit
4980,01/01/1750,IT8901,-1103.28,EUR,withdrawal
4981,16/02/2026,IT1234,91.16,EUR,deposit
4982,17/01/2026,IT7890,161.75,EUR,transfer
4983,06/02/2026,IT1234,-1422.62,EUR,withdrawal
4984,11/05/2026,IT1234,985.62,EUR,transfer
4985,24/04/2026,IT6789,252.64,EUR,deposit
4986,07/05/2026,IT2345,1956.73,EUR,deposit
4987,27/01/2026,IT7890,657.0,EUR,deposit
4988,22/04/2026,IT2345,-696.35,EUR,transfer
4989,30/05/2026,IT4567,-927.39,EUR,transfer
4990,31/05/2026,IT2345,2143.55,EUR,deposit
4991,24/01/2026,IT3456,1169.51,EUR,deposit
4992,04/02/2026,IT7890,48.84,EUR,transfer
4993,11/04/2026,IT7890,-1732.76,EUR,withdrawal
4994,07/01/2026,IT3456,-863.4,EUR,transfer
4995,19/05/2026,IT8901,1175.26,EUR,transfer
4996,16/05/2026,IT3456,-1000.86,EUR,transfer
4997,19/05/2026,IT2345,-395.56,EUR,transfer
4998,09/02/2026,IT8901,2537.26,EUR,deposit
4999,24/03/2026,IT4567,-571.58,EUR,transfer
5000,16/05/2026,IT4567,-1450.91,EUR,withdrawal
5001,30/05/2026,IT2345,-198.46,EUR,transfer
5002,17/01/2026,IT2345,-599.12,EUR,withdrawal
5003,25/02/2026,IT5678,-1215.69,EUR,transfer
5004,12/04/2026,IT8901,-1717.55,EUR,withdrawal
5005,26/02/2026,IT7890,-904.75,EUR,withdrawal
5006,20/01/2026,IT6789,1304.24,EUR,transfer
5007,23/05/2026,IT1234,23%02))12,EUR,deposit
5008,19/02/2026,IT1234,-1039.64,EUR,transfer
5009,30/04/2026,IT7890,-691.32,EUR,withdrawal
5010,05/02/2026,IT7890,284.25,EUR,transfer
5011,08/03/2026,IT3456,-1412.13,EUR,transfer
5012,25/03/2026,IT2345,2054.25,EUR,deposit
5013,20/02/2026,IT2345,1257.43,EUR,transfer
5014,26/01/2026,IT2345,652.73,EUR,transfer
5015,13/01/2026,IT2345,1405.7,EUR,deposit
5016,29/03/2026,IT6789,789.55,EUR,transfer
5017,24/05/2026,IT6789,687.12,EUR,deposit
5018,17/03/2026,IT7890,23%02))12,EUR,withdrawal
5019,02/03/2026,IT1234,-935.02,EUR,withdrawal
5020,16/03/2026,IT5678,-525.5,EUR,transfer
5021,31/03/2026,IT5678,-1641.29,EUR,withdrawal
5022,06/05/2026,IT4567,2185.63,EUR,deposit
5023,20/01/2026,IT3456,-1288.77,EUR,transfer
5024,27/04/2026,IT8901,-1705.91,EUR,withdrawal
5025,27/01/2026,IT7890,4889.67,EUR,deposit
5026,15/05/2026,IT3456,-583.1,EUR,transfer
5027,01/01/2026,IT8901,-241.4,EUR,withdrawal
5028,12/02/2026,IT8901,-352.8,EUR,transfer
5029,22/05/2026,IT3456,-1203.93,EUR,withdrawal
5030,14/01/2026,IT5678,-115.72,EUR,withdrawal
5031,08/01/2026,IT5678,1401.51,EUR,transfer
5032,16/04/2026,IT8901,1370.65,EUR,deposit
5033,14/01/2026,IT1234,23%02))12,EUR,transfer
5034,14/05/2026,IT5678,406.47,EUR,transfer
5035,12/01/2026,IT1234,-108.17,EUR,withdrawal
5036,20/05/2026,IT5678,-418.95,EUR,withdrawal
5037,18/01/2026,IT4567,2002.76,EUR,deposit
5038,31/03/2026,IT8901,50.17,EUR,deposit
5039,10/04/2026,IT1234,2819.12,EUR,deposit
5040,27/03/2026,IT8901,4452.49,EUR,deposit
5041,04/04/2026,IT1234,971.49,EUR,transfer
5042,04/03/2026,IT8901,3571.41,EUR,deposit
5043,22/04/2026,IT6789,-1501.24,EUR,withdrawal
5044,23/05/2026,IT6789,-1330.99,EUR,transfer
5045,11/05/2026,IT5678,-698.12,EUR,transfer
5046,15/03/2026,IT4567,3199.96,EUR,deposit
5047,09/05/2026,IT8901,3662.07,EUR,deposit
5048,08/01/2026,IT8901,2832.99,EUR,deposit
5049,13/01/2026,IT7890,-1315.09,EUR,withdrawal
5050,20/03/2026,IT6789,1605.33,EUR,deposit
5051,10/01/2026,IT4567,1866.0,EUR,deposit
5052,04/05/2026,IT2345,-807.97,EUR,transfer
5053,17/01/2026,IT8901,1676.65,EUR,deposit
5054,25/03/2026,IT6789,-546.54,EUR,withdrawal
5055,03/04/2026,IT3456,1195.03,EUR,transfer
5056,16/02/2026,IT1234,2765.52,EUR,deposit
5057,15/02/2026,IT4567,874.04,EUR,transfer
5058,01/03/2026,IT5678,830.52,EUR,transfer
5059,15/05/2026,IT6789,1329.1,EUR,deposit
5060,02/02/2026,IT6789,2473.95,EUR,deposit
5061,21/03/2026,IT5678,-1820.45,EUR,withdrawal
5062,27/04/2026,IT4567,751.01,EUR,transfer
5063,08/03/2026,IT5678,-1423.06,EUR,withdrawal
5064,26/04/2026,IT2345,825.57,EUR,deposit
5065,22/02/2026,IT5678,-1372.08,EUR,withdrawal
5066,30/04/2026,IT8901,-594.02,EUR,transfer
5067,29/05/2026,IT1234,150.5,EUR,deposit
5068,04/04/2026,IT7890,2824.76,EUR,deposit
5069,18/04/2026,IT3456,-1116.53,EUR,transfer
5070,26/04/2026,IT5678,3110.64,EUR,deposit
5071,12/02/2026,IT4567,855.11,EUR,transfer
5072,05/05/2026,IT7890,-49.08,EUR,withdrawal
5073,12/02/2026,IT3456,1790.88,EUR,deposit
5074,02/02/2026,IT4567,1357.34,EUR,deposit
5075,08/03/2026,IT4567,4289.16,EUR,deposit
5076,28/01/2026,IT1234,-241.76,EUR,withdrawal
5077,20/01/2026,IT4567,2169.21,EUR,deposit
5078,06/04/2026,IT7890,-1677.57,EUR,withdrawal
5079,05/03/2026,IT5678,-764.16,EUR,withdrawal
5080,08/01/2026,IT6789,-1061.55,EUR,withdrawal
5081,06/02/2026,IT7890,1491.4,EUR,transfer
5082,29/03/2026,IT6789,3041.34,EUR,deposit
5083,08/01/2026,IT5678,4650.33,EUR,deposit
5084,05/03/2026,IT7890,2363.49,EUR,deposit
5085,18/05/2026,IT8901,1681.83,EUR,deposit
5086,16/03/2026,IT3456,43.64,EUR,transfer
5087,16/02/2026,IT7890,3828.16,EUR,deposit
5088,06/05/2026,IT4567,-598.15,EUR,transfer
5089,13/04/2026,IT1234,-631.75,EUR,withdrawal
5090,11/02/2026,IT3456,4795.97,EUR,deposit
5091,20/01/2026,IT5678,1115.02,EUR,transfer
5092,20/01/2026,IT2345,-1034.65,EUR,withdrawal
5093,12/03/2026,IT7890,3119.56,EUR,deposit
5094,11/05/2026,IT4567,-1632.06,EUR,withdrawal
5095,05/03/2026,IT7890,3185.47,EUR,deposit
5096,21/02/2026,IT1234,3862.38,EUR,deposit
5097,15/05/2026,IT3456,1853.18,EUR,deposit
5098,12/02/2026,IT1234,688.9,EUR,transfer
5099,05/05/2026,IT5678,-855.05,EUR,transfer
5100,09/05/2026,IT5678,2801.83,EUR,deposit
5101,10/02/2026,IT3456,-414.43,EUR,withdrawal
5102,01/01/2026,IT6789,-620.58,EUR,transfer
5103,17/05/2026,IT3456,-500.16,EUR,transfer
5104,27/05/2026,IT2345,-928.19,EUR,withdrawal
5105,09/01/2026,IT2345,3172.72,EUR,deposit
5106,14/02/2026,IT2345,999.01,EUR,transfer
5107,01/01/1750,IT6789,4566.63,EUR,deposit
5108,08/01/2026,IT1234,4043.53,EUR,deposit
5109,09/02/2026,IT3456,1654.71,EUR,deposit
5110,18/05/2026,IT5678,-830.32,EUR,withdrawal
5111,28/04/2026,IT3456,681.06,EUR,deposit
5112,25/03/2026,IT6789,164.32,EUR,transfer
5113,15/04/2026,IT2345,-1836.85,EUR,withdrawal
5114,05/02/2026,IT4567,-135.92,EUR,withdrawal
5115,22/04/2026,IT6789,-1831.24,EUR,withdrawal
5116,24/05/2026,IT6789,-1046.47,EUR,withdrawal
5117,26/03/2026,IT3456,-1191.49,EUR,transfer
5118,22/04/2026,IT1234,-1100.29,EUR,withdrawal
5119,20/02/2026,IT8901,-1196.4,EUR,transfer
5120,15/03/2026,IT3456,1746.31,EUR,deposit
5121,11/04/2026,IT5678,4414.9,EUR,deposit
5122,18/05/2026,IT5678,-627.96,EUR,transfer
5123,17/02/2026,IT8901,279.69,EUR,transfer
5124,20/03/2026,IT1234,455.79,EUR,transfer
5125,22/02/2026,IT5678,-233.14,EUR,transfer
5126,24/02/2026,IT6789,-723.56,EUR,withdrawal
5127,28/04/2026,IT6789,-71.42,EUR,transfer
5128,29/03/2026,IT5678,863.34,EUR,deposit
5129,03/05/2026,IT2345,-1044.15,EUR,withdrawal
5130,12/02/2026,IT2345,-686.83,EUR,withdrawal
5131,18/04/2026,IT7890,4026.41,EUR,deposit
5132,01/01/2026,IT4567,-609.51,EUR,withdrawal
5133,10/02/2026,IT6789,4053.49,EUR,deposit
5134,29/04/2026,IT2345,-871.21,EUR,transfer
5135,02/04/2026,IT6789,-915.37,EUR,withdrawal
5136,11/02/2026,IT5678,571.45,EUR,deposit
5137,13/01/2026,IT3456,-1436.92,EUR,withdrawal
5138,12/02/2026,IT5678,-1712.02,EUR,withdrawal
5139,03/04/2026,IT3456,-1433.5,EUR,withdrawal
5140,30/01/2026,IT2345,1089.12,EUR,transfer
5141,27/02/2026,IT7890,4527.1,EUR,deposit
5142,20/04/2026,IT7890,734.35,EUR,transfer
5143,22/02/2026,IT8901,183.5,EUR,transfer
5144,22/03/2026,IT5678,-1446.68,EUR,transfer
5145,26/05/2026,IT5678,-196.13,EUR,transfer
5146,07/05/2026,IT5678,3593.38,EUR,deposit
5147,18/03/2026,IT5678,-618.33,EUR,withdrawal
5148,31/01/2026,IT2345,3366.88,EUR,deposit
5149,15/01/2026,IT2345,-1834.98,EUR,withdrawal
5150,18/01/2026,IT3456,-781.28,EUR,withdrawal
5151,19/03/2026,IT6789,798.73,EUR,deposit
5152,15/01/2026,IT4567,4983.96,EUR,deposit
5153,09/01/2026,IT1234,-696.47,EUR,withdrawal
5154,14/03/2026,IT6789,-645.22,EUR,transfer
5155,25/05/2026,IT4567,3416.87,EUR,deposit
5156,26/05/2026,IT8901,-1697.15,EUR,withdrawal
5157,11/02/2026,IT3456,-571.89,EUR,transfer
5158,20/05/2026,IT6789,1433.48,EUR,deposit
5159,28/03/2026,IT8901,432.05,EUR,transfer
5160,13/01/2026,IT2345,-1066.67,EUR,transfer
5161,26/02/2026,IT5678,1340.4,EUR,transfer
5162,13/03/2026,IT3456,117.24,EUR,transfer
5163,23/02/2026,IT6789,-1723.42,EUR,withdrawal
5164,17/05/2026,IT8901,-507.5,EUR,transfer
5165,13/01/2026,IT6789,1944.68,EUR,deposit
5166,15/03/2026,IT3456,-430.19,EUR,withdrawal
5167,27/04/2026,IT8901,-1644.23,EUR,withdrawal
5168,04/01/2026,IT4567,-1323.42,EUR,withdrawal
5169,22/04/2026,IT3456,-1389.12,EUR,withdrawal
5170,07/03/2026,IT4567,-928.72,EUR,withdrawal
5171,21/02/2026,IT2345,-870.2,EUR,transfer
5172,09/04/2026,IT8901,23%02))12,EUR,withdrawal
5173,27/03/2026,IT7890,3674.73,EUR,deposit
5174,20/01/2026,IT6789,3658.48,EUR,deposit
5175,14/04/2026,IT7890,-1607.93,EUR,withdrawal
5176,07/04/2026,IT4567,-441.72,EUR,transfer
5177,01/01/2026,IT7890,-854.88,EUR,withdrawal
5178,29/01/2026,IT6789,-1922.52,EUR,withdrawal
5179,29/04/2026,IT8901,-718.38,EUR,withdrawal
5180,12/03/2026,IT3456,-482.12,EUR,transfer
5181,23/05/2026,IT7890,77.79,EUR,transfer
5182,06/03/2026,IT1234,-958.75,EUR,withdrawal
5183,07/05/2026,IT8901,382.43,EUR,deposit
5184,16/04/2026,IT7890,592.51,EUR,transfer
5185,28/05/2026,IT5678,252.68,EUR,transfer
5186,22/01/2026,IT3456,1052.82,EUR,transfer
5187,17/01/2026,IT5678,3873.34,EUR,deposit
5188,18/01/2026,IT5678,-1663.59,EUR,withdrawal
5189,16/01/2026,IT7890,-1145.62,EUR,withdrawal
5190,23/05/2026,IT3456,1448.41,EUR,transfer
5191,19/04/2026,IT2345,3402.2,EUR,deposit
5192,07/05/2026,IT2345,-916.65,EUR,withdrawal
5193,18/05/2026,IT1234,256.92,EUR,transfer
5194,12/02/2026,IT4567,-1831.42,EUR,withdrawal
5195,15/05/2026,IT3456,-434.13,EUR,withdrawal
5196,07/04/2026,IT1234,-136.03,EUR,transfer
5197,03/05/2026,IT4567,2758.32,EUR,deposit
5198,27/01/2026,IT7890,2009.86,EUR,deposit
5199,07/01/2026,IT5678,-340.1,EUR,withdrawal
5200,16/02/2026,IT8901,3184.44,EUR,deposit
5201,15/03/2026,IT8901,284.29,EUR,transfer
5202,01/05/2026,IT5678,4211.16,EUR,deposit
5203,02/05/2026,IT1234,1212.18,EUR,transfer
5204,19/01/2026,IT7890,-1198.48,EUR,withdrawal
5205,29/05/2026,IT2345,-1849.81,EUR,withdrawal
5206,13/05/2026,IT1234,1208.31,EUR,deposit
5207,30/01/2026,IT1234,-1920.51,EUR,withdrawal
5208,19/05/2026,IT7890,693.55,EUR,transfer
5209,10/04/2026,IT8901,-1080.57,EUR,transfer
5210,18/02/2026,IT2345,-329.03,EUR,withdrawal
5211,13/05/2026,IT8901,-417.64,EUR,transfer
5212,02/03/2026,IT5678,997.75,EUR,transfer
5213,02/05/2026,IT6789,2007.87,EUR,deposit
5214,02/04/2026,IT3456,466.15,EUR,transfer
5215,25/01/2026,IT1234,-1156.89,EUR,withdrawal
5216,16/01/2026,IT6789,-686.56,EUR,withdrawal
5217,11/05/2026,IT1234,280.74,EUR,deposit
5218,16/03/2026,IT7890,1397.16,EUR,transfer
5219,01/02/2026,IT4567,526.79,EUR,transfer
5220,02/05/2026,IT1234,273.64,EUR,deposit
5221,18/01/2026,IT1234,-1449.94,EUR,transfer
5222,10/04/2026,IT5678,1448.29,EUR,transfer
5223,01/05/2026,IT6789,3661.89,EUR,deposit
5224,13/04/2026,IT8901,-763.74,EUR,withdrawal
5225,19/04/2026,IT8901,1103.9,EUR,transfer
5226,12/04/2026,IT8901,3827.72,EUR,deposit
5227,29/01/2026,IT7890,-1037.64,EUR,transfer
5228,22/05/2026,IT6789,-511.19,EUR,withdrawal
5229,04/02/2026,IT5678,-839.05,EUR,withdrawal
5230,24/04/2026,IT3456,-296.31,EUR,withdrawal
5231,15/01/2026,IT8901,667.01,EUR,transfer
5232,11/05/2026,IT4567,-1121.86,EUR,transfer
5233,29/05/2026,IT6789,4898.87,EUR,deposit
5234,06/03/2026,IT7890,4793.22,EUR,deposit
5235,14/03/2026,IT1234,858.62,EUR,transfer
5236,08/01/2026,IT5678,756.15,EUR,transfer
5237,26/03/2026,IT6789,-1484.45,EUR,withdrawal
5238,05/04/2026,IT1234,-1382.25,EUR,withdrawal
5239,21/03/2026,IT8901,-552.99,EUR,transfer
5240,04/02/2026,IT8901,3702.76,EUR,deposit
5241,12/05/2026,IT1234,-431.17,EUR,transfer
5242,25/02/2026,IT4567,-204.34,EUR,withdrawal
5243,25/04/2026,IT3456,-86.42,EUR,withdrawal
5244,10/04/2026,IT8901,-465.8,EUR,withdrawal
5245,12/05/2026,IT6789,2387.8,EUR,deposit
5246,21/04/2026,IT2345,-1472.93,EUR,withdrawal
5247,02/04/2026,IT5678,-1260.86,EUR,withdrawal
5248,19/05/2026,IT4567,1151.49,EUR,transfer
5249,05/03/2026,IT4567,-1255.71,EUR,withdrawal
5250,07/02/2026,IT5678,431.47,EUR,transfer
5251,03/02/2026,IT8901,1381.0,EUR,transfer
5252,01/01/2026,IT8901,708.61,EUR,transfer
5253,28/02/2026,IT8901,-1461.29,EUR,transfer
5254,08/04/2026,IT3456,-1018.3,EUR,withdrawal
5255,22/04/2026,IT2345,-78.52,EUR,transfer
5256,26/02/2026,IT4567,-1433.08,EUR,withdrawal
5257,20/02/2026,IT1234,1199.03,EUR,deposit
5258,29/03/2026,IT7890,-489.27,EUR,transfer
5259,19/01/2026,IT3456,622.87,EUR,transfer
5260,12/05/2026,IT5678,731.32,EUR,transfer
5261,02/01/2026,IT5678,-1853.38,EUR,withdrawal
5262,25/04/2026,IT4567,4846.32,EUR,deposit
5263,11/03/2026,IT2345,4132.25,EUR,deposit
5264,01/01/1750,IT1234,2837.48,EUR,deposit
5265,13/04/2026,IT8901,-1280.85,EUR,withdrawal
5266,12/03/2026,IT5678,-619.06,EUR,withdrawal
5267,17/03/2026,IT2345,323.66,EUR,deposit
5268,27/05/2026,IT7890,-578.14,EUR,withdrawal
5269,19/02/2026,IT3456,-958.66,EUR,transfer
5270,01/02/2026,IT6789,4103.82,EUR,deposit
5271,27/03/2026,IT2345,-1769.83,EUR,withdrawal
5272,13/05/2026,IT5678,725.6,EUR,transfer
5273,01/03/2026,IT6789,1691.74,EUR,deposit
5274,01/01/1750,IT8901,3973.44,EUR,deposit
5275,03/04/2026,IT5678,-1260.81,EUR,withdrawal
5276,11/05/2026,IT3456,-602.52,EUR,transfer
5277,11/04/2026,IT1234,3634.58,EUR,deposit
5278,15/05/2026,IT6789,-595.93,EUR,withdrawal
5279,22/01/2026,IT6789,3341.19,EUR,deposit
5280,11/04/2026,IT6789,-1166.06,EUR,transfer
5281,21/05/2026,IT7890,-499.24,EUR,withdrawal
5282,07/01/2026,IT6789,-1510.1,EUR,withdrawal
5283,16/01/2026,IT3456,3911.61,EUR,deposit
5284,04/02/2026,IT3456,-276.64,EUR,transfer
5285,09/04/2026,IT2345,-298.27,EUR,withdrawal
5286,09/01/2026,IT2345,585.85,EUR,transfer
5287,21/03/2026,IT6789,4507.01,EUR,deposit
5288,28/04/2026,IT6789,3609.09,EUR,deposit
5289,22/03/2026,IT6789,552.23,EUR,transfer
5290,03/05/2026,IT7890,-881.31,EUR,withdrawal
5291,14/01/2026,IT2345,1242.7,EUR,transfer
5292,10/02/2026,IT3456,2359.51,EUR,deposit
5293,17/04/2026,IT7890,-1916.52,EUR,withdrawal
5294,29/04/2026,IT2345,238.69,EUR,transfer
5295,24/05/2026,IT1234,-558.05,EUR,transfer
5296,03/05/2026,IT3456,-1649.16,EUR,withdrawal
5297,04/05/2026,IT5678,-1145.13,EUR,withdrawal
5298,20/04/2026,IT4567,1946.26,EUR,deposit
5299,29/01/2026,IT3456,1674.5,EUR,deposit
5300,23/05/2026,IT7890,980.01,EUR,deposit
5301,14/01/2026,IT2345,-906.57,EUR,withdrawal
5302,07/02/2026,IT7890,942.98,EUR,transfer
5303,11/03/2026,IT2345,-1501.57,EUR,withdrawal
5304,02/03/2026,IT8901,1251.29,EUR,transfer
5305,07/04/2026,IT5678,2371.96,EUR,deposit
5306,07/01/2026,IT8901,-289.36,EUR,transfer
5307,05/02/2026,IT7890,4088.22,EUR,deposit
5308,10/03/2026,IT2345,-1316.95,EUR,transfer
5309,23/01/2026,IT6789,-493.82,EUR,withdrawal
5310,14/05/2026,IT8901,305.98,EUR,transfer
5311,18/05/2026,IT1234,-779.79,EUR,transfer
5312,04/02/2026,IT5678,-1388.7,EUR,withdrawal
5313,28/01/2026,IT8901,-1560.0,EUR,withdrawal
5314,26/03/2026,IT5678,-1355.64,EUR,withdrawal
5315,08/01/2026,IT7890,-587.33,EUR,withdrawal
5316,06/05/2026,IT4567,-149.64,EUR,withdrawal
5317,01/01/2026,IT2345,1323.08,EUR,deposit
5318,03/03/2026,IT2345,-721.58,EUR,transfer
5319,28/04/2026,IT1234,1449.0,EUR,transfer
5320,26/02/2026,IT3456,-464.78,EUR,withdrawal
5321,13/04/2026,IT7890,1416.03,EUR,transfer
5322,19/05/2026,IT8901,392.94,EUR,transfer
5323,26/05/2026,IT8901,378.4,EUR,transfer
5324,10/04/2026,IT1234,-1450.27,EUR,withdrawal
5325,03/03/2026,IT4567,-267.78,EUR,withdrawal
5326,12/01/2026,IT6789,-1255.81,EUR,withdrawal
5327,12/01/2026,IT3456,-465.53,EUR,withdrawal
5328,31/05/2026,IT3456,1283.39,EUR,transfer
5329,17/05/2026,IT4567,-798.23,EUR,withdrawal
5330,09/01/2026,IT5678,3176.11,EUR,deposit
5331,26/05/2026,IT7890,-1389.64,EUR,withdrawal
5332,21/01/2026,IT8901,-54.35,EUR,withdrawal
5333,23/01/2026,IT7890,-1461.63,EUR,withdrawal
5334,30/01/2026,IT1234,-1489.45,EUR,transfer
5335,27/04/2026,IT8901,-990.44,EUR,withdrawal
5336,10/02/2026,IT4567,696.24,EUR,transfer
5337,09/05/2026,IT3456,-1406.86,EUR,withdrawal
5338,,IT3456,-908.83,EUR,withdrawal
5339,01/02/2026,IT7890,-1191.86,EUR,withdrawal
5340,21/04/2026,IT7890,361.39,EUR,transfer
5341,04/03/2026,IT8901,-1451.97,EUR,withdrawal
5342,19/04/2026,IT1234,-1491.56,EUR,withdrawal
5343,24/01/2026,IT8901,-1015.06,EUR,withdrawal
5344,19/05/2026,IT7890,-310.42,EUR,withdrawal
5345,23/05/2026,IT6789,-1389.12,EUR,transfer
5346,07/03/2026,IT2345,-610.9,EUR,withdrawal
5347,19/05/2026,IT2345,1956.09,EUR,deposit
5348,03/03/2026,IT1234,-1663.95,EUR,withdrawal
5349,07/01/2026,IT6789,3617.85,EUR,deposit
5350,27/04/2026,IT1234,-70.84,EUR,withdrawal
5351,20/02/2026,IT8901,-717.03,EUR,withdrawal
5352,17/02/2026,IT6789,-536.42,EUR,withdrawal
5353,20/02/2026,IT5678,156.28,EUR,transfer
5354,30/04/2026,IT8901,-714.47,EUR,transfer
5355,24/01/2026,IT1234,-674.36,EUR,transfer
5356,25/02/2026,IT4567,292.45,EUR,deposit
5357,12/02/2026,IT8901,-1414.0,EUR,withdrawal
5358,26/04/2026,IT8901,2285.82,EUR,deposit
5359,18/05/2026,IT6789,-1195.37,EUR,withdrawal
5360,11/01/2026,IT1234,4077.18,EUR,deposit
5361,03/02/2026,IT2345,2312.83,EUR,deposit
5362,08/03/2026,IT3456,1251.11,EUR,transfer
5363,19/05/2026,IT6789,-1998.45,EUR,withdrawal
5364,28/04/2026,IT6789,-212.17,EUR,transfer
5365,29/04/2026,IT4567,278.93,EUR,transfer
5366,06/04/2026,IT5678,-500.25,EUR,withdrawal
5367,11/04/2026,IT5678,-1697.21,EUR,withdrawal
5368,14/03/2026,IT8901,1717.61,EUR,deposit
5369,03/04/2026,IT2345,-692.13,EUR,withdrawal
5370,04/04/2026,IT1234,-1713.0,EUR,withdrawal
5371,08/01/2026,IT8901,-274.33,EUR,transfer
5372,04/05/2026,IT8901,1575.35,EUR,deposit
5373,31/03/2026,IT6789,1294.9,EUR,transfer
5374,07/02/2026,IT3456,-1187.53,EUR,withdrawal
5375,15/05/2026,IT3456,3654.83,EUR,deposit
5376,27/04/2026,IT7890,1015.91,EUR,transfer
5377,07/02/2026,IT6789,-1156.04,EUR,withdrawal
5378,15/02/2026,IT7890,-1122.73,EUR,transfer
5379,12/01/2026,IT2345,-463.15,EUR,transfer
5380,05/01/2026,IT5678,-1310.79,EUR,transfer
5381,03/04/2026,IT7890,958.28,EUR,deposit
5382,24/04/2026,IT4567,4782.08,EUR,deposit
5383,24/02/2026,IT4567,432.49,EUR,deposit
5384,20/04/2026,IT7890,-1551.9,EUR,withdrawal
5385,11/01/2026,IT3456,-1612.58,EUR,withdrawal
5386,26/05/2026,IT3456,-286.4,EUR,transfer
5387,05/03/2026,IT5678,-417.69,EUR,transfer
5388,29/04/2026,IT5678,1738.81,EUR,deposit
5389,21/03/2026,IT7890,-1229.55,EUR,transfer
5390,12/01/2026,IT5678,1257.44,EUR,deposit
5391,31/01/2026,IT4567,-1997.78,EUR,withdrawal
5392,01/05/2026,IT1234,248.91,EUR,transfer
5393,15/05/2026,IT4567,2649.85,EUR,deposit
5394,08/02/2026,IT7890,-1751.53,EUR,withdrawal
5395,15/02/2026,IT3456,3050.92,EUR,deposit
5396,16/04/2026,IT6789,-1825.22,EUR,withdrawal
5397,20/05/2026,IT6789,534.32,EUR,deposit
5398,20/01/2026,IT4567,-119.88,EUR,transfer
5399,04/05/2026,IT5678,23%02))12,EUR,transfer
5400,08/04/2026,IT5678,824.3,EUR,transfer
5401,23/02/2026,IT2345,1713.29,EUR,deposit
5402,06/05/2026,IT1234,-924.66,EUR,withdrawal
5403,24/05/2026,IT5678,2617.86,EUR,deposit
5404,17/01/2026,IT2345,-820.76,EUR,withdrawal
5405,06/05/2026,IT4567,-1471.08,EUR,withdrawal
5406,17/03/2026,IT4567,4514.13,EUR,deposit
5407,23/04/2026,IT7890,2972.78,EUR,deposit
5408,09/04/2026,IT2345,4688.06,EUR,deposit
5409,28/02/2026,IT8901,-637.82,EUR,transfer
5410,14/03/2026,IT5678,4555.14,EUR,deposit
5411,24/04/2026,IT1234,-1876.53,EUR,withdrawal
5412,07/03/2026,IT6789,2922.51,EUR,deposit
5413,01/05/2026,IT1234,-1160.32,EUR,withdrawal
5414,05/03/2026,IT5678,4284.18,EUR,deposit
5415,12/02/2026,IT1234,-1050.07,EUR,withdrawal
5416,04/03/2026,IT1234,-1321.39,EUR,transfer
5417,23/02/2026,IT3456,-1552.84,EUR,withdrawal
5418,22/02/2026,IT4567,92.54,EUR,deposit
5419,29/05/2026,IT3456,-580.63,EUR,withdrawal
5420,23/04/2026,IT4567,-887.46,EUR,transfer
5421,23/05/2026,IT7890,881.95,EUR,transfer
5422,25/02/2026,IT1234,4783.98,EUR,deposit
5423,04/05/2026,IT2345,1290.02,EUR,deposit
5424,01/04/2026,IT3456,-1549.09,EUR,withdrawal
5425,08/04/2026,IT3456,4334.39,EUR,deposit
5426,07/02/2026,IT6789,576.82,EUR,transfer
5427,27/01/2026,IT8901,-31.95,EUR,withdrawal
5428,24/02/2026,IT4567,-1681.87,EUR,withdrawal
5429,10/01/2026,IT6789,230.97,EUR,transfer
5430,31/03/2026,IT5678,-1402.78,EUR,transfer
5431,20/03/2026,IT4567,4201.91,EUR,deposit
5432,10/04/2026,IT6789,-1726.83,EUR,withdrawal
5433,08/04/2026,IT4567,2964.71,EUR,deposit
5434,24/05/2026,IT8901,1438.47,EUR,deposit
5435,12/03/2026,IT2345,4155.56,EUR,deposit
5436,,IT6789,-1638.55,EUR,withdrawal
5437,18/05/2026,IT5678,4427.07,EUR,deposit
5438,14/01/2026,IT4567,4458.02,EUR,deposit
5439,19/01/2026,IT4567,4742.63,EUR,deposit
5440,13/02/2026,IT2345,-1074.84,EUR,transfer
5441,05/02/2026,IT7890,493.91,EUR,transfer
5442,06/05/2026,IT2345,1673.29,EUR,deposit
5443,02/03/2026,IT4567,643.14,EUR,transfer
5444,30/04/2026,IT6789,4203.27,EUR,deposit
5445,10/04/2026,IT2345,3010.45,EUR,deposit
5446,07/03/2026,IT5678,4060.27,EUR,deposit
5447,20/03/2026,IT1234,431.75,EUR,transfer
5448,31/05/2026,IT2345,2563.53,EUR,deposit
5449,16/01/2026,IT4567,3769.77,EUR,deposit
5450,26/05/2026,IT4567,1292.9,EUR,deposit
5451,28/03/2026,IT6789,1949.41,EUR,deposit
5452,12/05/2026,IT8901,584.38,EUR,transfer
5453,25/04/2026,IT2345,4094.7,EUR,deposit
5454,08/03/2026,IT5678,-859.87,EUR,withdrawal
5455,25/02/2026,IT6789,-603.91,EUR,transfer
5456,22/05/2026,IT3456,23%02))12,EUR,transfer
5457,04/04/2026,IT8901,557.01,EUR,deposit
5458,16/01/2026,IT6789,-1585.97,EUR,withdrawal
5459,04/03/2026,IT7890,-494.91,EUR,withdrawal
5460,11/03/2026,IT8901,-285.56,EUR,withdrawal
5461,14/05/2026,IT7890,-148.24,EUR,withdrawal
5462,23/04/2026,IT7890,-1186.34,EUR,withdrawal
5463,07/05/2026,IT4567,-749.48,EUR,transfer
5464,17/02/2026,IT7890,4322.5,EUR,deposit
5465,11/01/2026,IT4567,-172.64,EUR,withdrawal
5466,27/05/2026,IT6789,958.22,EUR,transfer
5467,09/01/2026,IT2345,-177.51,EUR,transfer
5468,04/03/2026,IT7890,653.39,EUR,transfer
5469,25/03/2026,IT8901,3997.08,EUR,deposit
5470,12/03/2026,IT5678,-1394.61,EUR,withdrawal
5471,27/01/2026,IT7890,-169.17,EUR,withdrawal
5472,04/01/2026,IT2345,4240.72,EUR,deposit
5473,09/05/2026,IT4567,-425.54,EUR,withdrawal
5474,12/01/2026,IT7890,3851.05,EUR,deposit
5475,14/03/2026,IT4567,250.93,EUR,transfer
5476,28/01/2026,IT6789,4378.77,EUR,deposit
5477,16/01/2026,IT8901,-1478.87,EUR,withdrawal
5478,22/04/2026,IT6789,577.76,EUR,transfer
5479,25/05/2026,IT4567,-549.62,EUR,transfer
5480,06/05/2026,IT6789,-1904.15,EUR,withdrawal
5481,18/03/2026,IT1234,379.32,EUR,deposit
5482,08/02/2026,IT7890,4835.73,EUR,deposit
5483,31/01/2026,IT3456,2028.45,EUR,deposit
5484,22/03/2026,IT3456,-1901.32,EUR,withdrawal
5485,14/01/2026,IT8901,639.16,EUR,deposit
5486,04/02/2026,IT7890,483.56,EUR,transfer
5487,03/05/2026,IT5678,-1276.08,EUR,withdrawal
5488,21/05/2026,IT6789,-1927.22,EUR,withdrawal
5489,17/02/2026,IT1234,-779.01,EUR,withdrawal
5490,28/02/2026,IT1234,-742.81,EUR,withdrawal
5491,30/01/2026,IT8901,-475.2,EUR,withdrawal
5492,09/03/2026,IT8901,1040.24,EUR,deposit
5493,28/02/2026,IT7890,-1812.66,EUR,withdrawal
5494,09/04/2026,IT1234,4762.61,EUR,deposit
5495,11/04/2026,IT1234,-936.7,EUR,transfer
5496,25/05/2026,IT4567,1380.78,EUR,transfer
5497,04/01/2026,IT5678,4604.29,EUR,deposit
5498,25/04/2026,IT5678,4832.8,EUR,deposit
5499,08/02/2026,IT6789,3356.4,EUR,deposit
5500,01/05/2026,IT3456,-832.78,EUR,transfer
5501,10/02/2026,IT5678,76.39,EUR,transfer
5502,16/04/2026,IT6789,-112.13,EUR,transfer
5503,22/01/2026,IT1234,4113.0,EUR,deposit
5504,03/04/2026,IT1234,-967.23,EUR,withdrawal
5505,25/02/2026,IT3456,-1126.43,EUR,withdrawal
5506,07/01/2026,IT8901,-1165.6,EUR,withdrawal
5507,31/01/2026,IT2345,1184.35,EUR,deposit
5508,06/05/2026,IT7890,29.37,EUR,transfer
5509,25/03/2026,IT1234,1808.67,EUR,deposit
5510,10/03/2026,IT2345,1296.46,EUR,transfer
5511,14/04/2026,IT2345,-922.46,EUR,transfer
5512,26/01/2026,IT8901,433.01,EUR,transfer
5513,21/05/2026,IT1234,849.46,EUR,transfer
5514,10/05/2026,IT8901,886.09,EUR,transfer
5515,16/02/2026,IT6789,-900.58,EUR,withdrawal
5516,31/03/2026,IT4567,741.91,EUR,transfer
5517,09/05/2026,IT6789,-1160.85,EUR,withdrawal
5518,13/02/2026,IT3456,-189.3,EUR,withdrawal
5519,02/05/2026,IT6789,23%02))12,EUR,deposit
5520,05/05/2026,IT2345,-669.3,EUR,transfer
5521,19/03/2026,IT2345,-573.59,EUR,withdrawal
5522,25/01/2026,IT4567,-259.91,EUR,withdrawal
5523,10/02/2026,IT5678,-338.23,EUR,withdrawal
5524,10/04/2026,IT3456,4284.39,EUR,deposit
5525,13/05/2026,IT4567,2612.88,EUR,deposit
5526,25/04/2026,IT4567,-586.39,EUR,transfer
5527,22/02/2026,IT3456,-50.67,EUR,transfer
5528,13/05/2026,IT4567,1199.88,EUR,transfer
5529,11/03/2026,IT5678,-216.06,EUR,transfer
5530,13/05/2026,IT4567,4287.21,EUR,deposit
5531,31/05/2026,IT1234,483.31,EUR,deposit
5532,01/01/2026,IT7890,-1209.94,EUR,withdrawal
5533,21/02/2026,IT2345,2927.83,EUR,deposit
5534,23/03/2026,IT7890,-646.38,EUR,withdrawal
5535,18/04/2026,IT3456,1458.15,EUR,deposit
5536,03/01/2026,IT5678,-153.85,EUR,withdrawal
5537,24/05/2026,IT8901,-773.67,EUR,transfer
5538,06/05/2026,IT7890,246.79,EUR,transfer
5539,17/01/2026,IT7890,2552.65,EUR,deposit
5540,05/01/2026,IT8901,3960.82,EUR,deposit
5541,24/02/2026,IT7890,2720.98,EUR,deposit
5542,08/04/2026,IT4567,-656.29,EUR,transfer
5543,24/05/2026,IT2345,103.95,EUR,deposit
5544,15/05/2026,IT3456,1461.08,EUR,deposit
5545,25/03/2026,IT3456,544.49,EUR,transfer
5546,05/05/2026,IT2345,3446.98,EUR,deposit
5547,11/04/2026,IT2345,-808.58,EUR,withdrawal
5548,17/02/2026,IT5678,-970.77,EUR,withdrawal
5549,08/03/2026,IT8901,1180.31,EUR,transfer
5550,28/03/2026,IT4567,-436.34,EUR,withdrawal
5551,10/04/2026,IT4567,857.53,EUR,deposit
5552,22/04/2026,IT4567,938.2,EUR,transfer
5553,15/03/2026,IT6789,663.81,EUR,transfer
5554,29/03/2026,IT3456,-1648.77,EUR,withdrawal
5555,22/04/2026,IT3456,1341.81,EUR,transfer
5556,19/05/2026,IT7890,4297.27,EUR,deposit
5557,13/05/2026,IT5678,23%02))12,EUR,transfer
5558,06/05/2026,IT3456,-1676.87,EUR,withdrawal
5559,18/05/2026,IT6789,-1361.39,EUR,withdrawal
5560,,IT3456,-1148.57,EUR,withdrawal
5561,01/04/2026,IT1234,-1973.22,EUR,withdrawal
5562,16/02/2026,IT7890,519.0,EUR,deposit
5563,22/02/2026,IT3456,-61.24,EUR,withdrawal
5564,18/05/2026,IT8901,377.32,EUR,deposit
5565,26/01/2026,IT3456,2094.42,EUR,deposit
5566,06/04/2026,IT7890,-247.57,EUR,withdrawal
5567,19/03/2026,IT5678,-516.66,EUR,withdrawal
5568,27/04/2026,IT3456,-1710.87,EUR,withdrawal
5569,16/04/2026,IT7890,383.9,EUR,transfer
5570,31/05/2026,IT5678,876.98,EUR,deposit
5571,28/02/2026,IT7890,2556.09,EUR,deposit
5572,30/04/2026,IT3456,-1096.08,EUR,withdrawal
5573,07/03/2026,IT6789,3663.42,EUR,deposit
5574,19/04/2026,IT7890,2622.57,EUR,deposit
5575,13/02/2026,IT8901,-611.89,EUR,transfer
5576,16/01/2026,IT2345,4970.97,EUR,deposit
5577,,IT2345,-1674.87,EUR,withdrawal
5578,10/05/2026,IT7890,-351.51,EUR,withdrawal
5579,16/02/2026,IT3456,-293.96,EUR,withdrawal
5580,07/01/2026,IT5678,689.39,EUR,transfer
5581,27/01/2026,IT3456,3269.19,EUR,deposit
5582,30/01/2026,IT1234,3367.85,EUR,deposit
5583,08/04/2026,IT1234,-709.9,EUR,withdrawal
5584,23/05/2026,IT3456,1111.63,EUR,deposit
5585,26/05/2026,IT8901,4200.4,EUR,deposit
5586,15/05/2026,IT1234,-73.86,EUR,transfer
5587,26/04/2026,IT7890,-97.85,EUR,withdrawal
5588,11/01/2026,IT2345,1196.69,EUR,transfer
5589,18/01/2026,IT7890,-1702.35,EUR,withdrawal
5590,28/03/2026,IT2345,-1889.4,EUR,withdrawal
5591,10/04/2026,IT3456,-1994.4,EUR,withdrawal
5592,01/01/1750,IT3456,-1233.94,EUR,withdrawal
5593,10/03/2026,IT3456,232.68,EUR,transfer
5594,15/04/2026,IT5678,23%02))12,EUR,deposit
5595,08/05/2026,IT1234,-1328.59,EUR,withdrawal
5596,15/03/2026,IT3456,661.52,EUR,transfer
5597,19/02/2026,IT7890,-1479.99,EUR,transfer
5598,23/05/2026,IT3456,4311.95,EUR,deposit
5599,13/02/2026,IT5678,-228.07,EUR,withdrawal
5600,24/01/2026,IT4567,1866.14,EUR,deposit
5601,07/05/2026,IT2345,-400.19,EUR,withdrawal
5602,09/05/2026,IT1234,-1748.13,EUR,withdrawal
5603,01/04/2026,IT3456,-1867.51,EUR,withdrawal
5604,18/02/2026,IT4567,23%02))12,EUR,deposit
5605,27/01/2026,IT3456,1479.85,EUR,transfer
5606,18/04/2026,IT2345,337.99,EUR,transfer
5607,18/04/2026,IT8901,379.66,EUR,transfer
5608,02/03/2026,IT3456,311.28,EUR,deposit
5609,25/01/2026,IT4567,2925.83,EUR,deposit
5610,15/03/2026,IT4567,-1794.47,EUR,withdrawal
5611,07/04/2026,IT2345,3836.76,EUR,deposit
5612,30/05/2026,IT5678,-586.33,EUR,withdrawal
5613,11/04/2026,IT5678,-285.33,EUR,withdrawal
5614,13/05/2026,IT7890,877.65,EUR,deposit
5615,19/02/2026,IT4567,193.62,EUR,transfer
5616,20/01/2026,IT2345,1623.21,EUR,deposit
5617,17/02/2026,IT2345,-839.4,EUR,transfer
5618,15/01/2026,IT4567,2647.65,EUR,deposit
5619,29/05/2026,IT5678,-397.79,EUR,transfer
5620,08/05/2026,IT2345,2927.74,EUR,deposit
5621,06/01/2026,IT2345,4520.03,EUR,deposit
5622,11/05/2026,IT4567,540.02,EUR,deposit
5623,16/04/2026,IT3456,-31.36,EUR,withdrawal
5624,10/04/2026,IT7890,23%02))12,EUR,withdrawal
5625,02/01/2026,IT4567,-931.17,EUR,withdrawal
5626,05/02/2026,IT6789,-1551.91,EUR,withdrawal
5627,06/03/2026,IT8901,2339.67,EUR,deposit
5628,30/05/2026,IT6789,-1935.36,EUR,withdrawal
5629,28/01/2026,IT6789,23%02))12,EUR,withdrawal
5630,08/04/2026,IT4567,614.59,EUR,transfer
5631,11/01/2026,IT3456,-1170.22,EUR,withdrawal
5632,31/05/2026,IT1234,1065.54,EUR,transfer
5633,01/01/2026,IT2345,4748.6,EUR,deposit
5634,25/03/2026,IT7890,23%02))12,EUR,transfer
5635,31/03/2026,IT4567,4753.0,EUR,deposit
5636,26/03/2026,IT1234,4489.95,EUR,deposit
5637,20/04/2026,IT6789,-761.01,EUR,withdrawal
5638,19/02/2026,IT3456,-1339.25,EUR,transfer
5639,15/02/2026,IT2345,1231.08,EUR,transfer
5640,02/01/2026,IT5678,4104.64,EUR,deposit
5641,26/02/2026,IT1234,-399.36,EUR,withdrawal
5642,07/03/2026,IT4567,1091.83,EUR,transfer
5643,22/01/2026,IT8901,-1233.48,EUR,withdrawal
5644,09/01/2026,IT3456,-1223.21,EUR,transfer
5645,09/04/2026,IT7890,1031.78,EUR,transfer
5646,15/03/2026,IT3456,3972.97,EUR,deposit
5647,13/03/2026,IT7890,2195.21,EUR,deposit
5648,08/03/2026,IT4567,288.21,EUR,transfer
5649,07/04/2026,IT3456,744.67,EUR,deposit
5650,13/01/2026,IT5678,875.55,EUR,transfer
5651,14/01/2026,IT7890,-1241.1,EUR,transfer
5652,06/03/2026,IT4567,3765.16,EUR,deposit
5653,25/02/2026,IT6789,1259.67,EUR,transfer
5654,08/03/2026,IT7890,3620.0,EUR,deposit
5655,13/05/2026,IT1234,3782.43,EUR,deposit
5656,04/02/2026,IT1234,-625.54,EUR,transfer
5657,11/03/2026,IT4567,974.51,EUR,transfer
5658,01/05/2026,IT3456,-133.76,EUR,withdrawal
5659,28/05/2026,IT7890,1356.65,EUR,transfer
5660,25/01/2026,IT4567,2156.31,EUR,deposit
5661,08/05/2026,IT6789,1067.42,EUR,transfer
5662,20/05/2026,IT3456,1319.38,EUR,deposit
5663,30/01/2026,IT3456,-573.42,EUR,withdrawal
5664,20/05/2026,IT5678,123.82,EUR,transfer
5665,06/04/2026,IT5678,1895.32,EUR,deposit
5666,11/02/2026,IT5678,-1194.85,EUR,withdrawal
5667,04/04/2026,IT7890,1341.06,EUR,transfer
5668,26/05/2026,IT2345,-845.56,EUR,withdrawal
5669,18/02/2026,IT6789,-1050.11,EUR,withdrawal
5670,15/05/2026,IT1234,23%02))12,EUR,deposit
5671,28/03/2026,IT3456,993.49,EUR,deposit
5672,03/05/2026,IT7890,-917.58,EUR,transfer
5673,11/02/2026,IT7890,-1374.88,EUR,transfer
5674,15/01/2026,IT7890,637.86,EUR,deposit
5675,18/03/2026,IT8901,-744.54,EUR,transfer
5676,12/04/2026,IT5678,726.38,EUR,deposit
5677,12/04/2026,IT5678,-1861.14,EUR,withdrawal
5678,05/01/2026,IT7890,-1672.08,EUR,withdrawal
5679,28/01/2026,IT5678,2755.58,EUR,deposit
5680,17/05/2026,IT4567,2353.83,EUR,deposit
5681,18/02/2026,IT1234,1363.26,EUR,transfer
5682,19/01/2026,IT7890,-239.88,EUR,transfer
5683,28/02/2026,IT7890,-81.07,EUR,withdrawal
5684,23/03/2026,IT1234,2065.42,EUR,deposit
5685,06/05/2026,IT3456,1162.69,EUR,deposit
5686,08/04/2026,IT3456,-1307.91,EUR,transfer
5687,06/01/2026,IT6789,1455.01,EUR,transfer
5688,29/04/2026,IT8901,-1384.92,EUR,transfer
5689,08/05/2026,IT8901,592.52,EUR,transfer
5690,16/02/2026,IT6789,-1113.77,EUR,transfer
5691,02/01/2026,IT3456,-626.23,EUR,withdrawal
5692,20/02/2026,IT5678,-1390.04,EUR,withdrawal
5693,13/04/2026,IT2345,-917.58,EUR,withdrawal
5694,22/02/2026,IT8901,1299.4,EUR,transfer
5695,22/03/2026,IT2345,1392.65,EUR,deposit
5696,26/01/2026,IT5678,4075.89,EUR,deposit
5697,06/03/2026,IT2345,4884.77,EUR,deposit
5698,26/01/2026,IT1234,4422.92,EUR,deposit
5699,,IT6789,23%02))12,EUR,withdrawal
5700,27/03/2026,IT1234,4811.67,EUR,deposit
5701,27/01/2026,IT2345,-1609.65,EUR,withdrawal
5702,19/01/2026,IT2345,23%02))12,EUR,transfer
5703,24/02/2026,IT2345,-687.24,EUR,transfer
5704,31/03/2026,IT4567,3401.22,EUR,deposit
5705,29/03/2026,IT8901,2421.27,EUR,deposit
5706,10/02/2026,IT3456,4690.06,EUR,deposit
5707,13/05/2026,IT8901,-1760.19,EUR,withdrawal
5708,14/03/2026,IT3456,-1938.29,EUR,withdrawal
5709,03/02/2026,IT7890,-1297.8,EUR,withdrawal
5710,01/05/2026,IT8901,1319.2,EUR,transfer
5711,02/02/2026,IT7890,-1233.16,EUR,withdrawal
5712,27/05/2026,IT3456,-1067.16,EUR,transfer
5713,16/02/2026,IT5678,749.25,EUR,deposit
5714,26/01/2026,IT2345,1429.45,EUR,transfer
5715,19/01/2026,IT7890,-580.76,EUR,withdrawal
5716,06/05/2026,IT3456,3336.83,EUR,deposit
5717,05/03/2026,IT4567,1906.36,EUR,deposit
5718,29/04/2026,IT8901,592.38,EUR,transfer
5719,28/04/2026,IT8901,2342.64,EUR,deposit
5720,27/05/2026,IT3456,-483.89,EUR,transfer
5721,02/04/2026,IT7890,-1593.25,EUR,withdrawal
5722,10/05/2026,IT2345,1838.43,EUR,deposit
5723,24/05/2026,IT1234,2468.42,EUR,deposit
5724,01/01/1750,IT1234,-1490.74,EUR,transfer
5725,26/04/2026,IT7890,-536.33,EUR,transfer
5726,24/04/2026,IT4567,-1238.13,EUR,transfer
5727,09/03/2026,IT8901,-880.91,EUR,withdrawal
5728,21/02/2026,IT4567,-147.52,EUR,withdrawal
5729,13/05/2026,IT6789,-1745.23,EUR,withdrawal
5730,18/02/2026,IT4567,4550.49,EUR,deposit
5731,29/04/2026,IT2345,-1447.63,EUR,withdrawal
5732,18/05/2026,IT3456,-1716.83,EUR,withdrawal
5733,01/01/1750,IT8901,3534.74,EUR,deposit
5734,07/05/2026,IT1234,3693.87,EUR,deposit
5735,16/04/2026,IT1234,-1666.33,EUR,withdrawal
5736,15/03/2026,IT2345,-1757.34,EUR,withdrawal
5737,10/05/2026,IT5678,-1428.91,EUR,withdrawal
5738,14/01/2026,IT8901,-796.84,EUR,transfer
5739,11/03/2026,IT1234,1468.24,EUR,deposit
5740,21/05/2026,IT3456,-788.1,EUR,withdrawal
5741,04/05/2026,IT2345,-484.43,EUR,transfer
5742,27/04/2026,IT8901,-732.71,EUR,withdrawal
5743,25/02/2026,IT4567,-358.67,EUR,withdrawal
5744,12/04/2026,IT5678,1499.98,EUR,deposit
5745,26/05/2026,IT2345,-596.5,EUR,withdrawal
5746,31/01/2026,IT5678,1204.62,EUR,transfer
5747,26/01/2026,IT1234,829.11,EUR,deposit
5748,08/03/2026,IT1234,34.53,EUR,transfer
5749,13/01/2026,IT3456,-1128.68,EUR,withdrawal
5750,07/05/2026,IT7890,400.73,EUR,transfer
5751,08/05/2026,IT8901,4688.23,EUR,deposit
5752,12/01/2026,IT6789,167.45,EUR,deposit
5753,22/02/2026,IT4567,-1196.78,EUR,withdrawal
5754,07/05/2026,IT4567,95.08,EUR,deposit
5755,18/03/2026,IT1234,-692.06,EUR,transfer
5756,01/04/2026,IT4567,-1226.22,EUR,transfer
5757,11/02/2026,IT3456,572.59,EUR,transfer
5758,01/03/2026,IT1234,1235.16,EUR,transfer
5759,23/04/2026,IT5678,-386.79,EUR,transfer
5760,06/04/2026,IT3456,3810.48,EUR,deposit
5761,08/01/2026,IT2345,-703.48,EUR,withdrawal
5762,24/04/2026,IT7890,1326.68,EUR,transfer
5763,06/04/2026,IT8901,1765.7,EUR,deposit
5764,24/05/2026,IT7890,1939.74,EUR,deposit
5765,10/03/2026,IT8901,-421.41,EUR,transfer
5766,08/03/2026,IT1234,1304.94,EUR,deposit
5767,29/05/2026,IT1234,-108.35,EUR,withdrawal
5768,05/05/2026,IT7890,95.74,EUR,deposit
5769,14/02/2026,IT5678,-1026.91,EUR,withdrawal
5770,22/04/2026,IT3456,1619.28,EUR,deposit
5771,10/02/2026,IT1234,641.69,EUR,deposit
5772,15/05/2026,IT2345,1871.26,EUR,deposit
5773,12/01/2026,IT4567,-957.11,EUR,withdrawal
5774,26/05/2026,IT6789,175.72,EUR,transfer
5775,02/05/2026,IT8901,-1564.17,EUR,withdrawal
5776,22/02/2026,IT1234,-291.78,EUR,withdrawal
5777,28/03/2026,IT8901,3724.21,EUR,deposit
5778,01/05/2026,IT5678,-1213.17,EUR,transfer
5779,13/04/2026,IT2345,-1231.69,EUR,transfer
5780,16/03/2026,IT4567,1549.71,EUR,deposit
5781,07/02/2026,IT1234,1449.42,EUR,transfer
5782,17/05/2026,IT5678,-1574.11,EUR,withdrawal
5783,26/05/2026,IT7890,971.37,EUR,transfer
5784,10/01/2026,IT2345,-1068.43,EUR,withdrawal
5785,04/05/2026,IT6789,-131.41,EUR,transfer
5786,11/01/2026,IT6789,1442.99,EUR,transfer
5787,21/03/2026,IT3456,-1395.63,EUR,transfer
5788,25/03/2026,IT6789,-766.88,EUR,withdrawal
5789,16/05/2026,IT5678,1155.11,EUR,transfer
5790,29/01/2026,IT5678,1321.8,EUR,transfer
5791,07/03/2026,IT8901,4416.25,EUR,deposit
5792,06/03/2026,IT5678,3327.39,EUR,deposit
5793,03/04/2026,IT7890,-659.77,EUR,transfer
5794,21/01/2026,IT3456,1506.2,EUR,deposit
5795,25/03/2026,IT2345,4404.37,EUR,deposit
5796,17/04/2026,IT4567,2228.1,EUR,deposit
5797,27/03/2026,IT8901,-1209.6,EUR,withdrawal
5798,04/01/2026,IT2345,869.17,EUR,transfer
5799,26/05/2026,IT5678,-1555.68,EUR,withdrawal
5800,30/01/2026,IT6789,-612.05,EUR,transfer
5801,30/01/2026,IT7890,3520.15,EUR,deposit
5802,23/04/2026,IT4567,1084.58,EUR,transfer
5803,16/04/2026,IT3456,1146.26,EUR,deposit
5804,31/01/2026,IT1234,1408.06,EUR,transfer
5805,07/04/2026,IT7890,863.79,EUR,transfer
5806,09/01/2026,IT8901,-259.12,EUR,transfer
5807,31/01/2026,IT8901,27.18,EUR,transfer
5808,08/01/2026,IT3456,-1593.96,EUR,withdrawal
5809,06/01/2026,IT8901,-324.93,EUR,transfer
5810,20/05/2026,IT2345,-460.61,EUR,withdrawal
5811,04/01/2026,IT5678,775.37,EUR,transfer
5812,31/03/2026,IT2345,963.66,EUR,deposit
5813,09/05/2026,IT8901,-220.55,EUR,withdrawal
5814,25/01/2026,IT3456,4136.95,EUR,deposit
5815,22/03/2026,IT6789,4053.78,EUR,deposit
5816,04/03/2026,IT7890,-1206.38,EUR,withdrawal
5817,30/05/2026,IT3456,951.64,EUR,transfer
5818,27/01/2026,IT2345,723.47,EUR,transfer
5819,28/04/2026,IT6789,1287.42,EUR,transfer
5820,27/03/2026,IT5678,3937.31,EUR,deposit
5821,05/03/2026,IT3456,-144.76,EUR,transfer
5822,10/05/2026,IT2345,-1421.46,EUR,withdrawal
5823,15/04/2026,IT6789,-925.12,EUR,withdrawal
5824,13/04/2026,IT8901,2137.34,EUR,deposit
5825,14/05/2026,IT4567,-435.6,EUR,withdrawal
5826,04/03/2026,IT7890,4913.56,EUR,deposit
5827,22/05/2026,IT7890,1265.75,EUR,transfer
5828,29/03/2026,IT3456,871.47,EUR,transfer
5829,18/05/2026,IT2345,439.46,EUR,transfer
5830,25/03/2026,IT5678,1132.83,EUR,transfer
5831,14/02/2026,IT7890,744.24,EUR,transfer
5832,02/01/2026,IT4567,3104.71,EUR,deposit
5833,17/05/2026,IT5678,-556.36,EUR,withdrawal
5834,04/04/2026,IT8901,-180.2,EUR,withdrawal
5835,16/03/2026,IT5678,2445.05,EUR,deposit
5836,02/02/2026,IT8901,-1115.17,EUR,withdrawal
5837,10/02/2026,IT3456,-1750.56,EUR,withdrawal
5838,29/01/2026,IT5678,-1156.01,EUR,withdrawal
5839,10/03/2026,IT7890,1889.22,EUR,deposit
5840,18/01/2026,IT4567,23%02))12,EUR,withdrawal
5841,06/02/2026,IT8901,439.32,EUR,transfer
5842,12/03/2026,IT2345,-1496.93,EUR,transfer
5843,18/01/2026,IT3456,2216.76,EUR,deposit
5844,04/03/2026,IT1234,4898.39,EUR,deposit
5845,07/05/2026,IT7890,-162.95,EUR,withdrawal
5846,23/02/2026,IT4567,-987.33,EUR,transfer
5847,26/03/2026,IT4567,23%02))12,EUR,deposit
5848,27/01/2026,IT4567,3132.14,EUR,deposit
5849,08/05/2026,IT4567,142.72,EUR,transfer
5850,24/05/2026,IT4567,3880.73,EUR,deposit
5851,01/01/1750,IT4567,286.06,EUR,transfer
5852,22/01/2026,IT8901,898.88,EUR,transfer
5853,10/04/2026,IT8901,405.44,EUR,transfer
5854,12/04/2026,IT8901,1932.61,EUR,deposit
5855,27/01/2026,IT4567,-761.04,EUR,withdrawal
5856,05/01/2026,IT1234,-1595.63,EUR,withdrawal
5857,16/04/2026,IT4567,-1924.21,EUR,withdrawal
5858,10/05/2026,IT7890,-1771.92,EUR,withdrawal
5859,11/04/2026,IT6789,1472.67,EUR,transfer
5860,05/04/2026,IT7890,-607.29,EUR,transfer
5861,12/01/2026,IT5678,-73.42,EUR,withdrawal
5862,01/04/2026,IT3456,1795.73,EUR,deposit
5863,26/03/2026,IT3456,23%02))12,EUR,withdrawal
5864,22/04/2026,IT1234,-845.36,EUR,withdrawal
5865,29/03/2026,IT4567,69.46,EUR,deposit
5866,28/04/2026,IT3456,3471.48,EUR,deposit
5867,25/02/2026,IT2345,-662.64,EUR,withdrawal
5868,28/01/2026,IT2345,-909.22,EUR,transfer
5869,21/03/2026,IT1234,-756.37,EUR,transfer
5870,13/02/2026,IT7890,-1182.99,EUR,withdrawal
5871,17/03/2026,IT2345,-833.77,EUR,withdrawal
5872,19/03/2026,IT6789,-1672.29,EUR,withdrawal
5873,14/04/2026,IT6789,-1073.11,EUR,transfer
5874,14/02/2026,IT3456,23%02))12,EUR,deposit
5875,19/03/2026,IT6789,-51.51,EUR,withdrawal
5876,10/04/2026,IT3456,-1226.82,EUR,transfer
5877,18/02/2026,IT6789,-1433.65,EUR,transfer
5878,15/05/2026,IT2345,691.26,EUR,transfer
5879,19/03/2026,IT2345,4801.62,EUR,deposit
5880,27/02/2026,IT3456,-1717.7,EUR,withdrawal
5881,10/03/2026,IT2345,-1659.41,EUR,withdrawal
5882,02/04/2026,IT2345,-36.38,EUR,transfer
5883,,IT1234,520.87,EUR,deposit
5884,12/05/2026,IT8901,-1696.78,EUR,withdrawal
5885,01/05/2026,IT7890,-992.01,EUR,withdrawal
5886,10/01/2026,IT1234,-965.86,EUR,transfer
5887,10/03/2026,IT6789,2862.95,EUR,deposit
5888,19/02/2026,IT7890,3704.84,EUR,deposit
5889,16/02/2026,IT5678,2053.48,EUR,deposit
5890,11/04/2026,IT4567,-838.77,EUR,withdrawal
5891,12/02/2026,IT1234,1165.99,EUR,deposit
5892,23/04/2026,IT5678,-309.99,EUR,withdrawal
5893,28/05/2026,IT8901,-507.84,EUR,withdrawal
5894,11/03/2026,IT4567,-575.02,EUR,withdrawal
5895,23/03/2026,IT2345,-1249.1,EUR,withdrawal
5896,04/05/2026,IT3456,797.05,EUR,transfer
5897,26/04/2026,IT3456,-1408.56,EUR,withdrawal
5898,06/01/2026,IT5678,-272.88,EUR,transfer
5899,12/02/2026,IT3456,-899.96,EUR,withdrawal
5900,08/02/2026,IT6789,1155.74,EUR,transfer
5901,16/03/2026,IT6789,3465.67,EUR,deposit
5902,26/04/2026,IT6789,63.86,EUR,transfer
5903,26/01/2026,IT7890,-1765.53,EUR,withdrawal
5904,04/02/2026,IT4567,483.75,EUR,transfer
5905,24/03/2026,IT3456,-1706.2,EUR,withdrawal
5906,04/04/2026,IT3456,370.51,EUR,transfer
5907,17/05/2026,IT8901,847.18,EUR,transfer
5908,15/04/2026,IT2345,2007.26,EUR,deposit
5909,19/05/2026,IT4567,2323.35,EUR,deposit
5910,18/03/2026,IT3456,-932.79,EUR,withdrawal
5911,05/04/2026,IT5678,-612.37,EUR,withdrawal
5912,27/01/2026,IT5678,4419.56,EUR,deposit
5913,22/03/2026,IT2345,-1220.99,EUR,withdrawal
5914,08/04/2026,IT3456,-1498.72,EUR,transfer
5915,21/01/2026,IT1234,3088.81,EUR,deposit
5916,04/02/2026,IT3456,2836.44,EUR,deposit
5917,04/04/2026,IT3456,4372.57,EUR,deposit
5918,05/05/2026,IT2345,1113.01,EUR,transfer
5919,19/05/2026,IT4567,-1420.28,EUR,withdrawal
5920,02/01/2026,IT3456,-1282.48,EUR,transfer
5921,27/03/2026,IT3456,3848.71,EUR,deposit
5922,10/04/2026,IT5678,2395.47,EUR,deposit
5923,17/03/2026,IT1234,63.22,EUR,transfer
5924,16/04/2026,IT4567,-700.53,EUR,withdrawal
5925,22/01/2026,IT3456,94.77,EUR,deposit
5926,09/02/2026,IT2345,-1491.58,EUR,withdrawal
5927,26/05/2026,IT5678,-653.4,EUR,transfer
5928,16/03/2026,IT2345,498.11,EUR,transfer
5929,13/01/2026,IT7890,3028.49,EUR,deposit
5930,04/01/2026,IT2345,-189.98,EUR,withdrawal
5931,10/03/2026,IT2345,-1647.66,EUR,withdrawal
5932,31/05/2026,IT5678,3442.34,EUR,deposit
5933,19/01/2026,IT7890,-923.23,EUR,transfer
5934,04/04/2026,IT7890,953.7,EUR,deposit
5935,01/05/2026,IT8901,875.25,EUR,transfer
5936,24/02/2026,IT4567,4323.21,EUR,deposit
5937,23/04/2026,IT6789,2808.73,EUR,deposit
5938,18/05/2026,IT4567,245.35,EUR,deposit
5939,03/04/2026,IT7890,-113.52,EUR,transfer
5940,04/02/2026,IT1234,1410.67,EUR,deposit
5941,04/02/2026,IT8901,-1912.71,EUR,withdrawal
5942,09/03/2026,IT5678,-1326.85,EUR,withdrawal
5943,01/02/2026,IT2345,-962.8,EUR,withdrawal
5944,01/01/1750,IT2345,4168.6,EUR,deposit
5945,31/01/2026,IT8901,-1991.06,EUR,withdrawal
5946,01/01/1750,IT5678,-1734.11,EUR,withdrawal
5947,29/04/2026,IT8901,-1555.77,EUR,withdrawal
5948,24/05/2026,IT1234,1028.45,EUR,deposit
5949,13/02/2026,IT5678,-438.82,EUR,withdrawal
5950,11/04/2026,IT6789,1381.88,EUR,transfer
5951,27/02/2026,IT7890,5.95,EUR,transfer
5952,15/01/2026,IT8901,3281.63,EUR,deposit
5953,02/03/2026,IT1234,1072.09,EUR,transfer
5954,24/01/2026,IT2345,-827.68,EUR,transfer
5955,27/04/2026,IT3456,2550.05,EUR,deposit
5956,06/03/2026,IT5678,1241.23,EUR,transfer
5957,08/04/2026,IT2345,3026.86,EUR,deposit
5958,13/04/2026,IT4567,1127.3,EUR,deposit
5959,02/03/2026,IT7890,551.46,EUR,transfer
5960,02/02/2026,IT3456,-1616.73,EUR,withdrawal
5961,15/03/2026,IT7890,-1336.48,EUR,withdrawal
5962,01/05/2026,IT8901,-1165.02,EUR,withdrawal
5963,11/02/2026,IT1234,-152.32,EUR,transfer
5964,07/02/2026,IT4567,214.88,EUR,transfer
5965,30/04/2026,IT3456,1348.5,EUR,transfer
5966,10/02/2026,IT6789,91.82,EUR,deposit
5967,27/05/2026,IT8901,674.9,EUR,transfer
5968,20/05/2026,IT5678,2565.78,EUR,deposit
5969,25/04/2026,IT3456,-600.76,EUR,withdrawal
5970,09/02/2026,IT8901,-1360.41,EUR,withdrawal
5971,27/04/2026,IT6789,1827.91,EUR,deposit
5972,20/05/2026,IT2345,808.19,EUR,transfer
5973,16/03/2026,IT4567,-1359.27,EUR,transfer
5974,10/01/2026,IT8901,-847.57,EUR,withdrawal
5975,18/04/2026,IT7890,-1435.42,EUR,transfer
5976,20/03/2026,IT3456,781.44,EUR,transfer
5977,05/05/2026,IT4567,-1583.95,EUR,withdrawal
5978,15/03/2026,IT6789,250.23,EUR,deposit
5979,05/05/2026,IT4567,-1233.67,EUR,withdrawal
5980,08/04/2026,IT7890,-560.18,EUR,withdrawal
5981,14/02/2026,IT4567,1523.31,EUR,deposit
5982,22/05/2026,IT8901,-542.05,EUR,transfer
5983,16/02/2026,IT4567,-1402.81,EUR,transfer
5984,29/05/2026,IT1234,-1786.21,EUR,withdrawal
5985,02/05/2026,IT1234,-466.38,EUR,withdrawal
5986,25/03/2026,IT6789,-159.68,EUR,transfer
5987,23/05/2026,IT4567,1732.51,EUR,deposit
5988,15/02/2026,IT8901,4009.38,EUR,deposit
5989,25/02/2026,IT1234,-597.58,EUR,withdrawal
5990,26/01/2026,IT6789,-1253.98,EUR,transfer
5991,31/03/2026,IT2345,23%02))12,EUR,withdrawal
5992,19/05/2026,IT2345,1140.32,EUR,transfer
5993,22/04/2026,IT3456,23%02))12,EUR,withdrawal
5994,13/01/2026,IT7890,4276.33,EUR,deposit
5995,30/04/2026,IT2345,-407.32,EUR,withdrawal
5996,24/05/2026,IT6789,-1925.89,EUR,withdrawal
5997,15/03/2026,IT3456,-766.82,EUR,withdrawal
5998,13/03/2026,IT6789,1269.08,EUR,transfer
5999,14/02/2026,IT3456,23%02))12,EUR,transfer
6000,13/04/2026,IT5678,-357.65,EUR,withdrawal
6001,05/04/2026,IT7890,1370.72,EUR,transfer
6002,11/03/2026,IT6789,-104.7,EUR,withdrawal
6003,10/03/2026,IT2345,-1155.14,EUR,withdrawal
6004,05/02/2026,IT1234,1124.41,EUR,transfer
6005,09/01/2026,IT4567,451.28,EUR,deposit
6006,18/03/2026,IT3456,-632.72,EUR,withdrawal
6007,18/01/2026,IT8901,567.06,EUR,transfer
6008,21/04/2026,IT8901,581.34,EUR,deposit
6009,03/05/2026,IT5678,-1413.56,EUR,transfer
6010,26/03/2026,IT4567,-1988.02,EUR,withdrawal
6011,17/01/2026,IT8901,1820.31,EUR,deposit
6012,,IT8901,-220.88,EUR,withdrawal
6013,06/03/2026,IT3456,-1854.14,EUR,withdrawal
6014,15/04/2026,IT7890,-1370.64,EUR,withdrawal
6015,10/02/2026,IT7890,2857.19,EUR,deposit
6016,25/01/2026,IT7890,3045.59,EUR,deposit
6017,05/03/2026,IT2345,-65.01,EUR,withdrawal
6018,26/04/2026,IT7890,-377.79,EUR,withdrawal
6019,17/01/2026,IT2345,3201.94,EUR,deposit
6020,06/05/2026,IT5678,-1392.59,EUR,withdrawal
6021,09/04/2026,IT3456,-322.24,EUR,withdrawal
6022,24/02/2026,IT7890,-383.11,EUR,withdrawal
6023,01/02/2026,IT2345,1087.46,EUR,transfer
6024,20/03/2026,IT4567,-295.17,EUR,withdrawal
6025,31/01/2026,IT5678,758.64,EUR,deposit
6026,16/02/2026,IT1234,4852.22,EUR,deposit
6027,09/05/2026,IT7890,-1812.34,EUR,withdrawal
6028,07/02/2026,IT7890,-1151.02,EUR,transfer
6029,29/04/2026,IT7890,-698.6,EUR,withdrawal
6030,18/01/2026,IT3456,387.76,EUR,transfer
6031,22/01/2026,IT6789,2003.13,EUR,deposit
6032,01/01/1750,IT5678,-491.28,EUR,transfer
6033,11/01/2026,IT2345,23%02))12,EUR,deposit
6034,17/05/2026,IT1234,1061.06,EUR,transfer
6035,29/03/2026,IT4567,616.81,EUR,transfer
6036,08/04/2026,IT3456,1064.15,EUR,transfer
6037,24/01/2026,IT1234,-1129.75,EUR,transfer
6038,09/04/2026,IT2345,-1111.11,EUR,transfer
6039,24/05/2026,IT6789,1953.9,EUR,deposit
6040,19/02/2026,IT6789,-1264.69,EUR,withdrawal
6041,28/04/2026,IT5678,4570.31,EUR,deposit
6042,18/05/2026,IT3456,1218.9,EUR,transfer
6043,18/02/2026,IT1234,-988.89,EUR,transfer
6044,24/03/2026,IT7890,4852.94,EUR,deposit
6045,05/03/2026,IT1234,28.71,EUR,transfer
6046,26/05/2026,IT4567,893.85,EUR,transfer
6047,01/01/1750,IT8901,1273.14,EUR,deposit
6048,21/01/2026,IT1234,-346.92,EUR,withdrawal
6049,22/03/2026,IT2345,-1396.2,EUR,transfer
6050,10/01/2026,IT3456,1641.37,EUR,deposit
6051,18/02/2026,IT6789,-202.66,EUR,withdrawal
6052,14/03/2026,IT3456,2859.27,EUR,deposit
6053,18/04/2026,IT1234,1952.23,EUR,deposit
6054,20/01/2026,IT4567,2.73,EUR,transfer
6055,27/04/2026,IT1234,-946.2,EUR,transfer
6056,01/01/2026,IT3456,296.21,EUR,transfer
6057,05/01/2026,IT5678,-712.34,EUR,withdrawal
6058,18/04/2026,IT4567,23%02))12,EUR,transfer
6059,15/02/2026,IT7890,4000.59,EUR,deposit
6060,09/01/2026,IT8901,403.27,EUR,transfer
6061,29/03/2026,IT4567,3264.65,EUR,deposit
6062,24/04/2026,IT7890,4698.0,EUR,deposit
6063,08/02/2026,IT8901,1214.85,EUR,deposit
6064,22/02/2026,IT5678,-1155.3,EUR,transfer
6065,24/02/2026,IT2345,-1481.53,EUR,withdrawal
6066,15/04/2026,IT4567,-1176.98,EUR,transfer
6067,10/03/2026,IT4567,1838.46,EUR,deposit
6068,21/01/2026,IT6789,2164.05,EUR,deposit
6069,13/01/2026,IT7890,1088.4,EUR,deposit
6070,06/04/2026,IT8901,-480.4,EUR,withdrawal
6071,06/01/2026,IT1234,961.61,EUR,deposit
6072,28/03/2026,IT7890,4737.8,EUR,deposit
6073,14/04/2026,IT5678,779.84,EUR,deposit
6074,14/01/2026,IT2345,2326.28,EUR,deposit
6075,26/01/2026,IT3456,-1830.48,EUR,withdrawal
6076,01/02/2026,IT3456,1290.4,EUR,deposit
6077,16/02/2026,IT2345,-1791.98,EUR,withdrawal
6078,24/04/2026,IT3456,-1028.63,EUR,transfer
6079,19/05/2026,IT7890,1473.38,EUR,deposit
6080,28/03/2026,IT1234,1673.8,EUR,deposit
6081,09/02/2026,IT4567,-144.34,EUR,withdrawal
6082,27/02/2026,IT4567,-1867.21,EUR,withdrawal
6083,20/05/2026,IT5678,784.19,EUR,deposit
6084,30/01/2026,IT2345,1246.75,EUR,transfer
6085,22/03/2026,IT3456,1293.6,EUR,deposit
6086,05/01/2026,IT1234,1637.11,EUR,deposit
6087,29/04/2026,IT7890,119.17,EUR,deposit
6088,07/01/2026,IT8901,1380.19,EUR,deposit
6089,04/04/2026,IT2345,491.93,EUR,deposit
6090,03/01/2026,IT3456,136.91,EUR,deposit
6091,26/03/2026,IT5678,-1826.06,EUR,withdrawal
6092,21/01/2026,IT3456,-1576.29,EUR,withdrawal
6093,22/02/2026,IT7890,1317.61,EUR,deposit
6094,01/05/2026,IT2345,-998.76,EUR,withdrawal
6095,06/03/2026,IT7890,1289.81,EUR,deposit
6096,13/01/2026,IT6789,-252.02,EUR,withdrawal
6097,15/01/2026,IT6789,-1387.48,EUR,transfer
6098,09/03/2026,IT8901,-1215.46,EUR,withdrawal
6099,16/01/2026,IT3456,3764.83,EUR,deposit
6100,15/04/2026,IT5678,1118.3,EUR,transfer
6101,12/01/2026,IT1234,-473.14,EUR,withdrawal
6102,01/04/2026,IT2345,656.62,EUR,transfer
6103,,IT5678,1249.88,EUR,transfer
6104,24/04/2026,IT2345,4219.19,EUR,deposit
6105,21/03/2026,IT1234,-1705.07,EUR,withdrawal
6106,22/02/2026,IT8901,4797.52,EUR,deposit
6107,27/01/2026,IT7890,-1304.49,EUR,withdrawal
6108,12/05/2026,IT4567,162.59,EUR,deposit
6109,08/02/2026,IT8901,-546.11,EUR,withdrawal
6110,11/01/2026,IT7890,-467.0,EUR,withdrawal
6111,13/05/2026,IT3456,-1845.92,EUR,withdrawal
6112,23/05/2026,IT7890,-1459.18,EUR,withdrawal
6113,11/05/2026,IT3456,1423.43,EUR,transfer
6114,02/01/2026,IT8901,1046.34,EUR,transfer
6115,07/02/2026,IT2345,-729.63,EUR,withdrawal
6116,10/01/2026,IT5678,23%02))12,EUR,withdrawal
6117,28/01/2026,IT8901,-959.18,EUR,transfer
6118,08/05/2026,IT8901,-366.02,EUR,withdrawal
6119,06/01/2026,IT1234,2622.81,EUR,deposit
6120,22/03/2026,IT2345,-552.79,EUR,withdrawal
6121,14/02/2026,IT2345,1903.41,EUR,deposit
6122,01/03/2026,IT1234,-1510.79,EUR,withdrawal
6123,09/02/2026,IT7890,1164.94,EUR,transfer
6124,15/03/2026,IT2345,4547.43,EUR,deposit
6125,17/03/2026,IT1234,3108.37,EUR,deposit
6126,12/05/2026,IT4567,-295.3,EUR,withdrawal
6127,02/05/2026,IT4567,3875.91,EUR,deposit
6128,05/03/2026,IT3456,2945.35,EUR,deposit
6129,04/01/2026,IT3456,2446.66,EUR,deposit
6130,19/05/2026,IT2345,-1252.69,EUR,withdrawal
6131,11/02/2026,IT1234,-665.13,EUR,withdrawal
6132,06/03/2026,IT5678,2998.77,EUR,deposit
6133,01/04/2026,IT4567,361.23,EUR,deposit
6134,01/03/2026,IT5678,1664.85,EUR,deposit
6135,15/04/2026,IT1234,4446.79,EUR,deposit
6136,03/02/2026,IT6789,-362.25,EUR,transfer
6137,20/04/2026,IT1234,-282.95,EUR,transfer
6138,20/05/2026,IT8901,-511.21,EUR,transfer
6139,26/05/2026,IT8901,-1227.27,EUR,withdrawal
6140,04/02/2026,IT7890,97.94,EUR,transfer
6141,13/02/2026,IT5678,-830.58,EUR,withdrawal
6142,05/04/2026,IT3456,4058.3,EUR,deposit
6143,22/03/2026,IT1234,1553.91,EUR,deposit
6144,27/03/2026,IT5678,-1497.6,EUR,withdrawal
6145,18/03/2026,IT1234,1043.34,EUR,transfer
6146,03/05/2026,IT1234,-1382.18,EUR,withdrawal
6147,07/01/2026,IT2345,2289.6,EUR,deposit
6148,10/02/2026,IT5678,1323.2,EUR,transfer
6149,26/02/2026,IT2345,-834.37,EUR,transfer
6150,28/04/2026,IT3456,195.58,EUR,transfer
6151,02/05/2026,IT8901,1102.33,EUR,deposit
6152,02/02/2026,IT4567,4653.16,EUR,deposit
6153,21/04/2026,IT3456,1078.42,EUR,transfer
6154,03/05/2026,IT1234,1015.29,EUR,transfer
6155,24/03/2026,IT8901,-681.97,EUR,transfer
6156,10/05/2026,IT3456,3538.03,EUR,deposit
6157,03/01/2026,IT5678,-1018.84,EUR,transfer
6158,28/02/2026,IT8901,1028.77,EUR,transfer
6159,05/01/2026,IT5678,2298.28,EUR,deposit
6160,26/01/2026,IT6789,-1985.22,EUR,withdrawal
6161,15/02/2026,IT2345,-70.87,EUR,transfer
6162,23/03/2026,IT7890,3025.54,EUR,deposit
6163,18/02/2026,IT1234,1173.53,EUR,transfer
6164,04/05/2026,IT1234,-260.7,EUR,transfer
6165,28/05/2026,IT6789,166.25,EUR,transfer
6166,06/04/2026,IT2345,1457.99,EUR,transfer
6167,05/02/2026,IT6789,1370.28,EUR,deposit
6168,02/05/2026,IT1234,-1704.61,EUR,withdrawal
6169,02/01/2026,IT6789,-1974.23,EUR,withdrawal
6170,11/03/2026,IT3456,-743.6,EUR,withdrawal
6171,16/01/2026,IT6789,-210.14,EUR,withdrawal
6172,21/04/2026,IT2345,3896.52,EUR,deposit
6173,05/01/2026,IT4567,718.81,EUR,transfer
6174,03/03/2026,IT3456,657.94,EUR,transfer
6175,23/04/2026,IT3456,1261.7,EUR,transfer
6176,23/03/2026,IT5678,936.69,EUR,transfer
6177,03/01/2026,IT7890,-1479.49,EUR,withdrawal
6178,12/01/2026,IT5678,-228.53,EUR,transfer
6179,21/04/2026,IT5678,-133.08,EUR,withdrawal
6180,22/02/2026,IT7890,-273.83,EUR,transfer
6181,17/01/2026,IT5678,611.95,EUR,transfer
6182,04/03/2026,IT4567,-552.93,EUR,withdrawal
6183,30/03/2026,IT3456,4193.63,EUR,deposit
6184,18/03/2026,IT4567,-796.13,EUR,withdrawal
6185,06/02/2026,IT3456,-1025.76,EUR,withdrawal
6186,10/04/2026,IT1234,-1596.76,EUR,withdrawal
6187,02/04/2026,IT7890,-1379.09,EUR,withdrawal
6188,27/04/2026,IT2345,-669.22,EUR,transfer
6189,24/04/2026,IT1234,1169.03,EUR,transfer
6190,11/05/2026,IT2345,1534.54,EUR,deposit
6191,17/01/2026,IT3456,1156.04,EUR,transfer
6192,06/01/2026,IT8901,3185.82,EUR,deposit
6193,04/03/2026,IT8901,3930.83,EUR,deposit
6194,24/01/2026,IT7890,436.25,EUR,deposit
6195,10/04/2026,IT7890,2579.24,EUR,deposit
6196,05/01/2026,IT1234,-1206.32,EUR,withdrawal
6197,09/01/2026,IT6789,-1259.82,EUR,transfer
6198,16/02/2026,IT8901,-805.73,EUR,withdrawal
6199,27/05/2026,IT1234,-620.04,EUR,transfer
6200,17/04/2026,IT7890,110.34,EUR,deposit
6201,13/03/2026,IT2345,4404.61,EUR,deposit
6202,17/03/2026,IT3456,-997.13,EUR,transfer
6203,30/05/2026,IT2345,1436.54,EUR,transfer
6204,13/04/2026,IT3456,2465.36,EUR,deposit
6205,27/02/2026,IT8901,-552.82,EUR,withdrawal
6206,31/03/2026,IT5678,10.41,EUR,transfer
6207,31/03/2026,IT1234,-635.04,EUR,withdrawal
6208,01/05/2026,IT2345,638.39,EUR,transfer
6209,03/03/2026,IT3456,1393.22,EUR,transfer
6210,14/01/2026,IT1234,4046.31,EUR,deposit
6211,02/01/2026,IT3456,-1273.57,EUR,withdrawal
6212,04/01/2026,IT3456,-674.21,EUR,withdrawal
6213,07/04/2026,IT1234,3185.07,EUR,deposit
6214,19/05/2026,IT5678,1077.21,EUR,transfer
6215,17/03/2026,IT1234,23%02))12,EUR,deposit
6216,01/05/2026,IT5678,4652.26,EUR,deposit
6217,09/04/2026,IT5678,-1253.74,EUR,transfer
6218,08/02/2026,IT1234,-543.9,EUR,withdrawal
6219,23/05/2026,IT5678,719.71,EUR,transfer
6220,13/02/2026,IT6789,-460.1,EUR,withdrawal
6221,03/02/2026,IT7890,1068.94,EUR,deposit
6222,05/05/2026,IT2345,-1198.54,EUR,withdrawal
6223,30/03/2026,IT8901,1656.47,EUR,deposit
6224,13/05/2026,IT4567,2531.23,EUR,deposit
6225,28/04/2026,IT1234,-565.92,EUR,transfer
6226,14/01/2026,IT3456,1237.31,EUR,transfer
6227,02/01/2026,IT4567,782.28,EUR,deposit
6228,27/03/2026,IT8901,802.1,EUR,deposit
6229,26/03/2026,IT2345,-532.93,EUR,withdrawal
6230,04/03/2026,IT8901,-46.38,EUR,withdrawal
6231,06/02/2026,IT2345,-1220.15,EUR,transfer
6232,26/04/2026,IT1234,405.26,EUR,transfer
6233,17/04/2026,IT6789,-486.08,EUR,withdrawal
6234,14/04/2026,IT6789,410.75,EUR,transfer
6235,13/01/2026,IT5678,982.77,EUR,deposit
6236,08/04/2026,IT1234,188.85,EUR,transfer
6237,08/02/2026,IT2345,2570.59,EUR,deposit
6238,01/01/1750,IT1234,-872.56,EUR,transfer
6239,08/02/2026,IT2345,-251.24,EUR,withdrawal
6240,24/02/2026,IT1234,3764.47,EUR,deposit
6241,07/02/2026,IT8901,2683.37,EUR,deposit
6242,17/04/2026,IT7890,948.02,EUR,transfer
6243,09/04/2026,IT3456,23%02))12,EUR,deposit
6244,25/02/2026,IT8901,-213.65,EUR,transfer
6245,08/04/2026,IT6789,-1618.38,EUR,withdrawal
6246,31/01/2026,IT5678,828.83,EUR,transfer
6247,14/05/2026,IT5678,-964.25,EUR,transfer
6248,06/01/2026,IT2345,1535.6,EUR,deposit
6249,15/03/2026,IT3456,-1064.24,EUR,transfer
6250,18/04/2026,IT5678,47.93,EUR,transfer
6251,15/05/2026,IT4567,-1635.83,EUR,withdrawal
6252,05/05/2026,IT3456,3519.11,EUR,deposit
6253,20/04/2026,IT4567,562.12,EUR,deposit
6254,16/03/2026,IT5678,2564.88,EUR,deposit
6255,11/05/2026,IT3456,-1018.31,EUR,withdrawal
6256,22/01/2026,IT7890,-389.0,EUR,transfer
6257,18/04/2026,IT8901,-730.61,EUR,withdrawal
6258,16/01/2026,IT7890,-548.94,EUR,withdrawal
6259,05/03/2026,IT1234,1879.99,EUR,deposit
6260,08/03/2026,IT4567,2854.05,EUR,deposit
6261,07/01/2026,IT6789,2033.73,EUR,deposit
6262,25/03/2026,IT5678,23%02))12,EUR,withdrawal
6263,01/04/2026,IT1234,500.26,EUR,transfer
6264,16/02/2026,IT2345,-527.44,EUR,withdrawal
6265,26/02/2026,IT5678,-1975.27,EUR,withdrawal
6266,16/01/2026,IT4567,-1866.89,EUR,withdrawal
6267,16/01/2026,IT2345,2570.87,EUR,deposit
6268,26/05/2026,IT7890,1600.61,EUR,deposit
6269,30/03/2026,IT1234,321.73,EUR,deposit
6270,13/04/2026,IT4567,2937.72,EUR,deposit
6271,22/02/2026,IT4567,931.39,EUR,transfer
6272,29/05/2026,IT5678,-1788.68,EUR,withdrawal
6273,19/03/2026,IT7890,4305.63,EUR,deposit
6274,27/02/2026,IT1234,1437.71,EUR,deposit
6275,19/02/2026,IT5678,3411.56,EUR,deposit
6276,26/05/2026,IT1234,-909.61,EUR,withdrawal
6277,13/05/2026,IT2345,-1406.37,EUR,withdrawal
6278,20/05/2026,IT4567,190.18,EUR,transfer
6279,02/05/2026,IT4567,-57.1,EUR,withdrawal
6280,17/02/2026,IT5678,1390.56,EUR,transfer
6281,02/03/2026,IT6789,2707.9,EUR,deposit
6282,18/02/2026,IT2345,1281.79,EUR,transfer
6283,24/01/2026,IT3456,46.47,EUR,transfer
6284,07/05/2026,IT6789,1931.45,EUR,deposit
6285,22/05/2026,IT6789,3731.76,EUR,deposit
6286,14/01/2026,IT8901,4702.68,EUR,deposit
6287,27/01/2026,IT3456,-1280.04,EUR,withdrawal
6288,22/03/2026,IT1234,-20.1,EUR,transfer
6289,21/01/2026,IT2345,1641.03,EUR,deposit
6290,16/03/2026,IT5678,-373.22,EUR,transfer
6291,22/01/2026,IT6789,2271.83,EUR,deposit
6292,21/05/2026,IT4567,1061.56,EUR,deposit
6293,10/03/2026,IT3456,-1241.11,EUR,transfer
6294,02/02/2026,IT8901,4037.49,EUR,deposit
6295,05/04/2026,IT2345,2215.59,EUR,deposit
6296,11/03/2026,IT7890,4901.94,EUR,deposit
6297,18/04/2026,IT2345,-986.65,EUR,withdrawal
6298,27/03/2026,IT1234,-603.26,EUR,withdrawal
6299,27/01/2026,IT1234,3622.38,EUR,deposit
6300,05/02/2026,IT4567,-756.69,EUR,transfer
6301,18/03/2026,IT6789,1244.69,EUR,deposit
6302,03/05/2026,IT3456,2435.01,EUR,deposit
6303,07/02/2026,IT7890,-220.36,EUR,withdrawal
6304,25/03/2026,IT8901,513.76,EUR,transfer
6305,13/03/2026,IT5678,4922.5,EUR,deposit
6306,31/03/2026,IT7890,-225.97,EUR,withdrawal
6307,11/05/2026,IT4567,-628.11,EUR,withdrawal
6308,08/03/2026,IT2345,490.88,EUR,deposit
6309,26/04/2026,IT6789,-1449.04,EUR,withdrawal
6310,10/04/2026,IT2345,3987.23,EUR,deposit
6311,20/03/2026,IT4567,-1790.37,EUR,withdrawal
6312,22/04/2026,IT4567,-1815.4,EUR,withdrawal
6313,03/04/2026,IT2345,4500.5,EUR,deposit
6314,19/01/2026,IT3456,3440.46,EUR,deposit
6315,18/05/2026,IT4567,1103.28,EUR,transfer
6316,21/02/2026,IT3456,-1593.26,EUR,withdrawal
6317,01/01/2026,IT1234,4535.19,EUR,deposit
6318,15/03/2026,IT8901,2086.52,EUR,deposit
6319,28/04/2026,IT2345,1353.49,EUR,transfer
6320,11/01/2026,IT1234,675.68,EUR,deposit
6321,19/01/2026,IT5678,235.88,EUR,deposit
6322,08/03/2026,IT3456,-1061.48,EUR,transfer
6323,28/01/2026,IT7890,-1313.89,EUR,withdrawal
6324,05/02/2026,IT2345,-58.97,EUR,transfer
6325,04/03/2026,IT1234,-1955.77,EUR,withdrawal
6326,29/03/2026,IT8901,1209.55,EUR,transfer
6327,17/02/2026,IT3456,-1796.73,EUR,withdrawal
6328,09/04/2026,IT8901,-934.85,EUR,transfer
6329,03/01/2026,IT4567,-1348.96,EUR,transfer
6330,15/03/2026,IT1234,-1452.41,EUR,withdrawal
6331,22/04/2026,IT5678,-1785.4,EUR,withdrawal
6332,11/03/2026,IT6789,-1710.4,EUR,withdrawal
6333,28/03/2026,IT8901,1869.45,EUR,deposit
6334,27/01/2026,IT4567,-427.2,EUR,withdrawal
6335,14/05/2026,IT5678,4712.8,EUR,deposit
6336,25/01/2026,IT1234,-1374.78,EUR,withdrawal
6337,21/02/2026,IT6789,2114.07,EUR,deposit
6338,03/01/2026,IT6789,-1162.47,EUR,withdrawal
6339,22/05/2026,IT3456,-942.94,EUR,withdrawal
6340,29/05/2026,IT7890,478.37,EUR,deposit
6341,23/01/2026,IT2345,2178.63,EUR,deposit
6342,01/04/2026,IT6789,2261.83,EUR,deposit
6343,25/02/2026,IT3456,971.76,EUR,transfer
6344,03/03/2026,IT7890,637.49,EUR,transfer
6345,06/02/2026,IT6789,-635.4,EUR,withdrawal
6346,13/01/2026,IT1234,4375.63,EUR,deposit
6347,25/03/2026,IT6789,-13.61,EUR,transfer
6348,24/03/2026,IT4567,-166.29,EUR,withdrawal
6349,03/05/2026,IT8901,2167.36,EUR,deposit
6350,12/05/2026,IT6789,1740.78,EUR,deposit
6351,17/01/2026,IT8901,2099.32,EUR,deposit
6352,02/02/2026,IT8901,807.11,EUR,transfer
6353,19/02/2026,IT3456,-1089.02,EUR,transfer
6354,28/04/2026,IT5678,-817.34,EUR,transfer
6355,03/04/2026,IT4567,-789.58,EUR,transfer
6356,,IT1234,91.69,EUR,deposit
6357,23/02/2026,IT6789,-1266.91,EUR,transfer
6358,09/05/2026,IT1234,23%02))12,EUR,withdrawal
6359,27/03/2026,IT5678,-1853.56,EUR,withdrawal
6360,15/02/2026,IT6789,-1146.19,EUR,withdrawal
6361,20/03/2026,IT5678,3402.09,EUR,deposit
6362,06/05/2026,IT3456,2167.45,EUR,deposit
6363,17/04/2026,IT8901,4765.4,EUR,deposit
6364,22/04/2026,IT7890,-1154.98,EUR,withdrawal
6365,02/04/2026,IT5678,-1073.14,EUR,withdrawal
6366,12/03/2026,IT8901,883.53,EUR,transfer
6367,17/02/2026,IT4567,-1324.04,EUR,withdrawal
6368,07/02/2026,IT8901,-1037.29,EUR,withdrawal
6369,21/04/2026,IT8901,3195.16,EUR,deposit
6370,02/05/2026,IT2345,1370.1,EUR,deposit
6371,25/04/2026,IT7890,-261.56,EUR,transfer
6372,30/04/2026,IT7890,3263.49,EUR,deposit
6373,12/05/2026,IT7890,373.98,EUR,transfer
6374,22/03/2026,IT6789,-1954.8,EUR,withdrawal
6375,04/05/2026,IT5678,984.73,EUR,transfer
6376,,IT6789,4666.58,EUR,deposit
6377,14/04/2026,IT4567,2145.38,EUR,deposit
6378,03/05/2026,IT3456,-957.22,EUR,withdrawal
6379,26/01/2026,IT3456,-1232.42,EUR,transfer
6380,01/02/2026,IT8901,1230.65,EUR,deposit
6381,12/04/2026,IT7890,670.76,EUR,transfer
6382,09/04/2026,IT4567,1126.4,EUR,transfer
6383,02/02/2026,IT3456,-760.5,EUR,withdrawal
6384,20/05/2026,IT5678,556.78,EUR,transfer
6385,11/02/2026,IT2345,715.14,EUR,deposit
6386,02/03/2026,IT5678,-1700.57,EUR,withdrawal
6387,17/02/2026,IT6789,775.7,EUR,transfer
6388,12/02/2026,IT1234,-1117.69,EUR,withdrawal
6389,26/04/2026,IT4567,3486.31,EUR,deposit
6390,20/03/2026,IT6789,1489.64,EUR,transfer
6391,13/05/2026,IT4567,1103.34,EUR,transfer
6392,27/01/2026,IT5678,-272.18,EUR,transfer
6393,21/01/2026,IT5678,3496.51,EUR,deposit
6394,07/01/2026,IT6789,606.91,EUR,deposit
6395,04/04/2026,IT7890,3058.32,EUR,deposit
6396,05/03/2026,IT1234,3950.56,EUR,deposit
6397,05/05/2026,IT4567,2893.6,EUR,deposit
6398,30/05/2026,IT3456,311.1,EUR,transfer
6399,09/05/2026,IT7890,1327.94,EUR,transfer
6400,26/02/2026,IT7890,-526.95,EUR,withdrawal
6401,21/04/2026,IT5678,769.71,EUR,transfer
6402,24/04/2026,IT3456,-940.7,EUR,withdrawal
6403,22/04/2026,IT5678,4572.77,EUR,deposit
6404,06/02/2026,IT6789,-1567.65,EUR,withdrawal
6405,03/02/2026,IT7890,-1303.94,EUR,withdrawal
6406,05/02/2026,IT7890,-1477.02,EUR,withdrawal
6407,26/04/2026,IT3456,-903.61,EUR,transfer
6408,05/03/2026,IT3456,-492.74,EUR,transfer
6409,21/05/2026,IT4567,-829.9,EUR,withdrawal
6410,30/04/2026,IT7890,23%02))12,EUR,transfer
6411,25/01/2026,IT1234,449.34,EUR,transfer
6412,15/05/2026,IT8901,-132.06,EUR,withdrawal
6413,11/03/2026,IT3456,868.11,EUR,transfer
6414,07/05/2026,IT8901,3316.44,EUR,deposit
6415,07/02/2026,IT4567,3816.76,EUR,deposit
6416,06/04/2026,IT6789,2904.97,EUR,deposit
6417,19/02/2026,IT3456,-1031.81,EUR,withdrawal
6418,03/03/2026,IT8901,-1738.29,EUR,withdrawal
6419,05/05/2026,IT5678,246.67,EUR,transfer
6420,13/01/2026,IT1234,-156.08,EUR,withdrawal
6421,02/01/2026,IT5678,920.24,EUR,transfer
6422,29/03/2026,IT8901,588.39,EUR,transfer
6423,26/03/2026,IT1234,-1039.05,EUR,withdrawal
6424,22/05/2026,IT8901,-428.94,EUR,withdrawal
6425,24/01/2026,IT6789,439.6,EUR,transfer
6426,06/02/2026,IT8901,1076.25,EUR,transfer
6427,01/01/2026,IT3456,1220.4,EUR,transfer
6428,26/05/2026,IT7890,612.41,EUR,deposit
6429,09/05/2026,IT5678,-1429.92,EUR,transfer
6430,22/05/2026,IT1234,686.14,EUR,deposit
6431,22/01/2026,IT4567,-1518.5,EUR,withdrawal
6432,11/02/2026,IT2345,-803.41,EUR,transfer
6433,15/01/2026,IT5678,1097.39,EUR,deposit
6434,23/02/2026,IT3456,2152.92,EUR,deposit
6435,27/04/2026,IT4567,-1386.99,EUR,withdrawal
6436,30/05/2026,IT5678,-1365.52,EUR,withdrawal
6437,05/02/2026,IT5678,930.61,EUR,transfer
6438,09/04/2026,IT5678,4911.68,EUR,deposit
6439,24/04/2026,IT4567,3982.67,EUR,deposit
6440,06/04/2026,IT5678,-919.47,EUR,transfer
6441,23/05/2026,IT3456,-723.58,EUR,withdrawal
6442,18/05/2026,IT5678,-842.06,EUR,transfer
6443,28/04/2026,IT7890,-1254.05,EUR,withdrawal
6444,01/01/1750,IT1234,-1499.9,EUR,withdrawal
6445,21/02/2026,IT8901,-989.58,EUR,withdrawal
6446,09/04/2026,IT4567,-1734.3,EUR,withdrawal
6447,26/01/2026,IT8901,802.52,EUR,deposit
6448,24/04/2026,IT8901,1903.44,EUR,deposit
6449,02/01/2026,IT7890,4917.5,EUR,deposit
6450,08/02/2026,IT5678,2233.81,EUR,deposit
6451,19/05/2026,IT4567,3800.37,EUR,deposit
6452,15/01/2026,IT4567,-1552.04,EUR,withdrawal
6453,16/05/2026,IT6789,-405.04,EUR,withdrawal
6454,16/05/2026,IT1234,-513.19,EUR,withdrawal
6455,07/01/2026,IT6789,-1854.32,EUR,withdrawal
6456,01/04/2026,IT3456,1413.71,EUR,deposit
6457,06/01/2026,IT6789,-1823.98,EUR,withdrawal
6458,20/05/2026,IT5678,96.1,EUR,transfer
6459,20/03/2026,IT3456,-356.35,EUR,withdrawal
6460,31/05/2026,IT1234,-373.86,EUR,withdrawal
6461,21/04/2026,IT1234,910.14,EUR,transfer
6462,02/03/2026,IT4567,2084.72,EUR,deposit
6463,08/02/2026,IT7890,4618.27,EUR,deposit
6464,13/04/2026,IT3456,-1249.73,EUR,transfer
6465,02/01/2026,IT1234,-380.32,EUR,transfer
6466,11/05/2026,IT1234,-136.16,EUR,transfer
6467,16/03/2026,IT3456,-1442.95,EUR,transfer
6468,15/02/2026,IT6789,3003.52,EUR,deposit
6469,01/02/2026,IT5678,4458.79,EUR,deposit
6470,18/03/2026,IT3456,-585.06,EUR,withdrawal
6471,10/01/2026,IT6789,3727.91,EUR,deposit
6472,24/01/2026,IT2345,901.93,EUR,transfer
6473,08/05/2026,IT6789,-424.26,EUR,withdrawal
6474,23/01/2026,IT7890,4474.87,EUR,deposit
6475,09/02/2026,IT6789,1502.47,EUR,deposit
6476,20/04/2026,IT3456,-1032.15,EUR,withdrawal
6477,26/03/2026,IT1234,1132.12,EUR,deposit
6478,14/04/2026,IT6789,-159.09,EUR,transfer
6479,09/03/2026,IT3456,-176.68,EUR,transfer
6480,15/04/2026,IT3456,-1153.59,EUR,withdrawal
6481,03/05/2026,IT5678,1307.81,EUR,deposit
6482,,IT6789,4315.89,EUR,deposit
6483,27/04/2026,IT7890,1492.67,EUR,deposit
6484,09/03/2026,IT5678,-1011.73,EUR,transfer
6485,11/02/2026,IT7890,3144.2,EUR,deposit
6486,15/05/2026,IT5678,1361.01,EUR,transfer
6487,18/03/2026,IT7890,-684.56,EUR,transfer
6488,27/01/2026,IT1234,944.15,EUR,transfer
6489,10/05/2026,IT8901,4939.1,EUR,deposit
6490,29/04/2026,IT4567,-1558.0,EUR,withdrawal
6491,09/01/2026,IT1234,281.64,EUR,deposit
6492,29/04/2026,IT3456,-631.84,EUR,transfer
6493,29/04/2026,IT8901,-538.2,EUR,transfer
6494,22/04/2026,IT6789,-841.5,EUR,withdrawal
6495,06/01/2026,IT5678,-1183.75,EUR,withdrawal
6496,07/04/2026,IT4567,-1064.55,EUR,transfer
6497,05/03/2026,IT7890,-213.54,EUR,withdrawal
6498,24/05/2026,IT5678,1058.97,EUR,deposit
6499,21/05/2026,IT1234,3797.12,EUR,deposit
6500,26/04/2026,IT4567,3082.58,EUR,deposit
6501,05/01/2026,IT5678,4479.59,EUR,deposit
6502,26/03/2026,IT1234,473.46,EUR,transfer
6503,21/01/2026,IT5678,-1110.02,EUR,withdrawal
6504,01/02/2026,IT7890,-1859.23,EUR,withdrawal
6505,10/02/2026,IT1234,4255.65,EUR,deposit
6506,14/05/2026,IT8901,-1759.91,EUR,withdrawal
6507,06/05/2026,IT6789,23%02))12,EUR,withdrawal
6508,01/01/2026,IT4567,-1131.54,EUR,withdrawal
6509,03/04/2026,IT5678,472.14,EUR,deposit
6510,24/02/2026,IT1234,2007.55,EUR,deposit
6511,23/04/2026,IT2345,3891.76,EUR,deposit
6512,05/03/2026,IT5678,-1458.8,EUR,transfer
6513,31/03/2026,IT5678,-843.53,EUR,withdrawal
6514,19/02/2026,IT1234,-746.07,EUR,transfer
6515,11/05/2026,IT8901,-780.54,EUR,withdrawal
6516,30/04/2026,IT7890,-847.85,EUR,transfer
6517,18/05/2026,IT6789,3068.93,EUR,deposit
6518,14/02/2026,IT6789,-579.62,EUR,withdrawal
6519,01/05/2026,IT8901,1262.59,EUR,deposit
6520,15/05/2026,IT2345,4681.8,EUR,deposit
6521,14/05/2026,IT6789,910.1,EUR,deposit
6522,17/03/2026,IT2345,377.55,EUR,transfer
6523,11/01/2026,IT2345,658.43,EUR,transfer
6524,23/02/2026,IT6789,1001.63,EUR,transfer
6525,10/02/2026,IT5678,-692.39,EUR,withdrawal
6526,23/02/2026,IT5678,-844.67,EUR,transfer
6527,29/04/2026,IT8901,1214.22,EUR,transfer
6528,15/04/2026,IT1234,603.07,EUR,deposit
6529,28/01/2026,IT6789,-1498.55,EUR,withdrawal
6530,29/03/2026,IT4567,-359.74,EUR,transfer
6531,15/02/2026,IT4567,4169.8,EUR,deposit
6532,16/03/2026,IT3456,3060.87,EUR,deposit
6533,23/02/2026,IT4567,-1093.61,EUR,transfer
6534,03/04/2026,IT8901,-436.09,EUR,transfer
6535,13/02/2026,IT5678,417.17,EUR,transfer
6536,09/01/2026,IT6789,2473.11,EUR,deposit
6537,27/03/2026,IT1234,-980.2,EUR,transfer
6538,24/01/2026,IT3456,-977.95,EUR,withdrawal
6539,20/04/2026,IT2345,-663.92,EUR,withdrawal
6540,09/04/2026,IT2345,-158.42,EUR,transfer
6541,28/02/2026,IT6789,1672.76,EUR,deposit
6542,10/02/2026,IT7890,664.83,EUR,transfer
6543,13/02/2026,IT3456,-1464.24,EUR,transfer
6544,29/05/2026,IT6789,1563.09,EUR,deposit
6545,03/05/2026,IT4567,-159.13,EUR,withdrawal
6546,03/02/2026,IT5678,3025.83,EUR,deposit
6547,20/04/2026,IT7890,3622.81,EUR,deposit
6548,03/04/2026,IT4567,808.71,EUR,transfer
6549,03/02/2026,IT5678,-1158.91,EUR,withdrawal
6550,31/03/2026,IT6789,3759.44,EUR,deposit
6551,20/03/2026,IT5678,-1067.49,EUR,withdrawal
6552,01/04/2026,IT5678,628.3,EUR,transfer
6553,04/01/2026,IT4567,-487.28,EUR,withdrawal
6554,16/04/2026,IT6789,269.11,EUR,transfer
6555,19/04/2026,IT2345,-666.28,EUR,withdrawal
6556,26/02/2026,IT6789,-1474.03,EUR,transfer
6557,15/01/2026,IT4567,719.95,EUR,deposit
6558,17/02/2026,IT7890,-1721.44,EUR,withdrawal
6559,29/01/2026,IT1234,-679.76,EUR,withdrawal
6560,11/01/2026,IT1234,2630.29,EUR,deposit
6561,12/01/2026,IT4567,-1633.46,EUR,withdrawal
6562,30/03/2026,IT5678,426.09,EUR,deposit
6563,17/03/2026,IT8901,240.78,EUR,deposit
6564,01/03/2026,IT4567,-540.62,EUR,withdrawal
6565,30/04/2026,IT5678,3056.02,EUR,deposit
6566,28/04/2026,IT3456,-253.97,EUR,transfer
6567,31/03/2026,IT1234,824.32,EUR,transfer
6568,20/04/2026,IT5678,3798.76,EUR,deposit
6569,05/05/2026,IT7890,206.11,EUR,deposit
6570,18/01/2026,IT2345,-1514.59,EUR,withdrawal
6571,23/03/2026,IT4567,4352.79,EUR,deposit
6572,22/02/2026,IT6789,-1544.28,EUR,withdrawal
6573,28/03/2026,IT3456,-1023.56,EUR,transfer
6574,24/03/2026,IT7890,-1218.45,EUR,withdrawal
6575,20/05/2026,IT5678,-693.9,EUR,withdrawal
6576,07/05/2026,IT8901,465.22,EUR,deposit
6577,01/05/2026,IT3456,-1043.15,EUR,withdrawal
6578,24/01/2026,IT6789,-1218.8,EUR,withdrawal
6579,11/02/2026,IT8901,1692.87,EUR,deposit
6580,12/03/2026,IT6789,4694.61,EUR,deposit
6581,26/02/2026,IT3456,-691.76,EUR,withdrawal
6582,11/01/2026,IT7890,223.09,EUR,transfer
6583,01/05/2026,IT5678,-764.31,EUR,withdrawal
6584,29/01/2026,IT4567,3568.75,EUR,deposit
6585,04/05/2026,IT5678,23%02))12,EUR,withdrawal
6586,01/03/2026,IT2345,4979.84,EUR,deposit
6587,11/03/2026,IT1234,3403.93,EUR,deposit
6588,22/05/2026,IT6789,4299.93,EUR,deposit
6589,19/02/2026,IT8901,-1063.49,EUR,withdrawal
6590,18/01/2026,IT3456,23%02))12,EUR,transfer
6591,06/04/2026,IT2345,-1186.1,EUR,withdrawal
6592,11/05/2026,IT5678,4641.98,EUR,deposit
6593,19/03/2026,IT2345,2398.69,EUR,deposit
6594,16/05/2026,IT3456,2192.47,EUR,deposit
6595,06/03/2026,IT1234,85.27,EUR,transfer
6596,06/04/2026,IT3456,4159.8,EUR,deposit
6597,18/03/2026,IT7890,23%02))12,EUR,transfer
6598,05/02/2026,IT5678,23%02))12,EUR,withdrawal
6599,04/02/2026,IT4567,-1813.4,EUR,withdrawal
6600,10/04/2026,IT2345,110.3,EUR,transfer
6601,27/04/2026,IT7890,-948.1,EUR,transfer
6602,11/04/2026,IT1234,1768.84,EUR,deposit
6603,04/01/2026,IT3456,-1830.27,EUR,withdrawal
6604,04/04/2026,IT8901,-1014.88,EUR,withdrawal
6605,10/02/2026,IT2345,-890.88,EUR,withdrawal
6606,14/02/2026,IT7890,-67.13,EUR,transfer
6607,15/05/2026,IT8901,576.95,EUR,deposit
6608,07/02/2026,IT1234,1484.25,EUR,deposit
6609,21/05/2026,IT4567,1314.07,EUR,transfer
6610,19/04/2026,IT1234,-554.21,EUR,withdrawal
6611,12/03/2026,IT5678,-1975.62,EUR,withdrawal
6612,10/04/2026,IT2345,-645.08,EUR,transfer
6613,13/02/2026,IT3456,3265.39,EUR,deposit
6614,28/01/2026,IT2345,-332.96,EUR,withdrawal
6615,21/04/2026,IT1234,-1353.81,EUR,withdrawal
6616,29/05/2026,IT7890,66.15,EUR,transfer
6617,10/05/2026,IT4567,1413.79,EUR,transfer
6618,26/03/2026,IT6789,435.94,EUR,deposit
6619,01/05/2026,IT2345,908.35,EUR,deposit
6620,16/02/2026,IT4567,3201.17,EUR,deposit
6621,02/04/2026,IT1234,-1141.11,EUR,transfer
6622,29/01/2026,IT7890,3761.6,EUR,deposit
6623,01/05/2026,IT2345,-778.39,EUR,withdrawal
6624,19/03/2026,IT2345,4474.2,EUR,deposit
6625,02/03/2026,IT4567,4911.81,EUR,deposit
6626,09/03/2026,IT2345,4484.42,EUR,deposit
6627,27/05/2026,IT1234,1148.39,EUR,transfer
6628,07/04/2026,IT7890,1332.17,EUR,deposit
6629,02/01/2026,IT6789,-108.98,EUR,withdrawal
6630,01/01/2026,IT3456,-48.09,EUR,withdrawal
6631,13/03/2026,IT5678,-1837.36,EUR,withdrawal
6632,04/03/2026,IT7890,667.97,EUR,transfer
6633,23/05/2026,IT3456,-176.32,EUR,transfer
6634,25/05/2026,IT8901,622.72,EUR,transfer
6635,09/03/2026,IT3456,-1298.81,EUR,withdrawal
6636,13/02/2026,IT7890,2285.42,EUR,deposit
6637,09/01/2026,IT6789,331.58,EUR,deposit
6638,18/05/2026,IT1234,-652.35,EUR,transfer
6639,18/04/2026,IT7890,-844.31,EUR,withdrawal
6640,02/01/2026,IT7890,2613.74,EUR,deposit
6641,05/01/2026,IT8901,-264.5,EUR,transfer
6642,15/02/2026,IT2345,1440.65,EUR,transfer
6643,04/05/2026,IT1234,1670.51,EUR,deposit
6644,02/02/2026,IT8901,3036.74,EUR,deposit
6645,11/01/2026,IT1234,-298.33,EUR,withdrawal
6646,19/01/2026,IT3456,1687.32,EUR,deposit
6647,22/04/2026,IT1234,-1158.11,EUR,transfer
6648,31/03/2026,IT4567,826.0,EUR,transfer
6649,04/02/2026,IT1234,-1613.83,EUR,withdrawal
6650,04/04/2026,IT7890,-600.19,EUR,transfer
6651,03/04/2026,IT8901,-1150.9,EUR,withdrawal
6652,14/02/2026,IT2345,-1868.12,EUR,withdrawal
6653,14/05/2026,IT5678,1183.54,EUR,deposit
6654,27/04/2026,IT6789,300.73,EUR,deposit
6655,22/03/2026,IT7890,1240.17,EUR,transfer
6656,14/03/2026,IT1234,521.49,EUR,transfer
6657,19/05/2026,IT7890,3564.93,EUR,deposit
6658,07/02/2026,IT1234,3936.59,EUR,deposit
6659,09/01/2026,IT7890,-1323.34,EUR,withdrawal
6660,16/02/2026,IT6789,-690.57,EUR,withdrawal
6661,07/05/2026,IT1234,3995.73,EUR,deposit
6662,16/05/2026,IT1234,-1351.71,EUR,transfer
6663,15/02/2026,IT1234,658.08,EUR,deposit
6664,05/03/2026,IT1234,4148.49,EUR,deposit
6665,03/02/2026,IT1234,94.11,EUR,deposit
6666,25/04/2026,IT3456,4026.7,EUR,deposit
6667,19/05/2026,IT4567,-1258.84,EUR,transfer
6668,15/03/2026,IT1234,496.66,EUR,deposit
6669,18/04/2026,IT8901,4433.8,EUR,deposit
6670,26/05/2026,IT4567,1682.38,EUR,deposit
6671,05/02/2026,IT7890,-849.65,EUR,withdrawal
6672,31/01/2026,IT6789,-246.46,EUR,withdrawal
6673,05/04/2026,IT4567,-1293.37,EUR,transfer
6674,03/01/2026,IT5678,535.2,EUR,transfer
6675,08/02/2026,IT4567,-611.95,EUR,transfer
6676,03/03/2026,IT6789,1191.39,EUR,deposit
6677,07/04/2026,IT1234,332.97,EUR,deposit
6678,01/01/2026,IT4567,-688.99,EUR,transfer
6679,31/01/2026,IT1234,-478.65,EUR,withdrawal
6680,25/01/2026,IT5678,458.19,EUR,transfer
6681,10/02/2026,IT2345,488.36,EUR,transfer
6682,01/01/2026,IT5678,-123.82,EUR,withdrawal
6683,18/03/2026,IT2345,-1319.61,EUR,withdrawal
6684,27/04/2026,IT5678,-625.03,EUR,transfer
6685,29/05/2026,IT8901,2188.69,EUR,deposit
6686,19/04/2026,IT3456,684.39,EUR,deposit
6687,11/01/2026,IT8901,-836.03,EUR,transfer
6688,09/03/2026,IT4567,593.94,EUR,transfer
6689,06/05/2026,IT3456,1814.39,EUR,deposit
6690,18/01/2026,IT3456,2080.32,EUR,deposit
6691,04/04/2026,IT7890,798.79,EUR,transfer
6692,01/04/2026,IT6789,-1611.41,EUR,withdrawal
6693,04/05/2026,IT7890,911.65,EUR,transfer
6694,05/01/2026,IT1234,-12.42,EUR,transfer
6695,01/04/2026,IT2345,-428.94,EUR,transfer
6696,21/03/2026,IT2345,304.01,EUR,deposit
6697,26/02/2026,IT8901,-1115.71,EUR,transfer
6698,05/04/2026,IT5678,915.84,EUR,transfer
6699,16/04/2026,IT3456,-285.07,EUR,withdrawal
6700,09/05/2026,IT7890,-572.12,EUR,withdrawal
6701,20/01/2026,IT1234,-303.31,EUR,withdrawal
6702,31/05/2026,IT5678,756.75,EUR,transfer
6703,09/05/2026,IT2345,-1025.73,EUR,withdrawal
6704,31/03/2026,IT6789,-1750.14,EUR,withdrawal
6705,24/04/2026,IT1234,449.86,EUR,deposit
6706,05/05/2026,IT4567,-1380.81,EUR,transfer
6707,02/01/2026,IT5678,3681.75,EUR,deposit
6708,11/05/2026,IT5678,-236.15,EUR,transfer
6709,06/05/2026,IT4567,-309.85,EUR,withdrawal
6710,13/02/2026,IT8901,827.98,EUR,deposit
6711,25/03/2026,IT5678,1992.83,EUR,deposit
6712,16/04/2026,IT3456,1250.85,EUR,transfer
6713,02/01/2026,IT1234,-1012.37,EUR,transfer
6714,15/05/2026,IT7890,-873.32,EUR,withdrawal
6715,25/03/2026,IT2345,-942.09,EUR,withdrawal
6716,23/05/2026,IT8901,-1488.39,EUR,transfer
6717,19/03/2026,IT6789,2974.36,EUR,deposit
6718,21/02/2026,IT7890,1436.14,EUR,deposit
6719,25/01/2026,IT3456,3745.0,EUR,deposit
6720,24/04/2026,IT3456,-814.34,EUR,withdrawal
6721,20/05/2026,IT6789,-1283.13,EUR,transfer
6722,12/02/2026,IT6789,-1292.44,EUR,transfer
6723,24/01/2026,IT3456,-936.14,EUR,transfer
6724,09/03/2026,IT2345,-446.99,EUR,transfer
6725,02/01/2026,IT5678,935.96,EUR,transfer
6726,07/02/2026,IT7890,-684.18,EUR,transfer
6727,18/02/2026,IT7890,-1348.05,EUR,withdrawal
6728,23/02/2026,IT6789,-679.36,EUR,withdrawal
6729,02/02/2026,IT8901,-1868.95,EUR,withdrawal
6730,29/04/2026,IT3456,403.29,EUR,deposit
6731,11/01/2026,IT4567,-285.54,EUR,withdrawal
6732,02/01/2026,IT4567,2092.66,EUR,deposit
6733,08/03/2026,IT5678,-1442.64,EUR,withdrawal
6734,15/02/2026,IT2345,417.76,EUR,transfer
6735,03/03/2026,IT4567,89.85,EUR,transfer
6736,04/03/2026,IT2345,-1781.54,EUR,withdrawal
6737,18/01/2026,IT5678,-924.12,EUR,transfer
6738,30/05/2026,IT1234,3771.28,EUR,deposit
6739,25/01/2026,IT3456,-959.46,EUR,transfer
6740,13/05/2026,IT8901,1634.23,EUR,deposit
6741,18/01/2026,IT5678,387.44,EUR,transfer
6742,01/02/2026,IT6789,880.97,EUR,deposit
6743,22/01/2026,IT4567,1246.02,EUR,deposit
6744,05/05/2026,IT7890,-612.64,EUR,withdrawal
6745,07/01/2026,IT2345,-1337.8,EUR,withdrawal
6746,26/05/2026,IT8901,-525.24,EUR,withdrawal
6747,01/05/2026,IT6789,-222.03,EUR,withdrawal
6748,17/02/2026,IT4567,-1393.98,EUR,transfer
6749,12/04/2026,IT4567,-1809.14,EUR,withdrawal
6750,,IT3456,3333.43,EUR,deposit
6751,19/03/2026,IT6789,420.02,EUR,transfer
6752,29/04/2026,IT8901,3082.04,EUR,deposit
6753,09/04/2026,IT3456,-785.14,EUR,transfer
6754,16/05/2026,IT2345,-521.41,EUR,withdrawal
6755,22/05/2026,IT6789,1552.98,EUR,deposit
6756,21/01/2026,IT2345,650.85,EUR,transfer
6757,18/05/2026,IT1234,1614.09,EUR,deposit
6758,12/02/2026,IT4567,-174.42,EUR,transfer
6759,11/01/2026,IT4567,4563.06,EUR,deposit
6760,25/03/2026,IT5678,-165.24,EUR,transfer
6761,17/01/2026,IT5678,-1367.7,EUR,transfer
6762,16/02/2026,IT8901,-1431.3,EUR,withdrawal
6763,10/01/2026,IT4567,-711.33,EUR,withdrawal
6764,01/04/2026,IT1234,-804.09,EUR,transfer
6765,29/03/2026,IT3456,1866.05,EUR,deposit
6766,,IT2345,3632.78,EUR,deposit
6767,03/01/2026,IT5678,-512.01,EUR,withdrawal
6768,13/03/2026,IT2345,4686.05,EUR,deposit
6769,10/05/2026,IT5678,-1131.23,EUR,transfer
6770,22/05/2026,IT3456,-688.37,EUR,withdrawal
6771,01/02/2026,IT6789,-1758.5,EUR,withdrawal
6772,10/01/2026,IT3456,2452.97,EUR,deposit
6773,26/05/2026,IT6789,-836.02,EUR,withdrawal
6774,24/02/2026,IT6789,-524.5,EUR,withdrawal
6775,08/03/2026,IT3456,2078.81,EUR,deposit
6776,20/05/2026,IT6789,-421.09,EUR,withdrawal
6777,23/04/2026,IT3456,2888.93,EUR,deposit
6778,18/03/2026,IT6789,1026.13,EUR,deposit
6779,22/02/2026,IT8901,-1384.46,EUR,transfer
6780,13/05/2026,IT4567,1264.8,EUR,transfer
6781,23/02/2026,IT3456,-1409.47,EUR,transfer
6782,14/01/2026,IT7890,1869.64,EUR,deposit
6783,17/05/2026,IT2345,3233.7,EUR,deposit
6784,23/03/2026,IT4567,3361.24,EUR,deposit
6785,11/02/2026,IT4567,-1375.96,EUR,withdrawal
6786,22/05/2026,IT6789,1279.64,EUR,transfer
6787,,IT5678,-79.8,EUR,withdrawal
6788,18/04/2026,IT8901,-98.02,EUR,transfer
6789,15/02/2026,IT5678,4514.54,EUR,deposit
6790,12/03/2026,IT1234,-1350.73,EUR,withdrawal
6791,05/03/2026,IT4567,3195.43,EUR,deposit
6792,13/01/2026,IT2345,-1271.6,EUR,transfer
6793,25/05/2026,IT3456,2511.24,EUR,deposit
6794,13/01/2026,IT8901,3055.5,EUR,deposit
6795,21/02/2026,IT3456,-1432.34,EUR,transfer
6796,03/04/2026,IT3456,-461.13,EUR,withdrawal
6797,02/04/2026,IT1234,3555.63,EUR,deposit
6798,27/05/2026,IT8901,4344.78,EUR,deposit
6799,02/01/2026,IT6789,4771.39,EUR,deposit
6800,28/03/2026,IT3456,699.11,EUR,transfer
6801,20/04/2026,IT8901,-924.6,EUR,withdrawal
6802,28/03/2026,IT5678,1541.88,EUR,deposit
6803,27/05/2026,IT7890,3135.02,EUR,deposit
6804,08/01/2026,IT1234,2002.97,EUR,deposit
6805,05/01/2026,IT2345,-1917.37,EUR,withdrawal
6806,29/01/2026,IT8901,-126.76,EUR,transfer
6807,09/04/2026,IT5678,-1477.46,EUR,transfer
6808,05/01/2026,IT1234,1499.74,EUR,deposit
6809,28/01/2026,IT7890,-871.1,EUR,transfer
6810,01/01/1750,IT5678,961.7,EUR,transfer
6811,18/02/2026,IT8901,-1072.56,EUR,transfer
6812,16/02/2026,IT3456,-848.2,EUR,withdrawal
6813,23/04/2026,IT5678,475.09,EUR,transfer
6814,03/01/2026,IT3456,1086.5,EUR,transfer
6815,29/03/2026,IT4567,245.47,EUR,transfer
6816,13/05/2026,IT8901,4859.21,EUR,deposit
6817,22/01/2026,IT8901,-827.36,EUR,withdrawal
6818,28/04/2026,IT4567,-414.52,EUR,withdrawal
6819,31/05/2026,IT2345,4920.11,EUR,deposit
6820,06/02/2026,IT8901,-588.95,EUR,transfer
6821,01/04/2026,IT3456,3947.88,EUR,deposit
6822,02/02/2026,IT8901,-967.54,EUR,withdrawal
6823,26/01/2026,IT6789,1372.22,EUR,transfer
6824,17/05/2026,IT1234,3134.83,EUR,deposit
6825,18/01/2026,IT5678,1445.2,EUR,transfer
6826,05/01/2026,IT3456,685.29,EUR,transfer
6827,17/03/2026,IT1234,3684.91,EUR,deposit
6828,03/03/2026,IT8901,1079.83,EUR,deposit
6829,24/02/2026,IT2345,-823.98,EUR,transfer
6830,02/03/2026,IT2345,1242.86,EUR,transfer
6831,08/03/2026,IT8901,-1872.35,EUR,withdrawal
6832,23/01/2026,IT5678,1962.33,EUR,deposit
6833,30/03/2026,IT6789,-139.03,EUR,withdrawal
6834,09/01/2026,IT8901,-1094.93,EUR,withdrawal
6835,28/02/2026,IT7890,-1557.77,EUR,withdrawal
6836,31/01/2026,IT4567,1419.08,EUR,deposit
6837,09/02/2026,IT1234,801.06,EUR,transfer
6838,19/05/2026,IT3456,-1975.3,EUR,withdrawal
6839,25/01/2026,IT4567,-500.02,EUR,withdrawal
6840,13/03/2026,IT6789,4500.04,EUR,deposit
6841,08/04/2026,IT1234,-113.2,EUR,transfer
6842,21/03/2026,IT3456,1298.21,EUR,deposit
6843,21/02/2026,IT4567,-1180.12,EUR,transfer
6844,23/02/2026,IT2345,-879.81,EUR,withdrawal
6845,21/01/2026,IT7890,-243.73,EUR,withdrawal
6846,22/04/2026,IT6789,3024.99,EUR,deposit
6847,22/05/2026,IT6789,683.53,EUR,transfer
6848,05/03/2026,IT6789,-1971.23,EUR,withdrawal
6849,15/05/2026,IT3456,573.2,EUR,deposit
6850,10/04/2026,IT8901,479.53,EUR,transfer
6851,16/05/2026,IT2345,747.38,EUR,transfer
6852,29/01/2026,IT8901,-150.02,EUR,withdrawal
6853,03/03/2026,IT7890,212.64,EUR,transfer
6854,02/04/2026,IT7890,2951.51,EUR,deposit
6855,21/01/2026,IT3456,-1577.63,EUR,withdrawal
6856,09/04/2026,IT8901,-567.44,EUR,withdrawal
6857,14/01/2026,IT7890,-908.0,EUR,withdrawal
6858,02/01/2026,IT8901,-1483.38,EUR,transfer
6859,06/01/2026,IT2345,-1404.47,EUR,withdrawal
6860,04/05/2026,IT3456,972.4,EUR,transfer
6861,15/03/2026,IT4567,23%02))12,EUR,withdrawal
6862,05/05/2026,IT3456,3446.25,EUR,deposit
6863,21/05/2026,IT6789,-645.68,EUR,transfer
6864,14/02/2026,IT2345,-773.07,EUR,transfer
6865,01/03/2026,IT4567,791.18,EUR,transfer
6866,30/05/2026,IT7890,1412.7,EUR,deposit
6867,18/04/2026,IT2345,288.47,EUR,transfer
6868,07/01/2026,IT2345,-608.84,EUR,withdrawal
6869,11/04/2026,IT2345,-363.37,EUR,transfer
6870,08/04/2026,IT6789,1636.19,EUR,deposit
6871,01/02/2026,IT1234,-573.85,EUR,withdrawal
6872,18/02/2026,IT3456,1189.54,EUR,transfer
6873,01/01/1750,IT3456,987.52,EUR,transfer
6874,18/03/2026,IT4567,4582.76,EUR,deposit
6875,01/01/2026,IT4567,249.79,EUR,deposit
6876,03/02/2026,IT5678,2442.08,EUR,deposit
6877,15/02/2026,IT6789,2831.18,EUR,deposit
6878,05/03/2026,IT8901,811.36,EUR,transfer
6879,27/02/2026,IT1234,4522.01,EUR,deposit
6880,23/03/2026,IT7890,-1234.44,EUR,transfer
6881,23/04/2026,IT3456,521.64,EUR,transfer
6882,06/02/2026,IT1234,-242.81,EUR,withdrawal
6883,21/03/2026,IT4567,570.67,EUR,transfer
6884,24/05/2026,IT8901,331.67,EUR,deposit
6885,07/01/2026,IT8901,-1108.73,EUR,transfer
6886,31/03/2026,IT3456,-1213.13,EUR,withdrawal
6887,19/05/2026,IT5678,-854.74,EUR,transfer
6888,29/01/2026,IT1234,-977.5,EUR,transfer
6889,28/02/2026,IT3456,1039.16,EUR,transfer
6890,21/04/2026,IT4567,-509.57,EUR,transfer
6891,12/05/2026,IT7890,1815.15,EUR,deposit
6892,28/01/2026,IT7890,-1306.83,EUR,withdrawal
6893,26/01/2026,IT3456,4286.64,EUR,deposit
6894,27/02/2026,IT4567,-283.44,EUR,withdrawal
6895,29/01/2026,IT5678,890.4,EUR,transfer
6896,27/03/2026,IT6789,737.41,EUR,deposit
6897,30/03/2026,IT2345,-1025.55,EUR,withdrawal
6898,30/03/2026,IT8901,2039.62,EUR,deposit
6899,25/01/2026,IT1234,-565.45,EUR,transfer
6900,12/03/2026,IT8901,3303.77,EUR,deposit
6901,05/03/2026,IT3456,4748.85,EUR,deposit
6902,31/05/2026,IT6789,-1677.76,EUR,withdrawal
6903,25/05/2026,IT4567,3605.79,EUR,deposit
6904,22/04/2026,IT2345,23%02))12,EUR,transfer
6905,21/04/2026,IT2345,-818.23,EUR,transfer
6906,31/05/2026,IT1234,879.39,EUR,transfer
6907,01/05/2026,IT8901,2096.45,EUR,deposit
6908,03/05/2026,IT5678,-1554.41,EUR,withdrawal
6909,12/03/2026,IT1234,1184.75,EUR,transfer
6910,24/04/2026,IT3456,89.8,EUR,deposit
6911,20/02/2026,IT8901,891.0,EUR,transfer
6912,28/01/2026,IT8901,23%02))12,EUR,deposit
6913,14/05/2026,IT5678,520.63,EUR,transfer
6914,29/01/2026,IT8901,-1931.86,EUR,withdrawal
6915,29/05/2026,IT3456,-391.76,EUR,transfer
6916,03/01/2026,IT4567,-658.85,EUR,withdrawal
6917,02/01/2026,IT2345,-1475.88,EUR,transfer
6918,23/04/2026,IT7890,-958.81,EUR,withdrawal
6919,15/02/2026,IT4567,936.81,EUR,transfer
6920,07/04/2026,IT6789,-1769.9,EUR,withdrawal
6921,15/05/2026,IT1234,4979.52,EUR,deposit
6922,20/02/2026,IT7890,-1133.03,EUR,withdrawal
6923,23/04/2026,IT7890,-1230.47,EUR,transfer
6924,06/04/2026,IT5678,-1146.96,EUR,withdrawal
6925,03/02/2026,IT2345,-1116.4,EUR,transfer
6926,06/02/2026,IT8901,711.39,EUR,transfer
6927,25/04/2026,IT3456,4833.4,EUR,deposit
6928,21/05/2026,IT1234,2111.12,EUR,deposit
6929,06/03/2026,IT8901,777.5,EUR,transfer
6930,09/04/2026,IT6789,-1550.85,EUR,withdrawal
6931,29/05/2026,IT2345,1553.28,EUR,deposit
6932,11/02/2026,IT1234,-1690.77,EUR,withdrawal
6933,04/05/2026,IT5678,295.98,EUR,transfer
6934,02/01/2026,IT2345,185.27,EUR,deposit
6935,06/03/2026,IT8901,-1065.89,EUR,transfer
6936,27/05/2026,IT5678,-1397.89,EUR,withdrawal
6937,12/01/2026,IT5678,-1681.33,EUR,withdrawal
6938,05/03/2026,IT4567,-1824.88,EUR,withdrawal
6939,26/02/2026,IT7890,-1287.8,EUR,withdrawal
6940,07/02/2026,IT7890,1370.73,EUR,transfer
6941,07/01/2026,IT5678,4442.36,EUR,deposit
6942,28/02/2026,IT2345,2412.1,EUR,deposit
6943,28/04/2026,IT7890,-511.55,EUR,transfer
6944,20/01/2026,IT2345,3725.36,EUR,deposit
6945,08/04/2026,IT3456,509.98,EUR,transfer
6946,26/01/2026,IT4567,-1462.06,EUR,withdrawal
6947,20/02/2026,IT2345,-1430.51,EUR,withdrawal
6948,29/04/2026,IT4567,-1640.83,EUR,withdrawal
6949,30/03/2026,IT8901,840.33,EUR,transfer
6950,15/02/2026,IT5678,-694.63,EUR,transfer
6951,22/01/2026,IT6789,316.53,EUR,transfer
6952,26/03/2026,IT2345,1078.76,EUR,deposit
6953,20/05/2026,IT7890,3507.73,EUR,deposit
6954,21/04/2026,IT2345,941.16,EUR,transfer
6955,03/04/2026,IT3456,463.14,EUR,transfer
6956,19/05/2026,IT3456,-369.8,EUR,withdrawal
6957,09/01/2026,IT7890,-1475.37,EUR,transfer
6958,06/05/2026,IT7890,707.22,EUR,deposit
6959,05/01/2026,IT3456,476.71,EUR,deposit
6960,03/04/2026,IT6789,429.82,EUR,transfer
6961,09/01/2026,IT1234,-1122.29,EUR,transfer
6962,26/05/2026,IT3456,1843.37,EUR,deposit
6963,26/05/2026,IT8901,4951.14,EUR,deposit
6964,14/03/2026,IT3456,480.93,EUR,transfer
6965,11/01/2026,IT7890,1466.34,EUR,transfer
6966,16/04/2026,IT7890,-1150.19,EUR,transfer
6967,25/05/2026,IT5678,-1318.54,EUR,withdrawal
6968,02/04/2026,IT4567,-1987.39,EUR,withdrawal
6969,13/02/2026,IT4567,-1432.54,EUR,withdrawal
6970,08/05/2026,IT2345,1307.67,EUR,transfer
6971,19/03/2026,IT7890,-223.79,EUR,withdrawal
6972,15/02/2026,IT8901,-1178.73,EUR,transfer
6973,11/04/2026,IT6789,-1218.02,EUR,withdrawal
6974,10/03/2026,IT6789,-1489.05,EUR,withdrawal
6975,04/02/2026,IT2345,-1255.1,EUR,withdrawal
6976,22/03/2026,IT3456,4459.4,EUR,deposit
6977,08/03/2026,IT5678,1989.67,EUR,deposit
6978,08/05/2026,IT1234,-882.91,EUR,withdrawal
6979,04/03/2026,IT7890,-562.52,EUR,transfer
6980,20/05/2026,IT4567,1029.47,EUR,transfer
6981,27/03/2026,IT1234,-380.18,EUR,transfer
6982,13/01/2026,IT1234,-287.7,EUR,transfer
6983,04/01/2026,IT4567,-1351.53,EUR,withdrawal
6984,24/02/2026,IT1234,-943.3,EUR,transfer
6985,12/03/2026,IT3456,3305.34,EUR,deposit
6986,27/03/2026,IT2345,3293.79,EUR,deposit
6987,21/04/2026,IT6789,-72.59,EUR,withdrawal
6988,18/04/2026,IT4567,3636.99,EUR,deposit
6989,20/01/2026,IT8901,552.15,EUR,transfer
6990,24/02/2026,IT5678,2350.44,EUR,deposit
6991,30/04/2026,IT8901,-291.94,EUR,withdrawal
6992,04/04/2026,IT5678,-533.69,EUR,withdrawal
6993,12/03/2026,IT6789,532.99,EUR,transfer
6994,12/04/2026,IT1234,95.19,EUR,deposit
6995,22/03/2026,IT2345,-1764.96,EUR,withdrawal
6996,20/05/2026,IT2345,3712.45,EUR,deposit
6997,03/01/2026,IT3456,-163.53,EUR,withdrawal
6998,29/04/2026,IT6789,-692.76,EUR,withdrawal
6999,23/03/2026,IT7890,1348.77,EUR,transfer
7000,11/04/2026,IT2345,1245.59,EUR,transfer
7001,29/05/2026,IT1234,1211.05,EUR,transfer
7002,23/01/2026,IT8901,-699.62,EUR,transfer
7003,28/02/2026,IT3456,772.77,EUR,transfer
7004,02/02/2026,IT6789,-403.2,EUR,transfer
7005,21/05/2026,IT6789,-847.8,EUR,withdrawal
7006,04/04/2026,IT6789,423.73,EUR,deposit
7007,12/03/2026,IT7890,392.16,EUR,deposit
7008,13/01/2026,IT1234,1468.58,EUR,transfer
7009,21/04/2026,IT3456,1046.7,EUR,transfer
7010,27/04/2026,IT4567,-1029.64,EUR,withdrawal
7011,05/02/2026,IT4567,-1544.15,EUR,withdrawal
7012,10/05/2026,IT8901,874.66,EUR,transfer
7013,11/05/2026,IT3456,2746.17,EUR,deposit
7014,19/04/2026,IT8901,1480.97,EUR,transfer
7015,13/04/2026,IT4567,1894.1,EUR,deposit
7016,25/03/2026,IT6789,1478.98,EUR,transfer
7017,20/01/2026,IT5678,428.07,EUR,transfer
7018,12/05/2026,IT8901,-766.01,EUR,withdrawal
7019,22/02/2026,IT1234,841.62,EUR,transfer
7020,03/05/2026,IT7890,-880.73,EUR,withdrawal
7021,06/05/2026,IT4567,-1303.77,EUR,transfer
7022,02/04/2026,IT1234,-1149.73,EUR,withdrawal
7023,04/05/2026,IT8901,541.7,EUR,transfer
7024,30/05/2026,IT7890,-341.94,EUR,withdrawal
7025,13/04/2026,IT4567,23%02))12,EUR,deposit
7026,01/01/2026,IT1234,-1211.97,EUR,withdrawal
7027,18/03/2026,IT7890,2798.98,EUR,deposit
7028,14/03/2026,IT3456,2579.64,EUR,deposit
7029,14/02/2026,IT5678,899.35,EUR,deposit
7030,24/05/2026,IT2345,4271.24,EUR,deposit
7031,26/02/2026,IT3456,-423.98,EUR,transfer
7032,28/02/2026,IT2345,639.69,EUR,deposit
7033,09/05/2026,IT6789,-177.02,EUR,withdrawal
7034,08/02/2026,IT1234,3107.34,EUR,deposit
7035,28/05/2026,IT3456,-1324.1,EUR,withdrawal
7036,27/02/2026,IT3456,553.96,EUR,deposit
7037,26/03/2026,IT6789,-1793.06,EUR,withdrawal
7038,08/05/2026,IT5678,-224.75,EUR,transfer
7039,12/05/2026,IT3456,1117.09,EUR,deposit
7040,08/02/2026,IT1234,-1412.5,EUR,withdrawal
7041,25/02/2026,IT7890,526.13,EUR,transfer
7042,18/05/2026,IT5678,-29.65,EUR,withdrawal
7043,22/01/2026,IT4567,-485.17,EUR,withdrawal
7044,26/03/2026,IT1234,3587.1,EUR,deposit
7045,02/02/2026,IT3456,322.51,EUR,deposit
7046,17/01/2026,IT3456,-1918.14,EUR,withdrawal
7047,14/05/2026,IT6789,1301.52,EUR,transfer
7048,03/05/2026,IT7890,-1697.19,EUR,withdrawal
7049,16/02/2026,IT2345,1150.7,EUR,transfer
7050,14/05/2026,IT6789,-568.67,EUR,withdrawal
7051,04/02/2026,IT5678,-76.76,EUR,withdrawal
7052,19/03/2026,IT6789,-810.68,EUR,withdrawal
7053,18/04/2026,IT1234,291.59,EUR,transfer
7054,26/04/2026,IT7890,1780.53,EUR,deposit
7055,24/04/2026,IT6789,995.66,EUR,deposit
7056,11/02/2026,IT4567,23%02))12,EUR,transfer
7057,11/02/2026,IT8901,-180.23,EUR,transfer
7058,18/03/2026,IT3456,-509.4,EUR,withdrawal
7059,19/05/2026,IT5678,-208.68,EUR,withdrawal
7060,12/04/2026,IT6789,4219.78,EUR,deposit
7061,08/01/2026,IT8901,926.11,EUR,transfer
7062,28/02/2026,IT5678,-50.81,EUR,withdrawal
7063,01/02/2026,IT8901,3246.99,EUR,deposit
7064,15/04/2026,IT6789,-1247.45,EUR,withdrawal
7065,11/02/2026,IT8901,3413.69,EUR,deposit
7066,03/04/2026,IT3456,-1492.73,EUR,transfer
7067,30/05/2026,IT4567,-577.71,EUR,withdrawal
7068,11/03/2026,IT6789,1513.75,EUR,deposit
7069,19/04/2026,IT2345,-1909.44,EUR,withdrawal
7070,03/03/2026,IT2345,600.03,EUR,transfer
7071,09/05/2026,IT2345,-469.56,EUR,withdrawal
7072,30/03/2026,IT4567,2690.83,EUR,deposit
7073,24/05/2026,IT4567,1031.69,EUR,deposit
7074,04/02/2026,IT7890,-415.66,EUR,transfer
7075,12/02/2026,IT1234,-1260.23,EUR,withdrawal
7076,08/02/2026,IT1234,-886.66,EUR,withdrawal
7077,01/02/2026,IT2345,-1344.09,EUR,withdrawal
7078,15/01/2026,IT7890,-1809.62,EUR,withdrawal
7079,16/04/2026,IT2345,-318.35,EUR,transfer
7080,13/02/2026,IT8901,-184.05,EUR,withdrawal
7081,21/04/2026,IT7890,-1102.98,EUR,transfer
7082,25/01/2026,IT7890,4992.09,EUR,deposit
7083,12/03/2026,IT1234,4648.62,EUR,deposit
7084,29/03/2026,IT3456,-882.18,EUR,transfer
7085,17/01/2026,IT2345,860.61,EUR,transfer
7086,09/04/2026,IT6789,4962.09,EUR,deposit
7087,03/02/2026,IT1234,2303.02,EUR,deposit
7088,02/05/2026,IT8901,23%02))12,EUR,deposit
7089,11/03/2026,IT3456,-1105.53,EUR,transfer
7090,09/05/2026,IT2345,-26.09,EUR,withdrawal
7091,28/05/2026,IT2345,154.99,EUR,deposit
7092,26/05/2026,IT7890,222.75,EUR,transfer
7093,29/03/2026,IT4567,4845.64,EUR,deposit
7094,01/01/1750,IT4567,-261.22,EUR,withdrawal
7095,12/05/2026,IT8901,-1453.64,EUR,withdrawal
7096,04/01/2026,IT7890,2013.97,EUR,deposit
7097,15/01/2026,IT4567,2874.88,EUR,deposit
7098,19/03/2026,IT3456,4229.02,EUR,deposit
7099,03/02/2026,IT8901,1455.29,EUR,transfer
7100,11/02/2026,IT2345,1417.8,EUR,deposit
7101,04/01/2026,IT6789,1307.92,EUR,transfer
7102,30/01/2026,IT1234,4698.99,EUR,deposit
7103,25/01/2026,IT6789,-246.31,EUR,withdrawal
7104,01/01/1750,IT5678,2000.07,EUR,deposit
7105,05/05/2026,IT5678,-1833.82,EUR,withdrawal
7106,23/03/2026,IT7890,589.52,EUR,transfer
7107,22/01/2026,IT4567,-165.26,EUR,transfer
7108,18/03/2026,IT5678,-1774.35,EUR,withdrawal
7109,23/01/2026,IT6789,-433.2,EUR,withdrawal
7110,11/01/2026,IT3456,-615.72,EUR,withdrawal
7111,01/02/2026,IT7890,-1065.45,EUR,withdrawal
7112,11/02/2026,IT5678,-1301.27,EUR,withdrawal
7113,16/04/2026,IT4567,-1845.33,EUR,withdrawal
7114,11/01/2026,IT3456,4453.76,EUR,deposit
7115,30/05/2026,IT3456,93.18,EUR,transfer
7116,04/01/2026,IT5678,1011.2,EUR,transfer
7117,13/05/2026,IT7890,2649.42,EUR,deposit
7118,23/03/2026,IT6789,1021.62,EUR,transfer
7119,13/03/2026,IT4567,181.62,EUR,transfer
7120,19/01/2026,IT4567,-509.98,EUR,withdrawal
7121,28/04/2026,IT8901,999.62,EUR,deposit
7122,04/03/2026,IT4567,-1085.99,EUR,transfer
7123,10/03/2026,IT2345,-1999.42,EUR,withdrawal
7124,20/02/2026,IT1234,2660.05,EUR,deposit
7125,12/04/2026,IT6789,23%02))12,EUR,deposit
7126,21/03/2026,IT5678,43.77,EUR,transfer
7127,06/02/2026,IT1234,-548.19,EUR,withdrawal
7128,07/03/2026,IT3456,-1781.97,EUR,withdrawal
7129,01/04/2026,IT6789,3952.74,EUR,deposit
7130,07/03/2026,IT5678,-281.89,EUR,transfer
7131,31/05/2026,IT8901,982.25,EUR,transfer
7132,19/01/2026,IT3456,1684.94,EUR,deposit
7133,08/03/2026,IT2345,2288.2,EUR,deposit
7134,22/03/2026,IT6789,-623.51,EUR,withdrawal
7135,29/01/2026,IT4567,434.22,EUR,deposit
7136,03/05/2026,IT8901,-941.37,EUR,withdrawal
7137,05/05/2026,IT4567,-313.61,EUR,withdrawal
7138,26/05/2026,IT6789,2469.85,EUR,deposit
7139,12/01/2026,IT8901,-541.73,EUR,withdrawal
7140,16/05/2026,IT4567,4074.94,EUR,deposit
7141,01/01/1750,IT8901,-1444.19,EUR,transfer
7142,17/04/2026,IT5678,2591.93,EUR,deposit
7143,21/02/2026,IT2345,-1214.66,EUR,withdrawal
7144,24/02/2026,IT1234,-842.44,EUR,withdrawal
7145,30/04/2026,IT6789,1893.51,EUR,deposit
7146,01/02/2026,IT2345,1094.16,EUR,transfer
7147,19/05/2026,IT3456,-944.45,EUR,withdrawal
7148,04/04/2026,IT6789,-959.92,EUR,withdrawal
7149,26/03/2026,IT8901,-903.89,EUR,withdrawal
7150,27/02/2026,IT7890,1866.09,EUR,deposit
7151,12/05/2026,IT3456,-1478.56,EUR,transfer
7152,05/01/2026,IT1234,-1330.27,EUR,withdrawal
7153,07/02/2026,IT1234,1880.14,EUR,deposit
7154,24/04/2026,IT8901,4489.28,EUR,deposit
7155,02/05/2026,IT1234,-731.21,EUR,transfer
7156,19/05/2026,IT5678,1159.63,EUR,deposit
7157,16/01/2026,IT2345,427.33,EUR,deposit
7158,19/01/2026,IT8901,-86.6,EUR,transfer
7159,06/04/2026,IT8901,4798.92,EUR,deposit
7160,23/05/2026,IT4567,-1276.73,EUR,withdrawal
7161,02/02/2026,IT8901,473.49,EUR,deposit
7162,13/01/2026,IT7890,639.42,EUR,transfer
7163,29/03/2026,IT1234,877.85,EUR,transfer
7164,30/03/2026,IT7890,-1175.36,EUR,withdrawal
7165,21/03/2026,IT8901,4018.34,EUR,deposit
7166,05/01/2026,IT6789,1145.1,EUR,transfer
7167,17/05/2026,IT4567,23%02))12,EUR,deposit
7168,29/04/2026,IT7890,1473.08,EUR,transfer
7169,11/02/2026,IT8901,-1560.93,EUR,withdrawal
7170,01/05/2026,IT5678,-1586.12,EUR,withdrawal
7171,27/02/2026,IT2345,-1544.03,EUR,withdrawal
7172,21/04/2026,IT7890,3577.08,EUR,deposit
7173,06/04/2026,IT4567,4386.81,EUR,deposit
7174,01/01/1750,IT5678,-442.75,EUR,withdrawal
7175,25/05/2026,IT4567,-1420.44,EUR,transfer
7176,27/03/2026,IT7890,23%02))12,EUR,withdrawal
7177,01/03/2026,IT2345,-119.53,EUR,withdrawal
7178,04/01/2026,IT7890,-531.51,EUR,withdrawal
7179,18/04/2026,IT6789,-575.07,EUR,withdrawal
7180,11/01/2026,IT7890,-1468.88,EUR,withdrawal
7181,15/01/2026,IT1234,-279.55,EUR,transfer
7182,21/04/2026,IT5678,-1700.95,EUR,withdrawal
7183,10/03/2026,IT2345,2662.1,EUR,deposit
7184,08/04/2026,IT2345,2813.55,EUR,deposit
7185,02/01/2026,IT1234,212.36,EUR,transfer
7186,31/01/2026,IT3456,-1447.38,EUR,transfer
7187,24/04/2026,IT4567,1179.17,EUR,transfer
7188,16/04/2026,IT2345,2639.65,EUR,deposit
7189,07/03/2026,IT5678,4048.94,EUR,deposit
7190,10/02/2026,IT5678,-1487.09,EUR,transfer
7191,19/05/2026,IT4567,463.3,EUR,deposit
7192,24/05/2026,IT7890,1656.28,EUR,deposit
7193,22/04/2026,IT3456,2197.36,EUR,deposit
7194,11/05/2026,IT3456,3761.08,EUR,deposit
7195,21/03/2026,IT6789,-1951.91,EUR,withdrawal
7196,10/01/2026,IT4567,-1959.42,EUR,withdrawal
7197,22/01/2026,IT6789,-935.44,EUR,withdrawal
7198,11/04/2026,IT3456,352.35,EUR,transfer
7199,28/03/2026,IT3456,-650.5,EUR,withdrawal
7200,07/01/2026,IT6789,-1358.14,EUR,transfer
7201,23/03/2026,IT7890,-1306.74,EUR,transfer
7202,20/01/2026,IT3456,703.69,EUR,transfer
7203,21/05/2026,IT7890,-1061.4,EUR,withdrawal
7204,14/05/2026,IT6789,1054.4,EUR,deposit
7205,11/05/2026,IT2345,725.52,EUR,transfer
7206,19/04/2026,IT7890,1228.41,EUR,transfer
7207,24/04/2026,IT2345,102.35,EUR,transfer
7208,12/01/2026,IT7890,207.5,EUR,transfer
7209,18/01/2026,IT5678,4879.82,EUR,deposit
7210,11/01/2026,IT6789,-359.12,EUR,withdrawal
7211,30/05/2026,IT4567,-1984.82,EUR,withdrawal
7212,27/04/2026,IT6789,-804.35,EUR,withdrawal
7213,09/04/2026,IT3456,-903.01,EUR,withdrawal
7214,02/02/2026,IT7890,-1425.9,EUR,transfer
7215,05/01/2026,IT1234,2301.46,EUR,deposit
7216,20/04/2026,IT2345,-546.54,EUR,transfer
7217,26/02/2026,IT6789,-203.91,EUR,withdrawal
7218,19/04/2026,IT2345,-757.47,EUR,withdrawal
7219,13/02/2026,IT1234,690.41,EUR,transfer
7220,31/03/2026,IT8901,258.93,EUR,deposit
7221,25/03/2026,IT3456,825.57,EUR,deposit
7222,24/03/2026,IT5678,4313.4,EUR,deposit
7223,05/04/2026,IT5678,724.79,EUR,transfer
7224,08/03/2026,IT2345,3138.87,EUR,deposit
7225,04/04/2026,IT3456,1317.13,EUR,transfer
7226,12/01/2026,IT8901,2866.04,EUR,deposit
7227,31/05/2026,IT1234,1264.83,EUR,transfer
7228,11/05/2026,IT8901,-1320.55,EUR,transfer
7229,12/03/2026,IT2345,2346.44,EUR,deposit
7230,11/05/2026,IT5678,-529.36,EUR,withdrawal
7231,25/01/2026,IT3456,-600.26,EUR,withdrawal
7232,01/02/2026,IT2345,-58.8,EUR,withdrawal
7233,01/02/2026,IT6789,-1863.5,EUR,withdrawal
7234,25/02/2026,IT3456,-173.42,EUR,transfer
7235,13/01/2026,IT6789,1593.59,EUR,deposit
7236,22/01/2026,IT8901,-528.87,EUR,transfer
7237,09/02/2026,IT5678,1776.02,EUR,deposit
7238,09/03/2026,IT3456,2445.61,EUR,deposit
7239,10/03/2026,IT2345,-138.8,EUR,withdrawal
7240,06/02/2026,IT6789,-1131.61,EUR,transfer
7241,29/04/2026,IT5678,1465.35,EUR,deposit
7242,27/01/2026,IT5678,1160.3,EUR,transfer
7243,16/03/2026,IT6789,-1304.19,EUR,withdrawal
7244,14/03/2026,IT7890,387.3,EUR,transfer
7245,01/02/2026,IT3456,634.17,EUR,transfer
7246,08/04/2026,IT3456,23%02))12,EUR,withdrawal
7247,24/05/2026,IT6789,-916.66,EUR,transfer
7248,12/02/2026,IT6789,-391.44,EUR,transfer
7249,12/05/2026,IT6789,1101.8,EUR,transfer
7250,07/01/2026,IT1234,1843.9,EUR,deposit
7251,01/02/2026,IT7890,97.31,EUR,transfer
7252,19/04/2026,IT6789,-773.57,EUR,withdrawal
7253,19/02/2026,IT3456,-415.09,EUR,transfer
7254,19/01/2026,IT4567,23%02))12,EUR,deposit
7255,26/02/2026,IT3456,1404.98,EUR,deposit
7256,11/02/2026,IT8901,4696.44,EUR,deposit
7257,26/04/2026,IT3456,-747.11,EUR,withdrawal
7258,26/01/2026,IT6789,3296.96,EUR,deposit
7259,15/01/2026,IT1234,-605.74,EUR,transfer
7260,22/02/2026,IT3456,174.2,EUR,transfer
7261,10/01/2026,IT2345,-1308.13,EUR,withdrawal
7262,29/05/2026,IT4567,1081.52,EUR,transfer
7263,07/04/2026,IT2345,-1607.65,EUR,withdrawal
7264,26/05/2026,IT2345,3485.84,EUR,deposit
7265,23/04/2026,IT7890,1162.26,EUR,transfer
7266,01/04/2026,IT5678,1151.92,EUR,deposit
7267,12/03/2026,IT4567,-998.88,EUR,withdrawal
7268,25/05/2026,IT7890,-1498.45,EUR,transfer
7269,19/04/2026,IT6789,-999.76,EUR,withdrawal
7270,18/01/2026,IT1234,-869.34,EUR,transfer
7271,18/03/2026,IT2345,2116.36,EUR,deposit
7272,03/05/2026,IT7890,4718.97,EUR,deposit
7273,10/05/2026,IT7890,-586.9,EUR,withdrawal
7274,01/04/2026,IT5678,-1255.79,EUR,withdrawal
7275,15/05/2026,IT3456,-1108.4,EUR,withdrawal
7276,16/02/2026,IT4567,-905.72,EUR,transfer
7277,25/03/2026,IT8901,2336.51,EUR,deposit
7278,20/02/2026,IT5678,3046.53,EUR,deposit
7279,15/02/2026,IT3456,-1654.07,EUR,withdrawal
7280,27/02/2026,IT2345,-18.66,EUR,transfer
7281,30/05/2026,IT2345,3586.43,EUR,deposit
7282,07/02/2026,IT3456,4143.08,EUR,deposit
7283,06/01/2026,IT4567,1957.92,EUR,deposit
7284,24/02/2026,IT8901,3046.97,EUR,deposit
7285,25/05/2026,IT6789,1538.55,EUR,deposit
7286,27/02/2026,IT7890,-646.04,EUR,transfer
7287,28/04/2026,IT6789,1004.89,EUR,deposit
7288,12/05/2026,IT7890,-551.96,EUR,transfer
7289,21/03/2026,IT5678,534.16,EUR,deposit
7290,18/03/2026,IT4567,-558.73,EUR,transfer
7291,28/04/2026,IT1234,-619.41,EUR,withdrawal
7292,01/01/1750,IT3456,373.37,EUR,deposit
7293,14/03/2026,IT1234,2985.67,EUR,deposit
7294,26/01/2026,IT5678,-257.4,EUR,withdrawal
7295,21/01/2026,IT4567,3578.04,EUR,deposit
7296,22/02/2026,IT5678,-1017.68,EUR,transfer
7297,03/01/2026,IT7890,2779.1,EUR,deposit
7298,08/03/2026,IT4567,-1457.42,EUR,withdrawal
7299,25/04/2026,IT1234,3351.44,EUR,deposit
7300,22/01/2026,IT8901,-275.04,EUR,withdrawal
7301,26/03/2026,IT7890,1061.96,EUR,transfer
7302,16/03/2026,IT4567,-706.07,EUR,transfer
7303,12/05/2026,IT7890,-429.85,EUR,withdrawal
7304,07/02/2026,IT7890,-536.86,EUR,withdrawal
7305,06/04/2026,IT4567,1043.58,EUR,deposit
7306,17/01/2026,IT6789,-1138.46,EUR,transfer
7307,09/04/2026,IT8901,1831.83,EUR,deposit
7308,28/03/2026,IT5678,2844.41,EUR,deposit
7309,22/03/2026,IT4567,394.0,EUR,transfer
7310,11/03/2026,IT2345,2720.26,EUR,deposit
7311,21/03/2026,IT7890,1530.73,EUR,deposit
7312,22/05/2026,IT7890,2123.17,EUR,deposit
7313,01/04/2026,IT2345,4197.88,EUR,deposit
7314,01/01/2026,IT7890,4229.67,EUR,deposit
7315,10/02/2026,IT7890,-971.52,EUR,withdrawal
7316,18/02/2026,IT4567,416.21,EUR,transfer
7317,21/02/2026,IT4567,417.52,EUR,deposit
7318,19/04/2026,IT8901,4034.3,EUR,deposit
7319,01/04/2026,IT2345,-592.83,EUR,transfer
7320,02/03/2026,IT6789,-186.42,EUR,withdrawal
7321,09/04/2026,IT2345,4976.51,EUR,deposit
7322,08/05/2026,IT2345,-1409.62,EUR,transfer
7323,31/03/2026,IT6789,-1023.24,EUR,withdrawal
7324,13/02/2026,IT6789,4071.09,EUR,deposit
7325,26/04/2026,IT2345,-814.92,EUR,withdrawal
7326,28/05/2026,IT1234,4039.53,EUR,deposit
7327,21/01/2026,IT2345,2468.79,EUR,deposit
7328,15/02/2026,IT2345,1314.7,EUR,deposit
7329,28/05/2026,IT2345,4178.01,EUR,deposit
7330,28/01/2026,IT1234,74.37,EUR,transfer
7331,22/04/2026,IT7890,3948.71,EUR,deposit
7332,09/03/2026,IT5678,516.7,EUR,transfer
7333,14/05/2026,IT3456,1349.48,EUR,transfer
7334,26/03/2026,IT8901,-1478.51,EUR,withdrawal
7335,23/04/2026,IT1234,-892.46,EUR,transfer
7336,05/04/2026,IT3456,-750.05,EUR,transfer
7337,29/03/2026,IT4567,-1961.33,EUR,withdrawal
7338,31/01/2026,IT4567,2562.22,EUR,deposit
7339,13/04/2026,IT8901,-560.37,EUR,transfer
7340,08/02/2026,IT7890,-1763.32,EUR,withdrawal
7341,04/04/2026,IT5678,-1481.74,EUR,withdrawal
7342,30/03/2026,IT4567,-595.24,EUR,withdrawal
7343,08/04/2026,IT4567,1096.98,EUR,transfer
7344,21/01/2026,IT6789,2164.53,EUR,deposit
7345,03/01/2026,IT1234,-1024.59,EUR,withdrawal
7346,14/04/2026,IT6789,4307.85,EUR,deposit
7347,26/02/2026,IT3456,-451.06,EUR,withdrawal
7348,13/03/2026,IT8901,-656.53,EUR,transfer
7349,19/03/2026,IT2345,-1288.63,EUR,withdrawal
7350,06/03/2026,IT8901,-124.06,EUR,withdrawal
7351,17/05/2026,IT2345,839.11,EUR,transfer
7352,28/02/2026,IT7890,11.43,EUR,transfer
7353,16/05/2026,IT1234,3435.86,EUR,deposit
7354,24/03/2026,IT7890,3271.71,EUR,deposit
7355,17/01/2026,IT3456,327.89,EUR,transfer
7356,18/02/2026,IT4567,4443.83,EUR,deposit
7357,09/02/2026,IT7890,-1190.39,EUR,withdrawal
7358,31/03/2026,IT3456,-39.51,EUR,withdrawal
7359,05/04/2026,IT3456,4581.6,EUR,deposit
7360,08/05/2026,IT8901,-548.92,EUR,transfer
7361,17/05/2026,IT4567,1348.36,EUR,transfer
7362,01/04/2026,IT5678,-278.72,EUR,transfer
7363,16/01/2026,IT3456,-480.09,EUR,withdrawal
7364,30/05/2026,IT1234,1078.27,EUR,transfer
7365,20/03/2026,IT7890,964.76,EUR,deposit
7366,03/05/2026,IT8901,2647.58,EUR,deposit
7367,30/05/2026,IT4567,955.44,EUR,deposit
7368,06/02/2026,IT3456,4473.07,EUR,deposit
7369,30/03/2026,IT7890,490.19,EUR,deposit
7370,29/05/2026,IT7890,-531.52,EUR,withdrawal
7371,04/05/2026,IT3456,105.8,EUR,transfer
7372,10/04/2026,IT3456,-333.44,EUR,transfer
7373,22/01/2026,IT2345,1140.03,EUR,deposit
7374,20/01/2026,IT3456,-1737.09,EUR,withdrawal
7375,16/05/2026,IT8901,1233.11,EUR,deposit
7376,21/05/2026,IT3456,-605.34,EUR,withdrawal
7377,24/01/2026,IT8901,16.83,EUR,transfer
7378,29/01/2026,IT3456,1618.98,EUR,deposit
7379,17/05/2026,IT7890,496.86,EUR,deposit
7380,13/03/2026,IT3456,-1370.59,EUR,transfer
7381,27/05/2026,IT6789,2734.82,EUR,deposit
7382,17/04/2026,IT5678,-1012.7,EUR,withdrawal
7383,07/03/2026,IT7890,-1569.0,EUR,withdrawal
7384,06/05/2026,IT4567,1132.62,EUR,deposit
7385,31/01/2026,IT7890,2579.89,EUR,deposit
7386,04/05/2026,IT7890,610.23,EUR,transfer
7387,17/02/2026,IT6789,-6.58,EUR,transfer
7388,26/02/2026,IT3456,-40.65,EUR,withdrawal
7389,18/01/2026,IT6789,-745.34,EUR,withdrawal
7390,31/03/2026,IT2345,-160.34,EUR,withdrawal
7391,07/04/2026,IT8901,576.88,EUR,deposit
7392,03/03/2026,IT4567,182.71,EUR,transfer
7393,20/01/2026,IT7890,-532.2,EUR,withdrawal
7394,24/04/2026,IT2345,167.88,EUR,transfer
7395,18/03/2026,IT8901,-987.19,EUR,withdrawal
7396,02/02/2026,IT5678,1958.22,EUR,deposit
7397,15/05/2026,IT2345,1374.44,EUR,transfer
7398,02/05/2026,IT3456,-1048.16,EUR,transfer
7399,11/03/2026,IT8901,1807.44,EUR,deposit
7400,13/03/2026,IT1234,-1772.25,EUR,withdrawal
7401,12/03/2026,IT4567,-67.04,EUR,transfer
7402,14/02/2026,IT3456,-916.68,EUR,withdrawal
7403,28/05/2026,IT7890,1117.4,EUR,transfer
7404,19/04/2026,IT2345,-388.12,EUR,transfer
7405,24/03/2026,IT5678,-218.73,EUR,withdrawal
7406,27/01/2026,IT7890,-1450.15,EUR,transfer
7407,02/01/2026,IT3456,-1194.64,EUR,transfer
7408,15/04/2026,IT1234,465.11,EUR,transfer
7409,24/03/2026,IT1234,4611.72,EUR,deposit
7410,12/03/2026,IT6789,-253.13,EUR,withdrawal
7411,30/01/2026,IT4567,-1113.34,EUR,transfer
7412,15/05/2026,IT7890,-1405.1,EUR,withdrawal
7413,04/02/2026,IT7890,870.45,EUR,deposit
7414,25/01/2026,IT4567,3583.73,EUR,deposit
7415,15/04/2026,IT5678,-1080.72,EUR,withdrawal
7416,16/05/2026,IT5678,542.42,EUR,deposit
7417,14/03/2026,IT1234,-939.04,EUR,withdrawal
7418,16/05/2026,IT5678,500.95,EUR,transfer
7419,01/01/1750,IT5678,3043.37,EUR,deposit
7420,19/04/2026,IT1234,429.84,EUR,transfer
7421,03/03/2026,IT8901,-277.74,EUR,withdrawal
7422,15/04/2026,IT4567,1865.38,EUR,deposit
7423,28/01/2026,IT6789,23%02))12,EUR,deposit
7424,14/01/2026,IT4567,-959.81,EUR,transfer
7425,25/01/2026,IT3456,-661.32,EUR,withdrawal
7426,01/01/2026,IT4567,2356.76,EUR,deposit
7427,01/01/1750,IT1234,1729.21,EUR,deposit
7428,24/05/2026,IT2345,-1815.44,EUR,withdrawal
7429,05/04/2026,IT8901,2694.83,EUR,deposit
7430,16/05/2026,IT6789,498.72,EUR,deposit
7431,17/05/2026,IT5678,-901.67,EUR,withdrawal
7432,25/01/2026,IT6789,-1957.03,EUR,withdrawal
7433,23/02/2026,IT3456,-717.03,EUR,withdrawal
7434,08/05/2026,IT5678,-1723.39,EUR,withdrawal
7435,25/04/2026,IT1234,23%02))12,EUR,deposit
7436,06/04/2026,IT8901,272.17,EUR,transfer
7437,15/02/2026,IT2345,-635.01,EUR,withdrawal
7438,07/03/2026,IT8901,-483.11,EUR,withdrawal
7439,18/04/2026,IT6789,-1086.83,EUR,withdrawal
7440,21/01/2026,IT4567,-1598.97,EUR,withdrawal
7441,30/01/2026,IT8901,-1484.29,EUR,withdrawal
7442,04/01/2026,IT2345,-1633.75,EUR,withdrawal
7443,06/02/2026,IT8901,-339.67,EUR,transfer
7444,11/03/2026,IT6789,4288.52,EUR,deposit
7445,21/03/2026,IT8901,-1272.85,EUR,withdrawal
7446,23/02/2026,IT3456,-32.21,EUR,withdrawal
7447,28/01/2026,IT1234,2889.27,EUR,deposit
7448,09/02/2026,IT6789,-1408.16,EUR,withdrawal
7449,02/04/2026,IT4567,-1382.93,EUR,transfer
7450,20/01/2026,IT2345,2472.93,EUR,deposit
7451,07/02/2026,IT6789,-1985.56,EUR,withdrawal
7452,09/05/2026,IT4567,756.73,EUR,transfer
7453,26/03/2026,IT4567,-485.86,EUR,withdrawal
7454,21/02/2026,IT4567,1328.28,EUR,transfer
7455,10/01/2026,IT3456,4211.66,EUR,deposit
7456,12/05/2026,IT2345,1294.67,EUR,transfer
7457,02/03/2026,IT3456,-224.98,EUR,withdrawal
7458,27/02/2026,IT6789,-246.51,EUR,transfer
7459,12/03/2026,IT3456,-185.28,EUR,withdrawal
7460,12/01/2026,IT3456,-1270.19,EUR,withdrawal
7461,11/01/2026,IT4567,4957.73,EUR,deposit
7462,16/05/2026,IT1234,-1196.93,EUR,transfer
7463,03/05/2026,IT5678,-229.99,EUR,withdrawal
7464,24/03/2026,IT4567,926.79,EUR,transfer
7465,20/04/2026,IT1234,577.72,EUR,transfer
7466,03/01/2026,IT7890,810.19,EUR,transfer
7467,14/04/2026,IT2345,161.48,EUR,transfer
7468,28/04/2026,IT5678,-590.08,EUR,transfer
7469,16/05/2026,IT1234,-1863.23,EUR,withdrawal
7470,09/02/2026,IT5678,808.22,EUR,deposit
7471,16/04/2026,IT8901,1766.72,EUR,deposit
7472,02/05/2026,IT3456,3965.52,EUR,deposit
7473,21/01/2026,IT4567,-598.93,EUR,withdrawal
7474,03/04/2026,IT3456,-1523.66,EUR,withdrawal
7475,22/02/2026,IT1234,1938.33,EUR,deposit
7476,14/05/2026,IT2345,-560.43,EUR,withdrawal
7477,17/04/2026,IT2345,-729.85,EUR,transfer
7478,01/02/2026,IT1234,-833.4,EUR,withdrawal
7479,27/03/2026,IT5678,-1025.6,EUR,transfer
7480,07/02/2026,IT1234,2635.19,EUR,deposit
7481,22/03/2026,IT4567,577.58,EUR,transfer
7482,24/04/2026,IT7890,23%02))12,EUR,withdrawal
7483,25/02/2026,IT1234,4521.99,EUR,deposit
7484,10/05/2026,IT6789,4644.58,EUR,deposit
7485,16/03/2026,IT1234,-135.96,EUR,withdrawal
7486,26/03/2026,IT2345,-779.77,EUR,withdrawal
7487,11/04/2026,IT4567,1396.67,EUR,deposit
7488,02/03/2026,IT1234,-1955.23,EUR,withdrawal
7489,28/01/2026,IT7890,1673.28,EUR,deposit
7490,15/03/2026,IT2345,-788.19,EUR,withdrawal
7491,01/03/2026,IT7890,4592.07,EUR,deposit
7492,30/03/2026,IT8901,4090.16,EUR,deposit
7493,30/05/2026,IT1234,1653.8,EUR,deposit
7494,26/01/2026,IT5678,-1466.37,EUR,transfer
7495,04/02/2026,IT6789,2435.6,EUR,deposit
7496,14/01/2026,IT5678,2836.64,EUR,deposit
7497,14/03/2026,IT4567,-36.04,EUR,transfer
7498,06/03/2026,IT2345,569.7,EUR,transfer
7499,07/02/2026,IT7890,-1399.95,EUR,withdrawal
7500,07/02/2026,IT6789,195.3,EUR,transfer
7501,15/02/2026,IT8901,702.01,EUR,transfer
7502,21/01/2026,IT5678,-1478.25,EUR,withdrawal
7503,,IT6789,-569.49,EUR,withdrawal
7504,18/01/2026,IT7890,-541.69,EUR,withdrawal
7505,14/03/2026,IT8901,766.04,EUR,transfer
7506,13/02/2026,IT3456,2614.0,EUR,deposit
7507,14/04/2026,IT8901,-1002.2,EUR,withdrawal
7508,09/03/2026,IT7890,-492.8,EUR,withdrawal
7509,02/03/2026,IT8901,2407.22,EUR,deposit
7510,24/05/2026,IT3456,-754.95,EUR,withdrawal
7511,25/01/2026,IT2345,-1990.53,EUR,withdrawal
7512,17/01/2026,IT1234,-1780.86,EUR,withdrawal
7513,16/05/2026,IT3456,3846.42,EUR,deposit
7514,29/03/2026,IT8901,4993.04,EUR,deposit
7515,11/05/2026,IT1234,-634.92,EUR,transfer
7516,02/01/2026,IT7890,544.75,EUR,deposit
7517,09/05/2026,IT1234,-1613.44,EUR,withdrawal
7518,15/03/2026,IT5678,1387.59,EUR,transfer
7519,30/04/2026,IT5678,-1804.1,EUR,withdrawal
7520,07/03/2026,IT3456,4091.1,EUR,deposit
7521,09/04/2026,IT3456,1446.97,EUR,transfer
7522,13/04/2026,IT5678,-630.7,EUR,withdrawal
7523,29/05/2026,IT3456,-1382.96,EUR,withdrawal
7524,17/05/2026,IT8901,-1587.52,EUR,withdrawal
7525,27/03/2026,IT8901,1641.61,EUR,deposit
7526,18/04/2026,IT1234,-40.59,EUR,transfer
7527,10/02/2026,IT7890,-1190.37,EUR,withdrawal
7528,10/01/2026,IT4567,-210.16,EUR,transfer
7529,17/01/2026,IT5678,-51.72,EUR,transfer
7530,14/02/2026,IT3456,-1252.21,EUR,transfer
7531,04/02/2026,IT4567,518.56,EUR,transfer
7532,23/05/2026,IT7890,1055.06,EUR,deposit
7533,14/04/2026,IT3456,-685.14,EUR,withdrawal
7534,15/02/2026,IT4567,-203.82,EUR,withdrawal
7535,05/01/2026,IT6789,-41.59,EUR,withdrawal
7536,16/03/2026,IT7890,93.97,EUR,deposit
7537,16/03/2026,IT8901,-198.41,EUR,withdrawal
7538,20/03/2026,IT6789,-427.57,EUR,withdrawal
7539,20/03/2026,IT5678,153.29,EUR,transfer
7540,20/02/2026,IT8901,-1664.44,EUR,withdrawal
7541,27/03/2026,IT5678,4901.88,EUR,deposit
7542,12/03/2026,IT5678,-389.69,EUR,withdrawal
7543,21/01/2026,IT4567,-286.78,EUR,withdrawal
7544,19/04/2026,IT5678,-137.71,EUR,withdrawal
7545,06/03/2026,IT8901,-113.95,EUR,withdrawal
7546,28/02/2026,IT5678,-165.84,EUR,transfer
7547,18/02/2026,IT1234,-1849.15,EUR,withdrawal
7548,22/01/2026,IT2345,4350.85,EUR,deposit
7549,19/05/2026,IT5678,2807.14,EUR,deposit
7550,10/01/2026,IT6789,-849.53,EUR,transfer
7551,25/03/2026,IT2345,-377.8,EUR,transfer
7552,19/02/2026,IT2345,1154.56,EUR,transfer
7553,22/02/2026,IT2345,-1785.52,EUR,withdrawal
7554,29/01/2026,IT2345,932.52,EUR,transfer
7555,17/03/2026,IT3456,2948.63,EUR,deposit
7556,08/05/2026,IT4567,3789.21,EUR,deposit
7557,03/04/2026,IT8901,-461.14,EUR,transfer
7558,03/05/2026,IT8901,-1580.57,EUR,withdrawal
7559,03/04/2026,IT7890,4263.92,EUR,deposit
7560,01/02/2026,IT5678,651.82,EUR,deposit
7561,22/02/2026,IT4567,1154.76,EUR,deposit
7562,05/02/2026,IT2345,669.06,EUR,transfer
7563,16/04/2026,IT1234,-878.22,EUR,transfer
7564,11/01/2026,IT1234,148.11,EUR,deposit
7565,10/01/2026,IT1234,3830.29,EUR,deposit
7566,23/03/2026,IT7890,-304.13,EUR,withdrawal
7567,05/01/2026,IT6789,426.66,EUR,deposit
7568,27/02/2026,IT1234,-338.63,EUR,withdrawal
7569,04/01/2026,IT3456,-399.36,EUR,transfer
7570,17/04/2026,IT2345,1646.06,EUR,deposit
7571,29/04/2026,IT8901,755.79,EUR,transfer
7572,28/02/2026,IT6789,-384.13,EUR,withdrawal
7573,24/03/2026,IT2345,1533.03,EUR,deposit
7574,22/02/2026,IT7890,1217.96,EUR,deposit
7575,11/01/2026,IT2345,3497.44,EUR,deposit
7576,14/03/2026,IT1234,-392.82,EUR,transfer
7577,21/01/2026,IT2345,201.81,EUR,transfer
7578,12/05/2026,IT7890,-583.75,EUR,transfer
7579,29/04/2026,IT5678,643.37,EUR,transfer
7580,17/03/2026,IT7890,655.17,EUR,transfer
7581,22/04/2026,IT4567,521.34,EUR,deposit
7582,25/05/2026,IT8901,941.96,EUR,deposit
7583,11/01/2026,IT6789,-1356.99,EUR,transfer
7584,04/04/2026,IT1234,2195.63,EUR,deposit
7585,01/01/2026,IT6789,-1354.04,EUR,transfer
7586,14/05/2026,IT8901,-1236.82,EUR,withdrawal
7587,13/03/2026,IT7890,2063.19,EUR,deposit
7588,05/02/2026,IT1234,-303.95,EUR,transfer
7589,01/05/2026,IT3456,79.55,EUR,deposit
7590,25/03/2026,IT2345,-1071.65,EUR,withdrawal
7591,06/05/2026,IT5678,-742.98,EUR,withdrawal
7592,03/02/2026,IT8901,1037.53,EUR,transfer
7593,28/04/2026,IT3456,-80.06,EUR,transfer
7594,18/04/2026,IT3456,272.62,EUR,transfer
7595,30/05/2026,IT1234,2939.54,EUR,deposit
7596,08/02/2026,IT5678,-1996.71,EUR,withdrawal
7597,01/03/2026,IT2345,-813.1,EUR,withdrawal
7598,13/04/2026,IT2345,-773.05,EUR,transfer
7599,02/03/2026,IT1234,4044.91,EUR,deposit
7600,10/05/2026,IT2345,-1913.53,EUR,withdrawal
7601,29/03/2026,IT3456,-1705.18,EUR,withdrawal
7602,13/01/2026,IT4567,1195.16,EUR,transfer
7603,28/02/2026,IT2345,1097.65,EUR,transfer
7604,11/01/2026,IT8901,1942.73,EUR,deposit
7605,16/04/2026,IT5678,-1408.66,EUR,transfer
7606,28/02/2026,IT8901,3276.39,EUR,deposit
7607,16/02/2026,IT1234,360.96,EUR,transfer
7608,06/03/2026,IT6789,-1070.9,EUR,withdrawal
7609,06/02/2026,IT7890,3752.16,EUR,deposit
7610,06/05/2026,IT6789,682.6,EUR,deposit
7611,10/02/2026,IT1234,2696.79,EUR,deposit
7612,08/05/2026,IT6789,-1772.97,EUR,withdrawal
7613,03/05/2026,IT4567,2312.11,EUR,deposit
7614,23/01/2026,IT5678,-1417.13,EUR,withdrawal
7615,10/02/2026,IT5678,773.32,EUR,deposit
7616,21/04/2026,IT1234,1334.52,EUR,transfer
7617,23/03/2026,IT1234,-607.8,EUR,withdrawal
7618,16/01/2026,IT7890,-1433.09,EUR,withdrawal
7619,29/01/2026,IT3456,1490.96,EUR,transfer
7620,06/05/2026,IT6789,2256.24,EUR,deposit
7621,13/04/2026,IT7890,1985.84,EUR,deposit
7622,06/03/2026,IT2345,3273.53,EUR,deposit
7623,24/01/2026,IT1234,-184.11,EUR,transfer
7624,18/03/2026,IT7890,-460.52,EUR,withdrawal
7625,08/05/2026,IT7890,-678.88,EUR,withdrawal
7626,16/02/2026,IT2345,-412.07,EUR,withdrawal
7627,16/03/2026,IT6789,208.59,EUR,deposit
7628,13/04/2026,IT3456,-588.98,EUR,withdrawal
7629,03/02/2026,IT3456,1486.27,EUR,deposit
7630,16/02/2026,IT7890,-676.63,EUR,withdrawal
7631,17/05/2026,IT4567,-1496.77,EUR,transfer
7632,26/02/2026,IT8901,914.43,EUR,transfer
7633,26/02/2026,IT1234,640.1,EUR,transfer
7634,24/04/2026,IT3456,1360.34,EUR,deposit
7635,01/05/2026,IT6789,-480.31,EUR,withdrawal
7636,16/04/2026,IT5678,2326.5,EUR,deposit
7637,26/05/2026,IT8901,1339.0,EUR,transfer
7638,03/02/2026,IT8901,-739.55,EUR,withdrawal
7639,30/01/2026,IT1234,-1262.25,EUR,withdrawal
7640,18/03/2026,IT6789,-43.17,EUR,withdrawal
7641,06/04/2026,IT5678,-1452.83,EUR,withdrawal
7642,28/01/2026,IT2345,-1405.67,EUR,transfer
7643,08/03/2026,IT4567,2160.99,EUR,deposit
7644,26/01/2026,IT8901,-540.2,EUR,withdrawal
7645,23/04/2026,IT6789,3717.24,EUR,deposit
7646,10/05/2026,IT4567,892.15,EUR,transfer
7647,29/05/2026,IT4567,1170.89,EUR,deposit
7648,11/04/2026,IT1234,1402.87,EUR,transfer
7649,11/04/2026,IT4567,-1006.36,EUR,transfer
7650,19/05/2026,IT7890,3918.63,EUR,deposit
7651,20/04/2026,IT4567,-1056.96,EUR,transfer
7652,05/03/2026,IT5678,-1179.11,EUR,withdrawal
7653,13/04/2026,IT7890,-367.24,EUR,transfer
7654,16/01/2026,IT2345,-452.87,EUR,withdrawal
7655,10/05/2026,IT6789,515.22,EUR,deposit
7656,01/05/2026,IT8901,1298.91,EUR,transfer
7657,09/02/2026,IT3456,-1370.89,EUR,withdrawal
7658,05/02/2026,IT6789,-1666.44,EUR,withdrawal
7659,25/04/2026,IT4567,-74.67,EUR,withdrawal
7660,10/02/2026,IT7890,435.89,EUR,transfer
7661,19/04/2026,IT2345,107.2,EUR,transfer
7662,05/04/2026,IT5678,3513.53,EUR,deposit
7663,09/03/2026,IT5678,1409.6,EUR,transfer
7664,07/02/2026,IT8901,-892.74,EUR,withdrawal
7665,23/05/2026,IT1234,430.55,EUR,transfer
7666,20/04/2026,IT1234,-1930.81,EUR,withdrawal
7667,07/03/2026,IT7890,3637.23,EUR,deposit
7668,05/05/2026,IT3456,-1950.69,EUR,withdrawal
7669,18/04/2026,IT2345,-1423.95,EUR,transfer
7670,24/04/2026,IT8901,2542.81,EUR,deposit
7671,11/05/2026,IT8901,277.84,EUR,deposit
7672,17/03/2026,IT6789,1017.7,EUR,deposit
7673,02/05/2026,IT1234,-1055.77,EUR,withdrawal
7674,16/01/2026,IT3456,3317.7,EUR,deposit
7675,10/01/2026,IT8901,-153.21,EUR,withdrawal
7676,15/02/2026,IT6789,-518.23,EUR,transfer
7677,23/01/2026,IT5678,-1900.11,EUR,withdrawal
7678,23/02/2026,IT7890,-827.45,EUR,transfer
7679,01/03/2026,IT3456,4515.13,EUR,deposit
7680,21/01/2026,IT6789,2164.12,EUR,deposit
7681,15/02/2026,IT5678,4866.09,EUR,deposit
7682,26/04/2026,IT7890,4955.82,EUR,deposit
7683,06/02/2026,IT6789,576.75,EUR,deposit
7684,07/04/2026,IT5678,-98.01,EUR,withdrawal
7685,16/03/2026,IT8901,-110.25,EUR,withdrawal
7686,09/05/2026,IT1234,-994.53,EUR,withdrawal
7687,07/05/2026,IT7890,1623.57,EUR,deposit
7688,07/04/2026,IT6789,-1315.42,EUR,withdrawal
7689,08/02/2026,IT1234,-1098.38,EUR,transfer
7690,04/01/2026,IT2345,2987.21,EUR,deposit
7691,22/04/2026,IT3456,-700.56,EUR,withdrawal
7692,20/01/2026,IT4567,3066.69,EUR,deposit
7693,18/04/2026,IT2345,-480.53,EUR,withdrawal
7694,24/04/2026,IT6789,892.87,EUR,transfer
7695,18/05/2026,IT8901,-912.61,EUR,transfer
7696,21/01/2026,IT6789,-1363.83,EUR,withdrawal
7697,18/03/2026,IT4567,-415.73,EUR,withdrawal
7698,04/03/2026,IT6789,-1063.41,EUR,withdrawal
7699,03/02/2026,IT4567,3666.82,EUR,deposit
7700,13/03/2026,IT4567,-567.28,EUR,transfer
7701,05/02/2026,IT4567,222.13,EUR,transfer
7702,26/04/2026,IT5678,1258.39,EUR,deposit
7703,25/03/2026,IT6789,741.47,EUR,deposit
7704,19/04/2026,IT4567,-959.85,EUR,withdrawal
7705,18/05/2026,IT1234,-608.96,EUR,withdrawal
7706,27/04/2026,IT2345,769.18,EUR,transfer
7707,15/05/2026,IT2345,3541.75,EUR,deposit
7708,01/01/2026,IT5678,3238.84,EUR,deposit
7709,03/05/2026,IT3456,2295.15,EUR,deposit
7710,09/05/2026,IT3456,3534.33,EUR,deposit
7711,23/04/2026,IT3456,-1436.51,EUR,withdrawal
7712,14/05/2026,IT6789,-753.86,EUR,withdrawal
7713,10/02/2026,IT5678,4868.99,EUR,deposit
7714,19/04/2026,IT1234,950.43,EUR,transfer
7715,24/01/2026,IT3456,-742.77,EUR,transfer
7716,24/01/2026,IT8901,-1411.62,EUR,transfer
7717,10/04/2026,IT1234,-425.85,EUR,transfer
7718,01/05/2026,IT5678,1071.08,EUR,transfer
7719,01/02/2026,IT6789,4681.3,EUR,deposit
7720,06/03/2026,IT6789,2681.58,EUR,deposit
7721,31/01/2026,IT4567,-1929.71,EUR,withdrawal
7722,06/03/2026,IT8901,1828.41,EUR,deposit
7723,23/01/2026,IT1234,630.48,EUR,transfer
7724,12/02/2026,IT5678,3646.81,EUR,deposit
7725,04/01/2026,IT7890,-321.96,EUR,transfer
7726,20/03/2026,IT7890,-1240.99,EUR,transfer
7727,04/05/2026,IT1234,3755.1,EUR,deposit
7728,16/01/2026,IT2345,-1152.44,EUR,withdrawal
7729,14/02/2026,IT4567,-944.76,EUR,withdrawal
7730,04/03/2026,IT1234,-972.69,EUR,transfer
7731,08/02/2026,IT2345,1137.7,EUR,deposit
7732,21/02/2026,IT3456,3128.87,EUR,deposit
7733,25/05/2026,IT8901,-1364.66,EUR,withdrawal
7734,16/05/2026,IT5678,190.15,EUR,transfer
7735,10/01/2026,IT6789,1305.89,EUR,deposit
7736,04/05/2026,IT5678,4886.94,EUR,deposit
7737,28/01/2026,IT6789,-37.62,EUR,withdrawal
7738,03/01/2026,IT2345,-1922.31,EUR,withdrawal
7739,30/04/2026,IT3456,218.48,EUR,transfer
7740,15/04/2026,IT5678,-939.02,EUR,transfer
7741,06/03/2026,IT5678,-121.3,EUR,transfer
7742,01/05/2026,IT3456,45.92,EUR,transfer
7743,08/02/2026,IT4567,340.43,EUR,transfer
7744,18/02/2026,IT4567,4704.27,EUR,deposit
7745,01/01/1750,IT4567,-169.05,EUR,transfer
7746,03/02/2026,IT1234,1411.11,EUR,transfer
7747,03/01/2026,IT6789,-1100.85,EUR,transfer
7748,10/04/2026,IT1234,-1745.87,EUR,withdrawal
7749,05/01/2026,IT1234,-1254.1,EUR,withdrawal
7750,04/05/2026,IT3456,-1603.91,EUR,withdrawal
7751,12/03/2026,IT2345,-1897.32,EUR,withdrawal
7752,04/01/2026,IT5678,-909.09,EUR,transfer
7753,19/05/2026,IT6789,-627.61,EUR,transfer
7754,10/01/2026,IT4567,841.66,EUR,transfer
7755,25/01/2026,IT6789,-1505.57,EUR,withdrawal
7756,10/05/2026,IT3456,4981.2,EUR,deposit
7757,05/05/2026,IT6789,-660.4,EUR,transfer
7758,04/05/2026,IT7890,699.53,EUR,deposit
7759,26/01/2026,IT3456,-786.41,EUR,transfer
7760,08/04/2026,IT5678,3168.49,EUR,deposit
7761,05/01/2026,IT7890,4183.75,EUR,deposit
7762,21/04/2026,IT2345,-105.77,EUR,withdrawal
7763,13/01/2026,IT5678,3112.89,EUR,deposit
7764,05/03/2026,IT1234,-672.17,EUR,withdrawal
7765,07/02/2026,IT2345,-1850.64,EUR,withdrawal
7766,30/04/2026,IT6789,-1949.0,EUR,withdrawal
7767,22/03/2026,IT6789,23%02))12,EUR,withdrawal
7768,07/02/2026,IT8901,4893.58,EUR,deposit
7769,06/05/2026,IT4567,3468.55,EUR,deposit
7770,24/05/2026,IT4567,245.37,EUR,transfer
7771,14/05/2026,IT5678,-1308.36,EUR,withdrawal
7772,19/03/2026,IT6789,89.9,EUR,deposit
7773,27/04/2026,IT5678,-225.32,EUR,withdrawal
7774,14/05/2026,IT1234,1681.54,EUR,deposit
7775,03/05/2026,IT1234,-117.65,EUR,withdrawal
7776,01/03/2026,IT8901,463.74,EUR,transfer
7777,28/05/2026,IT7890,2693.08,EUR,deposit
7778,21/05/2026,IT6789,-506.3,EUR,withdrawal
7779,06/01/2026,IT7890,-1237.94,EUR,transfer
7780,09/01/2026,IT8901,4603.9,EUR,deposit
7781,23/05/2026,IT3456,-67.51,EUR,withdrawal
7782,01/02/2026,IT2345,2217.94,EUR,deposit
7783,07/02/2026,IT6789,733.42,EUR,transfer
7784,19/04/2026,IT7890,-1776.42,EUR,withdrawal
7785,26/05/2026,IT8901,-802.91,EUR,transfer
7786,02/02/2026,IT4567,-414.23,EUR,withdrawal
7787,25/05/2026,IT1234,2395.09,EUR,deposit
7788,09/04/2026,IT7890,3718.89,EUR,deposit
7789,07/01/2026,IT7890,672.63,EUR,transfer
7790,13/02/2026,IT1234,3700.52,EUR,deposit
7791,18/05/2026,IT5678,-791.27,EUR,transfer
7792,14/02/2026,IT6789,963.8,EUR,transfer
7793,09/05/2026,IT2345,-177.5,EUR,withdrawal
7794,20/03/2026,IT2345,4153.16,EUR,deposit
7795,10/01/2026,IT7890,4324.56,EUR,deposit
7796,05/01/2026,IT4567,791.89,EUR,transfer
7797,11/05/2026,IT4567,-957.44,EUR,withdrawal
7798,20/02/2026,IT8901,1249.36,EUR,transfer
7799,15/04/2026,IT5678,654.4,EUR,transfer
7800,03/04/2026,IT6789,-157.59,EUR,transfer
7801,15/01/2026,IT5678,-1545.76,EUR,withdrawal
7802,07/02/2026,IT6789,2093.97,EUR,deposit
7803,14/03/2026,IT8901,669.42,EUR,transfer
7804,16/05/2026,IT6789,337.53,EUR,transfer
7805,28/03/2026,IT6789,446.93,EUR,deposit
7806,26/02/2026,IT8901,-692.09,EUR,withdrawal
7807,10/05/2026,IT5678,-278.62,EUR,transfer
7808,21/03/2026,IT7890,-1046.76,EUR,transfer
7809,17/04/2026,IT5678,-1232.5,EUR,withdrawal
7810,02/03/2026,IT5678,1393.08,EUR,deposit
7811,22/05/2026,IT7890,2318.33,EUR,deposit
7812,24/01/2026,IT5678,-1821.62,EUR,withdrawal
7813,22/03/2026,IT1234,2554.55,EUR,deposit
7814,29/04/2026,IT6789,-528.33,EUR,transfer
7815,29/05/2026,IT2345,-663.68,EUR,transfer
7816,02/04/2026,IT6789,-1204.76,EUR,transfer
7817,14/05/2026,IT6789,3622.13,EUR,deposit
7818,23/02/2026,IT8901,-98.89,EUR,withdrawal
7819,01/01/1750,IT1234,817.04,EUR,deposit
7820,13/04/2026,IT4567,523.14,EUR,deposit
7821,05/01/2026,IT3456,-1018.88,EUR,withdrawal
7822,25/05/2026,IT7890,23%02))12,EUR,withdrawal
7823,18/01/2026,IT8901,-295.27,EUR,withdrawal
7824,01/01/1750,IT6789,1494.05,EUR,deposit
7825,25/05/2026,IT5678,1890.78,EUR,deposit
7826,22/05/2026,IT8901,-1038.24,EUR,withdrawal
7827,17/01/2026,IT1234,-312.19,EUR,withdrawal
7828,13/02/2026,IT5678,4356.32,EUR,deposit
7829,04/05/2026,IT7890,-532.86,EUR,withdrawal
7830,30/03/2026,IT4567,-534.38,EUR,withdrawal
7831,24/03/2026,IT8901,-1257.28,EUR,transfer
7832,15/02/2026,IT5678,-963.9,EUR,transfer
7833,13/04/2026,IT2345,2162.45,EUR,deposit
7834,11/05/2026,IT4567,-482.52,EUR,transfer
7835,14/03/2026,IT8901,1286.7,EUR,transfer
7836,25/04/2026,IT5678,4923.75,EUR,deposit
7837,20/04/2026,IT8901,-1232.95,EUR,withdrawal
7838,12/02/2026,IT1234,66.67,EUR,deposit
7839,09/04/2026,IT1234,-246.54,EUR,transfer
7840,07/01/2026,IT1234,-814.65,EUR,withdrawal
7841,04/03/2026,IT1234,1448.65,EUR,deposit
7842,23/01/2026,IT6789,3738.99,EUR,deposit
7843,17/01/2026,IT8901,-937.19,EUR,transfer
7844,03/03/2026,IT7890,3327.99,EUR,deposit
7845,18/02/2026,IT8901,1115.57,EUR,transfer
7846,18/04/2026,IT2345,11.64,EUR,transfer
7847,08/01/2026,IT8901,-324.06,EUR,withdrawal
7848,09/01/2026,IT6789,-941.37,EUR,withdrawal
7849,14/03/2026,IT6789,-1728.07,EUR,withdrawal
7850,10/01/2026,IT8901,456.81,EUR,transfer
7851,06/02/2026,IT5678,2674.41,EUR,deposit
7852,23/02/2026,IT6789,4410.07,EUR,deposit
7853,31/01/2026,IT6789,-153.1,EUR,transfer
7854,26/05/2026,IT1234,-213.85,EUR,transfer
7855,,IT3456,4202.55,EUR,deposit
7856,04/05/2026,IT4567,1703.9,EUR,deposit
7857,22/05/2026,IT8901,245.85,EUR,transfer
7858,30/04/2026,IT5678,585.43,EUR,transfer
7859,19/05/2026,IT7890,3164.22,EUR,deposit
7860,29/05/2026,IT8901,-352.51,EUR,withdrawal
7861,12/02/2026,IT2345,-413.18,EUR,withdrawal
7862,22/04/2026,IT3456,4661.87,EUR,deposit
7863,07/04/2026,IT4567,-1492.83,EUR,transfer
7864,24/04/2026,IT1234,3488.99,EUR,deposit
7865,06/02/2026,IT6789,-704.2,EUR,withdrawal
7866,08/04/2026,IT1234,733.47,EUR,transfer
7867,06/02/2026,IT4567,-412.25,EUR,withdrawal
7868,14/04/2026,IT7890,-1193.24,EUR,transfer
7869,,IT2345,709.33,EUR,deposit
7870,01/01/1750,IT4567,-686.03,EUR,withdrawal
7871,01/03/2026,IT2345,-1736.59,EUR,withdrawal
7872,27/05/2026,IT1234,2423.48,EUR,deposit
7873,01/02/2026,IT5678,1689.85,EUR,deposit
7874,08/03/2026,IT1234,-350.54,EUR,withdrawal
7875,24/05/2026,IT2345,1417.51,EUR,transfer
7876,19/02/2026,IT3456,-80.4,EUR,transfer
7877,11/02/2026,IT2345,-1042.74,EUR,transfer
7878,28/04/2026,IT8901,-1287.73,EUR,withdrawal
7879,24/02/2026,IT7890,1422.25,EUR,deposit
7880,23/05/2026,IT7890,23%02))12,EUR,transfer
7881,01/01/1750,IT7890,-1458.13,EUR,withdrawal
7882,02/01/2026,IT4567,-1927.55,EUR,withdrawal
7883,11/03/2026,IT3456,-1552.38,EUR,withdrawal
7884,11/02/2026,IT3456,1261.8,EUR,transfer
7885,30/03/2026,IT5678,881.98,EUR,transfer
7886,07/02/2026,IT3456,809.28,EUR,transfer
7887,05/04/2026,IT5678,23%02))12,EUR,transfer
7888,09/03/2026,IT7890,-380.86,EUR,withdrawal
7889,28/02/2026,IT5678,-1612.62,EUR,withdrawal
7890,19/03/2026,IT6789,-557.12,EUR,withdrawal
7891,11/03/2026,IT1234,4433.15,EUR,deposit
7892,03/01/2026,IT3456,-1781.26,EUR,withdrawal
7893,05/02/2026,IT6789,4041.04,EUR,deposit
7894,25/03/2026,IT7890,1050.27,EUR,deposit
7895,12/02/2026,IT5678,-87.9,EUR,transfer
7896,19/01/2026,IT3456,3307.23,EUR,deposit
7897,10/05/2026,IT8901,1479.98,EUR,transfer
7898,06/04/2026,IT3456,3336.96,EUR,deposit
7899,02/02/2026,IT6789,-226.29,EUR,withdrawal
7900,02/03/2026,IT8901,2829.14,EUR,deposit
7901,21/02/2026,IT1234,100.1,EUR,transfer
7902,23/03/2026,IT1234,4627.71,EUR,deposit
7903,13/05/2026,IT3456,3820.87,EUR,deposit
7904,11/03/2026,IT6789,23%02))12,EUR,deposit
7905,26/02/2026,IT1234,1488.03,EUR,deposit
7906,01/03/2026,IT8901,3389.9,EUR,deposit
7907,03/03/2026,IT6789,-1475.94,EUR,transfer
7908,27/04/2026,IT1234,3821.78,EUR,deposit
7909,04/05/2026,IT6789,935.89,EUR,transfer
7910,17/02/2026,IT7890,3270.07,EUR,deposit
7911,03/02/2026,IT8901,-1503.48,EUR,withdrawal
7912,03/02/2026,IT5678,534.97,EUR,transfer
7913,14/05/2026,IT7890,-878.37,EUR,withdrawal
7914,19/01/2026,IT4567,1137.03,EUR,transfer
7915,26/01/2026,IT2345,-750.2,EUR,withdrawal
7916,04/05/2026,IT7890,1096.97,EUR,transfer
7917,14/04/2026,IT6789,3769.03,EUR,deposit
7918,30/01/2026,IT5678,-387.78,EUR,transfer
7919,19/04/2026,IT6789,-1400.0,EUR,withdrawal
7920,29/04/2026,IT2345,4167.85,EUR,deposit
7921,23/04/2026,IT3456,3620.91,EUR,deposit
7922,02/02/2026,IT5678,857.14,EUR,transfer
7923,13/03/2026,IT8901,257.39,EUR,deposit
7924,07/02/2026,IT7890,1561.22,EUR,deposit
7925,24/02/2026,IT6789,-1489.17,EUR,withdrawal
7926,03/02/2026,IT8901,93.39,EUR,transfer
7927,24/03/2026,IT3456,-1750.01,EUR,withdrawal
7928,08/02/2026,IT3456,-904.77,EUR,transfer
7929,31/05/2026,IT6789,3694.82,EUR,deposit
7930,06/03/2026,IT3456,-988.97,EUR,withdrawal
7931,14/03/2026,IT3456,-1507.1,EUR,withdrawal
7932,21/04/2026,IT8901,1411.13,EUR,transfer
7933,18/04/2026,IT3456,-1203.91,EUR,transfer
7934,12/03/2026,IT4567,252.61,EUR,deposit
7935,17/05/2026,IT1234,810.5,EUR,deposit
7936,31/03/2026,IT1234,-1054.48,EUR,withdrawal
7937,25/02/2026,IT2345,-1795.38,EUR,withdrawal
7938,05/01/2026,IT2345,3205.07,EUR,deposit
7939,14/03/2026,IT6789,1828.95,EUR,deposit
7940,31/05/2026,IT1234,560.32,EUR,transfer
7941,26/05/2026,IT5678,-719.14,EUR,transfer
7942,28/01/2026,IT8901,-1472.87,EUR,withdrawal
7943,21/01/2026,IT4567,-776.45,EUR,transfer
7944,16/03/2026,IT3456,981.68,EUR,deposit
7945,21/05/2026,IT1234,-188.61,EUR,transfer
7946,13/05/2026,IT5678,1015.09,EUR,deposit
7947,11/02/2026,IT3456,182.36,EUR,deposit
7948,26/05/2026,IT7890,629.85,EUR,transfer
7949,10/04/2026,IT8901,3760.41,EUR,deposit
7950,01/04/2026,IT3456,3388.52,EUR,deposit
7951,24/01/2026,IT3456,397.6,EUR,transfer
7952,21/05/2026,IT1234,1469.01,EUR,deposit
7953,30/04/2026,IT2345,1525.07,EUR,deposit
7954,19/02/2026,IT4567,197.47,EUR,transfer
7955,17/03/2026,IT6789,-1078.75,EUR,withdrawal
7956,23/02/2026,IT3456,3838.8,EUR,deposit
7957,01/01/2026,IT6789,-104.39,EUR,withdrawal
7958,03/01/2026,IT1234,3698.65,EUR,deposit
7959,21/02/2026,IT1234,807.55,EUR,transfer
7960,,IT3456,-1604.68,EUR,withdrawal
7961,28/05/2026,IT7890,589.24,EUR,transfer
7962,24/03/2026,IT5678,1254.8,EUR,transfer
7963,08/04/2026,IT3456,-911.09,EUR,withdrawal
7964,03/02/2026,IT5678,-1965.49,EUR,withdrawal
7965,27/05/2026,IT3456,2600.76,EUR,deposit
7966,22/02/2026,IT7890,-957.77,EUR,transfer
7967,31/01/2026,IT1234,3754.51,EUR,deposit
7968,26/05/2026,IT8901,622.3,EUR,transfer
7969,03/05/2026,IT4567,487.06,EUR,transfer
7970,03/03/2026,IT5678,-547.44,EUR,withdrawal
7971,07/04/2026,IT4567,2019.21,EUR,deposit
7972,06/04/2026,IT5678,171.68,EUR,deposit
7973,07/01/2026,IT1234,4900.44,EUR,deposit
7974,04/04/2026,IT6789,-1795.24,EUR,withdrawal
7975,22/04/2026,IT3456,1510.44,EUR,deposit
7976,03/04/2026,IT3456,1380.85,EUR,transfer
7977,12/04/2026,IT5678,3700.08,EUR,deposit
7978,25/02/2026,IT6789,1012.35,EUR,transfer
7979,30/05/2026,IT8901,-351.76,EUR,withdrawal
7980,05/02/2026,IT5678,-1659.74,EUR,withdrawal
7981,12/05/2026,IT8901,-1050.23,EUR,transfer
7982,18/05/2026,IT5678,-1112.36,EUR,withdrawal
7983,05/02/2026,IT8901,-462.56,EUR,transfer
7984,06/01/2026,IT5678,123.56,EUR,transfer
7985,28/01/2026,IT8901,-1329.3,EUR,withdrawal
7986,04/03/2026,IT2345,-1133.3,EUR,withdrawal
7987,24/03/2026,IT6789,3565.16,EUR,deposit
7988,02/05/2026,IT2345,-753.21,EUR,transfer
7989,23/04/2026,IT1234,4423.91,EUR,deposit
7990,11/01/2026,IT1234,808.49,EUR,transfer
7991,16/01/2026,IT7890,1454.09,EUR,deposit
7992,23/02/2026,IT7890,628.29,EUR,transfer
7993,20/05/2026,IT8901,-1652.77,EUR,withdrawal
7994,06/05/2026,IT6789,-829.97,EUR,withdrawal
7995,09/05/2026,IT5678,1598.23,EUR,deposit
7996,14/05/2026,IT6789,-1119.43,EUR,withdrawal
7997,18/01/2026,IT4567,-110.49,EUR,transfer
7998,06/05/2026,IT5678,364.75,EUR,deposit
7999,16/04/2026,IT6789,-156.49,EUR,withdrawal
8000,14/03/2026,IT3456,4801.02,EUR,deposit
8001,02/03/2026,IT3456,1983.06,EUR,deposit
8002,27/01/2026,IT6789,1413.39,EUR,deposit
8003,09/01/2026,IT4567,4952.74,EUR,deposit
8004,04/05/2026,IT3456,-510.71,EUR,transfer
8005,19/04/2026,IT5678,545.88,EUR,transfer
8006,14/03/2026,IT4567,-660.53,EUR,withdrawal
8007,11/01/2026,IT6789,-803.92,EUR,withdrawal
8008,10/04/2026,IT1234,4643.28,EUR,deposit
8009,13/05/2026,IT3456,-884.05,EUR,withdrawal
8010,12/05/2026,IT7890,-1247.58,EUR,transfer
8011,27/05/2026,IT6789,3779.66,EUR,deposit
8012,18/02/2026,IT8901,-891.87,EUR,withdrawal
8013,24/02/2026,IT6789,2153.73,EUR,deposit
8014,30/05/2026,IT5678,4671.89,EUR,deposit
8015,09/02/2026,IT7890,-894.49,EUR,withdrawal
8016,11/01/2026,IT2345,-1386.13,EUR,transfer
8017,13/04/2026,IT2345,-924.25,EUR,withdrawal
8018,21/02/2026,IT2345,-1418.51,EUR,withdrawal
8019,03/04/2026,IT6789,23%02))12,EUR,withdrawal
8020,14/05/2026,IT3456,-1530.45,EUR,withdrawal
8021,22/04/2026,IT2345,4059.06,EUR,deposit
8022,12/05/2026,IT4567,-501.3,EUR,transfer
8023,12/04/2026,IT3456,1447.5,EUR,transfer
8024,19/04/2026,IT6789,-763.33,EUR,withdrawal
8025,16/04/2026,IT5678,-580.54,EUR,withdrawal
8026,22/05/2026,IT4567,-1039.16,EUR,withdrawal
8027,05/03/2026,IT1234,489.58,EUR,transfer
8028,06/05/2026,IT8901,268.65,EUR,transfer
8029,30/04/2026,IT3456,-1274.25,EUR,withdrawal
8030,09/05/2026,IT1234,1280.91,EUR,deposit
8031,24/02/2026,IT7890,-1140.65,EUR,withdrawal
8032,01/05/2026,IT3456,932.06,EUR,transfer
8033,03/01/2026,IT2345,-809.69,EUR,withdrawal
8034,26/02/2026,IT8901,1065.56,EUR,transfer
8035,18/04/2026,IT4567,-1028.41,EUR,transfer
8036,20/04/2026,IT4567,1282.01,EUR,transfer
8037,17/01/2026,IT7890,1181.15,EUR,deposit
8038,02/05/2026,IT3456,-407.48,EUR,transfer
8039,09/01/2026,IT3456,-1154.8,EUR,withdrawal
8040,01/01/1750,IT7890,-1072.05,EUR,transfer
8041,17/04/2026,IT2345,1428.95,EUR,transfer
8042,20/01/2026,IT6789,-1100.12,EUR,withdrawal
8043,28/03/2026,IT6789,3858.02,EUR,deposit
8044,31/05/2026,IT2345,-640.6,EUR,transfer
8045,14/03/2026,IT6789,-611.25,EUR,withdrawal
8046,02/02/2026,IT4567,-256.63,EUR,withdrawal
8047,11/05/2026,IT7890,-323.58,EUR,transfer
8048,07/04/2026,IT8901,395.81,EUR,deposit
8049,15/02/2026,IT8901,-1901.67,EUR,withdrawal
8050,20/05/2026,IT3456,378.62,EUR,deposit
8051,01/02/2026,IT7890,124.42,EUR,transfer
8052,20/02/2026,IT5678,3081.7,EUR,deposit
8053,08/05/2026,IT7890,-176.25,EUR,withdrawal
8054,29/03/2026,IT6789,2121.38,EUR,deposit
8055,26/02/2026,IT2345,-1448.29,EUR,withdrawal
8056,14/02/2026,IT7890,231.04,EUR,deposit
8057,30/04/2026,IT4567,1207.85,EUR,transfer
8058,13/02/2026,IT3456,4431.04,EUR,deposit
8059,20/05/2026,IT5678,-1672.95,EUR,withdrawal
8060,04/03/2026,IT5678,-937.1,EUR,withdrawal
8061,09/01/2026,IT3456,1471.56,EUR,deposit
8062,25/01/2026,IT1234,1594.22,EUR,deposit
8063,22/05/2026,IT8901,-1541.02,EUR,withdrawal
8064,03/01/2026,IT2345,2129.91,EUR,deposit
8065,08/05/2026,IT2345,1835.82,EUR,deposit
8066,20/02/2026,IT5678,3391.97,EUR,deposit
8067,,IT2345,-56.41,EUR,withdrawal
8068,27/03/2026,IT6789,-421.58,EUR,transfer
8069,08/01/2026,IT6789,3702.71,EUR,deposit
8070,30/04/2026,IT3456,1191.67,EUR,transfer
8071,20/01/2026,IT7890,329.54,EUR,transfer
8072,03/01/2026,IT3456,-1436.09,EUR,withdrawal
8073,26/05/2026,IT2345,-648.83,EUR,withdrawal
8074,16/05/2026,IT6789,1303.83,EUR,transfer
8075,21/02/2026,IT7890,-348.06,EUR,withdrawal
8076,03/05/2026,IT7890,4350.55,EUR,deposit
8077,10/01/2026,IT1234,-222.9,EUR,withdrawal
8078,28/02/2026,IT7890,-906.96,EUR,withdrawal
8079,02/01/2026,IT8901,1947.11,EUR,deposit
8080,06/04/2026,IT2345,-478.81,EUR,transfer
8081,08/03/2026,IT8901,386.68,EUR,deposit
8082,02/01/2026,IT8901,1808.17,EUR,deposit
8083,22/01/2026,IT8901,-1395.48,EUR,withdrawal
8084,07/04/2026,IT6789,-1182.8,EUR,withdrawal
8085,05/02/2026,IT5678,3483.75,EUR,deposit
8086,05/02/2026,IT5678,-478.5,EUR,withdrawal
8087,05/05/2026,IT4567,-1630.27,EUR,withdrawal
8088,26/03/2026,IT3456,-1721.18,EUR,withdrawal
8089,04/04/2026,IT2345,-1076.4,EUR,withdrawal
8090,13/01/2026,IT4567,2885.67,EUR,deposit
8091,20/05/2026,IT1234,3282.67,EUR,deposit
8092,18/03/2026,IT2345,2418.17,EUR,deposit
8093,07/04/2026,IT8901,-1438.81,EUR,withdrawal
8094,22/02/2026,IT1234,-1157.86,EUR,withdrawal
8095,12/01/2026,IT4567,-1176.25,EUR,withdrawal
8096,09/02/2026,IT5678,4045.77,EUR,deposit
8097,19/04/2026,IT8901,-1012.3,EUR,withdrawal
8098,26/05/2026,IT6789,1212.77,EUR,transfer
8099,13/05/2026,IT7890,-1108.39,EUR,transfer
8100,03/02/2026,IT5678,-942.67,EUR,withdrawal
8101,19/01/2026,IT3456,-1134.11,EUR,transfer
8102,13/02/2026,IT4567,2399.44,EUR,deposit
8103,24/01/2026,IT5678,235.06,EUR,transfer
8104,14/05/2026,IT1234,716.34,EUR,transfer
8105,14/05/2026,IT2345,-144.78,EUR,withdrawal
8106,20/04/2026,IT3456,380.44,EUR,transfer
8107,18/02/2026,IT2345,-378.04,EUR,withdrawal
8108,14/04/2026,IT3456,-1881.27,EUR,withdrawal
8109,28/02/2026,IT1234,333.1,EUR,transfer
8110,11/01/2026,IT5678,2516.05,EUR,deposit
8111,10/03/2026,IT5678,135.12,EUR,deposit
8112,05/02/2026,IT8901,2021.54,EUR,deposit
8113,05/03/2026,IT8901,-1712.07,EUR,withdrawal
8114,05/01/2026,IT8901,-1461.44,EUR,transfer
8115,16/03/2026,IT1234,-655.27,EUR,withdrawal
8116,02/04/2026,IT1234,1062.33,EUR,deposit
8117,14/03/2026,IT8901,-1780.53,EUR,withdrawal
8118,13/01/2026,IT3456,-120.06,EUR,transfer
8119,29/03/2026,IT7890,3559.91,EUR,deposit
8120,05/01/2026,IT6789,3392.93,EUR,deposit
8121,07/02/2026,IT2345,-74.36,EUR,withdrawal
8122,12/01/2026,IT2345,1709.04,EUR,deposit
8123,26/01/2026,IT7890,1615.58,EUR,deposit
8124,14/03/2026,IT4567,2474.57,EUR,deposit
8125,09/02/2026,IT2345,-708.84,EUR,transfer
8126,30/05/2026,IT2345,-92.0,EUR,withdrawal
8127,30/05/2026,IT6789,1697.09,EUR,deposit
8128,12/03/2026,IT8901,-204.3,EUR,withdrawal
8129,16/05/2026,IT2345,1247.73,EUR,deposit
8130,06/03/2026,IT6789,1354.97,EUR,transfer
8131,19/04/2026,IT7890,4112.67,EUR,deposit
8132,01/03/2026,IT4567,-898.97,EUR,withdrawal
8133,08/04/2026,IT3456,-1078.02,EUR,withdrawal
8134,13/01/2026,IT3456,677.41,EUR,transfer
8135,25/05/2026,IT7890,-1747.42,EUR,withdrawal
8136,28/04/2026,IT7890,-970.63,EUR,withdrawal
8137,08/01/2026,IT2345,1415.07,EUR,transfer
8138,15/02/2026,IT8901,587.48,EUR,deposit
8139,15/03/2026,IT6789,3772.29,EUR,deposit
8140,26/04/2026,IT6789,1046.46,EUR,deposit
8141,10/01/2026,IT2345,-1331.23,EUR,withdrawal
8142,17/02/2026,IT3456,-608.71,EUR,withdrawal
8143,16/02/2026,IT2345,-1585.3,EUR,withdrawal
8144,12/05/2026,IT5678,-1746.98,EUR,withdrawal
8145,23/02/2026,IT6789,-1857.83,EUR,withdrawal
8146,11/01/2026,IT8901,-1038.95,EUR,withdrawal
8147,27/03/2026,IT2345,4747.59,EUR,deposit
8148,07/05/2026,IT5678,733.91,EUR,transfer
8149,19/02/2026,IT3456,1432.94,EUR,transfer
8150,13/01/2026,IT5678,-416.16,EUR,withdrawal
8151,14/02/2026,IT2345,23%02))12,EUR,deposit
8152,16/04/2026,IT6789,-1458.35,EUR,transfer
8153,10/03/2026,IT1234,-1358.07,EUR,withdrawal
8154,18/01/2026,IT7890,-1270.85,EUR,transfer
8155,25/01/2026,IT2345,3261.08,EUR,deposit
8156,24/04/2026,IT6789,-650.1,EUR,withdrawal
8157,26/01/2026,IT7890,565.99,EUR,transfer
8158,25/05/2026,IT1234,1136.02,EUR,transfer
8159,02/04/2026,IT1234,4285.81,EUR,deposit
8160,12/03/2026,IT7890,1609.04,EUR,deposit
8161,21/02/2026,IT1234,1064.98,EUR,transfer
8162,30/03/2026,IT3456,532.4,EUR,transfer
8163,16/04/2026,IT1234,283.74,EUR,deposit
8164,15/02/2026,IT7890,-1106.51,EUR,withdrawal
8165,25/04/2026,IT2345,1344.92,EUR,deposit
8166,10/05/2026,IT2345,1211.57,EUR,transfer
8167,07/04/2026,IT2345,4476.38,EUR,deposit
8168,10/05/2026,IT3456,-1127.51,EUR,withdrawal
8169,18/01/2026,IT6789,-1095.07,EUR,withdrawal
8170,03/01/2026,IT5678,1010.3,EUR,transfer
8171,22/05/2026,IT3456,-1216.82,EUR,transfer
8172,11/05/2026,IT1234,-399.42,EUR,transfer
8173,21/05/2026,IT2345,177.24,EUR,transfer
8174,02/01/2026,IT7890,4416.3,EUR,deposit
8175,14/02/2026,IT8901,-202.69,EUR,transfer
8176,15/01/2026,IT8901,1360.81,EUR,deposit
8177,22/02/2026,IT1234,161.79,EUR,transfer
8178,24/05/2026,IT1234,721.22,EUR,transfer
8179,11/05/2026,IT5678,167.68,EUR,transfer
8180,08/05/2026,IT8901,-1.88,EUR,transfer
8181,08/01/2026,IT4567,-1583.15,EUR,withdrawal
8182,25/01/2026,IT3456,1046.56,EUR,transfer
8183,25/03/2026,IT1234,-109.41,EUR,withdrawal
8184,28/04/2026,IT6789,-1634.65,EUR,withdrawal
8185,11/05/2026,IT2345,-90.01,EUR,transfer
8186,14/03/2026,IT4567,4746.15,EUR,deposit
8187,25/01/2026,IT5678,-1320.28,EUR,withdrawal
8188,16/02/2026,IT4567,-491.96,EUR,transfer
8189,13/01/2026,IT4567,777.19,EUR,deposit
8190,26/03/2026,IT6789,-1217.96,EUR,withdrawal
8191,25/04/2026,IT5678,-1354.69,EUR,transfer
8192,22/03/2026,IT7890,159.64,EUR,transfer
8193,03/05/2026,IT6789,3456.19,EUR,deposit
8194,22/03/2026,IT1234,961.04,EUR,deposit
8195,18/02/2026,IT6789,-194.67,EUR,transfer
8196,27/02/2026,IT8901,1209.43,EUR,transfer
8197,25/05/2026,IT5678,2107.99,EUR,deposit
8198,20/04/2026,IT3456,-735.57,EUR,transfer
8199,19/01/2026,IT8901,1410.92,EUR,deposit
8200,10/04/2026,IT4567,1199.86,EUR,deposit
8201,30/03/2026,IT6789,-1276.79,EUR,withdrawal
8202,19/03/2026,IT2345,-973.51,EUR,withdrawal
8203,01/02/2026,IT1234,-102.67,EUR,transfer
8204,22/02/2026,IT3456,-1311.08,EUR,withdrawal
8205,29/01/2026,IT4567,1863.42,EUR,deposit
8206,10/02/2026,IT3456,-715.69,EUR,withdrawal
8207,09/01/2026,IT2345,-1372.05,EUR,withdrawal
8208,22/03/2026,IT6789,1206.64,EUR,transfer
8209,04/01/2026,IT4567,2655.66,EUR,deposit
8210,19/04/2026,IT6789,1581.86,EUR,deposit
8211,09/03/2026,IT2345,-1144.55,EUR,transfer
8212,24/02/2026,IT2345,-1103.47,EUR,withdrawal
8213,27/03/2026,IT8901,-988.34,EUR,transfer
8214,19/04/2026,IT5678,-1591.26,EUR,withdrawal
8215,13/04/2026,IT5678,-962.02,EUR,withdrawal
8216,21/04/2026,IT1234,-254.17,EUR,withdrawal
8217,30/01/2026,IT8901,1487.36,EUR,transfer
8218,15/05/2026,IT1234,-1252.86,EUR,transfer
8219,23/03/2026,IT5678,2021.72,EUR,deposit
8220,31/01/2026,IT2345,127.47,EUR,transfer
8221,25/03/2026,IT7890,-275.68,EUR,withdrawal
8222,06/01/2026,IT2345,396.39,EUR,deposit
8223,28/03/2026,IT1234,-257.51,EUR,transfer
8224,02/01/2026,IT8901,3540.94,EUR,deposit
8225,14/04/2026,IT6789,1374.14,EUR,transfer
8226,23/04/2026,IT3456,1193.88,EUR,deposit
8227,11/03/2026,IT6789,901.89,EUR,deposit
8228,05/04/2026,IT3456,3210.62,EUR,deposit
8229,25/01/2026,IT7890,-510.32,EUR,withdrawal
8230,02/05/2026,IT4567,-1582.93,EUR,withdrawal
8231,14/05/2026,IT7890,2167.14,EUR,deposit
8232,15/01/2026,IT1234,-485.26,EUR,transfer
8233,07/03/2026,IT4567,-617.45,EUR,withdrawal
8234,27/03/2026,IT4567,489.37,EUR,deposit
8235,07/03/2026,IT4567,-1459.99,EUR,transfer
8236,06/02/2026,IT1234,1148.63,EUR,transfer
8237,11/03/2026,IT6789,-795.92,EUR,withdrawal
8238,27/04/2026,IT2345,-1237.14,EUR,withdrawal
8239,14/02/2026,IT2345,416.71,EUR,transfer
8240,14/02/2026,IT3456,-1833.24,EUR,withdrawal
8241,15/01/2026,IT5678,-903.27,EUR,withdrawal
8242,20/01/2026,IT5678,2990.21,EUR,deposit
8243,13/05/2026,IT1234,1461.56,EUR,transfer
8244,28/03/2026,IT4567,-1268.26,EUR,transfer
8245,07/01/2026,IT7890,60.28,EUR,deposit
8246,07/04/2026,IT7890,-51.39,EUR,withdrawal
8247,07/05/2026,IT2345,-1032.1,EUR,withdrawal
8248,09/05/2026,IT8901,-107.64,EUR,transfer
8249,27/05/2026,IT6789,4941.34,EUR,deposit
8250,04/05/2026,IT6789,1811.34,EUR,deposit
8251,25/03/2026,IT1234,-62.68,EUR,withdrawal
8252,27/03/2026,IT4567,312.23,EUR,transfer
8253,15/04/2026,IT5678,1443.59,EUR,transfer
8254,31/03/2026,IT2345,2535.05,EUR,deposit
8255,07/03/2026,IT3456,2219.02,EUR,deposit
8256,18/04/2026,IT3456,-595.37,EUR,withdrawal
8257,29/04/2026,IT8901,262.74,EUR,transfer
8258,30/03/2026,IT8901,724.72,EUR,transfer
8259,12/02/2026,IT6789,-1990.91,EUR,withdrawal
8260,07/05/2026,IT8901,-212.97,EUR,withdrawal
8261,12/01/2026,IT2345,4630.25,EUR,deposit
8262,18/01/2026,IT8901,-1475.36,EUR,withdrawal
8263,24/01/2026,IT2345,-1173.17,EUR,transfer
8264,09/05/2026,IT7890,-1872.87,EUR,withdrawal
8265,11/03/2026,IT7890,165.5,EUR,transfer
8266,18/04/2026,IT8901,730.18,EUR,transfer
8267,31/01/2026,IT8901,3018.85,EUR,deposit
8268,05/02/2026,IT1234,3525.29,EUR,deposit
8269,15/04/2026,IT3456,-1079.56,EUR,transfer
8270,01/01/1750,IT6789,-1206.47,EUR,transfer
8271,14/04/2026,IT6789,851.37,EUR,transfer
8272,26/01/2026,IT6789,1829.3,EUR,deposit
8273,17/05/2026,IT6789,1462.78,EUR,transfer
8274,16/04/2026,IT8901,853.29,EUR,deposit
8275,11/05/2026,IT8901,-370.1,EUR,withdrawal
8276,04/04/2026,IT5678,4406.86,EUR,deposit
8277,01/01/1750,IT1234,3026.67,EUR,deposit
8278,30/05/2026,IT2345,151.07,EUR,transfer
8279,09/03/2026,IT3456,3801.4,EUR,deposit
8280,16/02/2026,IT8901,1396.95,EUR,transfer
8281,13/03/2026,IT2345,-531.78,EUR,withdrawal
8282,07/02/2026,IT3456,-104.06,EUR,withdrawal
8283,11/05/2026,IT7890,499.17,EUR,transfer
8284,17/04/2026,IT3456,-851.82,EUR,withdrawal
8285,08/04/2026,IT3456,1123.73,EUR,transfer
8286,31/01/2026,IT8901,694.88,EUR,deposit
8287,05/02/2026,IT3456,-1071.15,EUR,withdrawal
8288,16/03/2026,IT8901,3864.15,EUR,deposit
8289,09/01/2026,IT6789,143.93,EUR,deposit
8290,14/01/2026,IT7890,-473.48,EUR,withdrawal
8291,08/01/2026,IT5678,954.4,EUR,transfer
8292,05/03/2026,IT3456,-818.16,EUR,withdrawal
8293,01/01/1750,IT4567,-163.38,EUR,transfer
8294,,IT4567,599.39,EUR,transfer
8295,01/02/2026,IT5678,23%02))12,EUR,deposit
8296,19/05/2026,IT4567,769.04,EUR,deposit
8297,25/05/2026,IT3456,762.62,EUR,transfer
8298,18/05/2026,IT1234,-61.26,EUR,withdrawal
8299,30/03/2026,IT5678,1439.02,EUR,deposit
8300,10/03/2026,IT8901,-1942.02,EUR,withdrawal
8301,08/02/2026,IT1234,461.35,EUR,transfer
8302,13/05/2026,IT3456,568.67,EUR,transfer
8303,23/04/2026,IT7890,-153.2,EUR,withdrawal
8304,19/01/2026,IT1234,2811.84,EUR,deposit
8305,23/01/2026,IT6789,1144.42,EUR,transfer
8306,30/04/2026,IT5678,1012.63,EUR,transfer
8307,27/04/2026,IT3456,872.01,EUR,deposit
8308,29/03/2026,IT2345,1462.71,EUR,deposit
8309,27/01/2026,IT1234,-1043.04,EUR,transfer
8310,06/05/2026,IT8901,4507.81,EUR,deposit
8311,08/01/2026,IT7890,1210.26,EUR,deposit
8312,31/05/2026,IT5678,96.93,EUR,transfer
8313,08/04/2026,IT6789,1056.41,EUR,deposit
8314,30/03/2026,IT3456,-310.23,EUR,withdrawal
8315,02/03/2026,IT3456,2614.0,EUR,deposit
8316,04/04/2026,IT6789,3784.25,EUR,deposit
8317,28/01/2026,IT7890,1002.1,EUR,transfer
8318,25/04/2026,IT6789,-306.56,EUR,withdrawal
8319,01/05/2026,IT5678,-418.55,EUR,transfer
8320,28/01/2026,IT4567,1297.73,EUR,transfer
8321,20/03/2026,IT5678,692.07,EUR,transfer
8322,10/05/2026,IT3456,2852.68,EUR,deposit
8323,28/04/2026,IT7890,4867.55,EUR,deposit
8324,11/02/2026,IT2345,3429.22,EUR,deposit
8325,22/04/2026,IT3456,-1935.13,EUR,withdrawal
8326,,IT5678,-756.51,EUR,transfer
8327,08/05/2026,IT3456,-1067.37,EUR,transfer
8328,02/02/2026,IT3456,3791.57,EUR,deposit
8329,09/02/2026,IT5678,-1079.42,EUR,transfer
8330,15/02/2026,IT8901,-942.15,EUR,withdrawal
8331,27/05/2026,IT2345,-1652.97,EUR,withdrawal
8332,05/04/2026,IT3456,-1705.17,EUR,withdrawal
8333,29/04/2026,IT8901,-986.61,EUR,withdrawal
8334,13/02/2026,IT5678,-1078.7,EUR,withdrawal
8335,30/05/2026,IT5678,-505.94,EUR,transfer
8336,15/01/2026,IT3456,3717.66,EUR,deposit
8337,24/01/2026,IT8901,864.96,EUR,transfer
8338,28/05/2026,IT3456,3566.24,EUR,deposit
8339,,IT2345,-359.36,EUR,transfer
8340,12/03/2026,IT8901,-911.77,EUR,withdrawal
8341,30/05/2026,IT7890,605.67,EUR,transfer
8342,03/04/2026,IT6789,-1123.35,EUR,transfer
8343,18/05/2026,IT3456,-708.35,EUR,transfer
8344,03/02/2026,IT4567,-401.94,EUR,transfer
8345,25/05/2026,IT1234,-1589.63,EUR,withdrawal
8346,26/01/2026,IT1234,-513.19,EUR,withdrawal
8347,02/01/2026,IT2345,-1761.62,EUR,withdrawal
8348,23/05/2026,IT7890,1078.62,EUR,deposit
8349,27/05/2026,IT7890,-1085.26,EUR,withdrawal
8350,27/02/2026,IT5678,-208.61,EUR,transfer
8351,15/03/2026,IT6789,-1877.57,EUR,withdrawal
8352,12/04/2026,IT2345,969.81,EUR,transfer
8353,17/01/2026,IT2345,3749.18,EUR,deposit
8354,20/04/2026,IT3456,1152.65,EUR,deposit
8355,25/05/2026,IT3456,-535.79,EUR,withdrawal
8356,13/04/2026,IT3456,455.33,EUR,transfer
8357,16/02/2026,IT3456,911.58,EUR,transfer
8358,28/01/2026,IT5678,-167.9,EUR,withdrawal
8359,10/03/2026,IT3456,3436.89,EUR,deposit
8360,13/03/2026,IT3456,934.67,EUR,transfer
8361,12/01/2026,IT1234,-239.08,EUR,withdrawal
8362,07/04/2026,IT4567,-950.55,EUR,transfer
8363,22/01/2026,IT1234,-1088.97,EUR,withdrawal
8364,03/04/2026,IT1234,956.02,EUR,deposit
8365,25/05/2026,IT6789,-1736.5,EUR,withdrawal
8366,15/05/2026,IT3456,1107.76,EUR,transfer
8367,15/04/2026,IT8901,-990.12,EUR,transfer
8368,09/02/2026,IT6789,1090.86,EUR,transfer
8369,28/04/2026,IT2345,-776.55,EUR,withdrawal
8370,18/04/2026,IT3456,-585.61,EUR,transfer
8371,11/04/2026,IT6789,-1053.16,EUR,withdrawal
8372,30/03/2026,IT8901,-195.4,EUR,withdrawal
8373,19/04/2026,IT6789,814.57,EUR,deposit
8374,10/04/2026,IT4567,4374.06,EUR,deposit
8375,18/03/2026,IT8901,-331.46,EUR,transfer
8376,,IT7890,3659.17,EUR,deposit
8377,11/01/2026,IT2345,4404.54,EUR,deposit
8378,04/02/2026,IT8901,-1738.98,EUR,withdrawal
8379,28/03/2026,IT4567,1398.79,EUR,transfer
8380,23/04/2026,IT8901,-85.52,EUR,withdrawal
8381,28/05/2026,IT6789,1323.82,EUR,transfer
8382,30/04/2026,IT3456,3920.09,EUR,deposit
8383,08/03/2026,IT4567,2662.22,EUR,deposit
8384,05/03/2026,IT2345,-97.49,EUR,withdrawal
8385,18/03/2026,IT5678,1381.46,EUR,deposit
8386,12/05/2026,IT3456,-880.97,EUR,withdrawal
8387,21/03/2026,IT1234,200.52,EUR,deposit
8388,31/05/2026,IT4567,4457.39,EUR,deposit
8389,29/01/2026,IT5678,-265.09,EUR,withdrawal
8390,,IT3456,191.65,EUR,transfer
8391,13/05/2026,IT6789,960.19,EUR,transfer
8392,12/01/2026,IT6789,1343.92,EUR,transfer
8393,06/02/2026,IT5678,-1183.1,EUR,transfer
8394,20/01/2026,IT8901,1339.95,EUR,transfer
8395,04/03/2026,IT7890,2861.65,EUR,deposit
8396,31/05/2026,IT5678,-1065.34,EUR,transfer
8397,07/01/2026,IT6789,653.28,EUR,transfer
8398,02/03/2026,IT3456,3336.8,EUR,deposit
8399,31/05/2026,IT4567,-250.91,EUR,withdrawal
8400,20/01/2026,IT3456,-1351.58,EUR,transfer
8401,12/03/2026,IT6789,645.58,EUR,transfer
8402,05/03/2026,IT7890,259.32,EUR,transfer
8403,22/05/2026,IT6789,-916.83,EUR,withdrawal
8404,03/05/2026,IT3456,1386.27,EUR,transfer
8405,17/05/2026,IT1234,-1417.04,EUR,transfer
8406,01/05/2026,IT5678,-938.82,EUR,withdrawal
8407,21/04/2026,IT3456,3457.33,EUR,deposit
8408,26/01/2026,IT4567,4915.87,EUR,deposit
8409,17/05/2026,IT3456,4589.52,EUR,deposit
8410,15/04/2026,IT8901,-1182.61,EUR,transfer
8411,13/01/2026,IT8901,-636.74,EUR,withdrawal
8412,26/04/2026,IT1234,-731.67,EUR,withdrawal
8413,29/01/2026,IT7890,878.91,EUR,transfer
8414,22/03/2026,IT5678,1616.19,EUR,deposit
8415,14/03/2026,IT1234,707.86,EUR,transfer
8416,02/01/2026,IT1234,4562.94,EUR,deposit
8417,22/05/2026,IT2345,13.37,EUR,transfer
8418,07/05/2026,IT6789,-195.57,EUR,withdrawal
8419,26/02/2026,IT2345,-1689.13,EUR,withdrawal
8420,02/04/2026,IT2345,1395.38,EUR,transfer
8421,29/04/2026,IT5678,-195.73,EUR,withdrawal
8422,11/05/2026,IT8901,-1653.99,EUR,withdrawal
8423,05/01/2026,IT2345,1296.42,EUR,transfer
8424,01/03/2026,IT2345,-1535.12,EUR,withdrawal
8425,31/05/2026,IT1234,-1075.12,EUR,transfer
8426,05/02/2026,IT5678,3530.96,EUR,deposit
8427,04/03/2026,IT4567,951.94,EUR,transfer
8428,08/03/2026,IT7890,-665.14,EUR,withdrawal
8429,07/02/2026,IT4567,-1406.05,EUR,withdrawal
8430,28/01/2026,IT6789,2400.02,EUR,deposit
8431,28/05/2026,IT2345,3710.33,EUR,deposit
8432,20/04/2026,IT4567,-1453.71,EUR,withdrawal
8433,17/02/2026,IT4567,-382.41,EUR,transfer
8434,10/02/2026,IT7890,-1019.68,EUR,transfer
8435,,IT7890,206.54,EUR,deposit
8436,22/04/2026,IT1234,-384.38,EUR,withdrawal
8437,21/01/2026,IT2345,-915.03,EUR,transfer
8438,24/03/2026,IT7890,1480.04,EUR,transfer
8439,19/05/2026,IT6789,3830.78,EUR,deposit
8440,11/04/2026,IT3456,-129.47,EUR,withdrawal
8441,02/05/2026,IT1234,-1291.63,EUR,withdrawal
8442,09/05/2026,IT6789,-1692.11,EUR,withdrawal
8443,11/05/2026,IT5678,4432.88,EUR,deposit
8444,03/01/2026,IT2345,-362.08,EUR,withdrawal
8445,25/01/2026,IT6789,-905.6,EUR,withdrawal
8446,01/01/2026,IT7890,-1353.8,EUR,withdrawal
8447,07/01/2026,IT8901,4267.75,EUR,deposit
8448,24/02/2026,IT1234,-771.49,EUR,transfer
8449,03/02/2026,IT4567,-1829.18,EUR,withdrawal
8450,23/01/2026,IT7890,2010.56,EUR,deposit
8451,12/03/2026,IT3456,-798.51,EUR,withdrawal
8452,25/03/2026,IT5678,-1434.48,EUR,transfer
8453,05/02/2026,IT4567,-1032.58,EUR,withdrawal
8454,28/03/2026,IT1234,678.58,EUR,transfer
8455,03/05/2026,IT1234,-862.5,EUR,withdrawal
8456,05/05/2026,IT2345,-453.13,EUR,transfer
8457,06/02/2026,IT8901,-1790.85,EUR,withdrawal
8458,31/05/2026,IT6789,743.68,EUR,deposit
8459,29/04/2026,IT2345,-1204.12,EUR,transfer
8460,02/02/2026,IT3456,513.3,EUR,transfer
8461,14/01/2026,IT2345,-737.57,EUR,transfer
8462,12/04/2026,IT1234,4620.89,EUR,deposit
8463,24/05/2026,IT7890,3907.77,EUR,deposit
8464,01/05/2026,IT3456,-46.07,EUR,withdrawal
8465,24/02/2026,IT8901,-1074.91,EUR,withdrawal
8466,25/03/2026,IT6789,-127.54,EUR,withdrawal
8467,14/03/2026,IT6789,3594.63,EUR,deposit
8468,08/04/2026,IT6789,1340.36,EUR,transfer
8469,17/05/2026,IT4567,-822.5,EUR,withdrawal
8470,02/05/2026,IT3456,120.12,EUR,deposit
8471,26/02/2026,IT3456,1240.56,EUR,transfer
8472,28/03/2026,IT5678,-79.77,EUR,transfer
8473,13/02/2026,IT2345,-1068.65,EUR,withdrawal
8474,22/01/2026,IT4567,2420.83,EUR,deposit
8475,11/02/2026,IT4567,2733.83,EUR,deposit
8476,27/01/2026,IT1234,-455.99,EUR,withdrawal
8477,27/04/2026,IT7890,-1072.75,EUR,transfer
8478,05/02/2026,IT6789,-146.37,EUR,withdrawal
8479,08/03/2026,IT4567,23%02))12,EUR,withdrawal
8480,19/01/2026,IT2345,552.38,EUR,transfer
8481,11/04/2026,IT3456,224.75,EUR,deposit
8482,27/05/2026,IT8901,1660.09,EUR,deposit
8483,09/02/2026,IT2345,-1741.9,EUR,withdrawal
8484,08/01/2026,IT4567,1674.2,EUR,deposit
8485,24/04/2026,IT7890,-1270.78,EUR,withdrawal
8486,10/04/2026,IT1234,-1079.01,EUR,withdrawal
8487,26/05/2026,IT5678,-382.07,EUR,transfer
8488,30/01/2026,IT3456,-1626.14,EUR,withdrawal
8489,14/02/2026,IT8901,-1788.48,EUR,withdrawal
8490,09/02/2026,IT6789,1018.65,EUR,transfer
8491,20/05/2026,IT7890,-1772.83,EUR,withdrawal
8492,25/04/2026,IT4567,-1053.87,EUR,transfer
8493,25/05/2026,IT8901,-1104.01,EUR,withdrawal
8494,18/03/2026,IT6789,671.53,EUR,transfer
8495,19/05/2026,IT6789,3158.75,EUR,deposit
8496,08/03/2026,IT3456,-48.69,EUR,withdrawal
8497,03/04/2026,IT8901,-1009.63,EUR,transfer
8498,27/01/2026,IT7890,-1075.8,EUR,withdrawal
8499,28/05/2026,IT6789,-506.05,EUR,withdrawal
8500,29/04/2026,IT6789,-618.06,EUR,withdrawal
8501,11/03/2026,IT2345,2144.02,EUR,deposit
8502,03/01/2026,IT5678,305.1,EUR,transfer
8503,22/01/2026,IT5678,4361.22,EUR,deposit
8504,23/02/2026,IT3456,-1433.93,EUR,transfer
8505,25/01/2026,IT4567,1528.8,EUR,deposit
8506,22/01/2026,IT1234,-432.76,EUR,transfer
8507,17/02/2026,IT3456,-887.42,EUR,withdrawal
8508,21/04/2026,IT2345,699.75,EUR,transfer
8509,24/01/2026,IT7890,-263.5,EUR,withdrawal
8510,28/01/2026,IT3456,1303.14,EUR,transfer
8511,14/02/2026,IT1234,-1992.37,EUR,withdrawal
8512,12/04/2026,IT3456,-837.8,EUR,withdrawal
8513,11/04/2026,IT3456,-1012.01,EUR,withdrawal
8514,29/04/2026,IT8901,1016.08,EUR,transfer
8515,15/04/2026,IT8901,-1663.48,EUR,withdrawal
8516,12/01/2026,IT8901,-1536.2,EUR,withdrawal
8517,11/05/2026,IT4567,3376.39,EUR,deposit
8518,17/03/2026,IT2345,-1413.05,EUR,transfer
8519,29/05/2026,IT4567,-1819.22,EUR,withdrawal
8520,24/02/2026,IT4567,3273.25,EUR,deposit
8521,29/04/2026,IT6789,1823.5,EUR,deposit
8522,31/01/2026,IT7890,233.46,EUR,transfer
8523,11/01/2026,IT6789,2876.08,EUR,deposit
8524,14/04/2026,IT8901,-894.73,EUR,transfer
8525,03/02/2026,IT5678,864.78,EUR,transfer
8526,24/05/2026,IT6789,-990.05,EUR,transfer
8527,16/01/2026,IT4567,-526.46,EUR,transfer
8528,09/03/2026,IT1234,4924.6,EUR,deposit
8529,17/05/2026,IT4567,-1360.05,EUR,withdrawal
8530,12/02/2026,IT5678,75.49,EUR,transfer
8531,08/01/2026,IT6789,240.81,EUR,transfer
8532,22/04/2026,IT6789,-1405.03,EUR,transfer
8533,13/05/2026,IT5678,-596.22,EUR,withdrawal
8534,25/04/2026,IT4567,-1182.15,EUR,transfer
8535,13/04/2026,IT5678,-1316.65,EUR,transfer
8536,19/03/2026,IT4567,664.81,EUR,transfer
8537,26/04/2026,IT7890,841.03,EUR,transfer
8538,01/04/2026,IT8901,-1071.44,EUR,withdrawal
8539,26/03/2026,IT3456,673.16,EUR,transfer
8540,03/01/2026,IT1234,1822.08,EUR,deposit
8541,09/02/2026,IT2345,658.44,EUR,deposit
8542,14/03/2026,IT2345,-361.52,EUR,transfer
8543,10/04/2026,IT2345,23%02))12,EUR,transfer
8544,05/05/2026,IT2345,708.17,EUR,deposit
8545,,IT4567,1769.94,EUR,deposit
8546,08/04/2026,IT2345,3122.04,EUR,deposit
8547,23/02/2026,IT7890,325.72,EUR,transfer
8548,07/02/2026,IT6789,1488.72,EUR,deposit
8549,02/03/2026,IT5678,1239.43,EUR,transfer
8550,18/04/2026,IT3456,-1156.03,EUR,withdrawal
8551,14/04/2026,IT2345,-152.06,EUR,transfer
8552,24/03/2026,IT3456,4457.53,EUR,deposit
8553,10/04/2026,IT5678,-1308.94,EUR,withdrawal
8554,08/04/2026,IT6789,-1026.54,EUR,withdrawal
8555,24/01/2026,IT2345,-1686.77,EUR,withdrawal
8556,07/01/2026,IT3456,-1114.63,EUR,transfer
8557,12/04/2026,IT8901,-817.9,EUR,withdrawal
8558,26/04/2026,IT2345,-1736.21,EUR,withdrawal
8559,01/01/1750,IT5678,4504.36,EUR,deposit
8560,29/04/2026,IT5678,-1743.21,EUR,withdrawal
8561,22/02/2026,IT2345,1347.74,EUR,transfer
8562,25/03/2026,IT8901,899.59,EUR,transfer
8563,03/01/2026,IT7890,48.23,EUR,transfer
8564,16/02/2026,IT3456,-1318.67,EUR,withdrawal
8565,25/05/2026,IT8901,-1338.24,EUR,transfer
8566,25/03/2026,IT6789,-542.29,EUR,withdrawal
8567,06/04/2026,IT2345,-807.26,EUR,withdrawal
8568,01/04/2026,IT6789,4823.16,EUR,deposit
8569,07/04/2026,IT6789,-772.07,EUR,withdrawal
8570,03/03/2026,IT7890,-583.05,EUR,withdrawal
8571,10/05/2026,IT2345,3699.16,EUR,deposit
8572,23/05/2026,IT4567,-66.21,EUR,transfer
8573,17/03/2026,IT6789,244.78,EUR,deposit
8574,07/03/2026,IT6789,-1296.2,EUR,withdrawal
8575,05/05/2026,IT2345,1234.09,EUR,transfer
8576,09/02/2026,IT1234,3145.72,EUR,deposit
8577,17/02/2026,IT1234,23%02))12,EUR,transfer
8578,01/01/1750,IT6789,-1398.75,EUR,withdrawal
8579,13/01/2026,IT1234,473.36,EUR,deposit
8580,,IT2345,-1655.76,EUR,withdrawal
8581,09/02/2026,IT5678,2190.97,EUR,deposit
8582,24/02/2026,IT8901,-1065.72,EUR,withdrawal
8583,08/03/2026,IT3456,4995.57,EUR,deposit
8584,09/04/2026,IT2345,4861.24,EUR,deposit
8585,17/03/2026,IT6789,339.42,EUR,deposit
8586,23/05/2026,IT2345,1253.41,EUR,transfer
8587,12/04/2026,IT8901,-617.22,EUR,withdrawal
8588,14/05/2026,IT4567,3956.92,EUR,deposit
8589,16/05/2026,IT1234,-369.15,EUR,transfer
8590,07/01/2026,IT1234,-28.62,EUR,withdrawal
8591,13/02/2026,IT1234,2212.97,EUR,deposit
8592,20/03/2026,IT7890,-783.78,EUR,transfer
8593,22/01/2026,IT4567,936.88,EUR,transfer
8594,18/05/2026,IT2345,-1234.18,EUR,withdrawal
8595,23/02/2026,IT5678,1065.78,EUR,deposit
8596,23/03/2026,IT1234,1809.33,EUR,deposit
8597,20/04/2026,IT1234,3151.97,EUR,deposit
8598,12/03/2026,IT4567,-1299.25,EUR,withdrawal
8599,13/02/2026,IT2345,182.17,EUR,deposit
8600,04/04/2026,IT6789,-800.84,EUR,withdrawal
8601,03/01/2026,IT5678,1708.83,EUR,deposit
8602,24/03/2026,IT3456,4530.06,EUR,deposit
8603,22/05/2026,IT4567,1665.55,EUR,deposit
8604,12/05/2026,IT8901,-920.03,EUR,withdrawal
8605,17/01/2026,IT4567,-601.43,EUR,transfer
8606,04/01/2026,IT2345,23%02))12,EUR,transfer
8607,24/01/2026,IT2345,1493.89,EUR,transfer
8608,21/03/2026,IT5678,932.65,EUR,transfer
8609,14/01/2026,IT3456,4189.26,EUR,deposit
8610,24/04/2026,IT7890,1141.35,EUR,deposit
8611,10/02/2026,IT8901,1212.29,EUR,deposit
8612,05/05/2026,IT1234,-867.83,EUR,withdrawal
8613,07/01/2026,IT7890,-1918.88,EUR,withdrawal
8614,28/04/2026,IT6789,2851.75,EUR,deposit
8615,19/01/2026,IT8901,-1391.76,EUR,withdrawal
8616,08/04/2026,IT5678,-456.49,EUR,transfer
8617,19/05/2026,IT3456,873.04,EUR,transfer
8618,25/02/2026,IT4567,-119.07,EUR,withdrawal
8619,06/01/2026,IT8901,1844.2,EUR,deposit
8620,08/04/2026,IT7890,562.38,EUR,transfer
8621,01/01/2026,IT7890,-1745.68,EUR,withdrawal
8622,16/05/2026,IT5678,1283.07,EUR,transfer
8623,10/01/2026,IT6789,2645.85,EUR,deposit
8624,16/02/2026,IT2345,1436.34,EUR,deposit
8625,27/02/2026,IT3456,-1586.48,EUR,withdrawal
8626,13/02/2026,IT5678,-271.28,EUR,transfer
8627,25/01/2026,IT8901,-1273.0,EUR,transfer
8628,14/02/2026,IT2345,785.33,EUR,deposit
8629,02/03/2026,IT8901,925.13,EUR,transfer
8630,22/03/2026,IT3456,2706.33,EUR,deposit
8631,24/05/2026,IT6789,112.86,EUR,transfer
8632,29/03/2026,IT4567,-1633.28,EUR,withdrawal
8633,04/02/2026,IT6789,932.62,EUR,transfer
8634,02/04/2026,IT4567,-412.61,EUR,withdrawal
8635,23/04/2026,IT2345,-1235.59,EUR,transfer
8636,09/02/2026,IT3456,-484.57,EUR,withdrawal
8637,29/05/2026,IT6789,-928.75,EUR,transfer
8638,01/04/2026,IT2345,1059.99,EUR,deposit
8639,04/04/2026,IT7890,-1497.28,EUR,withdrawal
8640,16/01/2026,IT2345,-702.76,EUR,withdrawal
8641,12/05/2026,IT6789,4747.12,EUR,deposit
8642,12/03/2026,IT5678,2505.92,EUR,deposit
8643,07/03/2026,IT2345,-925.35,EUR,transfer
8644,23/01/2026,IT6789,23%02))12,EUR,transfer
8645,10/01/2026,IT1234,935.16,EUR,transfer
8646,04/01/2026,IT4567,-834.89,EUR,transfer
8647,06/05/2026,IT2345,-190.76,EUR,transfer
8648,31/05/2026,IT1234,949.15,EUR,deposit
8649,19/04/2026,IT4567,-946.12,EUR,withdrawal
8650,10/04/2026,IT3456,3526.2,EUR,deposit
8651,25/04/2026,IT5678,227.68,EUR,transfer
8652,13/02/2026,IT5678,-1252.67,EUR,withdrawal
8653,27/02/2026,IT8901,1255.21,EUR,transfer
8654,07/04/2026,IT5678,2093.4,EUR,deposit
8655,12/04/2026,IT3456,23%02))12,EUR,transfer
8656,09/01/2026,IT2345,-1228.14,EUR,withdrawal
8657,07/01/2026,IT6789,3101.53,EUR,deposit
8658,13/01/2026,IT5678,-1613.86,EUR,withdrawal
8659,23/02/2026,IT6789,-1281.01,EUR,withdrawal
8660,17/04/2026,IT6789,23%02))12,EUR,withdrawal
8661,09/03/2026,IT6789,-1113.47,EUR,transfer
8662,29/04/2026,IT4567,290.44,EUR,transfer
8663,22/03/2026,IT7890,-192.88,EUR,transfer
8664,16/04/2026,IT3456,2354.79,EUR,deposit
8665,29/04/2026,IT4567,-184.43,EUR,withdrawal
8666,28/04/2026,IT4567,140.89,EUR,deposit
8667,06/02/2026,IT8901,2708.23,EUR,deposit
8668,10/02/2026,IT8901,3811.98,EUR,deposit
8669,04/05/2026,IT4567,646.45,EUR,transfer
8670,29/05/2026,IT7890,3135.88,EUR,deposit
8671,17/02/2026,IT8901,-1002.89,EUR,transfer
8672,17/02/2026,IT7890,167.79,EUR,transfer
8673,27/04/2026,IT1234,-329.07,EUR,transfer
8674,29/04/2026,IT7890,-1256.95,EUR,transfer
8675,27/03/2026,IT7890,3508.1,EUR,deposit
8676,14/02/2026,IT7890,-810.64,EUR,withdrawal
8677,14/01/2026,IT7890,4528.35,EUR,deposit
8678,22/04/2026,IT4567,52.92,EUR,transfer
8679,01/05/2026,IT8901,1740.8,EUR,deposit
8680,25/05/2026,IT4567,-85.31,EUR,transfer
8681,20/02/2026,IT7890,1935.54,EUR,deposit
8682,18/03/2026,IT6789,4030.18,EUR,deposit
8683,24/01/2026,IT2345,597.99,EUR,transfer
8684,12/03/2026,IT1234,317.89,EUR,deposit
8685,28/01/2026,IT5678,2169.59,EUR,deposit
8686,01/05/2026,IT4567,23%02))12,EUR,transfer
8687,24/03/2026,IT5678,-895.59,EUR,transfer
8688,11/04/2026,IT8901,-839.09,EUR,withdrawal
8689,06/03/2026,IT2345,696.93,EUR,transfer
8690,15/01/2026,IT3456,1768.83,EUR,deposit
8691,26/02/2026,IT7890,2171.8,EUR,deposit
8692,04/01/2026,IT7890,889.7,EUR,deposit
8693,28/02/2026,IT8901,-958.9,EUR,withdrawal
8694,01/04/2026,IT2345,517.25,EUR,transfer
8695,12/05/2026,IT3456,1607.22,EUR,deposit
8696,28/01/2026,IT8901,649.28,EUR,transfer
8697,14/02/2026,IT3456,-72.97,EUR,withdrawal
8698,07/04/2026,IT3456,-747.28,EUR,withdrawal
8699,26/05/2026,IT8901,-1895.39,EUR,withdrawal
8700,20/04/2026,IT2345,-1084.09,EUR,transfer
8701,12/03/2026,IT6789,1260.56,EUR,transfer
8702,05/03/2026,IT5678,-1438.22,EUR,withdrawal
8703,18/02/2026,IT4567,-793.11,EUR,withdrawal
8704,12/04/2026,IT5678,-286.09,EUR,withdrawal
8705,22/03/2026,IT7890,3576.21,EUR,deposit
8706,27/02/2026,IT4567,2512.4,EUR,deposit
8707,26/02/2026,IT7890,3313.95,EUR,deposit
8708,15/05/2026,IT4567,-915.34,EUR,withdrawal
8709,24/03/2026,IT6789,-644.2,EUR,withdrawal
8710,17/05/2026,IT6789,1203.86,EUR,transfer
8711,05/03/2026,IT5678,1029.14,EUR,deposit
8712,16/01/2026,IT7890,-1057.7,EUR,transfer
8713,16/02/2026,IT7890,-163.76,EUR,withdrawal
8714,07/04/2026,IT3456,636.03,EUR,deposit
8715,25/03/2026,IT1234,1950.9,EUR,deposit
8716,03/05/2026,IT6789,-163.86,EUR,transfer
8717,08/04/2026,IT5678,-916.4,EUR,transfer
8718,21/05/2026,IT5678,-211.5,EUR,withdrawal
8719,01/03/2026,IT6789,-83.81,EUR,withdrawal
8720,15/05/2026,IT1234,-735.49,EUR,withdrawal
8721,23/02/2026,IT5678,746.78,EUR,transfer
8722,28/02/2026,IT6789,652.62,EUR,transfer
8723,19/05/2026,IT5678,-1626.07,EUR,withdrawal
8724,27/01/2026,IT4567,-815.08,EUR,withdrawal
8725,13/01/2026,IT2345,966.94,EUR,deposit
8726,02/02/2026,IT5678,-1758.55,EUR,withdrawal
8727,14/01/2026,IT5678,-44.87,EUR,withdrawal
8728,30/03/2026,IT2345,-351.41,EUR,transfer
8729,21/05/2026,IT8901,-490.53,EUR,transfer
8730,05/04/2026,IT1234,3288.37,EUR,deposit
8731,01/01/1750,IT8901,-1953.01,EUR,withdrawal
8732,02/01/2026,IT6789,-441.65,EUR,withdrawal
8733,10/01/2026,IT2345,3718.87,EUR,deposit
8734,27/01/2026,IT6789,2154.8,EUR,deposit
8735,30/03/2026,IT6789,557.37,EUR,deposit
8736,04/04/2026,IT8901,-1327.37,EUR,withdrawal
8737,30/05/2026,IT6789,-168.33,EUR,transfer
8738,01/01/1750,IT4567,-88.91,EUR,transfer
8739,18/04/2026,IT4567,-1447.1,EUR,withdrawal
8740,09/01/2026,IT6789,1069.49,EUR,deposit
8741,21/04/2026,IT8901,-274.12,EUR,withdrawal
8742,16/04/2026,IT1234,-208.26,EUR,withdrawal
8743,18/03/2026,IT4567,3697.38,EUR,deposit
8744,25/02/2026,IT3456,-417.64,EUR,transfer
8745,12/03/2026,IT7890,-397.36,EUR,transfer
8746,25/01/2026,IT1234,-1251.47,EUR,transfer
8747,06/04/2026,IT3456,951.43,EUR,transfer
8748,17/02/2026,IT8901,-1089.94,EUR,withdrawal
8749,17/02/2026,IT4567,3190.65,EUR,deposit
8750,13/03/2026,IT2345,1437.82,EUR,deposit
8751,26/02/2026,IT6789,-845.81,EUR,transfer
8752,03/01/2026,IT6789,-1829.35,EUR,withdrawal
8753,01/01/1750,IT2345,-660.55,EUR,transfer
8754,23/01/2026,IT3456,1600.27,EUR,deposit
8755,29/04/2026,IT5678,693.23,EUR,deposit
8756,22/04/2026,IT3456,-1800.58,EUR,withdrawal
8757,23/05/2026,IT2345,-562.94,EUR,transfer
8758,16/04/2026,IT4567,1435.02,EUR,transfer
8759,18/01/2026,IT7890,-705.09,EUR,withdrawal
8760,21/02/2026,IT2345,3488.84,EUR,deposit
8761,29/05/2026,IT4567,-1232.35,EUR,withdrawal
8762,14/04/2026,IT7890,595.76,EUR,transfer
8763,15/01/2026,IT3456,-718.74,EUR,transfer
8764,19/05/2026,IT5678,730.3,EUR,deposit
8765,12/01/2026,IT6789,483.09,EUR,transfer
8766,27/01/2026,IT7890,-1931.02,EUR,withdrawal
8767,30/01/2026,IT2345,2312.28,EUR,deposit
8768,16/02/2026,IT5678,-1976.18,EUR,withdrawal
8769,09/02/2026,IT8901,-223.12,EUR,transfer
8770,08/02/2026,IT1234,3989.82,EUR,deposit
8771,13/03/2026,IT1234,-1180.36,EUR,transfer
8772,08/01/2026,IT8901,4260.78,EUR,deposit
8773,20/04/2026,IT2345,2293.72,EUR,deposit
8774,11/02/2026,IT8901,-710.66,EUR,withdrawal
8775,18/04/2026,IT5678,-988.96,EUR,withdrawal
8776,01/03/2026,IT1234,-991.52,EUR,withdrawal
8777,07/05/2026,IT3456,-1283.59,EUR,withdrawal
8778,25/01/2026,IT4567,1223.16,EUR,transfer
8779,20/02/2026,IT6789,4790.32,EUR,deposit
8780,15/02/2026,IT7890,722.34,EUR,transfer
8781,01/01/1750,IT1234,473.31,EUR,transfer
8782,09/04/2026,IT3456,-536.57,EUR,withdrawal
8783,20/05/2026,IT2345,-324.11,EUR,transfer
8784,10/03/2026,IT8901,-1386.29,EUR,transfer
8785,27/01/2026,IT8901,-289.82,EUR,transfer
8786,07/03/2026,IT7890,611.78,EUR,deposit
8787,25/04/2026,IT1234,4053.98,EUR,deposit
8788,25/05/2026,IT5678,-54.05,EUR,withdrawal
8789,12/05/2026,IT3456,-701.03,EUR,withdrawal
8790,11/04/2026,IT8901,2333.18,EUR,deposit
8791,09/01/2026,IT6789,-1044.35,EUR,withdrawal
8792,12/05/2026,IT1234,-365.93,EUR,transfer
8793,14/05/2026,IT6789,-1140.6,EUR,transfer
8794,27/05/2026,IT6789,3477.93,EUR,deposit
8795,29/01/2026,IT3456,228.3,EUR,transfer
8796,01/02/2026,IT1234,725.18,EUR,transfer
8797,22/05/2026,IT7890,-1897.29,EUR,withdrawal
8798,15/01/2026,IT8901,1748.9,EUR,deposit
8799,03/03/2026,IT7890,23%02))12,EUR,transfer
8800,02/04/2026,IT4567,-1185.12,EUR,withdrawal
8801,29/01/2026,IT8901,-751.45,EUR,withdrawal
8802,28/01/2026,IT2345,-1021.73,EUR,withdrawal
8803,11/03/2026,IT5678,-1300.63,EUR,withdrawal
8804,21/02/2026,IT3456,2518.43,EUR,deposit
8805,03/01/2026,IT8901,-110.03,EUR,withdrawal
8806,23/04/2026,IT1234,-1242.9,EUR,withdrawal
8807,04/03/2026,IT7890,4892.38,EUR,deposit
8808,17/03/2026,IT1234,-1020.88,EUR,withdrawal
8809,01/04/2026,IT4567,-539.28,EUR,transfer
8810,,IT1234,418.09,EUR,transfer
8811,28/02/2026,IT4567,769.44,EUR,deposit
8812,01/03/2026,IT6789,-747.6,EUR,transfer
8813,20/03/2026,IT1234,-1136.82,EUR,withdrawal
8814,21/05/2026,IT3456,530.17,EUR,deposit
8815,29/01/2026,IT2345,3759.56,EUR,deposit
8816,19/04/2026,IT6789,80.7,EUR,deposit
8817,24/04/2026,IT6789,23%02))12,EUR,withdrawal
8818,28/04/2026,IT8901,-1219.19,EUR,withdrawal
8819,15/03/2026,IT2345,4660.97,EUR,deposit
8820,08/05/2026,IT6789,899.95,EUR,transfer
8821,29/04/2026,IT8901,-1875.53,EUR,withdrawal
8822,16/05/2026,IT4567,1094.29,EUR,transfer
8823,19/03/2026,IT2345,1196.5,EUR,transfer
8824,21/01/2026,IT6789,-1076.01,EUR,transfer
8825,22/02/2026,IT3456,-145.26,EUR,withdrawal
8826,02/03/2026,IT5678,931.37,EUR,transfer
8827,19/02/2026,IT2345,3596.83,EUR,deposit
8828,16/05/2026,IT5678,-617.02,EUR,withdrawal
8829,11/01/2026,IT2345,-1854.23,EUR,withdrawal
8830,02/03/2026,IT7890,780.55,EUR,transfer
8831,09/02/2026,IT3456,-1017.56,EUR,transfer
8832,01/03/2026,IT4567,2120.62,EUR,deposit
8833,23/01/2026,IT4567,3593.85,EUR,deposit
8834,23/03/2026,IT4567,-300.41,EUR,transfer
8835,07/05/2026,IT5678,-1275.79,EUR,transfer
8836,18/04/2026,IT5678,253.57,EUR,transfer
8837,17/03/2026,IT2345,-1049.4,EUR,transfer
8838,21/01/2026,IT7890,4215.89,EUR,deposit
8839,28/03/2026,IT8901,-476.43,EUR,transfer
8840,22/05/2026,IT7890,1445.05,EUR,transfer
8841,23/04/2026,IT6789,2323.26,EUR,deposit
8842,17/04/2026,IT1234,-350.06,EUR,withdrawal
8843,14/02/2026,IT8901,3477.73,EUR,deposit
8844,14/05/2026,IT1234,4843.08,EUR,deposit
8845,19/05/2026,IT8901,-1045.06,EUR,withdrawal
8846,07/03/2026,IT8901,-768.61,EUR,transfer
8847,19/01/2026,IT1234,954.99,EUR,deposit
8848,24/04/2026,IT7890,645.09,EUR,transfer
8849,30/03/2026,IT6789,-750.57,EUR,transfer
8850,20/04/2026,IT5678,115.4,EUR,transfer
8851,11/03/2026,IT6789,2736.72,EUR,deposit
8852,07/04/2026,IT7890,-1184.22,EUR,transfer
8853,05/01/2026,IT4567,360.69,EUR,transfer
8854,01/05/2026,IT1234,-1243.97,EUR,transfer
8855,15/03/2026,IT4567,2412.17,EUR,deposit
8856,04/01/2026,IT3456,790.88,EUR,transfer
8857,26/05/2026,IT7890,174.15,EUR,deposit
8858,24/03/2026,IT1234,-63.48,EUR,withdrawal
8859,01/01/1750,IT6789,739.79,EUR,deposit
8860,06/03/2026,IT3456,-1252.72,EUR,transfer
8861,24/05/2026,IT2345,-471.99,EUR,withdrawal
8862,06/02/2026,IT7890,211.6,EUR,transfer
8863,28/04/2026,IT1234,-1776.75,EUR,withdrawal
8864,08/01/2026,IT5678,23%02))12,EUR,deposit
8865,23/03/2026,IT6789,-1007.72,EUR,withdrawal
8866,15/02/2026,IT1234,-1283.36,EUR,transfer
8867,05/05/2026,IT8901,-78.0,EUR,withdrawal
8868,31/01/2026,IT8901,1152.52,EUR,deposit
8869,02/05/2026,IT8901,-880.85,EUR,withdrawal
8870,24/01/2026,IT2345,3400.29,EUR,deposit
8871,10/01/2026,IT2345,3211.98,EUR,deposit
8872,25/05/2026,IT7890,-641.75,EUR,withdrawal
8873,30/04/2026,IT8901,-386.49,EUR,withdrawal
8874,09/04/2026,IT3456,143.55,EUR,deposit
8875,05/04/2026,IT3456,-166.1,EUR,transfer
8876,12/02/2026,IT2345,-469.22,EUR,withdrawal
8877,26/01/2026,IT3456,-1600.58,EUR,withdrawal
8878,24/01/2026,IT3456,1211.27,EUR,deposit
8879,23/05/2026,IT4567,2990.73,EUR,deposit
8880,18/04/2026,IT2345,-209.15,EUR,withdrawal
8881,21/01/2026,IT3456,203.71,EUR,transfer
8882,27/03/2026,IT2345,-1179.7,EUR,transfer
8883,,IT1234,1018.11,EUR,transfer
8884,20/03/2026,IT2345,146.65,EUR,transfer
8885,21/02/2026,IT5678,979.41,EUR,deposit
8886,21/04/2026,IT7890,23%02))12,EUR,withdrawal
8887,28/01/2026,IT5678,-113.78,EUR,withdrawal
8888,29/03/2026,IT8901,-203.54,EUR,withdrawal
8889,12/05/2026,IT5678,474.1,EUR,transfer
8890,09/05/2026,IT1234,3911.33,EUR,deposit
8891,28/04/2026,IT5678,-582.06,EUR,withdrawal
8892,12/04/2026,IT3456,-733.38,EUR,withdrawal
8893,25/05/2026,IT5678,3653.12,EUR,deposit
8894,15/03/2026,IT6789,-1333.26,EUR,withdrawal
8895,21/01/2026,IT6789,-109.78,EUR,transfer
8896,14/04/2026,IT1234,4207.3,EUR,deposit
8897,01/04/2026,IT3456,-1547.93,EUR,withdrawal
8898,01/04/2026,IT4567,-1540.22,EUR,withdrawal
8899,03/04/2026,IT1234,-1178.88,EUR,withdrawal
8900,30/05/2026,IT1234,3989.72,EUR,deposit
8901,28/03/2026,IT2345,-1622.82,EUR,withdrawal
8902,22/05/2026,IT8901,-1429.48,EUR,withdrawal
8903,23/03/2026,IT3456,1120.41,EUR,transfer
8904,15/01/2026,IT6789,23%02))12,EUR,deposit
8905,01/03/2026,IT4567,902.5,EUR,transfer
8906,10/03/2026,IT6789,-821.36,EUR,withdrawal
8907,22/05/2026,IT3456,1675.61,EUR,deposit
8908,12/01/2026,IT6789,2021.48,EUR,deposit
8909,08/01/2026,IT2345,2290.47,EUR,deposit
8910,24/04/2026,IT1234,-1402.75,EUR,withdrawal
8911,18/04/2026,IT6789,-519.47,EUR,transfer
8912,10/05/2026,IT7890,-1696.56,EUR,withdrawal
8913,21/01/2026,IT6789,-1568.27,EUR,withdrawal
8914,26/05/2026,IT3456,4731.77,EUR,deposit
8915,09/03/2026,IT3456,4531.78,EUR,deposit
8916,10/04/2026,IT1234,1705.69,EUR,deposit
8917,12/03/2026,IT8901,-935.38,EUR,transfer
8918,12/02/2026,IT3456,1589.2,EUR,deposit
8919,15/02/2026,IT1234,-1308.99,EUR,withdrawal
8920,11/02/2026,IT7890,-686.6,EUR,withdrawal
8921,30/01/2026,IT1234,-517.85,EUR,transfer
8922,21/02/2026,IT6789,-1254.19,EUR,transfer
8923,20/03/2026,IT7890,3547.97,EUR,deposit
8924,26/03/2026,IT3456,1001.52,EUR,transfer
8925,06/01/2026,IT4567,135.61,EUR,transfer
8926,04/05/2026,IT6789,3619.78,EUR,deposit
8927,11/03/2026,IT3456,-1029.08,EUR,transfer
8928,12/05/2026,IT1234,-555.81,EUR,transfer
8929,13/04/2026,IT4567,3052.24,EUR,deposit
8930,15/04/2026,IT3456,-154.15,EUR,withdrawal
8931,15/02/2026,IT3456,-255.47,EUR,withdrawal
8932,14/04/2026,IT7890,1892.82,EUR,deposit
8933,10/04/2026,IT1234,-247.6,EUR,transfer
8934,17/04/2026,IT1234,855.88,EUR,deposit
8935,07/04/2026,IT8901,-783.05,EUR,withdrawal
8936,28/05/2026,IT6789,1644.05,EUR,deposit
8937,22/05/2026,IT7890,-161.62,EUR,transfer
8938,04/01/2026,IT6789,-172.54,EUR,withdrawal
8939,04/04/2026,IT4567,-1168.19,EUR,withdrawal
8940,12/05/2026,IT8901,1081.37,EUR,transfer
8941,28/04/2026,IT1234,-1960.24,EUR,withdrawal
8942,12/04/2026,IT1234,3872.73,EUR,deposit
8943,27/04/2026,IT7890,-678.77,EUR,withdrawal
8944,22/01/2026,IT4567,-84.7,EUR,transfer
8945,29/04/2026,IT3456,3398.75,EUR,deposit
8946,02/03/2026,IT2345,-52.14,EUR,withdrawal
8947,05/04/2026,IT4567,4480.28,EUR,deposit
8948,26/04/2026,IT7890,-748.51,EUR,withdrawal
8949,30/03/2026,IT3456,430.22,EUR,deposit
8950,15/03/2026,IT7890,-480.35,EUR,withdrawal
8951,09/03/2026,IT2345,-509.38,EUR,withdrawal
8952,03/04/2026,IT7890,-1232.91,EUR,withdrawal
8953,15/05/2026,IT6789,3925.16,EUR,deposit
8954,08/04/2026,IT2345,4662.54,EUR,deposit
8955,08/03/2026,IT8901,3436.11,EUR,deposit
8956,08/05/2026,IT3456,634.52,EUR,deposit
8957,17/05/2026,IT6789,-695.32,EUR,withdrawal
8958,10/03/2026,IT2345,143.41,EUR,transfer
8959,27/03/2026,IT8901,575.81,EUR,deposit
8960,27/03/2026,IT3456,-387.72,EUR,withdrawal
8961,11/04/2026,IT1234,956.58,EUR,transfer
8962,07/02/2026,IT5678,1812.32,EUR,deposit
8963,26/03/2026,IT5678,-1313.71,EUR,transfer
8964,25/05/2026,IT1234,-1877.35,EUR,withdrawal
8965,16/02/2026,IT2345,-903.65,EUR,withdrawal
8966,12/05/2026,IT3456,-1238.98,EUR,withdrawal
8967,17/05/2026,IT3456,3070.33,EUR,deposit
8968,21/05/2026,IT6789,670.31,EUR,deposit
8969,21/01/2026,IT5678,-218.29,EUR,withdrawal
8970,28/01/2026,IT2345,-1456.33,EUR,transfer
8971,14/05/2026,IT5678,240.55,EUR,transfer
8972,18/02/2026,IT4567,-1406.5,EUR,withdrawal
8973,08/04/2026,IT8901,-1335.62,EUR,withdrawal
8974,05/02/2026,IT3456,4511.23,EUR,deposit
8975,15/01/2026,IT6789,1602.36,EUR,deposit
8976,07/04/2026,IT2345,2939.9,EUR,deposit
8977,25/04/2026,IT1234,299.67,EUR,transfer
8978,10/02/2026,IT5678,1879.25,EUR,deposit
8979,16/03/2026,IT3456,3409.78,EUR,deposit
8980,07/05/2026,IT3456,-913.83,EUR,withdrawal
8981,20/04/2026,IT7890,-859.28,EUR,transfer
8982,10/03/2026,IT5678,2726.33,EUR,deposit
8983,27/05/2026,IT7890,-1337.7,EUR,withdrawal
8984,06/01/2026,IT2345,4440.55,EUR,deposit
8985,29/04/2026,IT3456,2617.33,EUR,deposit
8986,21/01/2026,IT8901,380.71,EUR,transfer
8987,20/03/2026,IT8901,2594.4,EUR,deposit
8988,26/03/2026,IT8901,-873.66,EUR,transfer
8989,05/02/2026,IT6789,-1365.12,EUR,withdrawal
8990,26/05/2026,IT7890,1130.29,EUR,transfer
8991,09/05/2026,IT8901,-1900.25,EUR,withdrawal
8992,11/03/2026,IT4567,2945.36,EUR,deposit
8993,12/03/2026,IT8901,3277.17,EUR,deposit
8994,14/01/2026,IT5678,-65.53,EUR,transfer
8995,30/04/2026,IT5678,-1166.07,EUR,withdrawal
8996,29/04/2026,IT4567,-1660.73,EUR,withdrawal
8997,09/03/2026,IT5678,291.09,EUR,deposit
8998,30/01/2026,IT8901,-1183.41,EUR,transfer
8999,25/02/2026,IT1234,935.89,EUR,deposit
9000,05/05/2026,IT6789,-1405.74,EUR,withdrawal
9001,11/05/2026,IT8901,-1958.94,EUR,withdrawal
9002,13/02/2026,IT8901,434.54,EUR,transfer
9003,23/01/2026,IT4567,4190.63,EUR,deposit
9004,15/01/2026,IT5678,-885.35,EUR,transfer
9005,05/01/2026,IT3456,-1233.06,EUR,transfer
9006,07/05/2026,IT8901,745.0,EUR,transfer
9007,25/03/2026,IT8901,-286.83,EUR,transfer
9008,03/04/2026,IT3456,-1565.58,EUR,withdrawal
9009,11/03/2026,IT2345,-1911.82,EUR,withdrawal
9010,13/02/2026,IT2345,-1165.61,EUR,transfer
9011,28/04/2026,IT2345,109.25,EUR,deposit
9012,25/02/2026,IT5678,106.88,EUR,deposit
9013,06/03/2026,IT7890,1025.59,EUR,deposit
9014,12/02/2026,IT7890,-403.06,EUR,transfer
9015,19/04/2026,IT6789,2250.66,EUR,deposit
9016,06/01/2026,IT8901,-1928.42,EUR,withdrawal
9017,28/01/2026,IT8901,4333.74,EUR,deposit
9018,14/04/2026,IT7890,-542.79,EUR,transfer
9019,19/05/2026,IT3456,-409.16,EUR,transfer
9020,09/04/2026,IT5678,1069.84,EUR,transfer
9021,17/05/2026,IT7890,-640.18,EUR,withdrawal
9022,21/05/2026,IT2345,-696.04,EUR,withdrawal
9023,16/05/2026,IT1234,-439.08,EUR,withdrawal
9024,23/01/2026,IT8901,215.6,EUR,transfer
9025,18/02/2026,IT2345,2858.04,EUR,deposit
9026,30/01/2026,IT6789,4265.18,EUR,deposit
9027,04/01/2026,IT5678,-755.9,EUR,transfer
9028,17/02/2026,IT4567,1412.87,EUR,deposit
9029,17/02/2026,IT6789,3812.12,EUR,deposit
9030,03/01/2026,IT7890,2580.45,EUR,deposit
9031,26/04/2026,IT1234,-1096.47,EUR,withdrawal
9032,19/01/2026,IT8901,-1001.57,EUR,transfer
9033,02/05/2026,IT2345,-805.83,EUR,withdrawal
9034,15/01/2026,IT3456,-141.68,EUR,transfer
9035,11/01/2026,IT3456,58.12,EUR,transfer
9036,14/03/2026,IT1234,1495.17,EUR,transfer
9037,14/01/2026,IT7890,-260.62,EUR,withdrawal
9038,13/05/2026,IT4567,-408.98,EUR,transfer
9039,06/01/2026,IT7890,57.51,EUR,deposit
9040,21/03/2026,IT8901,635.04,EUR,transfer
9041,21/05/2026,IT3456,1034.09,EUR,transfer
9042,24/05/2026,IT1234,-1121.57,EUR,withdrawal
9043,19/04/2026,IT1234,-793.79,EUR,withdrawal
9044,,IT2345,711.04,EUR,transfer
9045,03/05/2026,IT7890,-734.77,EUR,transfer
9046,28/04/2026,IT7890,-1989.22,EUR,withdrawal
9047,28/01/2026,IT2345,-537.41,EUR,withdrawal
9048,21/01/2026,IT5678,-564.73,EUR,transfer
9049,03/02/2026,IT3456,-1366.76,EUR,withdrawal
9050,04/02/2026,IT5678,-677.92,EUR,transfer
9051,20/01/2026,IT3456,1361.33,EUR,transfer
9052,16/02/2026,IT5678,-499.79,EUR,withdrawal
9053,28/04/2026,IT6789,1413.38,EUR,transfer
9054,24/01/2026,IT6789,4158.96,EUR,deposit
9055,30/04/2026,IT3456,180.57,EUR,transfer
9056,03/04/2026,IT8901,179.01,EUR,transfer
9057,23/02/2026,IT3456,-1307.71,EUR,transfer
9058,30/04/2026,IT7890,-1336.75,EUR,withdrawal
9059,13/04/2026,IT5678,1106.45,EUR,deposit
9060,30/04/2026,IT7890,4398.81,EUR,deposit
9061,19/02/2026,IT8901,-410.95,EUR,withdrawal
9062,30/05/2026,IT4567,558.62,EUR,transfer
9063,05/03/2026,IT2345,-662.24,EUR,transfer
9064,01/01/1750,IT3456,691.41,EUR,transfer
9065,14/05/2026,IT6789,1623.96,EUR,deposit
9066,17/01/2026,IT7890,-1551.8,EUR,withdrawal
9067,31/05/2026,IT8901,-1960.76,EUR,withdrawal
9068,25/03/2026,IT3456,-573.42,EUR,transfer
9069,09/04/2026,IT5678,2770.8,EUR,deposit
9070,26/04/2026,IT8901,-34.21,EUR,withdrawal
9071,01/02/2026,IT6789,-1142.83,EUR,withdrawal
9072,01/01/1750,IT7890,752.26,EUR,deposit
9073,17/04/2026,IT5678,-815.43,EUR,transfer
9074,30/04/2026,IT3456,-720.04,EUR,transfer
9075,09/02/2026,IT7890,-942.27,EUR,withdrawal
9076,04/01/2026,IT6789,463.57,EUR,transfer
9077,19/05/2026,IT5678,-1073.9,EUR,transfer
9078,11/01/2026,IT6789,-263.09,EUR,withdrawal
9079,27/02/2026,IT1234,-297.73,EUR,withdrawal
9080,14/04/2026,IT7890,23%02))12,EUR,withdrawal
9081,14/04/2026,IT8901,4413.55,EUR,deposit
9082,08/02/2026,IT4567,1431.85,EUR,transfer
9083,15/05/2026,IT5678,-1546.27,EUR,withdrawal
9084,16/01/2026,IT8901,-1504.3,EUR,withdrawal
9085,12/03/2026,IT4567,-1344.09,EUR,withdrawal
9086,21/03/2026,IT1234,-1371.45,EUR,transfer
9087,13/05/2026,IT1234,190.5,EUR,transfer
9088,01/05/2026,IT1234,1895.75,EUR,deposit
9089,04/05/2026,IT8901,306.64,EUR,deposit
9090,27/04/2026,IT6789,1742.12,EUR,deposit
9091,02/04/2026,IT1234,-645.53,EUR,withdrawal
9092,30/03/2026,IT3456,752.26,EUR,transfer
9093,23/02/2026,IT8901,2499.97,EUR,deposit
9094,02/05/2026,IT8901,1137.49,EUR,transfer
9095,01/04/2026,IT7890,1051.6,EUR,transfer
9096,15/05/2026,IT1234,-341.45,EUR,withdrawal
9097,02/02/2026,IT4567,2025.44,EUR,deposit
9098,05/05/2026,IT1234,4852.39,EUR,deposit
9099,13/02/2026,IT8901,1588.86,EUR,deposit
9100,07/01/2026,IT6789,4974.88,EUR,deposit
9101,24/04/2026,IT7890,-759.56,EUR,withdrawal
9102,16/02/2026,IT6789,-1622.85,EUR,withdrawal
9103,17/03/2026,IT4567,-1405.52,EUR,withdrawal
9104,20/05/2026,IT4567,-660.54,EUR,withdrawal
9105,03/02/2026,IT5678,322.93,EUR,deposit
9106,16/03/2026,IT6789,-949.68,EUR,withdrawal
9107,12/02/2026,IT4567,546.26,EUR,transfer
9108,02/01/2026,IT2345,1158.49,EUR,transfer
9109,22/05/2026,IT5678,4184.78,EUR,deposit
9110,31/05/2026,IT7890,-226.4,EUR,transfer
9111,07/05/2026,IT1234,608.95,EUR,deposit
9112,21/01/2026,IT1234,-259.74,EUR,withdrawal
9113,16/01/2026,IT7890,-998.71,EUR,withdrawal
9114,04/05/2026,IT3456,2838.36,EUR,deposit
9115,18/03/2026,IT4567,-280.88,EUR,withdrawal
9116,08/01/2026,IT8901,4979.85,EUR,deposit
9117,01/02/2026,IT7890,-83.46,EUR,withdrawal
9118,11/04/2026,IT6789,-566.92,EUR,transfer
9119,01/03/2026,IT4567,-1043.68,EUR,transfer
9120,04/02/2026,IT6789,-662.26,EUR,withdrawal
9121,13/03/2026,IT7890,-1377.24,EUR,withdrawal
9122,28/03/2026,IT3456,3031.98,EUR,deposit
9123,24/04/2026,IT1234,-745.76,EUR,withdrawal
9124,31/03/2026,IT8901,392.91,EUR,transfer
9125,22/02/2026,IT6789,662.44,EUR,transfer
9126,19/04/2026,IT4567,-1022.38,EUR,transfer
9127,05/02/2026,IT7890,4727.65,EUR,deposit
9128,05/05/2026,IT7890,2191.88,EUR,deposit
9129,01/01/2026,IT6789,-1154.85,EUR,withdrawal
9130,25/02/2026,IT4567,-1940.75,EUR,withdrawal
9131,14/03/2026,IT4567,-413.41,EUR,transfer
9132,21/03/2026,IT2345,2143.64,EUR,deposit
9133,07/04/2026,IT1234,1736.83,EUR,deposit
9134,02/03/2026,IT4567,-919.79,EUR,withdrawal
9135,26/05/2026,IT3456,3516.92,EUR,deposit
9136,22/01/2026,IT2345,-793.63,EUR,withdrawal
9137,16/04/2026,IT2345,4754.95,EUR,deposit
9138,04/03/2026,IT4567,875.16,EUR,transfer
9139,13/01/2026,IT6789,1169.99,EUR,transfer
9140,09/03/2026,IT6789,2012.68,EUR,deposit
9141,29/01/2026,IT4567,4149.98,EUR,deposit
9142,17/03/2026,IT4567,-498.76,EUR,withdrawal
9143,16/05/2026,IT5678,-421.06,EUR,transfer
9144,22/03/2026,IT1234,4354.18,EUR,deposit
9145,30/03/2026,IT4567,-844.18,EUR,transfer
9146,24/01/2026,IT5678,-440.82,EUR,withdrawal
9147,24/04/2026,IT5678,3757.55,EUR,deposit
9148,07/01/2026,IT5678,-520.74,EUR,transfer
9149,19/02/2026,IT2345,-406.12,EUR,withdrawal
9150,06/04/2026,IT5678,4678.59,EUR,deposit
9151,13/04/2026,IT1234,1326.23,EUR,transfer
9152,10/02/2026,IT7890,593.62,EUR,transfer
9153,16/04/2026,IT6789,-215.62,EUR,withdrawal
9154,17/01/2026,IT3456,680.53,EUR,transfer
9155,26/05/2026,IT1234,-1162.53,EUR,transfer
9156,03/05/2026,IT8901,4233.73,EUR,deposit
9157,05/02/2026,IT7890,906.5,EUR,transfer
9158,28/02/2026,IT4567,-1079.46,EUR,transfer
9159,26/02/2026,IT7890,3928.92,EUR,deposit
9160,27/03/2026,IT1234,23%02))12,EUR,withdrawal
9161,15/01/2026,IT4567,-296.32,EUR,withdrawal
9162,17/03/2026,IT1234,-1614.29,EUR,withdrawal
9163,10/05/2026,IT3456,108.61,EUR,transfer
9164,14/01/2026,IT2345,1276.12,EUR,deposit
9165,15/02/2026,IT4567,-32.83,EUR,withdrawal
9166,27/05/2026,IT7890,855.37,EUR,deposit
9167,28/01/2026,IT8901,2196.64,EUR,deposit
9168,08/03/2026,IT4567,634.69,EUR,deposit
9169,23/04/2026,IT5678,595.78,EUR,deposit
9170,24/04/2026,IT6789,4216.55,EUR,deposit
9171,09/04/2026,IT6789,-1186.71,EUR,withdrawal
9172,06/03/2026,IT7890,321.2,EUR,deposit
9173,17/05/2026,IT8901,4205.91,EUR,deposit
9174,27/05/2026,IT3456,586.17,EUR,transfer
9175,28/02/2026,IT7890,-1954.03,EUR,withdrawal
9176,23/05/2026,IT2345,-123.31,EUR,withdrawal
9177,12/02/2026,IT1234,-637.15,EUR,withdrawal
9178,07/01/2026,IT1234,-52.28,EUR,transfer
9179,02/05/2026,IT8901,-261.75,EUR,withdrawal
9180,28/03/2026,IT4567,250.05,EUR,transfer
9181,23/01/2026,IT8901,-837.77,EUR,withdrawal
9182,20/03/2026,IT5678,23%02))12,EUR,deposit
9183,01/03/2026,IT1234,592.76,EUR,transfer
9184,14/01/2026,IT2345,-1293.09,EUR,withdrawal
9185,08/04/2026,IT7890,-382.76,EUR,withdrawal
9186,25/05/2026,IT7890,-651.01,EUR,transfer
9187,13/05/2026,IT1234,-1578.24,EUR,withdrawal
9188,20/01/2026,IT6789,23%02))12,EUR,deposit
9189,17/05/2026,IT1234,1403.05,EUR,transfer
9190,14/05/2026,IT1234,3632.62,EUR,deposit
9191,04/04/2026,IT1234,-370.84,EUR,transfer
9192,28/03/2026,IT2345,71.65,EUR,transfer
9193,05/05/2026,IT4567,1041.4,EUR,transfer
9194,25/05/2026,IT6789,-1133.51,EUR,withdrawal
9195,04/05/2026,IT4567,2795.94,EUR,deposit
9196,09/05/2026,IT7890,1448.13,EUR,transfer
9197,22/05/2026,IT5678,-1041.2,EUR,transfer
9198,19/02/2026,IT8901,-110.31,EUR,transfer
9199,20/02/2026,IT5678,-834.09,EUR,transfer
9200,18/05/2026,IT7890,-890.3,EUR,withdrawal
9201,21/04/2026,IT8901,-1128.95,EUR,transfer
9202,14/04/2026,IT5678,-1644.97,EUR,withdrawal
9203,22/02/2026,IT6789,2104.43,EUR,deposit
9204,08/04/2026,IT6789,475.74,EUR,deposit
9205,27/05/2026,IT7890,-1818.35,EUR,withdrawal
9206,21/01/2026,IT2345,-304.9,EUR,transfer
9207,13/04/2026,IT6789,971.36,EUR,transfer
9208,04/01/2026,IT4567,4179.12,EUR,deposit
9209,30/01/2026,IT6789,2019.68,EUR,deposit
9210,25/05/2026,IT7890,-964.16,EUR,transfer
9211,22/02/2026,IT1234,-231.94,EUR,withdrawal
9212,30/04/2026,IT7890,2894.37,EUR,deposit
9213,05/05/2026,IT4567,-700.79,EUR,transfer
9214,19/01/2026,IT2345,-813.94,EUR,transfer
9215,15/04/2026,IT5678,2564.93,EUR,deposit
9216,16/04/2026,IT6789,4610.38,EUR,deposit
9217,15/05/2026,IT5678,735.04,EUR,deposit
9218,19/03/2026,IT2345,368.58,EUR,transfer
9219,01/04/2026,IT7890,949.3,EUR,deposit
9220,26/02/2026,IT3456,303.11,EUR,transfer
9221,14/02/2026,IT1234,-1965.94,EUR,withdrawal
9222,30/05/2026,IT2345,-358.66,EUR,transfer
9223,01/02/2026,IT4567,-1301.91,EUR,withdrawal
9224,07/04/2026,IT8901,2520.97,EUR,deposit
9225,14/02/2026,IT3456,4688.3,EUR,deposit
9226,06/01/2026,IT4567,592.01,EUR,deposit
9227,14/04/2026,IT8901,1045.91,EUR,deposit
9228,05/01/2026,IT8901,-1879.72,EUR,withdrawal
9229,06/04/2026,IT7890,584.75,EUR,transfer
9230,16/05/2026,IT8901,-1475.99,EUR,transfer
9231,09/04/2026,IT3456,114.04,EUR,transfer
9232,30/05/2026,IT5678,-1907.29,EUR,withdrawal
9233,28/02/2026,IT4567,-1753.28,EUR,withdrawal
9234,21/04/2026,IT2345,-1207.05,EUR,transfer
9235,30/05/2026,IT2345,23%02))12,EUR,transfer
9236,28/01/2026,IT4567,296.37,EUR,deposit
9237,19/03/2026,IT5678,2045.67,EUR,deposit
9238,22/01/2026,IT1234,-935.93,EUR,transfer
9239,19/01/2026,IT4567,-1872.4,EUR,withdrawal
9240,19/03/2026,IT8901,4317.68,EUR,deposit
9241,19/03/2026,IT7890,4669.78,EUR,deposit
9242,02/01/2026,IT6789,-1430.1,EUR,transfer
9243,11/05/2026,IT4567,448.42,EUR,deposit
9244,23/02/2026,IT6789,-220.69,EUR,withdrawal
9245,21/02/2026,IT6789,1495.1,EUR,transfer
9246,06/02/2026,IT3456,-308.13,EUR,transfer
9247,24/01/2026,IT6789,251.03,EUR,deposit
9248,03/01/2026,IT7890,926.57,EUR,deposit
9249,15/01/2026,IT4567,-842.55,EUR,withdrawal
9250,26/05/2026,IT2345,908.86,EUR,transfer
9251,15/02/2026,IT4567,2074.4,EUR,deposit
9252,03/02/2026,IT2345,1938.9,EUR,deposit
9253,16/05/2026,IT3456,1133.46,EUR,deposit
9254,21/03/2026,IT8901,2608.63,EUR,deposit
9255,08/03/2026,IT3456,313.92,EUR,transfer
9256,14/01/2026,IT4567,2612.16,EUR,deposit
9257,11/01/2026,IT7890,-696.52,EUR,withdrawal
9258,01/04/2026,IT8901,3130.74,EUR,deposit
9259,18/05/2026,IT3456,-82.72,EUR,withdrawal
9260,17/05/2026,IT8901,-56.62,EUR,transfer
9261,18/05/2026,IT8901,-1783.97,EUR,withdrawal
9262,15/05/2026,IT5678,-665.32,EUR,transfer
9263,19/02/2026,IT4567,-1509.03,EUR,withdrawal
9264,21/01/2026,IT6789,-995.33,EUR,withdrawal
9265,16/04/2026,IT3456,-667.03,EUR,transfer
9266,31/05/2026,IT4567,-1009.99,EUR,withdrawal
9267,15/02/2026,IT3456,364.74,EUR,transfer
9268,05/04/2026,IT8901,-1974.08,EUR,withdrawal
9269,25/01/2026,IT8901,535.44,EUR,transfer
9270,08/04/2026,IT5678,-643.72,EUR,transfer
9271,27/05/2026,IT8901,-1033.23,EUR,transfer
9272,23/04/2026,IT6789,-96.23,EUR,transfer
9273,21/02/2026,IT2345,768.97,EUR,deposit
9274,20/01/2026,IT6789,-707.62,EUR,withdrawal
9275,08/03/2026,IT1234,1721.42,EUR,deposit
9276,08/02/2026,IT2345,929.14,EUR,transfer
9277,20/02/2026,IT2345,-808.03,EUR,withdrawal
9278,25/01/2026,IT1234,972.4,EUR,transfer
9279,07/04/2026,IT7890,1188.18,EUR,transfer
9280,25/03/2026,IT5678,-710.54,EUR,withdrawal
9281,22/02/2026,IT3456,234.3,EUR,deposit
9282,13/04/2026,IT5678,-1454.75,EUR,withdrawal
9283,15/03/2026,IT6789,823.45,EUR,deposit
9284,30/03/2026,IT3456,781.01,EUR,transfer
9285,22/04/2026,IT4567,-1326.77,EUR,transfer
9286,10/01/2026,IT6789,208.56,EUR,deposit
9287,15/03/2026,IT3456,395.05,EUR,transfer
9288,03/01/2026,IT1234,635.79,EUR,transfer
9289,25/03/2026,IT2345,-1174.09,EUR,withdrawal
9290,10/03/2026,IT7890,-876.75,EUR,transfer
9291,04/04/2026,IT3456,3607.83,EUR,deposit
9292,23/03/2026,IT7890,859.34,EUR,deposit
9293,02/03/2026,IT6789,-1198.23,EUR,withdrawal
9294,11/02/2026,IT8901,98.19,EUR,transfer
9295,12/05/2026,IT6789,4037.36,EUR,deposit
9296,16/01/2026,IT1234,1353.0,EUR,deposit
9297,12/03/2026,IT7890,331.33,EUR,transfer
9298,01/04/2026,IT4567,1346.52,EUR,transfer
9299,15/05/2026,IT4567,4265.83,EUR,deposit
9300,02/01/2026,IT2345,-1402.12,EUR,transfer
9301,25/01/2026,IT4567,3702.72,EUR,deposit
9302,30/05/2026,IT8901,2687.8,EUR,deposit
9303,30/03/2026,IT6789,-1665.46,EUR,withdrawal
9304,06/03/2026,IT3456,-1979.41,EUR,withdrawal
9305,18/03/2026,IT5678,-555.86,EUR,transfer
9306,31/01/2026,IT4567,3362.31,EUR,deposit
9307,24/05/2026,IT4567,-806.31,EUR,transfer
9308,14/05/2026,IT2345,-22.34,EUR,withdrawal
9309,07/05/2026,IT4567,-181.72,EUR,withdrawal
9310,13/02/2026,IT6789,-1622.89,EUR,withdrawal
9311,23/04/2026,IT8901,-1350.9,EUR,transfer
9312,15/02/2026,IT5678,-1324.14,EUR,withdrawal
9313,09/03/2026,IT2345,1853.09,EUR,deposit
9314,02/05/2026,IT6789,4152.03,EUR,deposit
9315,26/03/2026,IT5678,265.08,EUR,transfer
9316,25/05/2026,IT4567,509.56,EUR,deposit
9317,30/01/2026,IT3456,-944.49,EUR,withdrawal
9318,30/05/2026,IT8901,-1081.69,EUR,withdrawal
9319,29/01/2026,IT5678,816.9,EUR,deposit
9320,23/02/2026,IT2345,-974.18,EUR,transfer
9321,18/03/2026,IT8901,-1231.04,EUR,withdrawal
9322,23/04/2026,IT3456,-886.65,EUR,withdrawal
9323,13/01/2026,IT6789,-681.34,EUR,transfer
9324,02/05/2026,IT5678,-1115.61,EUR,withdrawal
9325,20/02/2026,IT1234,2270.95,EUR,deposit
9326,19/01/2026,IT1234,-1687.82,EUR,withdrawal
9327,30/03/2026,IT1234,-1397.64,EUR,withdrawal
9328,11/02/2026,IT3456,-530.89,EUR,withdrawal
9329,14/05/2026,IT3456,49.95,EUR,transfer
9330,15/03/2026,IT7890,2431.64,EUR,deposit
9331,27/01/2026,IT6789,4646.46,EUR,deposit
9332,28/02/2026,IT1234,-1059.32,EUR,withdrawal
9333,24/03/2026,IT5678,3465.85,EUR,deposit
9334,22/04/2026,IT8901,-532.38,EUR,withdrawal
9335,07/04/2026,IT3456,676.53,EUR,transfer
9336,28/05/2026,IT8901,-891.12,EUR,withdrawal
9337,15/02/2026,IT8901,-758.65,EUR,withdrawal
9338,01/02/2026,IT7890,1201.46,EUR,deposit
9339,03/04/2026,IT2345,-571.53,EUR,transfer
9340,16/04/2026,IT1234,1368.55,EUR,transfer
9341,11/05/2026,IT7890,-271.27,EUR,withdrawal
9342,08/02/2026,IT6789,1005.7,EUR,deposit
9343,23/01/2026,IT4567,1269.13,EUR,transfer
9344,28/05/2026,IT4567,-1108.84,EUR,withdrawal
9345,05/01/2026,IT7890,1338.37,EUR,deposit
9346,04/01/2026,IT1234,-84.68,EUR,transfer
9347,03/01/2026,IT8901,-1360.99,EUR,transfer
9348,26/02/2026,IT3456,2085.22,EUR,deposit
9349,17/03/2026,IT2345,5.21,EUR,transfer
9350,28/05/2026,IT5678,23%02))12,EUR,transfer
9351,12/01/2026,IT8901,-856.23,EUR,transfer
9352,26/05/2026,IT1234,855.42,EUR,transfer
9353,18/05/2026,IT3456,465.79,EUR,transfer
9354,28/05/2026,IT5678,3425.09,EUR,deposit
9355,23/05/2026,IT6789,-986.26,EUR,withdrawal
9356,20/02/2026,IT3456,1443.84,EUR,transfer
9357,21/04/2026,IT6789,1370.24,EUR,transfer
9358,04/04/2026,IT1234,2684.9,EUR,deposit
9359,26/05/2026,IT8901,-486.43,EUR,withdrawal
9360,07/04/2026,IT5678,-643.61,EUR,withdrawal
9361,18/01/2026,IT4567,-1396.62,EUR,transfer
9362,03/03/2026,IT7890,2311.5,EUR,deposit
9363,13/04/2026,IT8901,211.48,EUR,deposit
9364,15/05/2026,IT5678,1951.72,EUR,deposit
9365,20/01/2026,IT1234,2603.63,EUR,deposit
9366,17/02/2026,IT3456,512.8,EUR,transfer
9367,30/05/2026,IT7890,789.24,EUR,deposit
9368,25/01/2026,IT5678,4836.6,EUR,deposit
9369,27/05/2026,IT2345,-375.45,EUR,withdrawal
9370,31/05/2026,IT4567,4402.51,EUR,deposit
9371,30/01/2026,IT3456,-1349.72,EUR,withdrawal
9372,05/02/2026,IT3456,-41.56,EUR,transfer
9373,22/03/2026,IT6789,3047.07,EUR,deposit
9374,28/03/2026,IT5678,-330.38,EUR,withdrawal
9375,19/03/2026,IT6789,567.25,EUR,transfer
9376,13/01/2026,IT3456,1407.89,EUR,deposit
9377,25/01/2026,IT2345,604.24,EUR,deposit
9378,14/05/2026,IT1234,3864.62,EUR,deposit
9379,30/04/2026,IT3456,-751.29,EUR,withdrawal
9380,26/01/2026,IT5678,303.69,EUR,transfer
9381,06/05/2026,IT6789,-953.05,EUR,withdrawal
9382,16/01/2026,IT8901,-336.7,EUR,transfer
9383,18/01/2026,IT8901,-1905.18,EUR,withdrawal
9384,22/01/2026,IT7890,-604.67,EUR,withdrawal
9385,05/04/2026,IT8901,-1611.55,EUR,withdrawal
9386,03/02/2026,IT2345,-1728.73,EUR,withdrawal
9387,25/04/2026,IT6789,-65.76,EUR,withdrawal
9388,22/02/2026,IT2345,-828.5,EUR,withdrawal
9389,05/03/2026,IT2345,3320.34,EUR,deposit
9390,18/05/2026,IT7890,-1042.38,EUR,withdrawal
9391,17/02/2026,IT7890,1029.67,EUR,deposit
9392,28/02/2026,IT6789,-1102.49,EUR,transfer
9393,27/04/2026,IT5678,138.76,EUR,deposit
9394,22/04/2026,IT2345,23%02))12,EUR,transfer
9395,11/04/2026,IT7890,-86.67,EUR,withdrawal
9396,22/04/2026,IT6789,-236.85,EUR,withdrawal
9397,24/02/2026,IT6789,-681.97,EUR,withdrawal
9398,20/02/2026,IT2345,-943.63,EUR,transfer
9399,05/01/2026,IT3456,2386.85,EUR,deposit
9400,29/03/2026,IT2345,650.68,EUR,transfer
9401,01/02/2026,IT4567,-1915.09,EUR,withdrawal
9402,08/05/2026,IT1234,-168.58,EUR,withdrawal
9403,04/01/2026,IT6789,-1131.74,EUR,withdrawal
9404,22/02/2026,IT7890,-1405.89,EUR,withdrawal
9405,19/03/2026,IT1234,-136.91,EUR,transfer
9406,06/03/2026,IT6789,4610.99,EUR,deposit
9407,02/04/2026,IT4567,-1869.82,EUR,withdrawal
9408,07/01/2026,IT7890,-836.88,EUR,withdrawal
9409,08/05/2026,IT3456,1232.49,EUR,transfer
9410,02/04/2026,IT4567,-1377.1,EUR,withdrawal
9411,19/02/2026,IT5678,-1222.19,EUR,withdrawal
9412,22/01/2026,IT7890,-1008.41,EUR,withdrawal
9413,25/03/2026,IT1234,-1617.89,EUR,withdrawal
9414,30/04/2026,IT5678,-1206.68,EUR,withdrawal
9415,24/04/2026,IT7890,-75.49,EUR,withdrawal
9416,09/05/2026,IT2345,-1669.96,EUR,withdrawal
9417,01/01/1750,IT2345,-1112.73,EUR,transfer
9418,24/04/2026,IT3456,1292.86,EUR,transfer
9419,11/05/2026,IT1234,-994.24,EUR,transfer
9420,04/03/2026,IT2345,2877.26,EUR,deposit
9421,28/04/2026,IT3456,-450.51,EUR,transfer
9422,03/03/2026,IT7890,-604.08,EUR,transfer
9423,18/03/2026,IT1234,-619.16,EUR,withdrawal
9424,11/02/2026,IT3456,-562.71,EUR,transfer
9425,14/02/2026,IT7890,2638.33,EUR,deposit
9426,22/03/2026,IT4567,-440.03,EUR,withdrawal
9427,13/03/2026,IT1234,23%02))12,EUR,withdrawal
9428,16/04/2026,IT8901,1132.56,EUR,transfer
9429,,IT1234,-958.98,EUR,withdrawal
9430,13/05/2026,IT2345,-679.42,EUR,transfer
9431,02/01/2026,IT6789,-103.18,EUR,withdrawal
9432,27/04/2026,IT1234,1144.81,EUR,transfer
9433,06/04/2026,IT6789,4450.53,EUR,deposit
9434,26/04/2026,IT3456,1174.65,EUR,deposit
9435,06/01/2026,IT6789,-103.83,EUR,withdrawal
9436,07/01/2026,IT4567,-720.04,EUR,withdrawal
9437,06/04/2026,IT8901,-765.46,EUR,withdrawal
9438,24/02/2026,IT7890,-1197.1,EUR,withdrawal
9439,11/05/2026,IT1234,-1288.82,EUR,withdrawal
9440,05/03/2026,IT2345,-488.15,EUR,withdrawal
9441,07/01/2026,IT1234,436.34,EUR,transfer
9442,08/04/2026,IT6789,-1153.28,EUR,transfer
9443,03/04/2026,IT5678,-1449.61,EUR,transfer
9444,14/05/2026,IT2345,-991.74,EUR,transfer
9445,12/01/2026,IT1234,-1956.29,EUR,withdrawal
9446,01/03/2026,IT5678,-344.09,EUR,transfer
9447,27/04/2026,IT3456,-1227.45,EUR,withdrawal
9448,13/01/2026,IT5678,-1468.03,EUR,withdrawal
9449,26/02/2026,IT5678,-311.03,EUR,transfer
9450,,IT4567,-1392.56,EUR,withdrawal
9451,02/04/2026,IT4567,3910.73,EUR,deposit
9452,13/03/2026,IT4567,1233.69,EUR,transfer
9453,21/04/2026,IT7890,-878.95,EUR,withdrawal
9454,03/05/2026,IT8901,204.8,EUR,deposit
9455,28/02/2026,IT3456,4667.33,EUR,deposit
9456,19/01/2026,IT2345,-565.76,EUR,withdrawal
9457,20/05/2026,IT2345,932.77,EUR,deposit
9458,30/01/2026,IT1234,-999.65,EUR,withdrawal
9459,02/02/2026,IT4567,2364.33,EUR,deposit
9460,15/01/2026,IT1234,759.29,EUR,transfer
9461,05/04/2026,IT2345,3781.27,EUR,deposit
9462,03/05/2026,IT8901,-1298.24,EUR,withdrawal
9463,11/02/2026,IT6789,3846.65,EUR,deposit
9464,07/04/2026,IT6789,4731.23,EUR,deposit
9465,03/05/2026,IT4567,751.4,EUR,deposit
9466,28/01/2026,IT1234,477.74,EUR,transfer
9467,29/03/2026,IT5678,2917.72,EUR,deposit
9468,07/01/2026,IT8901,2647.32,EUR,deposit
9469,09/05/2026,IT8901,4882.62,EUR,deposit
9470,27/03/2026,IT1234,-1931.62,EUR,withdrawal
9471,04/01/2026,IT3456,-366.31,EUR,withdrawal
9472,12/02/2026,IT3456,23%02))12,EUR,transfer
9473,15/02/2026,IT7890,-1355.66,EUR,withdrawal
9474,23/03/2026,IT3456,-1620.41,EUR,withdrawal
9475,16/05/2026,IT3456,1299.25,EUR,transfer
9476,04/03/2026,IT2345,-888.33,EUR,withdrawal
9477,02/02/2026,IT2345,1411.08,EUR,transfer
9478,10/03/2026,IT3456,-1092.97,EUR,withdrawal
9479,26/01/2026,IT8901,-1563.74,EUR,withdrawal
9480,28/03/2026,IT2345,2463.13,EUR,deposit
9481,08/05/2026,IT3456,-1101.96,EUR,withdrawal
9482,27/02/2026,IT3456,-7.93,EUR,transfer
9483,06/04/2026,IT1234,-425.02,EUR,transfer
9484,03/04/2026,IT8901,4325.46,EUR,deposit
9485,14/03/2026,IT8901,-424.42,EUR,withdrawal
9486,16/03/2026,IT6789,49.09,EUR,transfer
9487,07/03/2026,IT2345,2324.91,EUR,deposit
9488,30/03/2026,IT2345,2564.15,EUR,deposit
9489,09/02/2026,IT7890,-178.51,EUR,withdrawal
9490,20/05/2026,IT3456,-72.8,EUR,transfer
9491,10/05/2026,IT2345,4803.91,EUR,deposit
9492,17/03/2026,IT2345,3294.09,EUR,deposit
9493,11/05/2026,IT1234,-176.22,EUR,withdrawal
9494,17/03/2026,IT2345,1996.72,EUR,deposit
9495,25/01/2026,IT5678,23%02))12,EUR,deposit
9496,03/04/2026,IT5678,-389.65,EUR,withdrawal
9497,16/03/2026,IT3456,-1937.46,EUR,withdrawal
9498,02/04/2026,IT7890,-607.96,EUR,transfer
9499,12/04/2026,IT6789,-106.56,EUR,withdrawal
9500,19/04/2026,IT2345,-1680.08,EUR,withdrawal
9501,13/01/2026,IT5678,2574.78,EUR,deposit
9502,11/04/2026,IT6789,572.85,EUR,deposit
9503,24/05/2026,IT6789,23%02))12,EUR,transfer
9504,28/04/2026,IT5678,4415.77,EUR,deposit
9505,21/02/2026,IT8901,-1494.13,EUR,transfer
9506,19/03/2026,IT6789,3864.9,EUR,deposit
9507,07/03/2026,IT3456,-948.45,EUR,withdrawal
9508,26/02/2026,IT6789,-887.94,EUR,withdrawal
9509,20/05/2026,IT6789,-1293.73,EUR,withdrawal
9510,06/03/2026,IT2345,-427.59,EUR,withdrawal
9511,04/01/2026,IT5678,-1006.59,EUR,withdrawal
9512,10/01/2026,IT5678,-934.36,EUR,transfer
9513,07/01/2026,IT8901,1538.79,EUR,deposit
9514,31/01/2026,IT1234,1559.35,EUR,deposit
9515,02/05/2026,IT7890,747.55,EUR,transfer
9516,08/01/2026,IT3456,600.6,EUR,transfer
9517,27/01/2026,IT3456,3240.61,EUR,deposit
9518,07/02/2026,IT8901,-937.42,EUR,withdrawal
9519,16/01/2026,IT1234,3241.66,EUR,deposit
9520,21/04/2026,IT1234,1598.49,EUR,deposit
9521,09/04/2026,IT6789,-1473.66,EUR,withdrawal
9522,09/05/2026,IT6789,3215.08,EUR,deposit
9523,22/05/2026,IT3456,-112.87,EUR,transfer
9524,26/02/2026,IT2345,2867.74,EUR,deposit
9525,04/04/2026,IT6789,742.69,EUR,transfer
9526,14/05/2026,IT1234,-630.72,EUR,withdrawal
9527,13/01/2026,IT3456,1082.64,EUR,transfer
9528,15/03/2026,IT1234,-341.4,EUR,transfer
9529,25/01/2026,IT2345,-322.75,EUR,withdrawal
9530,18/05/2026,IT5678,-1427.82,EUR,withdrawal
9531,05/05/2026,IT2345,4786.62,EUR,deposit
9532,25/02/2026,IT6789,-689.64,EUR,transfer
9533,13/01/2026,IT5678,-360.43,EUR,transfer
9534,14/02/2026,IT7890,-1668.25,EUR,withdrawal
9535,27/04/2026,IT7890,1063.71,EUR,deposit
9536,15/05/2026,IT5678,257.27,EUR,transfer
9537,04/02/2026,IT6789,-457.97,EUR,withdrawal
9538,04/04/2026,IT7890,4165.23,EUR,deposit
9539,30/04/2026,IT1234,-419.37,EUR,withdrawal
9540,09/01/2026,IT4567,-263.15,EUR,transfer
9541,26/05/2026,IT8901,1472.55,EUR,deposit
9542,16/01/2026,IT7890,-1412.77,EUR,withdrawal
9543,23/03/2026,IT1234,-159.83,EUR,withdrawal
9544,04/05/2026,IT2345,1061.04,EUR,transfer
9545,23/01/2026,IT7890,-995.54,EUR,transfer
9546,08/03/2026,IT2345,-908.56,EUR,transfer
9547,02/01/2026,IT5678,-1340.39,EUR,transfer
9548,30/05/2026,IT6789,4169.3,EUR,deposit
9549,26/04/2026,IT6789,3112.73,EUR,deposit
9550,11/03/2026,IT2345,2870.02,EUR,deposit
9551,21/02/2026,IT6789,-402.84,EUR,transfer
9552,24/05/2026,IT6789,534.22,EUR,transfer
9553,07/03/2026,IT5678,-1026.87,EUR,withdrawal
9554,28/04/2026,IT2345,2388.98,EUR,deposit
9555,12/02/2026,IT6789,-1076.25,EUR,withdrawal
9556,17/05/2026,IT5678,-984.83,EUR,transfer
9557,13/04/2026,IT4567,1157.8,EUR,transfer
9558,02/03/2026,IT6789,-1956.28,EUR,withdrawal
9559,09/05/2026,IT7890,908.19,EUR,deposit
9560,30/03/2026,IT7890,-117.96,EUR,transfer
9561,17/05/2026,IT5678,551.41,EUR,transfer
9562,08/01/2026,IT1234,825.21,EUR,transfer
9563,09/02/2026,IT3456,3447.44,EUR,deposit
9564,10/01/2026,IT5678,1296.88,EUR,deposit
9565,19/05/2026,IT5678,-33.21,EUR,transfer
9566,25/04/2026,IT6789,3059.51,EUR,deposit
9567,25/03/2026,IT2345,3115.85,EUR,deposit
9568,24/02/2026,IT3456,-376.34,EUR,withdrawal
9569,22/03/2026,IT6789,-1069.92,EUR,withdrawal
9570,13/01/2026,IT4567,3521.05,EUR,deposit
9571,06/04/2026,IT1234,-686.22,EUR,transfer
9572,24/01/2026,IT8901,926.55,EUR,transfer
9573,12/02/2026,IT7890,-1346.91,EUR,transfer
9574,24/04/2026,IT2345,-605.2,EUR,transfer
9575,01/01/1750,IT2345,1861.6,EUR,deposit
9576,30/05/2026,IT2345,-1071.05,EUR,withdrawal
9577,12/02/2026,IT8901,1186.97,EUR,transfer
9578,06/01/2026,IT6789,-1485.13,EUR,withdrawal
9579,21/05/2026,IT1234,163.26,EUR,deposit
9580,12/03/2026,IT3456,-1387.52,EUR,withdrawal
9581,22/03/2026,IT5678,-436.14,EUR,withdrawal
9582,05/03/2026,IT5678,-923.77,EUR,transfer
9583,29/04/2026,IT3456,4351.19,EUR,deposit
9584,19/05/2026,IT5678,-1211.45,EUR,transfer
9585,11/04/2026,IT5678,150.73,EUR,deposit
9586,11/05/2026,IT2345,-1580.79,EUR,withdrawal
9587,08/01/2026,IT2345,-1331.7,EUR,transfer
9588,12/01/2026,IT7890,-1159.71,EUR,withdrawal
9589,07/01/2026,IT4567,1460.45,EUR,transfer
9590,10/05/2026,IT6789,140.69,EUR,deposit
9591,04/05/2026,IT7890,1304.75,EUR,deposit
9592,15/01/2026,IT7890,-1301.95,EUR,transfer
9593,21/02/2026,IT5678,4624.9,EUR,deposit
9594,09/02/2026,IT1234,771.51,EUR,deposit
9595,26/01/2026,IT1234,-243.11,EUR,withdrawal
9596,04/05/2026,IT1234,-446.99,EUR,transfer
9597,04/01/2026,IT5678,449.76,EUR,deposit
9598,01/01/2026,IT5678,-351.16,EUR,withdrawal
9599,06/05/2026,IT5678,4658.12,EUR,deposit
9600,01/02/2026,IT2345,-848.65,EUR,withdrawal
9601,25/04/2026,IT5678,4986.55,EUR,deposit
9602,27/05/2026,IT7890,-325.45,EUR,withdrawal
9603,30/04/2026,IT7890,1540.84,EUR,deposit
9604,25/05/2026,IT8901,-75.14,EUR,withdrawal
9605,16/02/2026,IT3456,3128.6,EUR,deposit
9606,13/03/2026,IT8901,4162.35,EUR,deposit
9607,11/01/2026,IT6789,-715.43,EUR,withdrawal
9608,15/04/2026,IT2345,-811.72,EUR,withdrawal
9609,05/01/2026,IT5678,4275.7,EUR,deposit
9610,04/02/2026,IT8901,4719.26,EUR,deposit
9611,24/04/2026,IT1234,-556.17,EUR,withdrawal
9612,25/01/2026,IT7890,-895.25,EUR,withdrawal
9613,02/05/2026,IT3456,-169.51,EUR,transfer
9614,29/04/2026,IT8901,448.38,EUR,transfer
9615,05/04/2026,IT4567,-865.3,EUR,transfer
9616,24/02/2026,IT8901,1221.11,EUR,transfer
9617,26/03/2026,IT3456,3826.88,EUR,deposit
9618,21/05/2026,IT3456,-1952.24,EUR,withdrawal
9619,02/05/2026,IT8901,23%02))12,EUR,transfer
9620,31/01/2026,IT1234,4383.38,EUR,deposit
9621,14/02/2026,IT5678,-860.73,EUR,withdrawal
9622,18/04/2026,IT7890,4175.18,EUR,deposit
9623,11/01/2026,IT3456,1747.0,EUR,deposit
9624,10/02/2026,IT2345,3083.52,EUR,deposit
9625,01/02/2026,IT5678,-786.53,EUR,withdrawal
9626,20/05/2026,IT7890,640.61,EUR,deposit
9627,30/04/2026,IT6789,533.64,EUR,transfer
9628,07/05/2026,IT1234,-244.47,EUR,transfer
9629,30/04/2026,IT4567,-280.95,EUR,withdrawal
9630,16/02/2026,IT5678,23%02))12,EUR,transfer
9631,22/05/2026,IT5678,-1682.24,EUR,withdrawal
9632,13/05/2026,IT3456,156.86,EUR,transfer
9633,10/01/2026,IT5678,-99.53,EUR,transfer
9634,26/02/2026,IT5678,-185.8,EUR,transfer
9635,16/02/2026,IT8901,-196.28,EUR,withdrawal
9636,04/01/2026,IT2345,-554.21,EUR,withdrawal
9637,11/05/2026,IT7890,-207.95,EUR,withdrawal
9638,19/04/2026,IT3456,-315.57,EUR,transfer
9639,31/01/2026,IT8901,-41.87,EUR,withdrawal
9640,09/05/2026,IT1234,2026.31,EUR,deposit
9641,25/03/2026,IT3456,927.18,EUR,deposit
9642,10/02/2026,IT6789,-669.81,EUR,withdrawal
9643,08/05/2026,IT1234,23%02))12,EUR,deposit
9644,17/05/2026,IT8901,-1795.58,EUR,withdrawal
9645,13/05/2026,IT1234,4642.21,EUR,deposit
9646,05/01/2026,IT8901,-822.14,EUR,withdrawal
9647,10/01/2026,IT2345,3205.31,EUR,deposit
9648,01/01/2026,IT5678,1665.4,EUR,deposit
9649,08/01/2026,IT4567,-1265.86,EUR,transfer
9650,23/04/2026,IT7890,608.12,EUR,transfer
9651,13/02/2026,IT7890,80.75,EUR,transfer
9652,04/03/2026,IT1234,825.1,EUR,transfer
9653,28/04/2026,IT7890,-572.36,EUR,withdrawal
9654,15/02/2026,IT4567,-965.67,EUR,transfer
9655,02/03/2026,IT4567,-1490.51,EUR,withdrawal
9656,12/03/2026,IT6789,541.06,EUR,transfer
9657,13/04/2026,IT4567,4384.29,EUR,deposit
9658,15/02/2026,IT5678,687.65,EUR,transfer
9659,07/02/2026,IT5678,-1189.84,EUR,withdrawal
9660,16/02/2026,IT4567,-894.51,EUR,transfer
9661,19/04/2026,IT6789,-508.1,EUR,withdrawal
9662,17/03/2026,IT4567,-1250.31,EUR,withdrawal
9663,21/05/2026,IT6789,-954.01,EUR,withdrawal
9664,27/03/2026,IT3456,-938.59,EUR,transfer
9665,03/05/2026,IT8901,2425.11,EUR,deposit
9666,08/03/2026,IT7890,-927.31,EUR,withdrawal
9667,01/03/2026,IT7890,-636.18,EUR,withdrawal
9668,09/02/2026,IT5678,-1442.39,EUR,withdrawal
9669,13/02/2026,IT3456,3056.32,EUR,deposit
9670,23/03/2026,IT8901,-330.11,EUR,transfer
9671,27/01/2026,IT3456,527.86,EUR,transfer
9672,13/03/2026,IT2345,-1203.63,EUR,withdrawal
9673,17/01/2026,IT4567,-14.2,EUR,transfer
9674,02/05/2026,IT1234,-1704.97,EUR,withdrawal
9675,06/05/2026,IT1234,-1487.43,EUR,withdrawal
9676,19/04/2026,IT1234,-734.79,EUR,withdrawal
9677,07/02/2026,IT7890,-1475.76,EUR,withdrawal
9678,11/01/2026,IT1234,1808.44,EUR,deposit
9679,16/05/2026,IT1234,-396.44,EUR,withdrawal
9680,03/01/2026,IT7890,-1027.34,EUR,withdrawal
9681,19/03/2026,IT3456,-274.98,EUR,transfer
9682,27/03/2026,IT6789,-1353.48,EUR,transfer
9683,25/01/2026,IT1234,3273.85,EUR,deposit
9684,07/05/2026,IT3456,-1643.16,EUR,withdrawal
9685,06/03/2026,IT6789,14.73,EUR,transfer
9686,22/02/2026,IT8901,-44.79,EUR,withdrawal
9687,19/01/2026,IT1234,1459.67,EUR,deposit
9688,15/02/2026,IT5678,1744.27,EUR,deposit
9689,29/04/2026,IT4567,615.3,EUR,transfer
9690,22/01/2026,IT3456,-1645.62,EUR,withdrawal
9691,11/01/2026,IT5678,-173.91,EUR,withdrawal
9692,01/02/2026,IT5678,1400.3,EUR,transfer
9693,10/03/2026,IT7890,-967.05,EUR,withdrawal
9694,11/02/2026,IT7890,-1285.43,EUR,transfer
9695,29/04/2026,IT5678,4405.85,EUR,deposit
9696,27/04/2026,IT8901,3571.3,EUR,deposit
9697,10/01/2026,IT6789,1598.12,EUR,deposit
9698,14/02/2026,IT3456,425.77,EUR,transfer
9699,13/01/2026,IT5678,-766.19,EUR,withdrawal
9700,30/04/2026,IT7890,-1444.52,EUR,withdrawal
9701,04/04/2026,IT7890,-1271.12,EUR,transfer
9702,14/03/2026,IT4567,-1005.96,EUR,withdrawal
9703,05/01/2026,IT5678,-1401.13,EUR,withdrawal
9704,06/02/2026,IT2345,4244.18,EUR,deposit
9705,14/05/2026,IT1234,-1365.16,EUR,withdrawal
9706,03/05/2026,IT3456,-547.9,EUR,withdrawal
9707,28/03/2026,IT8901,726.13,EUR,transfer
9708,07/04/2026,IT6789,2509.94,EUR,deposit
9709,28/02/2026,IT7890,-395.74,EUR,transfer
9710,25/03/2026,IT7890,-1162.78,EUR,withdrawal
9711,17/03/2026,IT5678,399.49,EUR,deposit
9712,04/01/2026,IT2345,616.1,EUR,deposit
9713,01/02/2026,IT3456,-597.01,EUR,withdrawal
9714,27/02/2026,IT2345,-160.44,EUR,withdrawal
9715,06/01/2026,IT7890,727.7,EUR,deposit
9716,31/05/2026,IT4567,4365.16,EUR,deposit
9717,01/05/2026,IT2345,-36.62,EUR,withdrawal
9718,18/02/2026,IT3456,-1182.93,EUR,transfer
9719,09/03/2026,IT7890,-335.28,EUR,transfer
9720,08/03/2026,IT4567,2864.08,EUR,deposit
9721,25/04/2026,IT8901,644.65,EUR,transfer
9722,25/03/2026,IT3456,2467.27,EUR,deposit
9723,24/04/2026,IT5678,-1639.03,EUR,withdrawal
9724,15/05/2026,IT1234,-1249.09,EUR,withdrawal
9725,03/01/2026,IT3456,-1076.97,EUR,transfer
9726,27/01/2026,IT7890,400.35,EUR,transfer
9727,30/01/2026,IT2345,3907.08,EUR,deposit
9728,20/03/2026,IT2345,-988.15,EUR,withdrawal
9729,17/04/2026,IT2345,1357.81,EUR,transfer
9730,31/05/2026,IT2345,-908.99,EUR,transfer
9731,27/05/2026,IT8901,1757.08,EUR,deposit
9732,27/02/2026,IT5678,-386.51,EUR,withdrawal
9733,08/02/2026,IT7890,470.85,EUR,transfer
9734,01/01/2026,IT7890,3031.45,EUR,deposit
9735,09/02/2026,IT1234,1036.45,EUR,transfer
9736,22/05/2026,IT8901,-1679.26,EUR,withdrawal
9737,,IT2345,-1561.27,EUR,withdrawal
9738,13/02/2026,IT8901,-1227.72,EUR,withdrawal
9739,19/04/2026,IT3456,492.97,EUR,transfer
9740,23/02/2026,IT5678,4325.8,EUR,deposit
9741,11/02/2026,IT5678,-1262.11,EUR,withdrawal
9742,26/01/2026,IT1234,-117.88,EUR,withdrawal
9743,02/02/2026,IT4567,4274.93,EUR,deposit
9744,14/04/2026,IT5678,2510.62,EUR,deposit
9745,27/03/2026,IT7890,2803.89,EUR,deposit
9746,01/05/2026,IT3456,-1293.84,EUR,withdrawal
9747,07/02/2026,IT2345,-819.77,EUR,withdrawal
9748,11/01/2026,IT6789,-849.08,EUR,transfer
9749,16/04/2026,IT2345,-649.23,EUR,withdrawal
9750,23/01/2026,IT6789,-241.31,EUR,withdrawal
9751,04/03/2026,IT3456,-712.64,EUR,transfer
9752,06/05/2026,IT1234,1572.84,EUR,deposit
9753,16/03/2026,IT1234,-616.34,EUR,transfer
9754,02/05/2026,IT3456,35.51,EUR,transfer
9755,04/04/2026,IT1234,512.62,EUR,deposit
9756,03/04/2026,IT7890,2937.28,EUR,deposit
9757,12/02/2026,IT5678,2709.75,EUR,deposit
9758,28/03/2026,IT8901,4352.18,EUR,deposit
9759,09/03/2026,IT3456,1262.07,EUR,transfer
9760,13/02/2026,IT1234,4248.39,EUR,deposit
9761,09/01/2026,IT8901,965.11,EUR,transfer
9762,28/04/2026,IT7890,-1855.38,EUR,withdrawal
9763,18/04/2026,IT8901,-929.67,EUR,transfer
9764,07/05/2026,IT1234,-528.05,EUR,withdrawal
9765,04/01/2026,IT8901,-228.4,EUR,withdrawal
9766,23/03/2026,IT2345,4663.98,EUR,deposit
9767,20/03/2026,IT8901,-539.24,EUR,withdrawal
9768,28/04/2026,IT3456,-597.59,EUR,transfer
9769,13/01/2026,IT4567,149.27,EUR,transfer
9770,08/04/2026,IT6789,637.19,EUR,transfer
9771,27/04/2026,IT3456,153.12,EUR,transfer
9772,05/02/2026,IT3456,969.64,EUR,transfer
9773,04/02/2026,IT6789,678.42,EUR,transfer
9774,14/05/2026,IT6789,2523.18,EUR,deposit
9775,25/02/2026,IT3456,1198.33,EUR,transfer
9776,11/05/2026,IT1234,-634.4,EUR,transfer
9777,10/05/2026,IT6789,-1155.54,EUR,transfer
9778,30/04/2026,IT5678,-1905.83,EUR,withdrawal
9779,23/03/2026,IT4567,4152.74,EUR,deposit
9780,01/02/2026,IT2345,-539.08,EUR,transfer
9781,20/05/2026,IT7890,3764.76,EUR,deposit
9782,16/01/2026,IT2345,-1455.7,EUR,transfer
9783,04/01/2026,IT5678,3172.76,EUR,deposit
9784,21/01/2026,IT4567,999.87,EUR,transfer
9785,07/03/2026,IT7890,-1431.31,EUR,withdrawal
9786,24/01/2026,IT3456,-1483.91,EUR,withdrawal
9787,21/03/2026,IT6789,-555.62,EUR,transfer
9788,08/03/2026,IT5678,-151.22,EUR,transfer
9789,16/04/2026,IT6789,4692.66,EUR,deposit
9790,29/04/2026,IT2345,-622.98,EUR,withdrawal
9791,18/01/2026,IT4567,-1291.73,EUR,transfer
9792,25/04/2026,IT2345,4617.31,EUR,deposit
9793,07/02/2026,IT5678,207.87,EUR,deposit
9794,28/03/2026,IT3456,-869.06,EUR,withdrawal
9795,25/04/2026,IT4567,945.08,EUR,deposit
9796,09/04/2026,IT3456,-884.99,EUR,withdrawal
9797,03/04/2026,IT2345,-1516.56,EUR,withdrawal
9798,16/01/2026,IT7890,-361.38,EUR,withdrawal
9799,30/05/2026,IT3456,3232.15,EUR,deposit
9800,19/04/2026,IT1234,547.92,EUR,transfer
9801,10/02/2026,IT2345,-194.33,EUR,withdrawal
9802,08/04/2026,IT6789,-185.48,EUR,withdrawal
9803,19/03/2026,IT7890,-1478.34,EUR,withdrawal
9804,18/04/2026,IT2345,325.9,EUR,transfer
9805,02/01/2026,IT1234,-214.89,EUR,withdrawal
9806,14/04/2026,IT7890,-839.09,EUR,withdrawal
9807,11/05/2026,IT8901,4229.38,EUR,deposit
9808,04/03/2026,IT6789,-844.75,EUR,withdrawal
9809,31/05/2026,IT4567,2191.21,EUR,deposit
9810,29/05/2026,IT8901,3461.56,EUR,deposit
9811,23/01/2026,IT1234,1105.61,EUR,transfer
9812,19/02/2026,IT4567,118.53,EUR,transfer
9813,10/03/2026,IT3456,-1990.84,EUR,withdrawal
9814,10/03/2026,IT8901,-4.11,EUR,transfer
9815,20/02/2026,IT1234,-637.02,EUR,transfer
9816,02/01/2026,IT1234,1378.6,EUR,deposit
9817,26/02/2026,IT8901,2545.54,EUR,deposit
9818,01/02/2026,IT2345,4886.59,EUR,deposit
9819,01/01/1750,IT8901,-185.7,EUR,withdrawal
9820,02/02/2026,IT6789,3915.77,EUR,deposit
9821,23/05/2026,IT4567,-883.3,EUR,withdrawal
9822,16/04/2026,IT5678,-437.29,EUR,withdrawal
9823,01/01/1750,IT7890,709.96,EUR,transfer
9824,21/04/2026,IT5678,2529.13,EUR,deposit
9825,28/02/2026,IT4567,965.97,EUR,transfer
9826,13/02/2026,IT8901,-1764.37,EUR,withdrawal
9827,01/01/1750,IT1234,-525.62,EUR,withdrawal
9828,29/05/2026,IT7890,-1381.97,EUR,withdrawal
9829,24/01/2026,IT2345,-923.74,EUR,withdrawal
9830,05/05/2026,IT7890,-1660.97,EUR,withdrawal
9831,01/04/2026,IT6789,322.5,EUR,transfer
9832,08/01/2026,IT5678,-1070.14,EUR,withdrawal
9833,01/05/2026,IT7890,536.84,EUR,transfer
9834,05/05/2026,IT4567,815.22,EUR,deposit
9835,18/05/2026,IT5678,4988.68,EUR,deposit
9836,27/02/2026,IT8901,2813.19,EUR,deposit
9837,17/01/2026,IT1234,479.26,EUR,transfer
9838,18/02/2026,IT7890,338.09,EUR,transfer
9839,25/03/2026,IT3456,4320.19,EUR,deposit
9840,18/02/2026,IT1234,-1193.59,EUR,transfer
9841,23/01/2026,IT5678,1210.18,EUR,transfer
9842,28/01/2026,IT2345,-293.5,EUR,withdrawal
9843,01/05/2026,IT6789,1070.6,EUR,transfer
9844,12/05/2026,IT8901,-443.44,EUR,withdrawal
9845,12/05/2026,IT3456,1544.36,EUR,deposit
9846,01/01/1750,IT6789,1290.26,EUR,transfer
9847,26/03/2026,IT5678,3270.69,EUR,deposit
9848,27/03/2026,IT2345,-495.33,EUR,withdrawal
9849,14/03/2026,IT3456,1318.06,EUR,deposit
9850,29/01/2026,IT8901,211.79,EUR,deposit
9851,11/04/2026,IT2345,2492.71,EUR,deposit
9852,23/02/2026,IT6789,593.71,EUR,deposit
9853,08/04/2026,IT5678,4979.6,EUR,deposit
9854,01/01/2026,IT6789,2075.57,EUR,deposit
9855,20/01/2026,IT4567,-472.52,EUR,transfer
9856,31/05/2026,IT4567,-804.61,EUR,withdrawal
9857,11/02/2026,IT1234,-529.8,EUR,transfer
9858,10/03/2026,IT7890,-36.72,EUR,withdrawal
9859,20/04/2026,IT2345,-1397.9,EUR,transfer
9860,17/05/2026,IT8901,3163.05,EUR,deposit
9861,01/01/1750,IT5678,-13.3,EUR,transfer
9862,04/03/2026,IT3456,4878.78,EUR,deposit
9863,13/03/2026,IT8901,322.0,EUR,transfer
9864,17/02/2026,IT6789,-25.49,EUR,transfer
9865,09/04/2026,IT5678,-1811.45,EUR,withdrawal
9866,13/04/2026,IT6789,3942.25,EUR,deposit
9867,17/03/2026,IT3456,-933.26,EUR,withdrawal
9868,20/03/2026,IT8901,-915.5,EUR,transfer
9869,20/02/2026,IT5678,4754.31,EUR,deposit
9870,31/01/2026,IT1234,2153.1,EUR,deposit
9871,01/03/2026,IT2345,3546.51,EUR,deposit
9872,17/03/2026,IT6789,1046.35,EUR,deposit
9873,18/02/2026,IT5678,-210.96,EUR,withdrawal
9874,12/04/2026,IT5678,23%02))12,EUR,transfer
9875,29/01/2026,IT1234,2389.1,EUR,deposit
9876,12/04/2026,IT6789,174.96,EUR,transfer
9877,30/05/2026,IT7890,2702.88,EUR,deposit
9878,04/02/2026,IT1234,3317.0,EUR,deposit
9879,09/03/2026,IT4567,-463.14,EUR,withdrawal
9880,29/04/2026,IT2345,-1249.95,EUR,withdrawal
9881,03/01/2026,IT5678,1733.6,EUR,deposit
9882,27/02/2026,IT8901,520.27,EUR,transfer
9883,,IT1234,-1238.05,EUR,withdrawal
9884,20/05/2026,IT8901,-1224.93,EUR,transfer
9885,09/02/2026,IT3456,435.29,EUR,transfer
9886,19/03/2026,IT5678,975.13,EUR,deposit
9887,05/03/2026,IT8901,-748.09,EUR,transfer
9888,26/01/2026,IT2345,157.7,EUR,transfer
9889,28/01/2026,IT6789,-1262.28,EUR,withdrawal
9890,04/03/2026,IT8901,3437.92,EUR,deposit
9891,15/05/2026,IT2345,-1458.05,EUR,transfer
9892,09/03/2026,IT6789,-1469.51,EUR,withdrawal
9893,20/04/2026,IT2345,-1616.07,EUR,withdrawal
9894,23/02/2026,IT8901,4384.67,EUR,deposit
9895,26/05/2026,IT5678,56.16,EUR,transfer
9896,02/01/2026,IT3456,-1387.64,EUR,transfer
9897,17/05/2026,IT4567,87.61,EUR,deposit
9898,14/04/2026,IT3456,632.29,EUR,transfer
9899,23/04/2026,IT5678,4339.25,EUR,deposit
9900,31/05/2026,IT1234,-1223.69,EUR,withdrawal
9901,30/03/2026,IT7890,3922.83,EUR,deposit
9902,13/01/2026,IT2345,-1131.61,EUR,withdrawal
9903,12/05/2026,IT7890,-584.64,EUR,withdrawal
9904,12/02/2026,IT3456,-669.96,EUR,transfer
9905,15/02/2026,IT6789,3646.39,EUR,deposit
9906,13/05/2026,IT3456,-1452.62,EUR,withdrawal
9907,26/04/2026,IT5678,-674.84,EUR,transfer
9908,13/04/2026,IT3456,197.17,EUR,transfer
9909,30/03/2026,IT5678,994.31,EUR,deposit
9910,29/05/2026,IT8901,-1457.24,EUR,withdrawal
9911,08/03/2026,IT1234,886.03,EUR,transfer
9912,04/04/2026,IT6789,515.5,EUR,transfer
9913,23/01/2026,IT8901,-997.54,EUR,withdrawal
9914,11/02/2026,IT2345,2860.5,EUR,deposit
9915,24/01/2026,IT5678,-1369.64,EUR,transfer
9916,13/03/2026,IT3456,1678.78,EUR,deposit
9917,26/05/2026,IT3456,3099.37,EUR,deposit
9918,22/04/2026,IT4567,-184.66,EUR,withdrawal
9919,13/02/2026,IT7890,-398.19,EUR,transfer
9920,09/02/2026,IT7890,-864.42,EUR,withdrawal
9921,23/01/2026,IT6789,3880.04,EUR,deposit
9922,13/04/2026,IT8901,-1397.0,EUR,transfer
9923,06/03/2026,IT7890,1449.2,EUR,transfer
9924,02/04/2026,IT4567,-1341.31,EUR,withdrawal
9925,17/01/2026,IT3456,-1319.25,EUR,transfer
9926,13/01/2026,IT4567,1300.57,EUR,transfer
9927,22/05/2026,IT7890,2718.08,EUR,deposit
9928,24/05/2026,IT6789,-328.94,EUR,transfer
9929,25/04/2026,IT6789,518.1,EUR,transfer
9930,10/03/2026,IT8901,-815.31,EUR,withdrawal
9931,01/02/2026,IT2345,1144.89,EUR,deposit
9932,09/01/2026,IT4567,-1514.57,EUR,withdrawal
9933,08/01/2026,IT3456,-229.94,EUR,transfer
9934,16/04/2026,IT1234,-1300.32,EUR,withdrawal
9935,29/05/2026,IT1234,-204.82,EUR,transfer
9936,07/03/2026,IT4567,-637.71,EUR,transfer
9937,27/03/2026,IT3456,1975.69,EUR,deposit
9938,21/05/2026,IT1234,-1162.09,EUR,transfer
9939,18/01/2026,IT1234,4433.65,EUR,deposit
9940,18/04/2026,IT8901,405.74,EUR,transfer
9941,01/01/2026,IT2345,-187.81,EUR,withdrawal
9942,29/03/2026,IT2345,-13.32,EUR,transfer
9943,19/03/2026,IT1234,-1063.28,EUR,withdrawal
9944,09/04/2026,IT4567,-1401.23,EUR,transfer
9945,10/01/2026,IT6789,-238.81,EUR,transfer
9946,31/01/2026,IT3456,1469.45,EUR,deposit
9947,17/01/2026,IT4567,-1522.64,EUR,withdrawal
9948,08/04/2026,IT7890,-1992.32,EUR,withdrawal
9949,22/05/2026,IT3456,3983.05,EUR,deposit
9950,22/02/2026,IT4567,-159.54,EUR,withdrawal
9951,26/04/2026,IT3456,1952.44,EUR,deposit
9952,01/04/2026,IT8901,-1880.04,EUR,withdrawal
9953,17/05/2026,IT6789,-442.74,EUR,withdrawal
9954,16/01/2026,IT6789,-275.88,EUR,withdrawal
9955,08/05/2026,IT6789,1142.07,EUR,transfer
9956,28/01/2026,IT3456,-1293.03,EUR,withdrawal
9957,17/02/2026,IT6789,4824.49,EUR,deposit
9958,05/04/2026,IT7890,-80.48,EUR,transfer
9959,02/04/2026,IT7890,-363.01,EUR,withdrawal
9960,15/04/2026,IT1234,662.18,EUR,deposit
9961,08/05/2026,IT1234,-826.22,EUR,withdrawal
9962,09/04/2026,IT2345,1242.91,EUR,deposit
9963,27/05/2026,IT1234,2020.38,EUR,deposit
9964,25/04/2026,IT5678,-1383.99,EUR,transfer
9965,10/05/2026,IT7890,-1587.25,EUR,withdrawal
9966,07/01/2026,IT2345,-353.8,EUR,transfer
9967,11/02/2026,IT6789,-566.02,EUR,withdrawal
9968,10/02/2026,IT5678,-343.74,EUR,transfer
9969,04/05/2026,IT7890,-610.9,EUR,withdrawal
9970,14/03/2026,IT6789,-706.42,EUR,transfer
9971,20/01/2026,IT4567,2804.95,EUR,deposit
9972,12/02/2026,IT4567,1565.48,EUR,deposit
9973,,IT8901,276.51,EUR,transfer
9974,20/01/2026,IT8901,-139.98,EUR,withdrawal
9975,04/01/2026,IT3456,4894.98,EUR,deposit
9976,07/04/2026,IT2345,4041.13,EUR,deposit
9977,23/04/2026,IT1234,519.01,EUR,deposit
9978,31/05/2026,IT7890,-1788.41,EUR,withdrawal
9979,14/02/2026,IT8901,-1354.41,EUR,transfer
9980,05/02/2026,IT4567,-1203.75,EUR,withdrawal
9981,05/03/2026,IT3456,1386.76,EUR,transfer
9982,12/02/2026,IT1234,-898.73,EUR,withdrawal
9983,08/01/2026,IT7890,-1081.62,EUR,transfer
9984,20/03/2026,IT7890,4120.02,EUR,deposit
9985,29/01/2026,IT2345,2788.97,EUR,deposit
9986,16/05/2026,IT8901,837.12,EUR,deposit
9987,,IT4567,1078.2,EUR,deposit
9988,08/05/2026,IT5678,673.19,EUR,transfer
9989,19/02/2026,IT5678,4654.07,EUR,deposit
9990,01/03/2026,IT5678,-724.07,EUR,withdrawal
9991,26/04/2026,IT5678,2141.32,EUR,deposit
9992,08/03/2026,IT1234,-1344.55,EUR,transfer
9993,14/05/2026,IT3456,3825.95,EUR,deposit
9994,01/05/2026,IT5678,704.84,EUR,deposit
9995,10/02/2026,IT6789,23%02))12,EUR,transfer
9996,21/03/2026,IT1234,-1389.02,EUR,transfer
9997,05/04/2026,IT3456,3681.66,EUR,deposit
9998,07/03/2026,IT3456,4329.82,EUR,deposit
9999,12/02/2026,IT4567,2320.32,EUR,deposit
10000,18/01/2026,IT4567,591.66,EUR,deposit
